策略,日期,计划费用_元,紧急费用_元,总费用_元,紧急电量_kWh,日初电量_kWh,日末电量_kWh
main,2025-02-01,23162.67895921615,2.998143289190125e-11,23162.678959216173,5.893063814710331e-12,10800.0,10800.0
main,2025-02-02,55073.16863194459,2124.444000878423,57197.612632823,316.7074017220231,10800.0,10692.477677050276
main,2025-02-03,55285.882943326455,337.8068014343486,55623.689744760806,48.42414011387262,10692.477677050276,10800.0
main,2025-02-04,53930.255364369616,5552.478558803029,59482.733923172644,1023.0657130672209,10800.0,10760.37401811227
main,2025-02-05,54282.22576117804,3078.8376626865193,57361.063423864565,601.5855973514113,10760.37401811227,10774.664253505598
main,2025-02-06,54526.866274861764,308.2772564541971,54835.14353131595,53.08391576903706,10774.664253505598,10736.106071951157
main,2025-02-07,22278.820613219737,2.0182350013442374e-11,22278.82061321976,4.273914555597003e-12,10736.106071951157,10800.0
main,2025-02-08,20136.146742714976,1325.1797568870493,21461.326499602026,227.61323369822975,10800.0,10800.0
main,2025-02-09,51246.256021415684,8684.08789012903,59930.34391154471,1755.5132987603643,10800.0,10740.241742152255
main,2025-02-10,52887.354097419164,323.86834980775075,53211.222447226915,71.24836805496174,10740.241742152255,10734.880225411369
main,2025-02-11,52207.56305248135,1176.2116192269311,53383.77467170828,207.14066836203926,10734.880225411369,10800.0
main,2025-02-12,49513.11633318415,4334.411531828007,53847.52786501217,858.5410430930373,10800.0,10755.988737551592
main,2025-02-13,50286.12965718528,456.3294522826599,50742.45910946794,78.90420319830449,10755.988737551592,10767.428245645968
main,2025-02-14,18928.639671368015,650.8524411776252,19579.492112545642,106.47021776175964,10767.428245645968,10800.0
main,2025-02-15,19099.898558937988,1084.7403546169016,20184.63891355489,187.29052704513282,10800.0,10772.142599523779
main,2025-02-16,48765.8592169215,5630.854229846403,54396.7134467679,1086.1765734095754,10772.142599523779,10675.770765607956
main,2025-02-17,48750.25466921923,417.61032448586,49167.8649937051,62.51958543393414,10675.770765607956,10756.112712451824
main,2025-02-18,48025.592194333934,592.5033263875064,48618.09552072146,95.53222714152145,10756.112712451824,10800.0
main,2025-02-19,47666.185061188415,5799.778588246833,53465.96364943526,1213.5089123884277,10800.0,10657.772546845541
main,2025-02-20,47801.44490463495,1322.4722270613602,49123.917131696304,240.00105362682226,10657.772546845541,10776.563560589515
main,2025-02-21,18157.850770796467,104.36943746128506,18262.22020825775,19.07078312546533,10776.563560589515,10800.0
main,2025-02-22,18093.62705658948,1211.8631038526057,19305.49016044209,205.47669120944903,10800.0,10800.0
main,2025-02-23,48674.12070740531,410.8743650149836,49084.995072420286,64.75331066430785,10800.0,10728.339977238915
main,2025-02-24,46369.13221084648,2331.7893703721256,48700.9215812186,475.791044717752,10728.339977238915,10780.546846254727
main,2025-02-25,46974.288811216386,400.9860320934198,47375.27484330981,89.7438276242995,10780.546846254727,10800.0
main,2025-02-26,44957.90341268896,3684.002707841915,48641.906120530875,821.8412264511102,10800.0,10800.0
main,2025-02-27,44857.78618230753,3789.4050486444135,48647.19123095193,772.769006655505,10800.0,10800.0
main,2025-02-28,17895.843667027955,3.1038076109268786e-11,17895.843667027988,6.183942247162122e-12,10800.0,10800.0
main,2025-03-01,17814.95719059471,3.2187534693139955e-11,17814.95719059474,7.016054404118677e-12,10800.0,10800.0
main,2025-03-02,46161.33146882143,12272.89965856072,58434.23112738214,2355.7133824657717,10800.0,10697.113380216068
main,2025-03-03,44222.99556103295,21179.6591121292,65402.65467316215,4300.685482602274,10697.113380216068,10761.811442000999
main,2025-03-04,47780.78451318425,2.809039534312774e-11,47780.78451318428,6.355360682164246e-12,10761.811442000999,10800.0
main,2025-03-05,45996.14554108243,67.36906347977643,46063.51460456221,13.066947618155078,10800.0,10800.0
main,2025-03-06,46072.318520928544,5.461669072559516e-11,46072.3185209286,1.1593392912345735e-11,10800.0,10800.0
main,2025-03-07,17650.470797968206,3.148178517875522e-11,17650.47079796824,8.587797140080511e-12,10800.0,10800.0
main,2025-03-08,16595.02207879404,1105.7695290029337,17700.791607796975,353.5370639512244,10800.0,10800.0
main,2025-03-09,43233.156405501606,1563.2567998752475,44796.413205376855,298.54632381424483,10800.0,10741.80895268098
main,2025-03-10,42691.30119922973,9445.740118286683,52137.041317516414,1706.0755370847723,10741.80895268098,10754.424471441225
main,2025-03-11,45002.895939031485,4.717452900537821e-11,45002.895939031536,1.0420664331434182e-11,10754.424471441225,10800.0
main,2025-03-12,43742.24571007279,1344.1115561844247,45086.357266257226,228.53017102503145,10800.0,10789.933481279146
main,2025-03-13,41522.23824239372,18019.642818242042,59541.881060635766,3093.1259850500414,10789.933481279146,10800.0
main,2025-03-14,16588.96004081032,3.3976114588440967e-11,16588.960040810354,9.128864331131581e-12,10800.0,10800.0
main,2025-03-15,16535.890751943585,230.35661622521033,16766.24736816879,48.28124019439732,10800.0,10735.723371365428
main,2025-03-16,42577.07883939627,7.461180000054374,42584.54001939633,1.6400000000130772,10735.723371365428,10651.922426438194
main,2025-03-17,43334.07524590881,3.145893456846238e-11,43334.07524590884,7.040590332962893e-12,10651.922426438194,10800.0
main,2025-03-18,43924.79201757563,3.101060475074746e-11,43924.792017575666,6.139089236967266e-12,10800.0,10800.0
main,2025-03-19,41445.77601791198,833.234412550607,42279.01043046259,173.70166936438707,10800.0,10800.0
main,2025-03-20,43488.85137581065,492.3015113501685,43981.15288716082,70.94584474380856,10800.0,10800.0
main,2025-03-21,16078.279352828555,2.7048261852513633e-11,16078.279352828582,7.2677419638012e-12,10800.0,10800.0
main,2025-03-22,16176.438089371317,2.9690263581017006e-11,16176.438089371348,6.3362648461406934e-12,10800.0,10800.0
main,2025-03-23,40344.638358428005,2573.218048661509,42917.856407089515,496.50656421049115,10800.0,10800.0
main,2025-03-24,38360.10922406985,4879.362753511721,43239.47197758157,990.3432426560682,10800.0,10800.0
main,2025-03-25,38251.87363685008,7879.217571087668,46131.091207937745,1514.9896930352293,10800.0,10766.34567104303
main,2025-03-26,38356.131671410585,3.797483222323095e-11,38356.13167141063,1.0433987007729684e-11,10766.34567104303,10800.0
main,2025-03-27,40478.17253208372,3.712808216427277e-11,40478.17253208376,8.037570609076283e-12,10800.0,10800.0
main,2025-03-28,15509.290180394497,1.745947408871018e-11,15509.290180394515,5.1589843508281774e-12,10800.0,10800.0
main,2025-03-29,15183.665030379167,310.6676523984709,15494.332682777638,52.58491600102129,10800.0,10800.0
main,2025-03-30,37059.61122470195,486.6505822147153,37546.26180691666,104.46754638630868,10800.0,10800.0
main,2025-03-31,36337.0231054537,3957.96853665163,40294.99164210533,732.0578354621772,10800.0,10800.0
main,2025-04-01,36489.67677246301,19078.49663610704,55568.17340857005,3006.4824117840344,10800.0,10800.0
main,2025-04-02,37165.20675613053,12425.409392305111,49590.61614843564,2337.7951296189003,10800.0,10800.0
main,2025-04-03,36574.4973833513,2588.890055908363,39163.38743925966,483.4012203750974,10800.0,10771.17801481101
main,2025-04-04,15061.44634536988,2.0399927302960918e-11,15061.446345369903,4.9609205632350495e-12,10771.17801481101,10800.0
main,2025-04-05,14535.909508710962,644.356693075018,15180.266201785982,133.53517564532874,10800.0,10758.171688535327
main,2025-04-06,36214.139096811916,291.2406236755604,36505.37972048748,56.16110984036937,10758.171688535327,10788.44803810045
main,2025-04-07,36338.62406547459,3.775543311324015e-11,36338.62406547463,8.862910405582625e-12,10788.44803810045,10800.0
main,2025-04-08,38400.66935320108,1489.1455573820033,39889.81491058308,254.0056097168134,10800.0,10800.0
main,2025-04-09,39114.62654737884,352.43166542561977,39467.058212804455,86.36588586156752,10800.0,10800.0
main,2025-04-10,37730.13541827182,859.4838000946179,38589.61921836644,160.11745740992498,10800.0,10800.0
main,2025-04-11,15415.1832949374,2.2534750510061487e-11,15415.18329493742,5.3654858334084565e-12,10800.0,10800.0
main,2025-04-12,14435.561241649619,2.5263666714181455e-11,14435.561241649644,6.192379942149273e-12,10800.0,10800.0
main,2025-04-13,34408.42992442815,5317.611428236994,39726.04135266514,1035.2042828310969,10800.0,10800.0
main,2025-04-14,35445.28329101969,271.0934894144678,35716.37678043416,38.886806887874485,10800.0,10794.755186833321
main,2025-04-15,36031.494241767476,217.02321610896323,36248.51745787644,50.988010764490724,10794.755186833321,10800.0
main,2025-04-16,35182.523073846416,1495.1272705827564,36677.650344429174,331.62446520126764,10800.0,10751.880727696243
main,2025-04-17,34489.84225248789,1271.7163374179854,35761.55858990588,193.8457916781604,10751.880727696243,10800.0
main,2025-04-18,14093.20722258608,2.4656952257728903e-11,14093.207222586105,5.455635943008019e-12,10800.0,10800.0
main,2025-04-19,14110.18043424958,1.4322136754341132e-11,14110.180434249594,3.954503391412345e-12,10800.0,10800.0
main,2025-04-20,34422.69829044625,3.926411928922846e-11,34422.698290446286,8.975487020279616e-12,10800.0,10800.0
main,2025-04-21,34120.59924418881,321.1334647302228,34441.73270891903,61.337029822864615,10800.0,10741.19097082291
main,2025-04-22,34688.62136370182,85.70866440892677,34774.33002811075,23.456120527893063,10741.19097082291,10800.0
main,2025-04-23,34368.216543749346,3.512911185554745e-11,34368.21654374939,8.924944117083555e-12,10800.0,10800.0
main,2025-04-24,33753.00369471348,3.823818195414219e-11,33753.003694713516,8.712142118838528e-12,10800.0,10800.0
main,2025-04-25,12994.147670795623,102.53355973452399,13096.681230530145,21.081647349801127,10800.0,10730.593945760706
main,2025-04-26,12807.613427522287,2226.8695631229007,15034.482990645187,453.635786149631,10730.593945760706,10715.917216271691
main,2025-04-27,32122.64183737137,4699.5478562151275,36822.18969358651,910.36989196607,10715.917216271691,10741.72600541333
main,2025-04-28,31853.05672632863,39543.91630280588,71396.9730291345,6336.735392538254,10741.72600541333,10800.0
main,2025-04-29,34054.755982484174,2747.662023560068,36802.418006044245,511.3940885666049,10800.0,10800.0
main,2025-04-30,33798.30073604586,207.74101661059916,34006.041752656456,44.91809011866842,10800.0,10790.458786939036
main,2025-05-01,32070.99393550024,13430.52081150995,45501.51474701019,2241.5390589117364,10790.458786939036,10240.865631907152
main,2025-05-02,13612.639731278548,12354.603208720178,25967.24293999873,2220.663534676527,10240.865631907152,10437.648156260864
main,2025-05-03,13794.082741345243,8751.604329386853,22545.687070732096,1598.8572477673667,10437.648156260864,10622.755275927768
main,2025-05-04,33571.576122159575,11318.111408931189,44889.68753109076,1856.2238907546969,10622.755275927768,10390.053890668787
main,2025-05-05,36728.143549699744,3081.775057564432,39809.91860726417,498.84945534295144,10390.053890668787,10769.448157047855
main,2025-05-06,37547.66508109069,658.29974111161,38205.964822202295,115.5899983410112,10769.448157047855,10561.394874873531
main,2025-05-07,39083.1418793247,3.2707084818284213e-11,39083.14187932473,6.671996288787341e-12,10561.394874873531,10800.0
main,2025-05-08,39520.703463397476,243.2289326250296,39763.9323960225,35.99925000000657,10800.0,10800.0
main,2025-05-09,18059.608293986028,2.0367075137528443e-11,18059.608293986053,4.224176564093796e-12,10800.0,10800.0
main,2025-05-10,15892.097102351432,2.940187215916268e-11,15892.097102351461,7.510658761589184e-12,10800.0,10800.0
main,2025-05-11,37227.48957533995,277.3610394583805,37504.85061479832,41.18071666667744,10800.0,10800.0
main,2025-05-12,39744.933090008366,2.805097043534488e-11,39744.933090008395,5.707434524993005e-12,10800.0,10800.0
main,2025-05-13,38974.21963534794,2.3144975713762505e-11,38974.21963534796,4.305888978706207e-12,10800.0,10800.0
main,2025-05-14,38191.72668957949,1.8596282430616283e-11,38191.72668957952,4.575173573329039e-12,10800.0,10800.0
main,2025-05-15,36293.97543934622,1893.740071346836,38187.71551069306,425.53603965063036,10800.0,10800.0
main,2025-05-16,15516.575320483622,1.919998382504673e-11,15516.575320483642,5.137223979545524e-12,10800.0,10800.0
main,2025-05-17,16608.530063597565,2.5531292607849916e-11,16608.530063597587,7.109382527126229e-12,10800.0,10800.0
main,2025-05-18,36749.91012226135,35.31869833335686,36785.22882059472,5.236666666673886,10800.0,10800.0
main,2025-05-19,35960.52220923228,451.903981666686,36412.42619089897,67.00333333333761,10800.0,10800.0
main,2025-05-20,34898.50669890862,5508.3360086049415,40406.842707513555,1013.7845111437,10800.0,10800.0
main,2025-05-21,35583.175919939735,1818.1088730395295,37401.28479297926,376.98135026491366,10800.0,10733.028621504054
main,2025-05-22,38094.42916478753,8.469691588241336,38102.89885637577,1.25579236240683,10733.028621504054,10800.0
main,2025-05-23,17836.3142834994,2.315398034413718e-11,17836.31428349942,4.749201032439032e-12,10800.0,10800.0
main,2025-05-24,16828.118684449903,2.184692753093298e-11,16828.118684449924,6.036421362765054e-12,10800.0,10800.0
main,2025-05-25,38603.28916117927,2.7390917700653717e-11,38603.2891611793,6.888822845496634e-12,10800.0,10800.0
main,2025-05-26,38781.58231298831,2.3600306153781503e-11,38781.58231298832,5.374367617605458e-12,10800.0,10800.0
main,2025-05-27,35283.72444802287,3.744512611092432e-11,35283.724448022906,9.282796753495859e-12,10800.0,10800.0
main,2025-05-28,36329.71579929765,3.8944982849731246e-11,36329.715799297686,9.017342428307984e-12,10800.0,10800.0
main,2025-05-29,35569.979806177376,2365.9936827943015,37935.97348897168,400.7670943889573,10800.0,10800.0
main,2025-05-30,16049.411450455635,3.2361443746964364e-11,16049.411450455666,7.926992395823618e-12,10800.0,10800.0
main,2025-05-31,15583.933455091334,1298.841403451549,16882.77485854288,409.7263240522633,10800.0,10800.0
main,2025-06-01,35042.100907454034,85095.31745937985,120137.4183668339,14861.71908588524,10800.0,9823.887635312032
main,2025-06-02,37401.88674448413,51896.10921699543,89297.99596147955,9913.77452149766,9823.887635312032,9783.47192644735
main,2025-06-03,49925.21793949917,102.81954368286694,50028.037483182045,15.249256167902491,9783.47192644735,10800.0
main,2025-06-04,47404.95976416403,201.30951412331268,47606.26927828734,92.88024551464184,10800.0,10800.0
main,2025-06-05,48970.87857659336,279.22853421171124,49250.10711080507,41.4716373402263,10800.0,10800.0
main,2025-06-06,23806.537959052966,2.3798319759293916e-11,23806.537959052992,5.597300400950189e-12,10800.0,10800.0
main,2025-06-07,18113.896798744696,11842.008117437494,29955.90491618219,2522.3154139512776,10800.0,10445.476792238705
main,2025-06-08,54603.39478658736,738.3549574036255,55341.749743990986,109.51689879600227,10445.476792238705,10800.0
main,2025-06-09,50268.89233527436,48.93935727998432,50317.83169255434,7.25618760174978,10800.0,10800.0
main,2025-06-10,52781.06513532265,2.141627897245257e-11,52781.06513532267,4.3653969328261155e-12,10800.0,10800.0
main,2025-06-11,47946.88395581546,21963.322390560505,69910.20634637596,4685.105760500151,10800.0,10800.0
main,2025-06-12,54817.75107887224,3.35635261805578e-11,54817.75107887228,6.4854788206503144e-12,10800.0,10800.0
main,2025-06-13,22421.156462290484,1.972219668133768e-11,22421.156462290503,5.464573238356252e-12,10800.0,10800.0
main,2025-06-14,21161.398545585558,2.4649325691683544e-11,21161.39854558558,7.461586903900752e-12,10800.0,10800.0
main,2025-06-15,52359.479752827036,4.0514509080935574e-11,52359.47975282708,7.820410985459603e-12,10800.0,10800.0
main,2025-06-16,51114.562948425984,74.97514389809793,51189.53809232408,36.990796810547224,10800.0,10800.0
main,2025-06-17,50666.03140041887,2018.5278596657215,52684.55926008459,356.49342384055683,10800.0,10800.0
main,2025-06-18,50443.51125478219,63.27104271294119,50506.78229749514,9.381131694412025,10800.0,10800.0
main,2025-06-19,47879.335006571804,994.9136646782179,48874.24867125003,147.73414862786927,10800.0,10800.0
main,2025-06-20,21333.316954851718,1.9993093958170503e-11,21333.316954851736,4.674594045184222e-12,10800.0,10800.0
main,2025-06-21,20456.533248762305,214.07447404465728,20670.60772280696,53.23532749497295,10800.0,10800.0
main,2025-06-22,45318.74434113279,1932.187391383951,47250.931732516736,440.51474264827027,10800.0,10800.0
main,2025-06-23,46254.122952700505,44.81907507839331,46298.942027778896,6.648727945173692,10800.0,10800.0
main,2025-06-24,45862.034664243896,33057.10017029598,78919.13483453987,6456.009222773405,10800.0,10800.0
main,2025-06-25,54147.62346057409,113.1443721064905,54260.76783268058,16.74763938635785,10800.0,10800.0
main,2025-06-26,47619.12336728828,935.8527338383842,48554.97610112667,138.77282436639376,10800.0,10783.832572509942
main,2025-06-27,20588.849519256455,2.8034032317769685e-11,20588.849519256488,6.978417843583884e-12,10783.832572509942,10800.0
main,2025-06-28,19609.30627104742,2.730460701982906e-11,19609.306271047448,7.154277170684509e-12,10800.0,10800.0
main,2025-06-29,49542.5542783067,3.732642223086558e-11,49542.554278306736,8.134826146033447e-12,10800.0,10800.0
main,2025-06-30,47365.52401169246,597.7130232366098,47963.23703492908,106.85070897768739,10800.0,10800.0
main,2025-07-01,47699.56718476808,23272.783392546255,70972.35057731433,5341.976179352203,10800.0,9864.434951200723
main,2025-07-02,51781.18373588826,13490.29796571935,65271.4817016076,2781.4317099708496,9864.434951200723,9989.045596870477
main,2025-07-03,47817.501984361545,37759.47265616231,85576.97464052387,6718.926932961515,9989.045596870477,10672.503166828003
main,2025-07-04,26775.89315247622,1.586040099255115e-11,26775.893152476234,3.6202152386977104e-12,10672.503166828003,10800.0
main,2025-07-05,20326.683935728157,26028.95013537188,46355.63407110004,5795.170315583013,10800.0,10263.261622027721
main,2025-07-06,48049.1678477857,36136.76685151557,84185.93469930126,6792.6262189102235,10263.261622027721,10800.0
main,2025-07-07,61104.38442398576,1.6748860562354472e-11,61104.384423985764,3.791106317763138e-12,10800.0,10800.0
main,2025-07-08,57796.07125606673,3.039750895439397e-11,57796.07125606676,5.793143742494067e-12,10800.0,10800.0
main,2025-07-09,57769.46368106923,2.9804164691782374e-11,57769.46368106926,5.325073715312101e-12,10800.0,10800.0
main,2025-07-10,52764.61202153474,396.0887266226266,53160.70074815737,58.75314641625382,10800.0,10800.0
main,2025-07-11,27560.659152067117,1.9436847020770643e-11,27560.65915206713,3.923528169025303e-12,10800.0,10800.0
main,2025-07-12,26640.98364390307,2.004926402676688e-11,26640.98364390309,5.700329097635404e-12,10800.0,10800.0
main,2025-07-13,53662.19011148165,40.56094935399727,53702.75106083565,6.033610911714687,10800.0,10800.0
main,2025-07-14,51845.963254378265,171.20273522534265,52017.165989603614,25.41569563293185,10800.0,10800.0
main,2025-07-15,51195.953574955696,3.6076838072496284e-11,51195.95357495573,7.91300358571334e-12,10800.0,10800.0
main,2025-07-16,50999.53830200847,301.9034797783061,51301.441781786765,44.71043343386284,10800.0,10800.0
main,2025-07-17,50722.23330544964,12.715474753594558,50734.948780203245,1.88196177808183,10800.0,10800.0
main,2025-07-18,27366.623457362868,1.976645069845518e-11,27366.623457362883,5.211830966800335e-12,10800.0,10800.0
main,2025-07-19,25958.670815712136,2.2791511788966545e-11,25958.670815712157,5.496492150314225e-12,10800.0,10800.0
main,2025-07-20,50114.47174529124,190.3221154937079,50304.79386078495,27.282413344857137,10800.0,10800.0
main,2025-07-21,49984.36312387705,562.6570578721235,50547.02018174918,94.55547376522532,10800.0,10800.0
main,2025-07-22,51907.942808138934,180.79718774164184,52088.73999588058,26.81956114199393,10800.0,10800.0
main,2025-07-23,50249.1577237398,2908.279372478892,53157.43709621869,479.2010467541204,10800.0,10800.0
main,2025-07-24,54369.93032470548,4.6109239093539144e-11,54369.930324705536,9.155343150268891e-12,10800.0,10800.0
main,2025-07-25,28564.466209410573,1.8688032454861058e-11,28564.46620941059,5.048406137575512e-12,10800.0,10800.0
main,2025-07-26,26487.577371776315,2.15156022997931e-11,26487.577371776337,5.7058802127585295e-12,10800.0,10800.0
main,2025-07-27,49708.059452642075,2944.418287686827,52652.47774032892,571.9105311408466,10800.0,10800.0
main,2025-07-28,50356.62010491117,11787.295595377804,62143.915700288984,2222.1159216673695,10800.0,10742.042831743505
main,2025-07-29,54765.13874892105,324.24769594126803,55089.38644486231,47.98309263428814,10742.042831743505,10800.0
main,2025-07-30,54102.106423013436,2.2013870032422386e-11,54102.10642301345,4.869493697157168e-12,10800.0,10800.0
main,2025-07-31,53976.97537684418,242.54639265225384,54219.52176949643,36.02121032314445,10800.0,10800.0
main,2025-08-01,28404.073468812876,2.2901447849221766e-11,28404.073468812894,5.126565838509123e-12,10800.0,10800.0
main,2025-08-02,27499.812625581042,9.417192359251204e-12,27499.81262558105,2.2168933355715126e-12,10800.0,10800.0
main,2025-08-03,47863.29001996452,3299.0036580164315,51162.29367798095,530.6600097758688,10800.0,10634.098405475685
main,2025-08-04,45504.03098207589,2329.6165304880797,47833.64751256397,380.85007758449933,10634.098405475685,10800.0
main,2025-08-05,45642.48383868278,439.8508005766101,46082.3346392594,65.19932961125637,10800.0,10800.0
main,2025-08-06,42359.62439917322,24215.665739799373,66575.2901389726,4775.760253435762,10800.0,10658.148346885353
main,2025-08-07,46865.92316204792,827.4609259028362,47693.38408795075,122.2177259191766,10658.148346885353,10787.574210794704
main,2025-08-08,24391.20386436455,2.8236932791969593e-11,24391.20386436458,6.544098596350523e-12,10787.574210794704,10800.0
main,2025-08-09,22493.220604385497,4606.420832023881,27099.64143640938,1028.9243733974713,10800.0,10644.825091519006
main,2025-08-10,44419.53558289865,2776.660406058002,47196.19598895666,411.73674075887726,10644.825091519006,10753.870557074131
main,2025-08-11,44089.785201301784,2179.1926004056895,46268.97780170748,324.29862424122416,10753.870557074131,10716.717943214488
main,2025-08-12,43474.67441973144,16408.869964631653,59883.5443843631,2953.766184605788,10716.717943214488,10735.412183492917
main,2025-08-13,44993.66886887382,512.5253131282153,45506.19418200204,84.97346664992742,10735.412183492917,10800.0
main,2025-08-14,44622.9119558691,2805.2979894910636,47428.20994536016,446.28753026349193,10800.0,10800.0
main,2025-08-15,24510.531197902535,2.7994249585105992e-11,24510.531197902565,6.860734202973617e-12,10800.0,10800.0
main,2025-08-16,23030.9064928882,2094.8066759960248,25125.713168884224,362.7704944135691,10800.0,10785.441258766405
main,2025-08-17,43092.07299135905,3494.590459452257,46586.663450811306,520.8266597847996,10785.441258766405,10679.86076000029
main,2025-08-18,44137.462307562935,2160.015249241253,46297.47755680419,346.16321381306653,10679.86076000029,10800.0
main,2025-08-19,44915.80664440367,1590.461200620614,46506.26784502428,235.8197697935269,10800.0,10775.263194653951
main,2025-08-20,44558.25816077989,26830.75940120018,71389.01756198007,4450.069583688199,10775.263194653951,10762.793451191199
main,2025-08-21,45629.62075078806,1203.1116465733926,46832.732397361455,185.28321909941658,10762.793451191199,10765.475283571814
main,2025-08-22,24017.91326074057,2367.3682698136363,26385.281530554206,374.276668362455,10765.475283571814,10741.857636583816
main,2025-08-23,24290.922030924965,1.4406854820236958e-11,24290.92203092498,4.4497738826976274e-12,10741.857636583816,10800.0
main,2025-08-24,46068.07125646561,3187.735298498386,49255.806554964,519.8708181197105,10800.0,10704.432318627107
main,2025-08-25,45771.50012674151,18170.432255470136,63941.93238221165,3236.090049920269,10704.432318627107,10800.0
main,2025-08-26,47966.85067178716,359.0429294999685,48325.89360128712,53.16702576952268,10800.0,10800.0
main,2025-08-27,47891.96716494445,260.9852001264817,48152.95236507092,38.73177150279292,10800.0,10800.0
main,2025-08-28,46923.54890486333,7393.05031907508,54316.599223938414,1229.2100039393545,10800.0,10676.408871063602
main,2025-08-29,25773.364683874308,1.1580056025195518e-11,25773.36468387432,2.7355895326763857e-12,10676.408871063602,10800.0
main,2025-08-30,25688.44920516631,2.6516659978881307e-11,25688.449205166336,6.131983809609665e-12,10800.0,10800.0
main,2025-08-31,45731.60730707021,805.2950872636823,46536.90239433389,118.18514291003997,10800.0,10800.0
main,2025-09-01,46894.97090145126,3.29372156215868e-11,46894.97090145131,6.231459792616079e-12,10800.0,10800.0
main,2025-09-02,36763.4479646969,2268.127355941295,39031.57532063819,349.59743475159087,10800.0,10800.0
main,2025-09-03,38023.48221938843,4322.99981664261,42346.48203603104,768.3227587060532,10800.0,10728.806715594703
main,2025-09-04,38056.90792386821,3490.7880012462597,41547.69592511447,600.8124079850182,10728.806715594703,10800.0
main,2025-09-05,23219.450436428117,6.924040008016164e-12,23219.450436428127,1.4210854715202004e-12,10800.0,10800.0
main,2025-09-06,18618.52164410602,1317.3416464955085,19935.863290601526,361.8715550371311,10800.0,10800.0
main,2025-09-07,34402.49377093956,17335.605902384206,51738.09967332376,3511.523063632052,10800.0,10589.982142072553
main,2025-09-08,36060.79868582997,24074.6711251764,60135.46981100638,4596.215707026963,10589.982142072553,10619.22842796672
main,2025-09-09,38111.79712771193,3370.1100804785874,41481.907208190525,515.07036925737,10619.22842796672,10722.764737114192
main,2025-09-10,40297.14939163228,9258.707552192378,49555.85694382466,1578.2206907328407,10722.764737114192,10800.0
main,2025-09-11,41864.29260399025,40.929105000033076,41905.22170899029,6.071666666674195,10800.0,10800.0
main,2025-09-12,19194.100493020265,1.2993780273973243e-11,19194.10049302028,3.481659405224491e-12,10800.0,10800.0
main,2025-09-13,18332.32434296333,16.209092968050825,18348.533435931382,8.730995404275932,10800.0,10800.0
main,2025-09-14,40162.724577434026,1430.820139213712,41593.54471664773,220.73022208015007,10800.0,10688.65260587345
main,2025-09-15,42931.53705161011,2.217434325046952e-11,42931.537051610125,4.8334669600080815e-12,10688.65260587345,10800.0
main,2025-09-16,42294.64415093587,55.38174766668664,42350.02589860255,8.238266666672146,10800.0,10800.0
main,2025-09-17,42666.27186325942,1.9877646646737636e-11,42666.27186325944,6.000713814735548e-12,10800.0,10800.0
main,2025-09-18,40466.54672994414,178.52875099313684,40645.075480937274,34.98921191301906,10800.0,10753.868246801045
main,2025-09-19,18349.787455851212,993.8608931297634,19343.648348980976,161.36700974713585,10753.868246801045,10800.0
main,2025-09-20,18506.006073029654,129.96027488947198,18635.966347919122,26.853485310940876,10800.0,10800.0
main,2025-09-21,44077.52961313019,3.9758859315952576e-11,44077.529613130224,8.637757176188643e-12,10800.0,10800.0
main,2025-09-22,41133.277290507016,1214.6234843251982,42347.90077483221,225.33942190438472,10800.0,10722.004010738481
main,2025-09-23,41879.60577318992,3441.96434824481,45321.57012143473,519.5864655618656,10722.004010738481,10798.14343953844
main,2025-09-24,45319.46561258037,1.9990900268496148e-11,45319.46561258038,4.907796391506736e-12,10798.14343953844,10800.0
main,2025-09-25,41813.010275960056,273.48309855837675,42086.49337451843,93.08436695064393,10800.0,10800.0
main,2025-09-26,19193.91571060892,3.145904026169433e-11,19193.91571060895,6.788347661768057e-12,10800.0,10800.0
main,2025-09-27,18752.539624175457,3058.240802879356,21810.78042705482,473.22070160554557,10800.0,10682.551783199857
main,2025-09-28,43126.87533764381,1644.8358912321353,44771.71122887594,336.9252111147085,10682.551783199857,10800.0
main,2025-09-29,44452.044294095474,17.7570591373017,44469.801353232775,3.7910032317037143,10800.0,10800.0
main,2025-09-30,44409.32878492195,728.9508505643544,45138.279635486295,166.75625647131034,10800.0,10800.0
main,2025-10-01,45588.50858382751,107.93749686731861,45696.44608069484,49.46723046164512,10800.0,10800.0
main,2025-10-02,42557.638176748864,2.9716894056619484e-11,42557.63817674889,6.747269409856926e-12,10800.0,10800.0
main,2025-10-03,18154.07782206044,1.9933380279724135e-11,18154.07782206046,4.073186232744774e-12,10800.0,10800.0
main,2025-10-04,17019.531029285572,1045.698851619411,18065.229880904983,280.1180534042684,10800.0,10800.0
main,2025-10-05,38663.94329732173,3452.6165462869603,42116.5598436087,615.8640065663988,10800.0,10800.0
main,2025-10-06,36591.781064412055,9759.554298801426,46351.33536321349,1638.1575532976397,10800.0,10782.729016641677
main,2025-10-07,39369.396945933455,157.62491844956853,39527.02186438302,32.93856305489445,10782.729016641677,10800.0
main,2025-10-08,37955.91597624699,4827.9115809756595,42783.827557222656,776.6227051489246,10800.0,10759.006328737374
main,2025-10-09,37414.45942057201,2879.541288231882,40294.0007088039,516.7167088577794,10759.006328737374,10711.847699376025
main,2025-10-10,16734.252651662668,1217.9203527848435,17952.173004447515,251.38675189414408,10711.847699376025,10800.0
main,2025-10-11,16675.47625967444,2340.021997287372,19015.49825696181,441.1906993638285,10800.0,10800.0
main,2025-10-12,40106.714684720464,1833.8979068436872,41940.61259156415,293.3259063672541,10800.0,10765.777670566598
main,2025-10-13,39867.94572464082,612.2744915458238,40480.22021618665,115.35847905757059,10765.777670566598,10800.0
main,2025-10-14,39546.82433725693,4317.583209741041,43864.407546997965,837.4721974813191,10800.0,10651.566519052089
main,2025-10-15,40045.36781772754,5114.617806940511,45159.98562466807,931.5181243307,10651.566519052089,10790.545372779725
main,2025-10-16,37882.309762206234,23259.119359500895,61141.42912170713,4769.5022459734955,10790.545372779725,10800.0
main,2025-10-17,18918.027208575033,1.85773103567044e-11,18918.02720857505,4.241940132487798e-12,10800.0,10800.0
main,2025-10-18,17512.66959947008,2.284136058072761e-11,17512.6695994701,5.529243729540667e-12,10800.0,10800.0
main,2025-10-19,41122.094692894825,9393.139525673905,50515.23421856873,1816.7639854227166,10800.0,10737.758372856691
main,2025-10-20,44767.7996649197,2493.2969338523444,47261.09659877204,519.2180256757414,10737.758372856691,10800.0
main,2025-10-21,45028.68142319611,3.0635989078930946e-11,45028.68142319615,6.761036175362278e-12,10800.0,10800.0
main,2025-10-22,45102.49286138132,5692.8784288167735,50795.3712901981,975.8654807824962,10800.0,10800.0
main,2025-10-23,45859.41688329146,2.7445506534107268e-11,45859.41688329149,5.832223592960872e-12,10800.0,10800.0
main,2025-10-24,17859.847834778157,815.3450163771859,18675.192851155345,156.50020366300532,10800.0,10800.0
main,2025-10-25,18288.88628546281,2.9313958260779316e-11,18288.88628546284,7.232991983130432e-12,10800.0,10800.0
main,2025-10-26,46357.397731485005,2.7617040210259348e-11,46357.397731485034,5.835776306639673e-12,10800.0,10800.0
main,2025-10-27,44712.18125325903,1315.4745563251392,46027.655809584154,209.9550240819481,10800.0,10747.037359685877
main,2025-10-28,44897.76010873839,3.209028109907308e-11,44897.76010873841,8.142153617995973e-12,10747.037359685877,10800.0
main,2025-10-29,44588.629878337735,10232.622805697873,54821.25268403561,1783.5104961880597,10800.0,10749.704179830587
main,2025-10-30,48289.479664474595,2.8086554859640955e-11,48289.47966447461,5.710099060252105e-12,10749.704179830587,10800.0
main,2025-10-31,18548.53536313489,3.4956783535530777e-11,18548.535363134928,7.993539207287736e-12,10800.0,10800.0
main,2025-11-01,18787.389927885157,4.077355875153899e-11,18787.3899278852,1.0206058220774139e-11,10800.0,10800.0
main,2025-11-02,48154.72248393991,2.8048911950018246e-11,48154.72248393994,6.267472651977357e-12,10800.0,10800.0
main,2025-11-03,47538.33015610647,3.498059086837202e-11,47538.3301561065,7.972289495228324e-12,10800.0,10800.0
main,2025-11-04,48106.814594743,372.04726785018175,48478.86186259318,69.1557334077563,10800.0,10800.0
main,2025-11-05,47676.69030618492,4.422110166935056e-11,47676.69030618496,9.816147894525784e-12,10800.0,10800.0
main,2025-11-06,46804.29529674057,6549.723467763268,53354.01876450384,1359.4942224071037,10800.0,10727.075284596376
main,2025-11-07,19834.73756064557,3.060246100972108e-11,19834.7375606456,5.965006266706041e-12,10727.075284596376,10800.0
main,2025-11-08,18620.72823102944,2.676971089243807e-11,18620.728231029465,6.647127293035737e-12,10800.0,10800.0
main,2025-11-09,46863.07251353613,4387.580115207551,51250.65262874367,811.0220453297069,10800.0,10761.626668634868
main,2025-11-10,48520.53416467618,4441.567837716667,52962.10200239285,805.6322611142897,10761.626668634868,10800.0
main,2025-11-11,49974.40644597962,4.034790158232506,49978.441236137856,0.9212901377393772,10800.0,10800.0
main,2025-11-12,49431.38019815499,42.48216985615797,49473.86236801115,9.700232870454368,10800.0,10800.0
main,2025-11-13,49632.17174643828,288.3177748360879,49920.48952127437,42.86351995247095,10800.0,10800.0
main,2025-11-14,19528.34848027925,3.706302198480671e-11,19528.34848027929,7.793765632868599e-12,10800.0,10800.0
main,2025-11-15,19107.556446315262,2.772317519994516e-11,19107.55644631529,6.727729484623524e-12,10800.0,10800.0
main,2025-11-16,50357.22880496362,4.467938019558915e-11,50357.22880496367,1.0468070854585676e-11,10800.0,10800.0
main,2025-11-17,51311.66821032658,3.9306218113654983e-11,51311.668210326614,9.55335810459701e-12,10800.0,10800.0
main,2025-11-18,50497.63969667755,658.9559604691747,51156.595657146725,155.48252826894415,10800.0,10763.979175219425
main,2025-11-19,51212.098016726944,6.301057500047864,51218.39907422698,1.3850000000105445,10763.979175219425,10745.598159154635
main,2025-11-20,51239.70695874852,365.5477087109733,51605.25466745949,77.32346041552313,10745.598159154635,10740.834663516835
main,2025-11-21,20327.56423193904,2.6841618039341597e-11,20327.564231939064,5.655365065138085e-12,10740.834663516835,10800.0
main,2025-11-22,19691.653339008855,2.79224613430884e-11,19691.653339008888,6.473710456589288e-12,10800.0,10781.3235580827
main,2025-11-23,51574.83792661314,898.7583428963328,52473.59626950947,203.304669931654,10781.3235580827,10800.0
main,2025-11-24,51657.480017148366,399.85402833104513,52057.33404547941,75.18762824542961,10800.0,10732.629644520915
main,2025-11-25,51052.52394114391,286.0219939703732,51338.54593511428,67.63612263576596,10732.629644520915,10800.0
main,2025-11-26,51829.0195854912,154.53999266670604,51983.55957815791,32.99316666667572,10800.0,10800.0
main,2025-11-27,52219.044362067485,770.238862356098,52989.28322442359,113.36986955264045,10800.0,10800.0
main,2025-11-28,20007.276852927083,52.46912293441421,20059.745975861497,8.583203490009158,10800.0,10800.0
main,2025-11-29,19819.715456365557,8694.473890155365,28514.18934652092,1551.3687054178415,10800.0,10750.070037188321
main,2025-11-30,54126.17950698135,137.92712849790666,54264.10663547926,21.18702863181732,10750.070037188321,10691.085349872585
main,2025-12-01,54275.17067261446,23365.863276673794,77641.03394928825,5585.209365692836,10691.085349872585,10718.633413411551
main,2025-12-02,58912.51392022989,10164.749522633032,69077.26344286294,2119.80918372867,10718.633413411551,10800.0
main,2025-12-03,60794.19025413778,220.14193627302893,61014.332190410816,37.82951422561087,10800.0,10800.0
main,2025-12-04,60692.8072548581,1170.8794320959767,61863.68668695408,216.35770637286092,10800.0,10800.0
main,2025-12-05,25515.044269682414,154.31981445432302,25669.36408413674,74.99099302250497,10800.0,10800.0
main,2025-12-06,25382.48629355595,2136.135170383025,27518.62146393897,748.105399492911,10800.0,10800.0
main,2025-12-07,62938.360607060975,1.7530914497854156e-11,62938.36060706099,4.247269203005999e-12,10800.0,10800.0
main,2025-12-08,62773.014209117886,2.0122769228692052e-11,62773.014209117915,3.7339020764193265e-12,10800.0,10800.0
main,2025-12-09,61163.71568841221,1075.7904624152593,62239.50615082747,188.94321034609612,10800.0,10800.0
main,2025-12-10,60806.82917405525,3.4703893536658366e-11,60806.82917405529,8.043343768804334e-12,10800.0,10800.0
main,2025-12-11,60122.03409661887,88.71792735875938,60210.75202397761,15.187525012199638,10800.0,10800.0
main,2025-12-12,26689.399453911374,2.67435087408785e-11,26689.3994539114,6.211919867382676e-12,10800.0,10800.0
main,2025-12-13,26622.26878381728,2.0320573002052812e-11,26622.268783817297,4.332978420507061e-12,10800.0,10800.0
main,2025-12-14,60938.27415631016,598.2505442721348,61536.52470058229,111.26784667076593,10800.0,10784.206908669174
main,2025-12-15,61447.341961139355,1275.8448091114237,62723.1867702508,262.053101315741,10784.206908669174,10800.0
main,2025-12-16,61827.264635838306,260.526240262443,62087.79087610075,43.392987842941,10800.0,10710.39068623937
main,2025-12-17,61515.009821911444,233.41055159399426,61748.420373505454,45.18239381695945,10710.39068623937,10799.83815743678
main,2025-12-18,60129.85229745104,801.5198623873235,60931.37215983836,178.55966486292624,10799.83815743678,10792.674253612975
main,2025-12-19,26951.714270159966,671.6962691363138,27623.410539296285,110.44060502535123,10792.674253612975,10783.454626001327
main,2025-12-20,26558.149750184788,3.090592426424621e-11,26558.149750184817,7.992273509671577e-12,10783.454626001327,10733.454174311233
main,2025-12-21,61006.4614405583,926.9854668087461,61933.44690736703,135.15061105105946,10733.454174311233,10800.0
main,2025-12-22,60837.346594723465,2879.0891192533663,63716.43571397683,459.50078435613045,10800.0,10800.0
main,2025-12-23,61910.437985277036,4.1688441143605817e-11,61910.43798527708,7.539746604834363e-12,10800.0,10800.0
main,2025-12-24,61059.372526194486,45.73865948625322,61105.11118568073,6.556573894248225,10800.0,10800.0
main,2025-12-25,60092.024878535056,1659.164994654383,61751.18987318944,254.1923941416442,10800.0,10784.23385405024
main,2025-12-26,26693.036420869095,3.2440206965134166e-11,26693.036420869124,7.013056801952189e-12,10784.23385405024,10800.0
main,2025-12-27,26209.447974496412,764.3009717674107,26973.748946263822,125.02878648248334,10800.0,10800.0
main,2025-12-28,60182.229019615916,1162.2882041892635,61344.51722380518,204.74824881579832,10800.0,10800.0
main,2025-12-29,61717.403728161036,2.613087346503562e-11,61717.40372816107,4.792610752701876e-12,10800.0,10800.0
main,2025-12-30,59771.16300584888,730.6758972881253,60501.838903137,129.0564465991864,10800.0,10800.0
main,2025-12-31,59472.89935768144,4276.759155588884,63749.658513270326,773.5850652950728,10800.0,10682.229157241842
median_only,2025-02-01,21426.085544289177,432.86357207291803,21858.949116362095,115.9907482639573,10800.0,10800.0
median_only,2025-02-02,53740.08626807063,4283.656705753498,58023.74297382413,910.0949409066253,10800.0,10656.23009874078
median_only,2025-02-03,54014.5228081214,1725.0042138101007,55739.5270219315,304.06699790814224,10656.23009874078,10800.0
median_only,2025-02-04,52726.801289728566,9747.438413956314,62474.239703684885,1950.7417241226365,10800.0,10690.891871793538
median_only,2025-02-05,52416.91723142043,7048.568270987725,59465.485502408155,1620.5525410934274,10690.891871793538,10728.056628022463
median_only,2025-02-06,53144.17262612403,1780.6498932588588,54924.822519382884,375.52401938911186,10728.056628022463,10684.811035104705
median_only,2025-02-07,20516.1724979076,446.5929652168263,20962.765463124426,91.603225190061,10684.811035104705,10800.0
median_only,2025-02-08,18693.934359377534,2865.078743261307,21559.013102638844,685.3346743364632,10800.0,10786.978213121449
median_only,2025-02-09,49889.32635742266,16281.005020851957,66170.33137827461,3306.714610316234,10786.978213121449,10686.473510173388
median_only,2025-02-10,51439.12828115162,2059.071334570612,53498.19961572223,515.9898874155613,10686.473510173388,10653.396547077404
median_only,2025-02-11,50874.816327535555,2688.2871726235835,53563.10350015914,456.97462112832363,10653.396547077404,10782.825490058349
median_only,2025-02-12,48524.994878063066,8279.325573456797,56804.320451519874,1665.277410118205,10782.825490058349,10735.118995088753
median_only,2025-02-13,48872.64303590606,1367.7474747554982,50240.39051066154,333.80796948469543,10735.118995088753,10749.652648077223
median_only,2025-02-14,18008.26032600926,4267.826092180993,22276.086418190254,935.4181520721233,10749.652648077223,10774.974657884297
median_only,2025-02-15,18101.024857623044,3321.3341191279314,21422.358976750977,814.5994996535662,10774.974657884297,10724.606301383266
median_only,2025-02-16,46793.7889248739,15160.384565362285,61954.17349023619,3252.1569487748816,10724.606301383266,10663.355797225506
median_only,2025-02-17,47274.58769293217,1997.2366238509856,49271.82431678315,486.0475383292474,10663.355797225506,10689.172989465653
median_only,2025-02-18,46334.652218239615,5180.790498739119,51515.44271697872,1002.1871716653764,10689.172989465653,10788.442694750775
median_only,2025-02-19,46068.89236548444,12673.008256693918,58741.90062217835,2765.6801725727782,10788.442694750775,10577.10077195553
median_only,2025-02-20,46454.88731927205,5983.0213905194505,52437.9087097915,1237.5873820272373,10577.10077195553,10737.688932983761
median_only,2025-02-21,17537.38764100393,2075.5445223642814,19612.932163368212,560.3887280265678,10737.688932983761,10745.138421107426
median_only,2025-02-22,17383.239445315812,3864.4365560512897,21247.676001367094,1007.050783036677,10745.138421107426,10737.747428097826
median_only,2025-02-23,46827.289897005656,2364.32440221745,49191.6142992231,626.3618137629919,10737.747428097826,10657.262879201879
median_only,2025-02-24,44666.01469645505,3725.7933540515655,48391.80805050662,791.2717100110883,10657.262879201879,10724.751717371426
median_only,2025-02-25,44876.44434493602,1866.2917135694565,46742.73605850547,446.1432404969568,10724.751717371426,10663.84829535069
median_only,2025-02-26,43472.600873790674,8457.312782497742,51929.913656288416,1827.6068389851457,10663.84829535069,10800.0
median_only,2025-02-27,43346.68853376528,9679.10584446407,53025.794378229344,1950.3451614523876,10800.0,10800.0
median_only,2025-02-28,17154.692004104156,1464.5559599784808,18619.247964082635,464.70620987318756,10800.0,10776.892347566174
median_only,2025-03-01,17100.14285082899,1262.2597346736657,18362.402585502656,289.46055893218386,10776.892347566174,10795.602297791876
median_only,2025-03-02,44183.31918400613,18415.546035609477,62598.86521961562,3775.2384445043936,10795.602297791876,10580.930317014114
median_only,2025-03-03,42565.26478672767,31826.794406332927,74392.05919306059,6240.274161388157,10580.930317014114,10690.746232040749
median_only,2025-03-04,46548.74157631904,260.20166081114724,46808.94323713018,87.7955823358941,10690.746232040749,10646.633584887233
median_only,2025-03-05,45062.788515120104,1269.7275031182228,46332.516018238326,221.01494692504144,10646.633584887233,10758.817107645262
median_only,2025-03-06,42525.965826621694,4604.828886772436,47130.794713394134,996.3866438441578,10758.817107645262,10688.293732879945
median_only,2025-03-07,17029.592910493568,780.6436243148795,17810.236534808442,187.4691303071849,10688.293732879945,10800.0
median_only,2025-03-08,16004.386950107375,2649.6491166407645,18654.036066748136,967.4482230492614,10800.0,10800.0
median_only,2025-03-09,41810.37868221113,5250.230042384293,47060.60872459541,1230.605979782259,10800.0,10699.061734035577
median_only,2025-03-10,41160.475926082,19931.382951002855,61091.85887708485,3610.0190426998324,10699.061734035577,10692.19992424551
median_only,2025-03-11,42222.04379786996,2292.6348290503965,44514.678626920366,593.1547515393397,10692.19992424551,10757.680052871423
median_only,2025-03-12,42311.991767745465,2870.4193817427017,45182.411149488165,679.9563482438796,10757.680052871423,10625.801957708329
median_only,2025-03-13,40173.211945286035,25604.862229663588,65778.07417494962,4479.385844782695,10625.801957708329,10716.624694299942
median_only,2025-03-14,15957.954863358564,477.7051564406842,16435.66001979925,101.85532819940346,10716.624694299942,10800.0
median_only,2025-03-15,15727.747500531419,2840.013299849782,18567.7608003812,734.8748996129808,10800.0,10659.663116210395
median_only,2025-03-16,40484.84851522463,3868.3575084264685,44353.20602365109,1165.3063467219372,10659.663116210395,10600.14824349251
median_only,2025-03-17,41665.30794704107,783.7706298998801,42449.07857694095,137.69632120209835,10600.14824349251,10800.0
median_only,2025-03-18,40228.17725584433,7054.961557474737,47283.13881331907,1422.8584623898873,10800.0,10776.134901951078
median_only,2025-03-19,39848.35298060224,4610.548691281871,44458.901671884116,955.0012449618839,10776.134901951078,10800.0
median_only,2025-03-20,39616.19309163376,7448.647252088209,47064.84034372195,1654.9492648711623,10800.0,10738.440652945546
median_only,2025-03-21,15555.101740612728,696.9256636615739,16252.027404274302,240.18903142983277,10738.440652945546,10800.0
median_only,2025-03-22,15421.14656144827,434.49676049378303,15855.64332194205,121.85764802910094,10800.0,10800.0
median_only,2025-03-23,38200.38179039942,6362.428624200349,44562.81041459977,1453.8818402126817,10800.0,10785.98081501646
median_only,2025-03-24,36499.73393136004,8993.205538623084,45492.93946998312,2054.5840350299204,10785.98081501646,10651.863646396487
median_only,2025-03-25,37045.889854739886,15422.17767361692,52468.067528356805,3019.9468331542284,10651.863646396487,10697.908570660078
median_only,2025-03-26,36949.85637008869,2442.804272504416,39392.6606425931,521.1779851788699,10697.908570660078,10743.536620116858
median_only,2025-03-27,37130.66928988896,7015.619780608138,44146.2890704971,1499.919473266258,10743.536620116858,10729.817296274818
median_only,2025-03-28,14735.854049127773,1278.6601888274795,16014.51423795525,339.8626383785309,10729.817296274818,10745.939750070478
median_only,2025-03-29,14621.543387298556,2117.7033772777463,16739.246764576303,508.7475717456056,10745.939750070478,10773.034030190005
median_only,2025-03-30,35383.52129287843,3277.8772112645283,38661.39850414296,747.7113014822453,10773.034030190005,10795.660984191672
median_only,2025-03-31,34488.14390185125,17140.577001908154,51628.72090375939,3219.1804995864372,10795.660984191672,10795.660715509599
median_only,2025-04-01,34915.24291164392,32441.21774629324,67356.46065793716,5365.027163407131,10795.660715509599,10797.265610576284
median_only,2025-04-02,35649.68216217819,24739.06356615071,60388.745728328904,4348.667044444019,10797.265610576284,10755.066897068853
median_only,2025-04-03,35319.132708586985,5908.375809865947,41227.50851845292,1191.8906659502795,10755.066897068853,10665.880674939996
median_only,2025-04-04,14399.488149354253,143.60983896776773,14543.09798832202,65.45797278097466,10665.880674939996,10800.0
median_only,2025-04-05,13949.756283885119,2721.6907885744645,16671.447072459585,672.8885599183443,10800.0,10702.26746121472
median_only,2025-04-06,34991.80056052473,2718.025809598301,37709.826370123024,612.7328123314778,10702.26746121472,10767.592247921684
median_only,2025-04-07,34911.645411523146,497.0900439641598,35408.73545548731,139.87486514719518,10767.592247921684,10696.320224479921
median_only,2025-04-08,36071.23517845252,4839.645086069997,40910.880264522515,1008.2540908342794,10696.320224479921,10716.019686960984
median_only,2025-04-09,35377.908259821874,19665.732730212218,55043.640990034095,3413.877445233143,10716.019686960984,10762.243632947971
median_only,2025-04-10,36699.05018968301,2389.4420533762795,39088.4922430593,506.720267184377,10762.243632947971,10769.26889322655
median_only,2025-04-11,14433.066631357971,241.4300486751642,14674.496680033135,111.02858515427661,10769.26889322655,10800.0
median_only,2025-04-12,13760.765095020499,824.7367191690738,14585.501814189573,199.2224726930993,10800.0,10780.415083599068
median_only,2025-04-13,33607.98129924794,10787.388666657069,44395.36996590501,1925.7327638319518,10780.415083599068,10782.834601122126
median_only,2025-04-14,34314.50539065626,1259.261138892322,35573.766529548586,330.4557076787352,10782.834601122126,10762.954945625283
median_only,2025-04-15,34375.291940635056,2812.7280424919777,37188.01998312704,606.1483044826641,10762.954945625283,10793.06623015984
median_only,2025-04-16,33937.51994125556,10473.04132113186,44410.56126238742,1962.9613103074892,10793.06623015984,10689.338061225597
median_only,2025-04-17,33422.54136793257,5463.288132441621,38885.82950037419,984.0554589647155,10689.338061225597,10800.0
median_only,2025-04-18,13318.791446082367,572.804514019612,13891.595960101979,263.8170270515148,10800.0,10800.0
median_only,2025-04-19,13505.70160044249,263.01572456821265,13768.717325010703,124.12911354866418,10800.0,10800.0
median_only,2025-04-20,33505.99381243238,783.2491583657679,34289.24297079816,253.0280642695829,10800.0,10800.0
median_only,2025-04-21,32933.23519426505,2381.4876092753175,35314.72280354036,615.6765853846546,10800.0,10666.82658710061
median_only,2025-04-22,33148.988666724996,2319.8469207606827,35468.83558748568,714.7413387050257,10666.82658710061,10684.1960391228
median_only,2025-04-23,33471.60445058733,725.8099143553203,34197.41436494265,293.39346021756995,10684.1960391228,10800.0
median_only,2025-04-24,32417.948707000898,2003.2828733969031,34421.231580397805,389.580179775763,10800.0,10793.651720878843
median_only,2025-04-25,12436.014675313469,1428.087879082382,13864.102554395851,291.0842988224475,10793.651720878843,10709.957967536877
median_only,2025-04-26,12320.850646101342,3719.4659421829665,16040.316588284311,749.0584642872951,10709.957967536877,10670.6662864279
median_only,2025-04-27,30932.206537498558,6505.488046470842,37437.694583969394,1395.4863445572057,10670.6662864279,10674.856488924117
median_only,2025-04-28,30709.94356689487,48696.220190123946,79406.16375701882,8112.621147238271,10674.856488924117,10767.16837048819
median_only,2025-04-29,32613.90968684404,4429.4854310584415,37043.39511790248,941.1291130722032,10767.16837048819,10800.0
median_only,2025-04-30,32497.54062366961,722.8315835966941,33220.3722072663,150.28905039289918,10800.0,10751.670763554746
median_only,2025-05-01,30782.01296251284,19924.04220926697,50706.05517177981,3824.671159521278,10751.670763554746,10064.100186596354
median_only,2025-05-02,12791.692060064735,16661.863730929286,29453.55579099402,3295.6095213615345,10064.100186596354,10329.300193183493
median_only,2025-05-03,12970.399061164138,12461.929939665974,25432.32900083011,2400.80023681267,10329.300193183493,10546.528960674364
median_only,2025-05-04,32012.49948707478,13981.598710048202,45994.09819712298,2476.868696701231,10546.528960674364,10268.51034973824
median_only,2025-05-05,33948.15899341744,14779.78437275939,48727.94336617684,2691.7179951396274,10268.51034973824,10670.314751687521
median_only,2025-05-06,35202.41399688469,4475.045021156006,39677.459018040696,817.3235298795887,10670.314751687521,10496.26194680006
median_only,2025-05-07,34866.12532525932,9947.696615792207,44813.82194105153,1929.3322015892231,10496.26194680006,10693.50963623339
median_only,2025-05-08,35935.96350268475,5027.7489964642655,40963.71249914901,954.5258171238978,10693.50963623339,10744.340214895092
median_only,2025-05-09,16414.99976145364,1.7731501600337652e-11,16414.99976145366,4.281019982954604e-12,10744.340214895092,10800.0
median_only,2025-05-10,14620.709803567606,1332.2888403972997,15952.99864396491,344.6530827290235,10800.0,10517.330701892974
median_only,2025-05-11,34893.00443174816,6239.088194436579,41132.092626184734,1232.4113240430001,10517.330701892974,10542.733427651294
median_only,2025-05-12,35914.28527947275,1840.4959381424862,37754.78121761524,386.2474568374475,10542.733427651294,10800.0
median_only,2025-05-13,35180.24071955339,551.5204172007723,35731.76113675416,107.51048437523582,10800.0,10800.0
median_only,2025-05-14,34451.9724248166,1355.7598045950806,35807.73222941168,380.154915407437,10800.0,10602.81606878225
median_only,2025-05-15,34594.729695695234,5613.460483090082,40208.19017878531,1382.7492071455456,10602.81606878225,10800.0
median_only,2025-05-16,14512.260695335819,303.31444509292027,14815.575140428738,111.69325457818465,10800.0,10780.128691975533
median_only,2025-05-17,14501.200679561818,2935.267237145681,17436.4679167075,708.1921322797047,10780.128691975533,10709.369236828981
median_only,2025-05-18,34427.82816047958,3222.602544555093,37650.43070503467,698.4928954934246,10709.369236828981,10653.35659299165
median_only,2025-05-19,34073.457364708964,935.326083559861,35008.78344826883,136.78522207949356,10653.35659299165,10800.0
median_only,2025-05-20,33064.681622510136,20605.810154852552,53670.49177736268,3407.2679594881124,10800.0,10717.726068054779
median_only,2025-05-21,33567.329770126686,5795.0028832852295,39362.33265341191,1402.5400610119784,10717.726068054779,10665.738670607077
median_only,2025-05-22,33814.83585712938,1330.2997121101998,35145.13556923958,338.9495655190352,10665.738670607077,10800.0
median_only,2025-05-23,15397.116230651482,602.9416789160935,16000.057909567575,280.1510840385905,10800.0,10800.0
median_only,2025-05-24,14486.38292678115,757.2407030170718,15243.623629798225,345.4292739852098,10800.0,10800.0
median_only,2025-05-25,34901.90800404492,213.29481642247808,35115.2028204674,72.31137497533074,10800.0,10785.376182535145
median_only,2025-05-26,34600.41042318207,10595.422856411775,45195.83327959384,1645.5145526797114,10785.376182535145,10800.0
median_only,2025-05-27,33244.5482249745,2298.4330314617328,35542.98125643622,714.0016109305407,10800.0,10774.201102230165
median_only,2025-05-28,34447.172821341934,1472.366231990146,35919.53905333208,370.1370998451061,10774.201102230165,10800.0
median_only,2025-05-29,33857.17429742884,13691.114367771283,47548.28866520012,2373.557861027355,10800.0,10800.0
median_only,2025-05-30,14776.790944420356,1592.4772795746676,16369.268223995019,386.5993119346353,10800.0,10800.0
median_only,2025-05-31,14346.905944016713,1936.553177696775,16283.45912171349,691.8201355322053,10800.0,10800.0
median_only,2025-06-01,33223.18630815249,93444.1235422501,126667.30985040261,17575.50984697371,10800.0,9762.691490276658
median_only,2025-06-02,35946.53950362008,57300.87247153415,93247.41197515423,11934.947539983392,9762.691490276658,9721.431974636353
median_only,2025-06-03,44334.18541919146,6385.7102618179615,50719.895681009424,1165.787610467014,9721.431974636353,10653.971156757882
median_only,2025-06-04,44439.79651237178,5020.387533556666,49460.18404592845,1121.3444149228328,10653.971156757882,10507.697015401644
median_only,2025-06-05,46189.27679230267,5522.106357888932,51711.38315019159,1229.3463734770032,10507.697015401644,10800.0
median_only,2025-06-06,20891.05775628562,7345.802515374126,28236.86027165974,1479.669705996345,10800.0,10800.0
median_only,2025-06-07,17105.945092944698,15777.921955724134,32883.867048668835,3551.911279415845,10800.0,10346.671378881007
median_only,2025-06-08,49432.083635084506,3395.0467640031284,52827.13039908763,707.2372044955329,10346.671378881007,10504.710611163267
median_only,2025-06-09,46060.598835667086,9394.637218463551,55455.23605413064,1856.3382081204609,10504.710611163267,10800.0
median_only,2025-06-10,47717.15575373992,52.107108296707764,47769.26286203663,19.09894195116084,10800.0,10800.0
median_only,2025-06-11,46184.93989228678,31566.09684724739,77751.03673953416,6450.40560510434,10800.0,10800.0
median_only,2025-06-12,50303.89959365716,28.42948590581011,50332.32907956297,13.041048580637396,10800.0,10800.0
median_only,2025-06-13,20959.401479160733,1455.4363009498713,22414.837780110603,669.6826503980946,10800.0,10800.0
median_only,2025-06-14,20028.11573616777,834.1886408216694,20862.30437698944,313.07390978273446,10800.0,10640.35184755424
median_only,2025-06-15,46112.87742297644,4905.529634777966,51018.40705775441,1039.6369385499704,10640.35184755424,10800.0
median_only,2025-06-16,48182.85763659961,2236.0106406395435,50418.86827723916,635.4421979155638,10800.0,10800.0
median_only,2025-06-17,48345.7532017439,7028.2158712218825,55373.96907296578,1570.747967068089,10800.0,10658.209963033076
median_only,2025-06-18,47983.70680451091,665.4139578004628,48649.120762311366,100.86324396836801,10658.209963033076,10800.0
median_only,2025-06-19,46566.121969698026,2203.009642898598,48769.13161259662,513.4863436913116,10800.0,10682.787782068799
median_only,2025-06-20,20260.33975339776,132.21102640222324,20392.55077979998,60.13968794113627,10682.787782068799,10800.0
median_only,2025-06-21,19382.69439396484,1897.3441107133626,21280.038504678203,649.0881328534515,10800.0,10800.0
median_only,2025-06-22,43009.06143250427,7450.847899068671,50459.90933157295,1735.398791292415,10800.0,10792.03190358968
median_only,2025-06-23,43530.18287755498,8011.583534584348,51541.76641213932,1533.2362450585658,10792.03190358968,10626.845764132071
median_only,2025-06-24,43939.62376318759,46367.74425206978,90307.36801525738,8864.681917264306,10626.845764132071,10754.00674487692
median_only,2025-06-25,48434.358020296226,577.7098228680937,49012.067843164325,85.63189435578609,10754.00674487692,10800.0
median_only,2025-06-26,45554.33319894364,2773.933197886602,48328.266396830244,517.1655933078126,10800.0,10571.445537130621
median_only,2025-06-27,19551.444258644184,2.5594860453281854e-11,19551.444258644213,6.0325078266032506e-12,10571.445537130621,10800.0
median_only,2025-06-28,18584.831076841507,1405.252743700892,19990.0838205424,384.6287394330757,10800.0,10800.0
median_only,2025-06-29,44236.76762754891,8430.455137425859,52667.22276497476,1690.606755205575,10800.0,10800.0
median_only,2025-06-30,45057.22879422965,4487.64332594177,49544.87212017143,1062.3083620288,10800.0,10669.083409820154
median_only,2025-07-01,45513.03692147705,32225.145198728897,77738.18212020595,7671.219382046476,10669.083409820154,9661.27959442622
median_only,2025-07-02,49041.989423355306,21319.69915986964,70361.68858322495,5247.907009929208,9661.27959442622,9772.043892054638
median_only,2025-07-03,46171.10546957084,50181.9177126944,96353.02318226523,9050.26301937068,9772.043892054638,10547.668909993947
median_only,2025-07-04,24580.33496934123,3393.850469060174,27974.1854384014,850.6270614315806,10547.668909993947,10715.635802544013
median_only,2025-07-05,18983.902670508607,31323.80739010429,50307.7100606129,7333.596087504906,10715.635802544013,9927.371080756102
median_only,2025-07-06,44425.36699343797,58344.4384999341,102769.80549337207,11192.780187664794,9927.371080756102,10401.210329565098
median_only,2025-07-07,54487.9221531333,525.4797608229314,55013.40191395625,149.35535316510922,10401.210329565098,10800.0
median_only,2025-07-08,50764.73207974396,13011.506731815824,63776.238811559786,2623.8566413667922,10800.0,10800.0
median_only,2025-07-09,51114.192515420604,183.47986043084722,51297.67237585144,27.21647414238083,10800.0,10800.0
median_only,2025-07-10,49861.76119028077,3067.977253404773,52929.73844368554,502.3627688866794,10800.0,10568.859764416091
median_only,2025-07-11,26454.856712666766,1.8207131802228104e-11,26454.85671266678,3.737454790098127e-12,10568.859764416091,10800.0
median_only,2025-07-12,25387.198816367934,309.69435919658775,25696.893175564517,72.74463107699682,10800.0,10742.049195278792
median_only,2025-07-13,50439.295098976494,508.2749108523825,50947.57000982887,75.02625117244524,10742.049195278792,10800.0
median_only,2025-07-14,49265.989290470985,2398.249070083655,51664.23836055464,460.6200269920214,10800.0,10640.899185764472
median_only,2025-07-15,49138.66529648224,318.633527127606,49457.298823609846,60.965567892462346,10640.899185764472,10800.0
median_only,2025-07-16,47845.665088136666,4830.956449783454,52676.62153792012,1007.834402377073,10800.0,10788.084690485117
median_only,2025-07-17,47925.96037642933,8635.973101844986,56561.93347827431,1654.6172925045632,10788.084690485117,10550.937121215047
median_only,2025-07-18,26079.397180244385,1.2848109243179807e-11,26079.397180244403,4.704236999941713e-12,10550.937121215047,10800.0
median_only,2025-07-19,24665.136951352702,3450.2125340905923,28115.349485443294,732.6559093304215,10800.0,10725.545416324574
median_only,2025-07-20,47544.21018391724,5022.507101578414,52566.71728549565,932.0689025881472,10725.545416324574,10688.113915735847
median_only,2025-07-21,47709.36541188392,10717.196915109125,58426.56232699305,2020.4468295435274,10688.113915735847,10767.30389385306
median_only,2025-07-22,49606.82367533607,3905.583738165373,53512.407413501445,812.174994451999,10767.30389385306,10800.0
median_only,2025-07-23,48334.74939272298,11307.70491730977,59642.45431003275,2262.6936938513527,10800.0,10788.497230227356
median_only,2025-07-24,49543.122832444235,4366.370469134397,53909.49330157864,956.6401505681542,10788.497230227356,10800.0
median_only,2025-07-25,27194.62900658817,1.9591857913781042e-11,27194.629006588188,5.185185614209331e-12,10800.0,10800.0
median_only,2025-07-26,25370.560771448014,62.52930102250024,25433.090072470513,30.087324439122778,10800.0,10800.0
median_only,2025-07-27,47386.734121508896,13964.663403683455,61351.39752519235,2802.6659623209553,10800.0,10692.627235624317
median_only,2025-07-28,48579.95656469094,24637.5337368307,73217.49030152166,4310.605640615569,10692.627235624317,10685.742814347146
median_only,2025-07-29,50290.26080940751,4590.741768129629,54881.00257753714,835.5936835281947,10685.742814347146,10800.0
median_only,2025-07-30,49736.96134857428,2512.1475919258382,52249.10894050012,461.6636520006726,10800.0,10800.0
median_only,2025-07-31,49129.13644893473,6180.647458681158,55309.78390761589,1105.4102928677542,10800.0,10774.548669675514
median_only,2025-08-01,26419.75865982671,89.15487180158978,26508.913531628306,41.15156787518136,10774.548669675514,10800.0
median_only,2025-08-02,26333.771767690927,1.244172753711581e-11,26333.771767690938,3.6151082127844347e-12,10800.0,10800.0
median_only,2025-08-03,46108.64277980684,4570.521491374794,50679.164271181624,812.0246827401487,10800.0,10497.390520338511
median_only,2025-08-04,43236.12174423026,5816.028456087411,49052.15020031767,1187.877354247185,10497.390520338511,10450.29673785912
median_only,2025-08-05,43679.35693190202,2218.9297217641733,45898.28665366619,444.3581914666488,10450.29673785912,10585.777506974831
median_only,2025-08-06,42445.20842736171,23954.560796306054,66399.76922366777,4736.980371734689,10585.777506974831,10658.148346885353
median_only,2025-08-07,45225.67795255729,2008.5655043119364,47234.243456869226,313.740374327441,10658.148346885353,10685.938836948442
median_only,2025-08-08,24431.058996311367,2.8991671285893973e-11,24431.058996311393,6.885159109515371e-12,10685.938836948442,10800.0
median_only,2025-08-09,22493.220604385497,4606.420832023881,27099.64143640938,1028.9243733974713,10800.0,10644.825091519006
median_only,2025-08-10,41695.068723419376,19823.429436136987,61518.49815955636,3396.4182068083987,10644.825091519006,10562.672673041938
median_only,2025-08-11,42672.897493005905,6265.837651243688,48938.7351442496,1130.7055272355394,10562.672673041938,10616.403013190951
median_only,2025-08-12,42245.08931425256,27254.532213000886,69499.62152725345,4767.240387622708,10616.403013190951,10668.745473050585
median_only,2025-08-13,43046.93345022129,14776.172127569429,57823.10557779072,2356.4546724492184,10668.745473050585,10779.153332421902
median_only,2025-08-14,42563.49952118317,15449.610388071203,58013.10990925437,2744.022846466759,10779.153332421902,10694.504456677982
median_only,2025-08-15,23141.46569781917,1490.0897664458407,24631.55546426501,397.16203516269155,10694.504456677982,10758.764152366723
median_only,2025-08-16,22298.50169555508,4597.510052587436,26896.01174814251,1097.598294700898,10758.764152366723,10666.163483819324
median_only,2025-08-17,41777.22509318158,9325.870334121693,51103.09542730328,1864.1222053150625,10666.163483819324,10613.501631002982
median_only,2025-08-18,42451.130227958376,9831.898681107694,52283.02890906607,2059.660175065788,10613.501631002982,10757.735979374951
median_only,2025-08-19,42911.456174391526,4901.094737731186,47812.55091212272,1103.7465569255396,10757.735979374951,10647.772083990412
median_only,2025-08-20,42826.18041672083,39198.607635393935,82024.78805211477,6563.923654740911,10647.772083990412,10587.370544138581
median_only,2025-08-21,43888.283991255084,3760.995054563182,47649.279045818264,754.1111267735582,10587.370544138581,10636.133258736474
median_only,2025-08-22,23066.928396713818,6096.338911317011,29163.267308030827,1288.1250793378188,10636.133258736474,10684.732430705619
median_only,2025-08-23,23199.96894702065,1900.1921310661169,25100.161078086767,462.96007496213105,10684.732430705619,10721.46428043487
median_only,2025-08-24,43903.33570531045,8519.292233713608,52422.62793902405,1721.3998752688778,10721.46428043487,10643.83720716408
median_only,2025-08-25,43968.14375501485,30675.425662750487,74643.56941776533,5286.5801451209545,10643.83720716408,10672.24110482667
median_only,2025-08-26,45601.73876860169,2924.900204623934,48526.638973225614,581.212794732849,10672.24110482667,10764.165704829298
median_only,2025-08-27,45418.67438635402,4774.15866402939,50192.83305038339,956.7045456799516,10764.165704829298,10678.78004221335
median_only,2025-08-28,45224.766703934394,20155.108430566146,65379.87513450054,3382.8497636793927,10678.78004221335,10571.151750043406
median_only,2025-08-29,24872.64998883409,62.43135893681268,24935.081347770905,12.793311257543719,10571.151750043406,10800.0
median_only,2025-08-30,24602.790027348667,307.76166357836803,24910.551690927034,122.43973930597959,10800.0,10698.018544293389
median_only,2025-08-31,44121.61308237347,12238.816677833398,56360.42976020687,2065.910337975977,10698.018544293389,10798.847584609954
median_only,2025-09-01,45254.91971011985,2.118825648267375e-11,45254.919710119866,4.078515303262975e-12,10798.847584609954,10800.0
median_only,2025-09-02,35094.771461009994,11199.042792689812,46293.81425369981,2398.3497075263494,10800.0,10800.0
median_only,2025-09-03,35884.45309705591,9375.91950424077,45260.37260129669,2087.535449573091,10800.0,10665.877549359022
median_only,2025-09-04,36156.630505377034,7195.1084075968665,43351.7389129739,1662.8714038970509,10665.877549359022,10800.0
median_only,2025-09-05,21556.170627837942,8.869093903740578e-12,21556.17062783795,2.206235194535111e-12,10800.0,10800.0
median_only,2025-09-06,17666.801230590456,1981.6664964698803,19648.467727060335,661.4388425529136,10800.0,10800.0
median_only,2025-09-07,33074.08550974257,23498.464768945163,56572.550278687726,5593.294769503005,10800.0,10401.150437904862
median_only,2025-09-08,33948.92570120668,36993.578486284234,70942.50418749091,7607.567311705201,10401.150437904862,10417.52508886613
median_only,2025-09-09,35918.771757756,11774.126057747482,47692.897815503486,2678.1278512458975,10417.52508886613,10571.845392578984
median_only,2025-09-10,36465.65207013299,36121.75870316044,72587.41077329344,6402.586321066259,10571.845392578984,10667.942898153324
median_only,2025-09-11,37771.55241463972,3781.427148108147,41552.97956274787,851.4966255731389,10667.942898153324,10724.06757650391
median_only,2025-09-12,18238.515565650174,149.2834841613652,18387.79904981154,67.2599613252334,10724.06757650391,10800.0
median_only,2025-09-13,17424.342905347185,2522.015617529126,19946.35852287631,714.8041722281957,10800.0,10800.0
median_only,2025-09-14,36121.92983752533,23619.540831897855,59741.47066942318,4750.407673379108,10800.0,10112.258587885839
median_only,2025-09-15,38760.92402832239,4765.65407031823,43526.578098640624,1133.2709167498538,10112.258587885839,10714.237915763324
median_only,2025-09-16,38315.53640807721,6627.680449185391,44943.2168572626,1518.8297591736784,10714.237915763324,10537.36737777928
median_only,2025-09-17,38696.55121520288,9545.861671016628,48242.41288621952,1713.143092223403,10537.36737777928,10557.968749675209
median_only,2025-09-18,37649.69207988193,15154.963520001824,52804.65559988375,2576.1051979720123,10557.968749675209,10647.121808610122
median_only,2025-09-19,17525.93312446201,3381.2422888063493,20907.17541326836,776.1047919613551,10647.121808610122,10800.0
median_only,2025-09-20,17797.209124092602,3001.22091734288,20798.43004143548,744.7781198154739,10800.0,10800.0
median_only,2025-09-21,40360.09469818897,3615.7370591383324,43975.83175732731,860.6606737653976,10800.0,10722.900329526068
median_only,2025-09-22,39481.216617332066,5432.432924003968,44913.64954133603,1236.4429200781913,10722.900329526068,10655.180888851133
median_only,2025-09-23,39741.49129950293,12651.391116931762,52392.88241643469,2427.7519765393627,10655.180888851133,10719.596851150549
median_only,2025-09-24,41845.810047190345,1172.8711561667053,43018.68120335705,460.0228731430545,10719.596851150549,10800.0
median_only,2025-09-25,40106.59303395689,3703.706442709548,43810.29947666645,920.9081422661482,10800.0,10624.04641791642
median_only,2025-09-26,18284.51916534522,7.5528314190855665,18292.071996764305,4.068317489397837,10624.04641791642,10800.0
median_only,2025-09-27,17813.40013667121,6829.023833185836,24642.42396985705,1478.1069224856433,10800.0,10603.60670652615
median_only,2025-09-28,41331.156346026444,6727.964383742469,48059.12072976891,1416.0937718860307,10603.60670652615,10591.260736452428
median_only,2025-09-29,42400.02940953872,1939.804134896152,44339.83354443488,478.2280034788142,10591.260736452428,10657.065591752305
median_only,2025-09-30,42498.844536486344,9193.96949637907,51692.81403286541,1907.325444891546,10657.065591752305,10800.0
median_only,2025-10-01,43682.01968660019,517.0025240759983,44199.022210676194,224.58527635783966,10800.0,10800.0
median_only,2025-10-02,36447.55636463906,2686.7163208037387,39134.2726854428,982.3921284565575,10800.0,10800.0
median_only,2025-10-03,17418.754648180664,2.1014601170321613e-11,17418.754648180686,4.547029419654791e-12,10800.0,10800.0
median_only,2025-10-04,16185.548585351502,1758.3570822315178,17943.905667583018,584.3253310994422,10800.0,10800.0
median_only,2025-10-05,36900.05469439192,5530.918860076434,42430.97355446836,1191.5892179123719,10800.0,10793.157396304101
median_only,2025-10-06,35087.46329838538,20010.889053859828,55098.352352245216,3589.831219640494,10793.157396304101,10755.519510289554
median_only,2025-10-07,37832.653357396404,2802.968422991099,40635.62178038751,633.5549862540745,10755.519510289554,10779.40593455682
median_only,2025-10-08,36074.12255630558,7545.048112693493,43619.17066899907,1460.9077791495652,10779.40593455682,10679.549419719615
median_only,2025-10-09,36168.845652072225,7759.170872563935,43928.01652463616,1679.9197559838485,10679.549419719615,10619.505508409395
median_only,2025-10-10,15954.082695283392,3197.5497160706527,19151.632411354047,634.3175044915163,10619.505508409395,10774.986315074204
median_only,2025-10-11,15975.20430966682,3531.6865032385185,19506.890812905338,659.2160499086001,10774.986315074204,10800.0
median_only,2025-10-12,38422.92930814692,3496.739625888885,41919.668934035806,656.8262732628206,10800.0,10590.343535333266
median_only,2025-10-13,38627.367129892955,1325.2625084472852,39952.629638340244,274.75325629826716,10590.343535333266,10747.479760195623
median_only,2025-10-14,38337.93634799181,11732.427217915472,50070.36356590728,2269.6624469628105,10747.479760195623,10607.05502801238
median_only,2025-10-15,38399.36856355428,15456.87769438817,53856.24625794245,2748.748763637395,10607.05502801238,10690.72208912609
median_only,2025-10-16,35737.76010712227,36080.00778874432,71817.76789586658,7428.754064145805,10690.72208912609,10723.57757679752
median_only,2025-10-17,17556.311128097448,2.3214581368335986e-11,17556.31112809747,5.693223670277803e-12,10723.57757679752,10800.0
median_only,2025-10-18,16154.464926952494,2836.682705571159,18991.14763252365,648.8874292990379,10800.0,10800.0
median_only,2025-10-19,39392.53718548796,15930.188169204426,55322.72535469239,3451.3264016080434,10800.0,10720.922807254856
median_only,2025-10-20,41441.61451941033,7611.8197732439085,49053.43429265424,1537.7763299796623,10720.922807254856,10536.167165680581
median_only,2025-10-21,42672.95014241102,6724.761957541654,49397.712099952674,1304.3810251522045,10536.167165680581,10696.784018141087
median_only,2025-10-22,42665.05316023164,10758.119685404628,53423.17284563627,1980.0532950872855,10696.784018141087,10639.776260738523
median_only,2025-10-23,43040.83607455912,2560.828604656024,45601.66467921515,429.5904684254877,10639.776260738523,10570.849863332578
median_only,2025-10-24,17194.28775496505,2642.581605618232,19836.86936058328,518.7734464528062,10570.849863332578,10795.417451241221
median_only,2025-10-25,17540.332176636675,589.7219742643647,18130.05415090104,156.07785204625606,10795.417451241221,10793.028611953881
median_only,2025-10-26,43170.81892744189,1885.465925890205,45056.284853332094,401.89445673957914,10793.028611953881,10731.257777588347
median_only,2025-10-27,43272.774614124006,4616.007239976858,47888.78185410086,968.6825561650555,10731.257777588347,10658.14885083965
median_only,2025-10-28,43479.174785028685,797.5221712707527,44276.696956299435,169.57947970966944,10658.14885083965,10724.116535600626
median_only,2025-10-29,42638.46562118373,20624.420131575855,63262.88575275958,3674.1763908263197,10724.116535600626,10635.158252906425
median_only,2025-10-30,45045.22408051759,842.8344480967656,45888.058528614354,161.2579634653429,10635.158252906425,10700.38179074473
median_only,2025-10-31,17971.805095925676,763.7376936615419,18735.54278958722,181.01798508706864,10700.38179074473,10800.0
median_only,2025-11-01,18145.005540707178,716.5602253691828,18861.56576607636,245.2838531137682,10800.0,10800.0
median_only,2025-11-02,45605.7623536606,3139.2223071000494,48744.984660760645,700.6954292743826,10800.0,10696.885994823186
median_only,2025-11-03,46328.599778740696,365.4985689448272,46694.09834768552,132.6458345356024,10696.885994823186,10800.0
median_only,2025-11-04,46596.38578468683,1608.8897903384127,48205.27557502525,338.6103305156555,10800.0,10772.880351660646
median_only,2025-11-05,46274.24834601226,1012.9352423706439,47287.1835883829,232.36165303182074,10772.880351660646,10800.0
median_only,2025-11-06,45465.482000578806,10521.247658909302,55986.72965948812,2212.9615772106013,10800.0,10624.160482506482
median_only,2025-11-07,18336.494630067482,2623.1334220520985,20959.628052119584,552.6186977549839,10624.160482506482,10800.0
median_only,2025-11-08,18145.244101252127,105.3331886862953,18250.577289938417,28.893335068417436,10800.0,10800.0
median_only,2025-11-09,45517.79822447554,11047.683249595884,56565.48147407142,2182.648879909948,10800.0,10699.630294328761
median_only,2025-11-10,47000.72801144845,12289.065329226534,59289.79334067498,2440.9824870224425,10699.630294328761,10794.265551217572
median_only,2025-11-11,48676.98690887788,90.33056347692337,48767.3174723548,39.12774423401361,10794.265551217572,10711.830535884987
median_only,2025-11-12,48204.18239390431,402.28111818286436,48606.46351208718,63.26478422950572,10711.830535884987,10800.0
median_only,2025-11-13,48401.07357243395,1267.5765134749186,49668.65008590885,257.7391671178453,10800.0,10748.762387755312
median_only,2025-11-14,18749.913670943835,592.6908538698306,19342.60452481366,148.1165480606687,10748.762387755312,10800.0
median_only,2025-11-15,18608.792283615883,1293.9157452243853,19902.70802884027,367.36753928241944,10800.0,10800.0
median_only,2025-11-16,49219.612612640805,4899.202311658024,54118.81492429883,889.7166923782482,10800.0,10744.079538026781
median_only,2025-11-17,50091.67748169899,192.17292492370655,50283.850406622696,73.03706301533447,10744.079538026781,10800.0
median_only,2025-11-18,49357.5290284635,2792.0117193161122,52149.54074777961,575.2174052203568,10800.0,10703.026523467932
median_only,2025-11-19,49795.501229921094,4138.205388002265,53933.70661792336,856.4062698935771,10703.026523467932,10663.692650234132
median_only,2025-11-20,50168.355605499164,2831.3850224191738,52999.74062791834,530.556576200406,10663.692650234132,10696.159569169919
median_only,2025-11-21,19392.891086757816,120.58831010949544,19513.47939686731,58.69811375814515,10696.159569169919,10800.0
median_only,2025-11-22,18845.291943798395,2456.0929055731244,21301.38484937152,665.3283921653376,10800.0,10713.917638415283
median_only,2025-11-23,50011.80382364383,4360.518450644997,54372.32227428883,883.6056627211267,10713.917638415283,10762.756261782655
median_only,2025-11-24,50538.8831334775,2125.110050491805,52663.993183969316,381.8694823343114,10762.756261782655,10680.607671952142
median_only,2025-11-25,49702.5335361421,6273.762418536602,55976.29595467869,1216.820654504495,10680.607671952142,10741.786948192175
median_only,2025-11-26,50567.05391187153,5449.025010584866,56016.07892245639,1096.7277386062626,10741.786948192175,10800.0
median_only,2025-11-27,50953.49890673153,2967.2578104510585,53920.756717182594,551.4939905897094,10800.0,10761.263127092669
median_only,2025-11-28,19251.65714725238,1199.1762774753581,20450.83342472774,330.3295685207499,10761.263127092669,10800.0
median_only,2025-11-29,19231.696009833533,11844.621010024654,31076.317019858187,2159.0109360950155,10800.0,10648.089645596758
median_only,2025-11-30,53047.208490910125,3838.6882250934004,56885.89671600351,670.6033929246357,10648.089645596758,10624.76081954255
median_only,2025-12-01,53201.18235024797,26960.389489149333,80161.5718393973,6660.542387300051,10624.76081954255,10602.986236609866
median_only,2025-12-02,57542.56550942865,14030.95703297714,71573.52254240579,2957.9690329921145,10602.986236609866,10800.0
median_only,2025-12-03,59492.4885627272,978.3237970205382,60470.81235974773,307.77832339119055,10800.0,10800.0
median_only,2025-12-04,59401.335796447034,4066.095831397666,63467.4316278447,915.021672617879,10800.0,10800.0
median_only,2025-12-05,23875.231863877227,2662.458795127489,26537.690659004715,861.5580918198559,10800.0,10800.0
median_only,2025-12-06,23693.621233975573,7522.666014516179,31216.287248491753,2140.542268141231,10800.0,10742.36304837048
median_only,2025-12-07,60086.68378142486,1807.912102894711,61894.59588431957,276.9313820938944,10742.36304837048,10796.311107644698
median_only,2025-12-08,61222.55300379159,27.473142013238625,61250.02614580482,12.812382321282762,10796.311107644698,10800.0
median_only,2025-12-09,59531.3366372035,4025.645670873989,63556.98230807748,694.0421246990452,10800.0,10800.0
median_only,2025-12-10,59160.56486777803,2238.14945647094,61398.71432424898,476.64170454592306,10800.0,10604.250624161756
median_only,2025-12-11,59065.34494637629,1129.8198373131086,60195.1647836894,215.60754703661044,10604.250624161756,10715.654781205667
median_only,2025-12-12,24747.891401647066,5686.588209656485,30434.47961130355,972.7452860868119,10715.654781205667,10800.0
median_only,2025-12-13,25432.632339309876,267.70059766558745,25700.332936975465,63.97079361092533,10800.0,10800.0
median_only,2025-12-14,59436.441598368634,3830.5032507467404,63266.944849115374,785.8156378186409,10800.0,10756.209304097087
median_only,2025-12-15,60105.45579241975,3384.575073423487,63490.03086584323,619.9177061198197,10756.209304097087,10777.723953296496
median_only,2025-12-16,60209.8341246117,3307.52147831855,63517.35560293024,652.628869896706,10777.723953296496,10650.811866651966
median_only,2025-12-17,59991.43552987859,2341.498683839931,62332.93421371853,425.0162905792,10650.811866651966,10759.232565712151
median_only,2025-12-18,58812.67746236306,4759.900831698844,63572.5782940619,1027.4641206106774,10759.232565712151,10706.293355300071
median_only,2025-12-19,25067.71581329272,2818.9866263253307,27886.702439618053,528.6169048237981,10706.293355300071,10655.000716060125
median_only,2025-12-20,25120.899609100612,1442.475717160098,26563.37532626071,374.29754600618355,10655.000716060125,10665.186075958862
median_only,2025-12-21,59647.957099780004,3345.50320160693,62993.460301386935,593.174490632776,10665.186075958862,10741.71434856105
median_only,2025-12-22,59644.71815612045,4438.251573121132,64082.96972924157,808.0728693161408,10741.71434856105,10781.723724725967
median_only,2025-12-23,60493.45181263104,1407.3892945284413,61900.84110715948,234.58752662756976,10781.723724725967,10764.448111077381
median_only,2025-12-24,59589.23490647378,2586.1288830089857,62175.363789482755,412.87466482509456,10764.448111077381,10764.621971599472
median_only,2025-12-25,58795.97021813931,3000.7925407381554,61796.76275887746,478.0588731948854,10764.621971599472,10740.555735828322
median_only,2025-12-26,24851.794344663816,369.29423323852706,25221.08857790235,86.99283570286617,10740.555735828322,10800.0
median_only,2025-12-27,24816.68349736041,1630.3222771629144,26447.005774523328,371.93001516953154,10800.0,10753.023855470778
median_only,2025-12-28,59019.708971154956,3309.4172143518217,62329.12618550678,705.3408222561719,10753.023855470778,10789.112409103767
median_only,2025-12-29,60246.89100874505,1028.4297350965803,61275.320743841614,176.02234568464132,10789.112409103767,10746.138966265298
median_only,2025-12-30,58563.69801345586,3912.3360607165364,62476.03407417239,722.0477600109771,10746.138966265298,10717.939769456249
median_only,2025-12-31,58320.43400064948,8193.913282514606,66514.34728316408,1602.4527114222078,10717.939769456249,10638.486038399877
greedy_same_plan,2025-02-01,23162.67895921615,0.0,23162.678959216144,0.0,10800.0,10800.0
greedy_same_plan,2025-02-02,55073.16863194459,2186.576683732787,57259.74531567737,316.70740172201374,10800.0,10692.477677050276
greedy_same_plan,2025-02-03,55285.882943326455,337.80680143428543,55623.68974476074,48.42414011385972,10692.477677050276,10800.0
greedy_same_plan,2025-02-04,53930.255364369616,6894.689432295242,60824.94479666486,1023.0657130672149,10800.0,10760.37401811227
greedy_same_plan,2025-02-05,54282.22576117804,3107.2557744807773,57389.48153565882,601.585597351399,10760.37401811227,10774.664253505598
greedy_same_plan,2025-02-06,54526.866274861764,308.27725645415524,54835.14353131591,53.083915769027975,10774.664253505598,10736.106071951157
greedy_same_plan,2025-02-07,22278.820613219737,0.0,22278.820613219737,0.0,10736.106071951157,10800.0
greedy_same_plan,2025-02-08,20136.146742714976,1325.1797568870181,21461.326499601993,227.61323369822207,10800.0,10800.0
greedy_same_plan,2025-02-09,51246.256021415684,11214.345462301326,62460.60148371701,1755.5132987603529,10800.0,10740.241742152255
greedy_same_plan,2025-02-10,52887.354097419164,323.86834980771516,53211.22244722688,71.24836805495264,10740.241742152255,10734.880225411369
greedy_same_plan,2025-02-11,52207.56305248135,1193.6257056316208,53401.18875811296,207.14066836202792,10734.880225411369,10800.0
greedy_same_plan,2025-02-12,49513.11633318415,5800.132171045866,55313.248504230025,858.5410430930256,10800.0,10755.988737551592
greedy_same_plan,2025-02-13,50286.12965718528,456.32945228261633,50742.4591094679,78.90420319829317,10755.988737551592,10767.428245645968
greedy_same_plan,2025-02-14,18928.639671368015,650.852441177593,19579.492112545613,106.47021776175251,10767.428245645968,10800.0
greedy_same_plan,2025-02-15,19099.898558937988,1084.7403546168734,20184.63891355486,187.29052704512588,10800.0,10772.142599523779
greedy_same_plan,2025-02-16,48765.8592169215,6036.5469740073895,54802.40619092889,1086.176573409564,10772.142599523779,10675.770765607956
greedy_same_plan,2025-02-17,48750.25466921923,429.865202653559,49180.1198718728,62.51958543392459,10675.770765607956,10756.112712451824
greedy_same_plan,2025-02-18,48025.592194333934,600.968826725735,48626.561021059686,95.53222714151298,10756.112712451824,10800.0
greedy_same_plan,2025-02-19,47666.185061188415,6466.1451312060835,54132.33019239451,1213.5089123884193,10800.0,10657.772546845541
greedy_same_plan,2025-02-20,47801.44490463495,1447.5649673514893,49249.00987198643,240.00105362681478,10657.772546845541,10776.563560589515
greedy_same_plan,2025-02-21,18157.850770796467,104.36943746125365,18262.220208257717,19.070783125457037,10776.563560589515,10800.0
greedy_same_plan,2025-02-22,18093.62705658948,1256.079013363315,19349.706069952797,205.47669120944136,10800.0,10800.0
greedy_same_plan,2025-02-23,48674.12070740531,415.1138256261786,49089.23453303148,64.75331066429817,10800.0,10728.339977238915
greedy_same_plan,2025-02-24,46369.13221084648,3150.915798722571,49520.048009569044,475.79104471774576,10728.339977238915,10780.546846254727
greedy_same_plan,2025-02-25,46974.288811216386,400.98603209339484,47375.27484330979,89.74382762429457,10780.546846254727,10800.0
greedy_same_plan,2025-02-26,44957.90341268896,5659.923153814639,50617.8265665036,821.8412264511047,10800.0,10800.0
greedy_same_plan,2025-02-27,44857.78618230753,3734.054526203273,48591.8407085108,754.797024222967,10800.0,10800.0
greedy_same_plan,2025-02-28,17895.843667027955,0.0,17895.843667027955,0.0,10800.0,10800.0
greedy_same_plan,2025-03-01,17814.95719059471,0.0,17814.95719059471,0.0,10800.0,10800.0
greedy_same_plan,2025-03-02,46161.33146882143,15706.7182183456,61868.049687167026,2355.7133824657603,10800.0,10697.113380216068
greedy_same_plan,2025-03-03,44222.99556103295,26109.11466970091,70332.11023073386,4300.685482602268,10697.113380216068,10761.811442000999
greedy_same_plan,2025-03-04,47780.78451318425,0.0,47780.78451318425,0.0,10761.811442000999,10800.0
greedy_same_plan,2025-03-05,45996.14554108243,67.36906347974956,46063.51460456219,13.066947618149857,10800.0,10800.0
greedy_same_plan,2025-03-06,46072.318520928544,0.0,46072.318520928544,0.0,10800.0,10800.0
greedy_same_plan,2025-03-07,17650.470797968206,0.0,17650.470797968206,0.0,10800.0,10800.0
greedy_same_plan,2025-03-08,16595.02207879404,1182.7500906465566,17777.7721694406,309.11164728455174,10800.0,10800.0
greedy_same_plan,2025-03-09,43233.156405501606,1580.6901229984476,44813.84652850006,298.5463238142361,10800.0,10741.80895268098
greedy_same_plan,2025-03-10,42691.30119922973,10807.847860263035,53499.14905949276,1706.0755370847678,10741.80895268098,10754.424471441225
greedy_same_plan,2025-03-11,45002.895939031485,0.0,45002.89593903149,0.0,10754.424471441225,10800.0
greedy_same_plan,2025-03-12,43742.24571007279,1594.2264730705529,45336.47218314335,228.5301710250219,10800.0,10789.933481279146
greedy_same_plan,2025-03-13,41522.23824239372,19648.740223939116,61170.97846633283,3093.1259850500373,10789.933481279146,10800.0
greedy_same_plan,2025-03-14,16588.96004081032,0.0,16588.96004081032,0.0,10800.0,10800.0
greedy_same_plan,2025-03-15,16535.890751943585,230.3566162251887,16766.24736816877,48.281240194392105,10800.0,10735.723371365428
greedy_same_plan,2025-03-16,42577.07883939627,7.461179999999938,42584.54001939627,1.6399999999999864,10735.723371365428,10651.922426438194
greedy_same_plan,2025-03-17,43334.07524590881,0.0,43334.07524590881,0.0,10651.922426438194,10800.0
greedy_same_plan,2025-03-18,43924.79201757563,0.0,43924.79201757564,0.0,10800.0,10800.0
greedy_same_plan,2025-03-19,41445.77601791198,833.2344125505741,42279.010430462564,173.70166936437954,10800.0,10800.0
greedy_same_plan,2025-03-20,43488.85137581065,494.9182129327541,43983.7695887434,70.94584474380076,10800.0,10800.0
greedy_same_plan,2025-03-21,16078.279352828555,0.0,16078.279352828555,0.0,10800.0,10800.0
greedy_same_plan,2025-03-22,16176.438089371317,0.0,16176.438089371319,0.0,10800.0,10800.0
greedy_same_plan,2025-03-23,40344.638358428005,2591.0157934336676,42935.65415186167,496.50656421048143,10800.0,10800.0
greedy_same_plan,2025-03-24,38360.10922406985,5316.280387980887,43676.389612050734,949.4778890203469,10800.0,10762.61095566711
greedy_same_plan,2025-03-25,38251.87363685008,8804.480533036603,47056.354169886676,1514.9896930352231,10762.61095566711,10766.34567104303
greedy_same_plan,2025-03-26,38356.131671410585,0.0,38356.13167141059,0.0,10766.34567104303,10800.0
greedy_same_plan,2025-03-27,40478.17253208372,0.0,40478.17253208372,0.0,10800.0,10800.0
greedy_same_plan,2025-03-28,15509.290180394497,0.0,15509.290180394497,0.0,10800.0,10800.0
greedy_same_plan,2025-03-29,15183.665030379167,310.66765239843767,15494.332682777604,52.58491600101432,10800.0,10800.0
greedy_same_plan,2025-03-30,37059.61122470195,519.5765203408977,37579.18774504284,104.46754638630091,10800.0,10800.0
greedy_same_plan,2025-03-31,36337.0231054537,5087.216874761511,41424.23998021521,732.0578354621698,10800.0,10800.0
greedy_same_plan,2025-04-01,36489.67677246301,20380.765318074256,56870.44209053727,3006.4824117840285,10800.0,10800.0
greedy_same_plan,2025-04-02,37165.20675613053,12535.583522902425,49700.79027903295,2337.795129618895,10800.0,10800.0
greedy_same_plan,2025-04-03,36574.4973833513,2588.890055908334,39163.38743925963,483.40122037509065,10800.0,10771.17801481101
greedy_same_plan,2025-04-04,15061.44634536988,0.0,15061.446345369883,0.0,10771.17801481101,10800.0
greedy_same_plan,2025-04-05,14535.909508710962,636.6481597937299,15172.557668504693,128.99365004431766,10800.0,10758.171688535327
greedy_same_plan,2025-04-06,36214.139096811916,291.2406236755346,36505.37972048745,56.16110984036307,10758.171688535327,10788.44803810045
greedy_same_plan,2025-04-07,36338.62406547459,0.0,36338.62406547459,0.0,10788.44803810045,10800.0
greedy_same_plan,2025-04-08,38400.66935320108,1498.059824502608,39898.72917770368,254.00560971680758,10800.0,10800.0
greedy_same_plan,2025-04-09,39114.62654737884,0.0,39114.62654737884,0.0,10800.0,10800.0
greedy_same_plan,2025-04-10,37730.13541827182,1028.7125668386338,38758.84798511046,160.1174574099171,10800.0,10800.0
greedy_same_plan,2025-04-11,15415.1832949374,0.0,15415.183294937398,0.0,10800.0,10800.0
greedy_same_plan,2025-04-12,14435.561241649619,0.0,14435.561241649619,0.0,10800.0,10800.0
greedy_same_plan,2025-04-13,34408.42992442815,6996.667136981173,41405.09706140932,1035.2042828310896,10800.0,10800.0
greedy_same_plan,2025-04-14,35445.28329101969,271.09348941444034,35716.37678043413,38.88680688786815,10800.0,10794.755186833321
greedy_same_plan,2025-04-15,36031.494241767476,217.0232161089281,36248.517457876405,50.98801076448187,10794.755186833321,10800.0
greedy_same_plan,2025-04-16,35182.523073846416,2206.388516005102,37388.911589851516,331.6244652012615,10800.0,10751.880727696243
greedy_same_plan,2025-04-17,34489.84225248789,1352.2682427468014,35842.110495234694,193.8457916781539,10751.880727696243,10800.0
greedy_same_plan,2025-04-18,14093.20722258608,0.0,14093.20722258608,0.0,10800.0,10800.0
greedy_same_plan,2025-04-19,14110.18043424958,0.0,14110.18043424958,0.0,10800.0,10800.0
greedy_same_plan,2025-04-20,34422.69829044625,0.0,34422.69829044625,0.0,10800.0,10800.0
greedy_same_plan,2025-04-21,34120.59924418881,321.1334647301978,34441.73270891901,61.33702982285763,10800.0,10741.19097082291
greedy_same_plan,2025-04-22,34688.62136370182,0.0,34688.62136370182,0.0,10741.19097082291,10800.0
greedy_same_plan,2025-04-23,34368.216543749346,0.0,34368.21654374935,0.0,10800.0,10800.0
greedy_same_plan,2025-04-24,33753.00369471348,0.0,33753.00369471348,0.0,10800.0,10800.0
greedy_same_plan,2025-04-25,12994.147670795623,102.53355973449716,13096.681230530117,21.08164734979448,10800.0,10730.593945760706
greedy_same_plan,2025-04-26,12807.613427522287,2226.8695631228616,15034.482990645149,453.6357861496213,10730.593945760706,10715.917216271691
greedy_same_plan,2025-04-27,32122.64183737137,6304.329390973438,38426.97122834482,910.369891966062,10715.917216271691,10741.72600541333
greedy_same_plan,2025-04-28,31853.05672632863,42734.151665817175,74587.20839214581,6336.73539253825,10741.72600541333,10800.0
greedy_same_plan,2025-04-29,34054.755982484174,3567.485161840565,37622.24114432474,511.39408856659475,10800.0,10800.0
greedy_same_plan,2025-04-30,33798.30073604586,207.74101661057114,34006.04175265643,44.91809011866141,10800.0,10790.458786939036
greedy_same_plan,2025-05-01,32070.99393550024,14566.702009092476,46637.69594459271,2241.539058911729,10790.458786939036,10240.865631907152
greedy_same_plan,2025-05-02,13612.639731278548,13241.646938443428,26854.286669721976,2220.663534676523,10240.865631907152,10437.648156260864
greedy_same_plan,2025-05-03,13794.082741345243,8814.561134539548,22608.64387588479,1598.8572477673597,10437.648156260864,10622.755275927768
greedy_same_plan,2025-05-04,33571.576122159575,11626.733668555124,45198.309790714695,1856.2238907546885,10622.755275927768,10390.053890668787
greedy_same_plan,2025-05-05,36728.143549699744,3393.246337405807,40121.38988710554,498.84945534294314,10390.053890668787,10769.448157047855
greedy_same_plan,2025-05-06,37547.66508109069,658.299741111585,38205.96482220227,115.58999834100436,10769.448157047855,10561.394874873531
greedy_same_plan,2025-05-07,39083.1418793247,0.0,39083.1418793247,0.0,10561.394874873531,10800.0
greedy_same_plan,2025-05-08,39520.703463397476,243.22893262499974,39763.93239602247,35.99924999999996,10800.0,10800.0
greedy_same_plan,2025-05-09,18059.608293986028,0.0,18059.60829398603,0.0,10800.0,10800.0
greedy_same_plan,2025-05-10,15892.097102351432,0.0,15892.097102351432,0.0,10800.0,10800.0
greedy_same_plan,2025-05-11,37227.48957533995,277.3610394583323,37504.85061479827,41.18071666666651,10800.0,10800.0
greedy_same_plan,2025-05-12,39744.933090008366,0.0,39744.933090008366,0.0,10800.0,10800.0
greedy_same_plan,2025-05-13,38974.21963534794,0.0,38974.21963534794,0.0,10800.0,10800.0
greedy_same_plan,2025-05-14,38191.72668957949,0.0,38191.7266895795,0.0,10800.0,10800.0
greedy_same_plan,2025-05-15,36293.97543934622,0.0,36293.97543934622,0.0,10800.0,10800.0
greedy_same_plan,2025-05-16,15516.575320483622,0.0,15516.575320483622,0.0,10800.0,10800.0
greedy_same_plan,2025-05-17,16608.530063597565,0.0,16608.530063597562,0.0,10800.0,10800.0
greedy_same_plan,2025-05-18,36749.91012226135,35.31869833333265,36785.2288205947,5.236666666666565,10800.0,10800.0
greedy_same_plan,2025-05-19,35960.52220923228,451.90398166666665,36412.42619089896,67.00333333333333,10800.0,10800.0
greedy_same_plan,2025-05-20,34898.50669890862,7017.74710815034,41916.25380705896,1013.7845111436983,10800.0,10800.0
greedy_same_plan,2025-05-21,35583.175919939735,2500.8285999566265,38084.00451989636,376.9813502649096,10800.0,10733.028621504054
greedy_same_plan,2025-05-22,38094.42916478753,8.469691588224636,38102.89885637575,1.2557923624026444,10733.028621504054,10800.0
greedy_same_plan,2025-05-23,17836.3142834994,0.0,17836.3142834994,0.0,10800.0,10800.0
greedy_same_plan,2025-05-24,16828.118684449903,0.0,16828.118684449903,0.0,10800.0,10800.0
greedy_same_plan,2025-05-25,38603.28916117927,0.0,38603.28916117927,0.0,10800.0,10800.0
greedy_same_plan,2025-05-26,38781.58231298831,0.0,38781.5823129883,0.0,10800.0,10800.0
greedy_same_plan,2025-05-27,35283.72444802287,0.0,35283.72444802287,0.0,10800.0,10800.0
greedy_same_plan,2025-05-28,36329.71579929765,0.0,36329.71579929765,0.0,10800.0,10800.0
greedy_same_plan,2025-05-29,35569.979806177376,2791.2345311073213,38361.2143372847,400.7670943889509,10800.0,10800.0
greedy_same_plan,2025-05-30,16049.411450455635,0.0,16049.411450455633,0.0,10800.0,10800.0
greedy_same_plan,2025-05-31,15583.933455091334,1732.2427488035403,17316.176203894873,409.72632405226017,10800.0,10800.0
greedy_same_plan,2025-06-01,35042.100907454034,88668.95654890346,123711.05745635752,14861.71908588523,10800.0,9823.887635312032
greedy_same_plan,2025-06-02,37401.88674448413,64854.37941072108,102256.26615520522,9913.774521497658,9823.887635312032,9783.47192644735
greedy_same_plan,2025-06-03,49925.21793949917,102.8195436828378,50028.037483182015,15.249256167895965,9783.47192644735,10800.0
greedy_same_plan,2025-06-04,47404.95976416403,0.0,47404.95976416403,0.0,10800.0,10800.0
greedy_same_plan,2025-06-05,48970.87857659336,279.22853421166843,49250.107110805024,41.471637340215125,10800.0,10800.0
greedy_same_plan,2025-06-06,23806.537959052966,0.0,23806.537959052966,0.0,10800.0,10800.0
greedy_same_plan,2025-06-07,18113.896798744696,14152.037915961257,32265.934714705953,2522.3154139512685,10800.0,10445.476792238705
greedy_same_plan,2025-06-08,54603.39478658736,738.3549574035953,55341.74974399096,109.51689879599462,10445.476792238705,10800.0
greedy_same_plan,2025-06-09,50268.89233527436,48.939357279945845,50317.831692554304,7.256187601741544,10800.0,10800.0
greedy_same_plan,2025-06-10,52781.06513532265,0.0,52781.06513532265,0.0,10800.0,10800.0
greedy_same_plan,2025-06-11,47946.88395581546,27444.31840554667,75391.20236136213,4685.105760500145,10800.0,10800.0
greedy_same_plan,2025-06-12,54817.75107887224,0.0,54817.75107887224,0.0,10800.0,10800.0
greedy_same_plan,2025-06-13,22421.156462290484,0.0,22421.156462290484,0.0,10800.0,10800.0
greedy_same_plan,2025-06-14,21161.398545585558,0.0,21161.398545585555,0.0,10800.0,10800.0
greedy_same_plan,2025-06-15,52359.479752827036,0.0,52359.479752827036,0.0,10800.0,10800.0
greedy_same_plan,2025-06-16,51114.562948425984,8.689313504660724,51123.25226193065,1.2860672692460184,10800.0,10800.0
greedy_same_plan,2025-06-17,50666.03140041887,2468.4822633445483,53134.51366376342,356.4934238405493,10800.0,10800.0
greedy_same_plan,2025-06-18,50443.51125478219,63.27104271289909,50506.7822974951,9.381131694402711,10800.0,10800.0
greedy_same_plan,2025-06-19,47879.335006571804,994.9136646781686,48874.24867124998,147.73414862785728,10800.0,10800.0
greedy_same_plan,2025-06-20,21333.316954851718,0.0,21333.316954851718,0.0,10800.0,10800.0
greedy_same_plan,2025-06-21,20456.533248762305,214.074474044647,20670.607722806948,53.235327494969596,10800.0,10800.0
greedy_same_plan,2025-06-22,45318.74434113279,2684.390927331283,48003.135268464066,384.80374531698436,10800.0,10800.0
greedy_same_plan,2025-06-23,46254.122952700505,44.819075078356356,46298.94202777886,6.648727945164865,10800.0,10800.0
greedy_same_plan,2025-06-24,45862.034664243896,38284.846393221334,84146.88105746525,6456.009222773397,10800.0,10800.0
greedy_same_plan,2025-06-25,54147.62346057409,113.14437210645214,54260.76783268054,16.747639386350556,10800.0,10800.0
greedy_same_plan,2025-06-26,47619.12336728828,935.8527338383483,48554.97610112663,138.7728243663854,10800.0,10783.832572509942
greedy_same_plan,2025-06-27,20588.849519256455,0.0,20588.84951925646,0.0,10783.832572509942,10800.0
greedy_same_plan,2025-06-28,19609.30627104742,0.0,19609.30627104742,0.0,10800.0,10800.0
greedy_same_plan,2025-06-29,49542.5542783067,0.0,49542.5542783067,0.0,10800.0,10800.0
greedy_same_plan,2025-06-30,47365.52401169246,469.29043039750195,47834.81444208997,69.6213734684535,10800.0,10800.0
greedy_same_plan,2025-07-01,47699.56718476808,30908.255815394186,78607.82300016226,5341.9761793521975,10800.0,9864.434951200723
greedy_same_plan,2025-07-02,51781.18373588826,11390.831110350486,63172.01484623873,1788.9196516886182,9864.434951200723,9989.045596870477
greedy_same_plan,2025-07-03,47817.501984361545,43671.09925696635,91488.6012413279,6718.9269329615045,9989.045596870477,10672.503166828003
greedy_same_plan,2025-07-04,26775.89315247622,0.0,26775.89315247622,0.0,10672.503166828003,10800.0
greedy_same_plan,2025-07-05,20326.683935728157,30200.325715705312,50527.009651433465,5795.170315583005,10800.0,10263.261622027721
greedy_same_plan,2025-07-06,48049.1678477857,45289.688849612154,93338.85669739786,6792.626218910217,10263.261622027721,10800.0
greedy_same_plan,2025-07-07,61104.38442398576,0.0,61104.38442398575,0.0,10800.0,10800.0
greedy_same_plan,2025-07-08,57796.07125606673,0.0,57796.07125606673,0.0,10800.0,10800.0
greedy_same_plan,2025-07-09,57769.46368106923,0.0,57769.46368106923,0.0,10800.0,10800.0
greedy_same_plan,2025-07-10,52764.61202153474,396.0887266225901,53160.70074815733,58.753146416245954,10800.0,10800.0
greedy_same_plan,2025-07-11,27560.659152067117,0.0,27560.659152067114,0.0,10800.0,10800.0
greedy_same_plan,2025-07-12,26640.98364390307,0.0,26640.98364390307,0.0,10800.0,10800.0
greedy_same_plan,2025-07-13,53662.19011148165,40.560949353971715,53702.75106083563,6.033610911710184,10800.0,10800.0
greedy_same_plan,2025-07-14,51845.963254378265,171.20273522532926,52017.1659896036,25.415695632928305,10800.0,10800.0
greedy_same_plan,2025-07-15,51195.953574955696,0.0,51195.953574955696,0.0,10800.0,10800.0
greedy_same_plan,2025-07-16,50999.53830200847,301.9034797782658,51301.44178178672,44.710433433854405,10800.0,10800.0
greedy_same_plan,2025-07-17,50722.23330544964,12.71547475354479,50734.948780203194,1.8819617780721956,10800.0,10800.0
greedy_same_plan,2025-07-18,27366.623457362868,0.0,27366.623457362864,0.0,10800.0,10800.0
greedy_same_plan,2025-07-19,25958.670815712136,0.0,25958.670815712136,0.0,10800.0,10800.0
greedy_same_plan,2025-07-20,50114.47174529124,190.3221154936843,50304.79386078493,27.282413344851534,10800.0,10800.0
greedy_same_plan,2025-07-21,49984.36312387705,562.6570578720779,50547.02018174914,94.5554737652149,10800.0,10800.0
greedy_same_plan,2025-07-22,51907.942808138934,180.79718774161168,52088.739995880554,26.81956114198738,10800.0,10800.0
greedy_same_plan,2025-07-23,50249.1577237398,3310.2310852949768,53559.38880903477,479.20104675411307,10800.0,10800.0
greedy_same_plan,2025-07-24,54369.93032470548,0.0,54369.93032470549,0.0,10800.0,10800.0
greedy_same_plan,2025-07-25,28564.466209410573,0.0,28564.466209410573,0.0,10800.0,10800.0
greedy_same_plan,2025-07-26,26487.577371776315,0.0,26487.577371776315,0.0,10800.0,10800.0
greedy_same_plan,2025-07-27,49708.059452642075,2944.4182876868053,52652.4777403289,571.9105311408415,10800.0,10800.0
greedy_same_plan,2025-07-28,50356.62010491117,14379.219148178385,64735.83925308956,2222.1159216673736,10800.0,10742.042831743505
greedy_same_plan,2025-07-29,54765.13874892105,324.2476959412403,55089.386444862284,47.9830926342828,10742.042831743505,10800.0
greedy_same_plan,2025-07-30,54102.106423013436,0.0,54102.10642301343,0.0,10800.0,10800.0
greedy_same_plan,2025-07-31,53976.97537684418,242.54639265223108,54219.5217694964,36.02121032313937,10800.0,10800.0
greedy_same_plan,2025-08-01,28404.073468812876,0.0,28404.073468812872,0.0,10800.0,10800.0
greedy_same_plan,2025-08-02,27499.812625581042,0.0,27499.81262558104,0.0,10800.0,10800.0
greedy_same_plan,2025-08-03,47863.29001996452,3299.003658016413,51162.29367798094,530.6600097758641,10800.0,10634.098405475685
greedy_same_plan,2025-08-04,45504.03098207589,2651.036891453624,48155.067873529515,380.8500775844892,10634.098405475685,10800.0
greedy_same_plan,2025-08-05,45642.48383868278,439.8508005765814,46082.334639259374,65.19932961125028,10800.0,10800.0
greedy_same_plan,2025-08-06,42359.62439917322,31797.665518457667,74157.28991763089,4775.760253435759,10800.0,10658.148346885353
greedy_same_plan,2025-08-07,46865.92316204792,827.4609259028136,47693.384087950726,122.2177259191701,10658.148346885353,10787.574210794704
greedy_same_plan,2025-08-08,24391.20386436455,0.0,24391.20386436455,0.0,10787.574210794704,10800.0
greedy_same_plan,2025-08-09,22493.220604385497,5172.83381231136,27666.05441669686,1028.9243733974638,10800.0,10644.825091519006
greedy_same_plan,2025-08-10,44419.53558289865,2830.254452955117,47249.79003585377,411.7367407588688,10644.825091519006,10753.870557074131
greedy_same_plan,2025-08-11,44089.785201301784,2179.192600405656,46268.97780170745,324.2986242412154,10753.870557074131,10716.717943214488
greedy_same_plan,2025-08-12,43474.67441973144,20008.79641171279,63483.47083144424,2953.76618460578,10716.717943214488,10735.412183492917
greedy_same_plan,2025-08-13,44993.66886887382,512.5253131281764,45506.194182002,84.97346664991812,10735.412183492917,10800.0
greedy_same_plan,2025-08-14,44622.9119558691,2827.3388611556097,47450.25081702471,446.2875302634859,10800.0,10800.0
greedy_same_plan,2025-08-15,24510.531197902535,0.0,24510.531197902535,0.0,10800.0,10800.0
greedy_same_plan,2025-08-16,23030.9064928882,2277.9200828247026,25308.826575712905,362.7704944135627,10800.0,10785.441258766405
greedy_same_plan,2025-08-17,43092.07299135905,3533.4381555894092,46625.511146948455,520.8266597847908,10785.441258766405,10679.86076000029
greedy_same_plan,2025-08-18,44137.462307562935,2274.8025298868997,46412.26483744984,346.16321381305903,10679.86076000029,10800.0
greedy_same_plan,2025-08-19,44915.80664440367,1590.4612006205884,46506.26784502425,235.81976979351998,10800.0,10775.263194653951
greedy_same_plan,2025-08-20,44558.25816077989,28277.246695605972,72835.50485638587,4450.069583688197,10775.263194653951,10762.793451191199
greedy_same_plan,2025-08-21,45629.62075078806,1204.3626644961375,46833.9834152842,185.28321909940962,10762.793451191199,10765.475283571814
greedy_same_plan,2025-08-22,24017.91326074057,2416.05189034148,26433.96515108205,374.2766683624475,10765.475283571814,10741.857636583816
greedy_same_plan,2025-08-23,24290.922030924965,0.0,24290.922030924965,0.0,10741.857636583816,10800.0
greedy_same_plan,2025-08-24,46068.07125646561,3409.4310791508215,49477.50233561643,519.870818119702,10800.0,10704.432318627107
greedy_same_plan,2025-08-25,45771.50012674151,22014.29896958343,67785.79909632495,3236.0900499202626,10704.432318627107,10800.0
greedy_same_plan,2025-08-26,47966.85067178716,359.0429294999451,48325.8936012871,53.16702576951684,10800.0,10800.0
greedy_same_plan,2025-08-27,47891.96716494445,260.985200126453,48152.952365070894,38.7317715027865,10800.0,10800.0
greedy_same_plan,2025-08-28,46923.54890486333,8480.017315202676,55403.56622006601,1229.2100039393445,10800.0,10676.408871063602
greedy_same_plan,2025-08-29,25773.364683874308,0.0,25773.364683874308,0.0,10676.408871063602,10800.0
greedy_same_plan,2025-08-30,25688.44920516631,0.0,25688.44920516631,0.0,10800.0,10800.0
greedy_same_plan,2025-08-31,45731.60730707021,805.2950872636618,46536.902394333876,118.18514291003589,10800.0,10800.0
greedy_same_plan,2025-09-01,46894.97090145126,0.0,46894.97090145127,0.0,10800.0,10800.0
greedy_same_plan,2025-09-02,36763.4479646969,2275.9174388325814,39039.365403529475,335.0731604238796,10800.0,10800.0
greedy_same_plan,2025-09-03,38023.48221938843,4859.765571659924,42883.24779104836,768.3227587060464,10800.0,10728.806715594703
greedy_same_plan,2025-09-04,38056.90792386821,4158.151606142552,42215.05953001076,600.8124079850131,10728.806715594703,10800.0
greedy_same_plan,2025-09-05,23219.450436428117,0.0,23219.45043642812,0.0,10800.0,10800.0
greedy_same_plan,2025-09-06,18618.52164410602,1459.626197164706,20078.147841270722,361.8715550371264,10800.0,10800.0
greedy_same_plan,2025-09-07,34402.49377093956,21735.671350878092,56138.16512181764,3511.523063632042,10800.0,10589.982142072553
greedy_same_plan,2025-09-08,36060.79868582997,30822.21629484339,66883.01498067338,4596.215707026953,10589.982142072553,10619.22842796672
greedy_same_plan,2025-09-09,38111.79712771193,3470.3465408550196,41582.143668566954,515.0703692573626,10619.22842796672,10722.764737114192
greedy_same_plan,2025-09-10,40297.14939163228,10183.761569615655,50480.91096124794,1578.220690732837,10722.764737114192,10800.0
greedy_same_plan,2025-09-11,41864.29260399025,40.929104999999566,41905.22170899026,6.0716666666666015,10800.0,10800.0
greedy_same_plan,2025-09-12,19194.100493020265,0.0,19194.100493020265,0.0,10800.0,10800.0
greedy_same_plan,2025-09-13,18332.32434296333,0.0,18332.32434296333,0.0,10800.0,10800.0
greedy_same_plan,2025-09-14,40162.724577434026,1487.091229240962,41649.81580667498,220.73022208014243,10800.0,10688.65260587345
greedy_same_plan,2025-09-15,42931.53705161011,0.0,42931.5370516101,0.0,10688.65260587345,10800.0
greedy_same_plan,2025-09-16,42294.64415093587,55.38174766666634,42350.02589860253,8.238266666666618,10800.0,10800.0
greedy_same_plan,2025-09-17,42666.27186325942,0.0,42666.27186325942,0.0,10800.0,10800.0
greedy_same_plan,2025-09-18,40466.54672994414,178.5287509931055,40645.075480937245,34.98921191301214,10800.0,10753.868246801045
greedy_same_plan,2025-09-19,18349.787455851212,1125.6962599959645,19475.48371584718,161.36700974712795,10753.868246801045,10800.0
greedy_same_plan,2025-09-20,18506.006073029654,129.96027488943753,18635.966347919086,26.853485310931934,10800.0,10800.0
greedy_same_plan,2025-09-21,44077.52961313019,0.0,44077.52961313019,0.0,10800.0,10800.0
greedy_same_plan,2025-09-22,41133.277290507016,1084.490624739162,42217.76791524618,164.80496396714332,10800.0,10722.004010738481
greedy_same_plan,2025-09-23,41879.60577318992,3600.012141150667,45479.61791434059,519.5864655618559,10722.004010738481,10798.14343953844
greedy_same_plan,2025-09-24,45319.46561258037,0.0,45319.46561258036,0.0,10798.14343953844,10800.0
greedy_same_plan,2025-09-25,41813.010275960056,103.49743166666593,41916.50770762672,15.371666666666556,10800.0,10800.0
greedy_same_plan,2025-09-26,19193.91571060892,0.0,19193.91571060892,0.0,10800.0,10800.0
greedy_same_plan,2025-09-27,18752.539624175457,3147.0939494771087,21899.63357365257,473.2207016055392,10800.0,10682.551783199857
greedy_same_plan,2025-09-28,43126.87533764381,1644.8358912321132,44771.711228875916,336.9252111147032,10682.551783199857,10800.0
greedy_same_plan,2025-09-29,44452.044294095474,17.757059137265575,44469.80135323274,3.7910032316963225,10800.0,10800.0
greedy_same_plan,2025-09-30,44409.32878492195,850.8046453334621,45260.1334302554,166.75625647130516,10800.0,10800.0
greedy_same_plan,2025-10-01,45588.50858382751,0.0,45588.50858382752,0.0,10800.0,10800.0
greedy_same_plan,2025-10-02,42557.638176748864,0.0,42557.638176748864,0.0,10800.0,10800.0
greedy_same_plan,2025-10-03,18154.07782206044,0.0,18154.07782206044,0.0,10800.0,10800.0
greedy_same_plan,2025-10-04,17019.531029285572,1045.6988516193846,18065.229880904957,280.11805340426105,10800.0,10800.0
greedy_same_plan,2025-10-05,38663.94329732173,3450.345793547773,42114.28909086951,578.2911370021307,10800.0,10800.0
greedy_same_plan,2025-10-06,36591.781064412055,10917.532387462867,47509.31345187493,1638.1575532976326,10800.0,10782.729016641677
greedy_same_plan,2025-10-07,39369.396945933455,157.6249184495502,39527.02186438301,32.938563054890075,10782.729016641677,10800.0
greedy_same_plan,2025-10-08,37955.91597624699,4962.919192820402,42918.835169067395,776.6227051489175,10800.0,10759.006328737374
greedy_same_plan,2025-10-09,37414.45942057201,3111.4931886841573,40525.95260925618,516.7167088577708,10759.006328737374,10711.847699376025
greedy_same_plan,2025-10-10,16734.252651662668,1217.9203527848215,17952.173004447493,251.38675189413954,10711.847699376025,10800.0
greedy_same_plan,2025-10-11,16675.47625967444,2340.021997287343,19015.498256961782,441.1906993638215,10800.0,10800.0
greedy_same_plan,2025-10-12,40106.714684720464,1884.8355858969103,41991.55027061737,293.32590636724717,10800.0,10765.777670566598
greedy_same_plan,2025-10-13,39867.94572464082,618.9864608221548,40486.93218546298,115.35847905756404,10765.777670566598,10800.0
greedy_same_plan,2025-10-14,39546.82433725693,4913.547291868406,44460.37162912534,837.4721974813117,10800.0,10651.566519052089
greedy_same_plan,2025-10-15,40045.36781772754,6226.405836142263,46271.77365386982,931.5181243306938,10651.566519052089,10790.545372779725
greedy_same_plan,2025-10-16,37882.309762206234,29673.385382581844,67555.69514478807,4769.502245973491,10790.545372779725,10800.0
greedy_same_plan,2025-10-17,18918.027208575033,0.0,18918.027208575033,0.0,10800.0,10800.0
greedy_same_plan,2025-10-18,17512.66959947008,0.0,17512.66959947008,0.0,10800.0,10800.0
greedy_same_plan,2025-10-19,41122.094692894825,11275.510355016877,52397.605047911704,1816.763985422705,10800.0,10737.758372856691
greedy_same_plan,2025-10-20,44767.7996649197,2493.29693385233,47261.09659877203,519.2180256757381,10737.758372856691,10800.0
greedy_same_plan,2025-10-21,45028.68142319611,0.0,45028.68142319612,0.0,10800.0,10800.0
greedy_same_plan,2025-10-22,45102.49286138132,5819.162998090589,50921.65585947191,975.8654807824895,10800.0,10800.0
greedy_same_plan,2025-10-23,45859.41688329146,0.0,45859.41688329146,0.0,10800.0,10800.0
greedy_same_plan,2025-10-24,17859.847834778157,815.3450163771605,18675.19285115532,156.50020366299964,10800.0,10800.0
greedy_same_plan,2025-10-25,18288.88628546281,0.0,18288.88628546281,0.0,10800.0,10800.0
greedy_same_plan,2025-10-26,46357.397731485005,0.0,46357.397731485005,0.0,10800.0,10800.0
greedy_same_plan,2025-10-27,44712.18125325903,1464.646247995625,46176.82750125464,209.95502408194164,10800.0,10747.037359685877
greedy_same_plan,2025-10-28,44897.76010873839,0.0,44897.76010873838,0.0,10747.037359685877,10800.0
greedy_same_plan,2025-10-29,44588.629878337735,11564.971912267622,56153.60179060535,1783.5104961880547,10800.0,10749.704179830587
greedy_same_plan,2025-10-30,48289.479664474595,0.0,48289.47966447458,0.0,10749.704179830587,10800.0
greedy_same_plan,2025-10-31,18548.53536313489,0.0,18548.53536313489,0.0,10800.0,10800.0
greedy_same_plan,2025-11-01,18787.389927885157,0.0,18787.38992788516,0.0,10800.0,10800.0
greedy_same_plan,2025-11-02,48154.72248393991,0.0,48154.72248393991,0.0,10800.0,10800.0
greedy_same_plan,2025-11-03,47538.33015610647,0.0,47538.330156106465,0.0,10800.0,10800.0
greedy_same_plan,2025-11-04,48106.814594743,374.19677580941396,48481.011370552405,69.15573340774942,10800.0,10800.0
greedy_same_plan,2025-11-05,47676.69030618492,0.0,47676.690306184915,0.0,10800.0,10800.0
greedy_same_plan,2025-11-06,46804.29529674057,6549.723467763219,53354.018764503795,1359.4942224070928,10800.0,10727.075284596376
greedy_same_plan,2025-11-07,19834.73756064557,0.0,19834.73756064557,0.0,10727.075284596376,10800.0
greedy_same_plan,2025-11-08,18620.72823102944,0.0,18620.72823102944,0.0,10800.0,10800.0
greedy_same_plan,2025-11-09,46863.07251353613,5477.413034482588,52340.48554801871,811.0220453297011,10800.0,10761.626668634868
greedy_same_plan,2025-11-10,48520.53416467618,5460.100646635515,53980.6348113117,805.632261114283,10761.626668634868,10800.0
greedy_same_plan,2025-11-11,49974.40644597962,4.0347901582005345,49978.44123613782,0.9212901377327398,10800.0,10800.0
greedy_same_plan,2025-11-12,49431.38019815499,42.48216985612685,49473.86236801112,9.700232870447962,10800.0,10800.0
greedy_same_plan,2025-11-13,49632.17174643828,294.40777278837567,49926.57951922666,42.86351995246207,10800.0,10800.0
greedy_same_plan,2025-11-14,19528.34848027925,0.0,19528.34848027925,0.0,10800.0,10800.0
greedy_same_plan,2025-11-15,19107.556446315262,0.0,19107.556446315262,0.0,10800.0,10800.0
greedy_same_plan,2025-11-16,50357.22880496362,0.0,50357.228804963626,0.0,10800.0,10800.0
greedy_same_plan,2025-11-17,51311.66821032658,0.0,51311.66821032658,0.0,10800.0,10800.0
greedy_same_plan,2025-11-18,50497.63969667755,956.3305934495679,51453.970290127116,155.4825282689344,10800.0,10763.979175219425
greedy_same_plan,2025-11-19,51212.098016726944,6.301057499999959,51218.39907422694,1.384999999999991,10763.979175219425,10745.598159154635
greedy_same_plan,2025-11-20,51239.70695874852,365.54770871093183,51605.25466745945,77.3234604155133,10745.598159154635,10740.834663516835
greedy_same_plan,2025-11-21,20327.56423193904,0.0,20327.56423193904,0.0,10740.834663516835,10800.0
greedy_same_plan,2025-11-22,19691.653339008855,0.0,19691.65333900886,0.0,10800.0,10781.3235580827
greedy_same_plan,2025-11-23,51574.83792661314,898.7583428962898,52473.59626950943,203.30466993164427,10781.3235580827,10800.0
greedy_same_plan,2025-11-24,51657.480017148366,399.8540283310008,52057.334045479365,75.1876282454192,10800.0,10732.629644520915
greedy_same_plan,2025-11-25,51052.52394114391,286.0219939703293,51338.545935114234,67.63612263575621,10732.629644520915,10800.0
greedy_same_plan,2025-11-26,51829.0195854912,154.539992666666,51983.55957815787,32.993166666666525,10800.0,10800.0
greedy_same_plan,2025-11-27,52219.044362067485,790.868209999162,53009.912572066656,113.36986955263217,10800.0,10800.0
greedy_same_plan,2025-11-28,20007.276852927083,52.469122934375655,20059.74597586146,8.583203490000926,10800.0,10800.0
greedy_same_plan,2025-11-29,19819.715456365557,10265.126157966162,30084.84161433172,1551.3687054178354,10800.0,10750.070037188321
greedy_same_plan,2025-11-30,54126.17950698135,137.92712849785778,54264.10663547921,21.187028631806243,10750.070037188321,10691.085349872585
greedy_same_plan,2025-12-01,54275.17067261446,29154.93927376945,83430.1099463839,5575.863865692832,10691.085349872585,10708.249524522662
greedy_same_plan,2025-12-02,58912.51392022989,10405.025799730853,69317.53971996077,2119.8091837286597,10708.249524522662,10800.0
greedy_same_plan,2025-12-03,60794.19025413778,220.1419362729879,61014.33219041077,37.829514225601656,10800.0,10800.0
greedy_same_plan,2025-12-04,60692.8072548581,1170.8794320959473,61863.68668695405,216.3577063728541,10800.0,10800.0
greedy_same_plan,2025-12-05,25515.044269682414,208.04314579677109,25723.08741547919,42.89549397871569,10800.0,10800.0
greedy_same_plan,2025-12-06,25382.48629355595,3761.7047385804863,29144.19103213643,748.1053994929024,10800.0,10800.0
greedy_same_plan,2025-12-07,62938.360607060975,0.0,62938.360607060975,0.0,10800.0,10800.0
greedy_same_plan,2025-12-08,62773.014209117886,0.0,62773.01420911789,0.0,10800.0,10800.0
greedy_same_plan,2025-12-09,61163.71568841221,1075.7904624152088,62239.506150827416,188.94321034608524,10800.0,10800.0
greedy_same_plan,2025-12-10,60806.82917405525,0.0,60806.82917405525,0.0,10800.0,10800.0
greedy_same_plan,2025-12-11,60122.03409661887,88.71792735872519,60210.75202397758,15.187525012192964,10800.0,10800.0
greedy_same_plan,2025-12-12,26689.399453911374,0.0,26689.399453911374,0.0,10800.0,10800.0
greedy_same_plan,2025-12-13,26622.26878381728,0.0,26622.268783817275,0.0,10800.0,10800.0
greedy_same_plan,2025-12-14,60938.27415631016,568.3112590054326,61506.58541531558,95.14111073395672,10800.0,10784.206908669174
greedy_same_plan,2025-12-15,61447.341961139355,1301.95176201217,62749.293723151546,262.05310131573384,10784.206908669174,10800.0
greedy_same_plan,2025-12-16,61827.264635838306,260.52624026239783,62087.790876100706,43.39298784293078,10800.0,10710.39068623937
greedy_same_plan,2025-12-17,61515.009821911444,233.41055159394904,61748.42037350541,45.18239381694984,10710.39068623937,10799.83815743678
greedy_same_plan,2025-12-18,60129.85229745104,777.1726183301583,60907.0249157812,155.4921477212022,10799.83815743678,10792.674253612975
greedy_same_plan,2025-12-19,26951.714270159966,671.6962691362751,27623.410539296245,110.44060502534384,10792.674253612975,10783.454626001327
greedy_same_plan,2025-12-20,26558.149750184788,0.0,26558.149750184788,0.0,10783.454626001327,10733.454174311233
greedy_same_plan,2025-12-21,61006.4614405583,942.8106626921357,61949.27210325043,135.15061105105156,10733.454174311233,10800.0
greedy_same_plan,2025-12-22,60837.346594723465,2963.4286426383633,63800.77523736183,459.5007843561209,10800.0,10800.0
greedy_same_plan,2025-12-23,61910.437985277036,0.0,61910.437985277036,0.0,10800.0,10800.0
greedy_same_plan,2025-12-24,61059.372526194486,45.738659486219355,61105.1111856807,6.5565738942401595,10800.0,10800.0
greedy_same_plan,2025-12-25,60092.024878535056,1686.9698910919922,61778.99476962705,254.19239414163164,10800.0,10784.23385405024
greedy_same_plan,2025-12-26,26693.036420869095,0.0,26693.03642086909,0.0,10784.23385405024,10800.0
greedy_same_plan,2025-12-27,26209.447974496412,764.3009717673781,26973.74894626379,125.02878648247639,10800.0,10800.0
greedy_same_plan,2025-12-28,60182.229019615916,1164.1260584797033,61346.35507809562,204.74824881578803,10800.0,10800.0
greedy_same_plan,2025-12-29,61717.403728161036,0.0,61717.40372816104,0.0,10800.0,10800.0
greedy_same_plan,2025-12-30,59771.16300584888,730.6758972880781,60501.83890313696,129.0564465991766,10800.0,10800.0
greedy_same_plan,2025-12-31,59472.89935768144,4511.69653154902,63984.59588923046,773.5850652950646,10800.0,10682.229157241842
