day_index,issue_index,candidate_quantile,revision_net_cost,expected_emergency_cost,planning_score,chosen
31,1,keep,0.0,0.5923845314405967,0.5923845314405967,False
31,1,0.5,-2085.526399528622,1252.8966872196243,-832.6297123089976,False
31,1,0.65,-1808.2584287221237,172.83738180420755,-1635.421046917916,True
31,1,0.8,-1521.4231440661465,4.196895325215997,-1517.2262487409305,False
31,1,0.9,-878.8987540186297,0.006936297071963882,-878.8918177215577,False
31,2,keep,0.0,275.08560748680986,275.08560748680986,True
31,2,0.5,-117.15706402516167,665.467466198705,548.3104021735433,False
31,2,0.65,344.23211529446075,107.69262756235808,451.92474285681885,False
31,2,0.8,1227.5327046992043,2.2890732071374646,1229.8217779063418,False
31,2,0.9,2015.0264633622116,0.009167628131129079,2015.0356309903427,False
31,3,keep,0.0,17.684149000719792,17.684149000719792,False
31,3,0.5,-174.8927765632504,314.1543498736976,139.26157331044718,False
31,3,0.65,-33.57579912068894,32.752812160942,-0.8229869597469417,True
31,3,0.8,348.9263641490431,1.711451401925546,350.63781555096864,False
31,3,0.9,848.7463913020138,0.009201828522547029,848.7555931305363,False
32,1,keep,0.0,54.63717258707611,54.63717258707611,False
32,1,0.5,-2633.3241428536735,3005.211381550099,371.88723869642536,False
32,1,0.65,-2022.427358512177,556.3165168876641,-1466.110841624513,True
32,1,0.8,-1379.472396827711,69.37716574955965,-1310.0952310781513,False
32,1,0.9,-306.3495889746482,25.80942788278173,-280.5401610918665,False
32,2,keep,0.0,196.02113060731838,196.02113060731838,False
32,2,0.5,-596.3759754415394,1086.4079086106815,490.0319331691421,False
32,2,0.65,-143.7427119260866,149.24443202864177,5.5017201025551685,True
32,2,0.8,921.1916620675855,7.179941031070131,928.3716030986557,False
32,2,0.9,1920.0215239388885,0.17301862444313934,1920.1945425633317,False
32,3,keep,0.0,70.87082557177878,70.87082557177878,True
32,3,0.5,-149.94032602078283,411.5697948207262,261.62946879994337,False
32,3,0.65,18.539458251096914,62.50348532190524,81.04294357300215,False
32,3,0.8,536.5489654454263,5.553435663709431,542.1024011091358,False
32,3,0.9,1062.9389495065213,0.12538953569069078,1063.064339042212,False
33,1,keep,0.0,14.490272198610887,14.490272198610887,False
33,1,0.5,-3271.370868086785,2875.603193549576,-395.7676745372087,False
33,1,0.65,-2645.1540255836394,586.4778589177995,-2058.67616666584,True
33,1,0.8,-2006.233402933111,43.31180958767926,-1962.9215933454316,False
33,1,0.9,-1003.7044396634378,10.609507057679028,-993.0949326057588,False
33,2,keep,0.0,186.13045571186987,186.13045571186987,False
33,2,0.5,-621.2286304196028,1241.2363257044367,620.0076952848339,False
33,2,0.65,-220.56874167960433,192.48647625634072,-28.082265423263607,True
33,2,0.8,784.9280556246638,12.85536192462714,797.7834175492909,False
33,2,0.9,1710.3565485368304,0.3160159070060222,1710.6725644438363,False
33,3,keep,0.0,242.7137755736275,242.7137755736275,True
33,3,0.5,-104.67967521480487,535.2811523544407,430.6014771396358,False
33,3,0.65,177.87158485830412,93.86415388723762,271.73573874554177,False
33,3,0.8,673.4008946471197,6.574286954768223,679.9751816018879,False
33,3,0.9,1173.2988027815934,0.1188531409232586,1173.4176559225166,False
34,1,keep,0.0,34.261049577895136,34.261049577895136,False
34,1,0.5,-2980.342021896447,3008.4515249954993,28.10950309905229,False
34,1,0.65,-2355.1149245647275,543.8771457451913,-1811.2377788195363,True
34,1,0.8,-1709.3149719781707,41.62795106686764,-1667.687020911303,False
34,1,0.9,-389.15408962024037,18.052015302282463,-371.1020743179579,False
34,2,keep,0.0,199.53482843388002,199.53482843388002,False
34,2,0.5,-948.6634748256203,1205.7300987052965,257.0666238796763,False
34,2,0.65,-595.2733147321834,217.55803946012225,-377.71527527206115,True
34,2,0.8,353.6243486563011,13.122803628260005,366.7471522845611,False
34,2,0.9,1227.4016816256276,0.24560346454562773,1227.6472850901732,False
34,3,keep,0.0,271.52209250546855,271.52209250546855,True
34,3,0.5,-84.50836426803991,494.3833194905458,409.87495522250583,False
34,3,0.65,193.15392692607924,96.45899379875202,289.61292072483127,False
34,3,0.8,694.7125135981756,6.417103966227368,701.129617564403,False
34,3,0.9,1218.8403308903949,0.08324699754270443,1218.9235778879377,False
35,1,keep,0.0,80.59328185536366,80.59328185536366,False
35,1,0.5,-1350.3223599387475,2391.960507312129,1041.6381473733813,False
35,1,0.65,-698.6219183337519,361.6737253255521,-336.9481930081998,True
35,1,0.8,135.5960569053595,49.67669157607872,185.2727484814382,False
35,1,0.9,1861.1924663480602,18.701628851769797,1879.89409519983,False
35,2,keep,0.0,164.47264554476885,164.47264554476885,False
35,2,0.5,-789.1927168192635,1223.62218055416,434.42946373489644,False
35,2,0.65,-433.1029960042852,192.09577142114787,-241.00722458313734,True
35,2,0.8,496.0020241823119,11.09726161517991,507.0992857974918,False
35,2,0.9,1335.7154550273742,0.23745230821344918,1335.9529073355877,False
35,3,keep,0.0,254.56800391258113,254.56800391258113,True
35,3,0.5,-83.64572498253533,469.7533603046828,386.1076353221475,False
35,3,0.65,204.1732329821519,83.54363889624335,287.71687187839524,False
35,3,0.8,708.9082833878047,5.0578334823138755,713.9661168701185,False
35,3,0.9,1240.5927813269875,0.07090212349760425,1240.6636834504852,False
36,1,keep,0.0,23.235530165956355,23.235530165956355,False
36,1,0.5,-3386.469950872477,2752.713245362138,-633.7567055103391,False
36,1,0.65,-2793.7875771043473,646.1576249734414,-2147.6299521309056,True
36,1,0.8,-2184.0257833366954,63.79752083386397,-2120.2282625028315,False
36,1,0.9,-1180.6199490753384,20.155378619495593,-1160.4645704558427,False
36,2,keep,0.0,210.81519248698885,210.81519248698885,False
36,2,0.5,-1172.419075862425,1308.9442543027376,136.52517844031263,False
36,2,0.65,-835.4014931972547,256.72496123265745,-578.6765319645972,True
36,2,0.8,5.168454822333956,14.947299003798511,20.11575382613247,False
36,2,0.9,804.756576317975,0.38998330263618974,805.1465596206112,False
36,3,keep,0.0,969.6014722888724,969.6014722888724,False
36,3,0.5,206.47914254315148,496.31561011873737,702.7947526618889,False
36,3,0.65,508.8283489716439,106.21078178570339,615.0391307573473,True
36,3,0.8,1005.6727233840207,6.99320735853046,1012.6659307425512,False
36,3,0.9,1493.3189481170705,0.14958095273359756,1493.4685290698042,False
37,1,keep,0.0,1.1825375374024798,1.1825375374024798,False
37,1,0.5,-1612.5912667321697,1499.9829024027454,-112.60836432942438,False
37,1,0.65,-1248.9529620555863,295.55548686327563,-953.3974751923107,True
37,1,0.8,-768.337386473522,8.806285858888648,-759.5311006146334,False
37,1,0.9,-28.64238275118754,0.06575844424249207,-28.57662430694505,False
37,2,keep,0.0,151.6334015294712,151.6334015294712,False
37,2,0.5,-600.0474851725769,1003.2559949624244,403.20850978984754,False
37,2,0.65,-376.39134269884835,201.41640153511187,-174.97494116373647,True
37,2,0.8,281.10506072365655,6.414962754135654,287.5200234777922,False
37,2,0.9,873.2750039639626,0.09106010774368838,873.3660640717063,False
37,3,keep,0.0,60.85253903942955,60.85253903942955,False
37,3,0.5,-133.98437842192513,378.71822990124554,244.7338514793204,False
37,3,0.65,-15.703238110219512,74.12531541917338,58.42207730895386,True
37,3,0.8,422.4099761636117,4.707711384378355,427.11768754799004,False
37,3,0.9,863.107567471648,0.09445379027205189,863.2020212619201,False
38,1,keep,0.0,16.420691573063724,16.420691573063724,False
38,1,0.5,-444.7914197196272,907.6546960100103,462.8632762903831,False
38,1,0.65,-184.91867766677296,101.5930689506981,-83.32560871607487,True
38,1,0.8,263.43052020056905,3.255618342812365,266.6861385433814,False
38,1,0.9,1118.2209242080828,0.07558131168856719,1118.2965055197715,False
38,2,keep,0.0,17.859013690753308,17.859013690753308,False
38,2,0.5,-317.48575158452604,845.6101621443808,528.1244105598547,False
38,2,0.65,-91.84303458870887,94.46004168398258,2.6170070952737063,True
38,2,0.8,516.4982449891668,5.514382535979568,522.0126275251464,False
38,2,0.9,1191.9722847667565,0.10799616517591623,1192.0802809319325,False
38,3,keep,0.0,389.66423813286184,389.66423813286184,False
38,3,0.5,-35.366885738316384,471.5973756432693,436.2304899049529,False
38,3,0.65,268.5687693617216,96.54993178094739,365.118701142669,True
38,3,0.8,756.0448003722391,5.292491405001961,761.3372917772411,False
38,3,0.9,1183.369792687752,0.17952232572332155,1183.5493150134753,False
39,1,keep,0.0,62.47999096783637,62.47999096783637,False
39,1,0.5,-1753.7806657526241,2445.9074369997134,692.1267712470892,False
39,1,0.65,-1109.848800933466,447.48916076868204,-662.359640164784,True
39,1,0.8,-269.3573083813687,35.65506608679536,-233.70224229457332,False
39,1,0.9,1071.8559969059909,2.000065610671549,1073.8560625166624,False
39,2,keep,0.0,244.041723793988,244.041723793988,False
39,2,0.5,-769.8881992101071,1535.7471124635376,765.8589132534305,False
39,2,0.65,-420.19123404499646,322.65392635757456,-97.5373076874219,True
39,2,0.8,408.6648765985602,22.429203379029094,431.09407997758933,False
39,2,0.9,1115.0284475255908,1.0860892087942553,1116.114536734385,False
39,3,keep,0.0,364.947891372434,364.947891372434,False
39,3,0.5,-66.59239865019387,554.9118527065939,488.3194540564,False
39,3,0.65,202.0830196881703,127.5353019714986,329.61832165966894,True
39,3,0.8,686.1046925809528,9.567726453158699,695.6724190341115,False
39,3,0.9,1116.569458938632,0.37565484459999454,1116.9451137832318,False
40,1,keep,0.0,27.12164263386416,27.12164263386416,False
40,1,0.5,-3976.662245693488,3108.139257707,-868.5229879864878,False
40,1,0.65,-3411.508020693328,761.9865975062992,-2649.5214231870286,False
40,1,0.8,-2793.006842170324,73.72763889321752,-2719.2792032771067,True
40,1,0.9,-1912.2153379924985,15.043692139330723,-1897.1716458531678,False
40,2,keep,0.0,3992.6934921980605,3992.6934921980605,False
40,2,0.5,976.8552955428227,816.0852617539365,1792.9405572967592,True
40,2,0.65,1705.538032355994,118.31195648629131,1823.8499888422853,False
40,2,0.8,2705.948861712746,28.87608603984475,2734.8249477525906,False
40,2,0.9,3640.5723791400333,1.6183356581501729,3642.1907147981833,False
40,3,keep,0.0,196.51193366309474,196.51193366309474,True
40,3,0.5,-96.05957531714625,617.9701966215997,521.9106213044535,False
40,3,0.65,123.09791454872168,142.85782075954504,265.9557353082667,False
40,3,0.8,591.3229715333746,13.714763326254511,605.037734859629,False
40,3,0.9,1007.7277274338496,0.7068142245685473,1008.4345416584182,False
41,1,keep,0.0,31.690532161802043,31.690532161802043,False
41,1,0.5,-3169.9287457303994,3476.4436616044454,306.514915874046,False
41,1,0.65,-2579.489953383006,796.0271175059829,-1783.4628358770233,False
41,1,0.8,-1940.935196271319,75.59184405720688,-1865.3433522141122,True
41,1,0.9,-971.8142511311614,9.236973245929303,-962.5772778852321,False
41,2,keep,0.0,25.26832259822764,25.26832259822764,False
41,2,0.5,-961.685279221682,1593.6241864330639,631.9389072113819,False
41,2,0.65,-625.7913253275419,369.24568499295583,-256.5456403345861,True
41,2,0.8,-194.11134784251126,28.966534772114453,-165.14481307039682,False
41,2,0.9,491.9194991152153,1.354386758864182,493.27388587407944,False
41,3,keep,0.0,437.7709363604791,437.7709363604791,False
41,3,0.5,-63.462572681785915,632.2370286160585,568.7744559342726,False
41,3,0.65,221.60248994676576,149.62816958951504,371.23065953628077,True
41,3,0.8,685.6277876644641,13.745592681412694,699.3733803458769,False
41,3,0.9,1126.6779309228737,0.5508721360181996,1127.2288030588918,False
42,1,keep,0.0,32.83569186121727,32.83569186121727,False
42,1,0.5,-3413.4672956235845,3403.0251789283884,-10.442116695196091,False
42,1,0.65,-2821.4479125182697,947.3281288174636,-1874.1197837008062,False
42,1,0.8,-2182.743859380517,128.33731975222753,-2054.4065396282895,True
42,1,0.9,-1231.5024403030757,19.22431672549905,-1212.2781235775767,False
42,2,keep,0.0,35.74594093993689,35.74594093993689,True
42,2,0.5,-708.5199325662732,1690.4517006695423,981.9317681032692,False
42,2,0.65,-376.9866026926677,427.5161049306243,50.52950223795659,False
42,2,0.8,90.74075233466908,35.43189939854974,126.17265173321883,False
42,2,0.9,1018.1664486308275,1.5482367061410391,1019.7146853369685,False
42,3,keep,0.0,36.191799920988764,36.191799920988764,True
42,3,0.5,-264.8532651665199,685.9741627602532,421.1208975937333,False
42,3,0.65,-129.98317447080126,187.865040700571,57.88186622976974,False
42,3,0.8,65.60259501423911,20.69790319899569,86.3004982132348,False
42,3,0.9,508.31156338161765,0.8884839268882244,509.2000473085059,False
43,1,keep,0.0,39.97991578352797,39.97991578352797,False
43,1,0.5,-2810.1552951679823,3919.942584142039,1109.7872889740565,False
43,1,0.65,-2240.2129731797527,1076.8754574037303,-1163.3375157760224,False
43,1,0.8,-1614.4478882818844,128.88731147788968,-1485.5605768039948,True
43,1,0.9,-715.9378604155295,30.198235423264858,-685.7396249922647,False
43,2,keep,0.0,555.9610627678242,555.9610627678242,True
43,2,0.5,-157.80240883671482,888.0492332458257,730.2468244091109,False
43,2,0.65,476.7468117766688,133.3433725814784,610.0901843581472,False
43,2,0.8,1423.9141750976453,36.559248096902735,1460.473423194548,False
43,2,0.9,2365.808686123349,1.797947720144876,2367.606633843494,False
43,3,keep,0.0,26.501850669755907,26.501850669755907,True
43,3,0.5,-286.8714281242972,710.2713262896162,423.39989816531903,False
43,3,0.65,-149.7236749945796,210.61996762397754,60.89629262939795,False
43,3,0.9,419.0277620858996,1.5526058535113396,420.58036793941096,False
44,1,keep,0.0,55.437048832207005,55.437048832207005,False
44,1,0.5,-439.60550803753443,1293.9331000169693,854.3275919794348,False
44,1,0.65,-184.88317797455684,156.4633884795434,-28.419789495013447,True
44,1,0.8,324.8044953314475,7.631671041336081,332.4361663727836,False
44,1,0.9,1054.9775221076206,0.2544193041894123,1055.23194141181,False
44,2,keep,0.0,84.34393629851083,84.34393629851083,True
44,2,0.5,-244.8725283341381,1050.4867650814426,805.6142367473045,False
44,2,0.65,-13.080149753046168,103.48706849542296,90.40691874237679,False
44,2,0.8,658.0576278048735,12.130226608776569,670.18785441365,False
44,2,0.9,1277.7019261777305,0.3647719114684214,1278.0666980891988,False
44,3,keep,0.0,78.28071640609735,78.28071640609735,True
44,3,0.5,-143.40641136467312,521.1234418608127,377.7170304961396,False
44,3,0.65,-27.699756492384754,115.80266133546223,88.10290484307748,False
44,3,0.8,343.7764721501212,11.933744498268068,355.7102166483893,False
44,3,0.9,741.7530080002026,0.46379720157351256,742.2168052017761,False
45,1,keep,0.0,5.275429278304722,5.275429278304722,False
45,1,0.5,-1023.0517546684841,1498.0436554499443,474.9919007814601,False
45,1,0.65,-795.0992724357774,387.3057818329329,-407.7934906028445,False
45,1,0.8,-522.9641196595824,18.040795606206633,-504.9233240533757,True
45,1,0.9,-59.78048645448604,0.33591049354253727,-59.4445759609435,False
45,2,keep,0.0,18.231284320986127,18.231284320986127,True
45,2,0.5,-402.3809144708813,1268.8523182187469,866.4714037478656,False
45,2,0.65,-184.24868966076653,240.3234511570194,56.074761496252876,False
45,2,0.8,201.79326542392795,15.22525850050208,217.01852392443004,False
45,2,0.9,824.1495167038595,0.4426976352788683,824.5922143391383,False
45,3,keep,0.0,12.236740825067692,12.236740825067692,False
45,3,0.5,-237.81402973456267,500.22685250105184,262.41282276648917,False
45,3,0.65,-125.86652284007612,103.16367576851434,-22.702847071561777,True
45,3,0.8,-0.8161497426140987,12.316436215697127,11.500286473083028,False
45,3,0.9,373.84574026961616,0.5620498649270766,374.40779013454323,False
46,1,keep,0.0,43.7946778497184,43.7946778497184,False
46,1,0.5,-3784.8178996010706,4307.811919166533,522.9940195654622,False
46,1,0.65,-3194.174464362074,1101.6628318529738,-2092.5116325091003,False
46,1,0.8,-2547.4568884698374,109.12831337238046,-2438.328575097457,True
46,1,0.9,-1665.731321053618,9.875793761576027,-1655.855527292042,False
46,2,keep,0.0,35.73050866785363,35.73050866785363,True
46,2,0.5,-682.46789813506,1777.5713049379797,1095.1034068029198,False
46,2,0.65,-348.1021545341853,457.1523964329285,109.05024189874325,False
46,2,0.8,159.775198205498,35.09640699138843,194.8716051968864,False
46,2,0.9,1088.4849833638373,2.826582229411038,1091.3115655932484,False
46,3,keep,0.0,1188.768549452593,1188.768549452593,False
46,3,0.5,171.49604700952045,684.8676087797145,856.3636557892349,False
46,3,0.65,463.0053500291464,174.34204340629384,637.3473934354403,True
46,3,0.8,776.9027823858346,20.322992957807255,797.2257753436419,False
46,3,0.9,1165.2584089885825,1.3841690171913767,1166.6425780057739,False
47,1,keep,0.0,54.78281383803818,54.78281383803818,False
47,1,0.5,-3841.2972673957593,4699.583424997143,858.2861576013838,False
47,1,0.65,-3273.5751900792247,1395.9471002629132,-1877.6280898163116,False
47,1,0.8,-2584.0742216543617,147.9514237740999,-2436.1227978802617,True
47,1,0.9,-1489.0304258705714,25.65027498845358,-1463.380150882118,False
47,2,keep,0.0,34.60964933662932,34.60964933662932,False
47,2,0.5,-1630.1970729332793,1970.6113288301221,340.41425589684286,False
47,2,0.65,-1330.072139473895,593.966042167076,-736.106097306819,False
47,2,0.8,-954.4339018297001,54.179424223586224,-900.2544776061138,True
47,2,0.9,-356.93817669189895,2.5775618809596743,-354.3606148109393,False
47,3,keep,0.0,51.58588027660587,51.58588027660587,True
47,3,0.5,-242.94615615514863,739.4234188106628,496.4772626555142,False
47,3,0.65,-115.09496821303779,206.3553415578035,91.26037334476572,False
47,3,0.8,88.32073590065461,24.412404189672376,112.73314009032698,False
47,3,0.9,511.67911261627853,1.1247140019890518,512.8038266182676,False
48,1,keep,0.0,165.1405552113268,165.1405552113268,True
48,1,0.5,-1038.7938620083232,3928.9061939124385,2890.1123319041153,False
48,1,0.65,-448.4748732151415,911.5926192415517,463.1177460264102,False
48,1,0.8,571.8873586434393,109.92348730725618,681.8108459506955,False
48,1,0.9,2201.741146699926,25.65081858380275,2227.391965283729,False
48,2,keep,0.0,39.678190513621985,39.678190513621985,False
48,2,0.5,-1052.4454598397183,2073.0984034362027,1020.6529435964844,False
48,2,0.65,-740.3020891930831,637.3399936820764,-102.96209551100674,False
48,2,0.8,-325.42453850766924,61.61218336600814,-263.8123551416611,True
48,2,0.9,356.8187590776788,2.3709257172425717,359.1896847949214,False
48,3,keep,0.0,191.9065020591298,191.9065020591298,False
48,3,0.5,-169.17475842604026,727.9965141753844,558.8217557493441,False
48,3,0.65,-29.82527650826662,210.7941674048658,180.96889089659916,True
48,3,0.8,278.1172414038965,26.72988981567033,304.84713121956685,False
48,3,0.9,718.0293781070772,1.1295838945011185,719.1589620015783,False
49,1,keep,0.0,100.79843641072011,100.79843641072011,False
49,1,0.5,-1549.3410310548397,4333.164320661628,2783.8232896067884,False
49,1,0.65,-977.691623830325,1204.2337589005747,226.54213507024963,False
49,1,0.8,-309.92455548026453,138.26224274238263,-171.6623127378819,True
49,1,0.9,995.6906178026078,25.974162950829616,1021.6647807534374,False
49,2,keep,0.0,699.3057619093511,699.3057619093511,False
49,2,0.5,-196.82654788835706,1348.078003044184,1151.251455155827,False
49,2,0.65,364.02025711107893,282.56404633708325,646.5843034481622,True
49,2,0.8,1285.6478035545854,62.69496716858374,1348.3427707231692,False
49,2,0.9,2248.036185246399,3.716296606149931,2251.752481852549,False
49,3,keep,0.0,62.039154830293484,62.039154830293484,True
49,3,0.5,-197.62515610049127,703.406952568881,505.78179646838976,False
49,3,0.65,-78.26629824723005,234.27859121363656,156.0122929664065,False
49,3,0.8,162.9318524306669,37.69343126870522,200.62528369937212,False
49,3,0.9,577.4237286442266,2.4348240436237187,579.8585526878503,False
50,1,keep,0.0,1123.324700304904,1123.324700304904,False
50,1,0.5,-1700.0191835734129,3671.496390696586,1971.477207123173,False
50,1,0.65,-889.6345053444785,900.2573175114696,10.622812166991139,True
50,1,0.8,92.21976199939445,134.10641027017982,226.32617226957427,False
50,1,0.9,1353.3365303443127,25.785255355511463,1379.1217856998242,False
50,2,keep,0.0,75.61759131325948,75.61759131325948,False
50,2,0.5,-876.7526860505434,2234.181035937179,1357.4283498866355,False
50,2,0.65,-552.3876291704507,716.391427742993,164.00379857254222,False
50,2,0.8,-55.189876124086936,74.86639007312516,19.676513949038224,True
50,2,0.9,611.9992796838028,4.446748914131811,616.4460285979346,False
50,3,keep,0.0,120.20776788589095,120.20776788589095,True
50,3,0.5,-193.75593545845527,749.8292687852677,556.0733333268124,False
50,3,0.65,-73.48696768337265,218.260461618828,144.77349393545535,False
50,3,0.8,193.88678378326026,26.647133472771202,220.53391725603146,False
50,3,0.9,574.9525690932506,1.6681328910513007,576.620701984302,False
51,1,keep,0.0,16.207240318469687,16.207240318469687,False
51,1,0.5,-538.5267320939038,1749.0700852524046,1210.5433531585008,False
51,1,0.65,-316.93742957918744,514.5414896084073,197.6040600292199,False
51,1,0.8,-58.592456149840615,32.902088185097696,-25.69036796474292,True
51,1,0.9,559.7839402227213,0.5346852919159685,560.3186255146372,False
51,2,keep,0.0,40.70860277365701,40.70860277365701,True
51,2,0.5,-433.4183233582427,1680.5497005849743,1247.1313772267317,False
51,2,0.65,-239.6361894456491,591.4867286852641,351.850539239615,False
51,2,0.8,6.995363682426898,40.39066589067721,47.38602957310411,False
51,2,0.9,640.7264923485492,1.080120572581199,641.8066129211304,False
51,3,keep,0.0,50.164520198894934,50.164520198894934,True
51,3,0.5,-190.81420715968156,586.6570047401951,395.84279758051355,False
51,3,0.65,-90.31559798868186,153.2346728485213,62.919074859839455,False
51,3,0.8,104.59920504429157,20.46185897792703,125.0610640222186,False
51,3,0.9,502.4521902636332,0.7038099117585759,503.1560001753918,False
52,1,keep,0.0,31.28827246324556,31.28827246324556,True
52,1,0.5,-533.0790512113647,1905.014629455193,1371.9355782438283,False
52,1,0.65,-276.6820952502293,375.36037210180075,98.67827685157147,False
52,1,0.8,122.62072111241818,21.58882079508156,144.20954190749973,False
52,1,0.9,869.2822726729514,1.826072503745612,871.1083451766971,False
52,2,keep,0.0,10.821116332367293,10.821116332367293,False
52,2,0.5,-703.2202706875673,1758.0530461513008,1054.8327754637335,False
52,2,0.65,-499.3667737508911,609.9020496507139,110.5352758998228,False
52,2,0.8,-247.94018369898683,44.318402474002156,-203.62178122498466,True
52,2,0.9,189.36266630237043,1.0822346710293904,190.44490097339983,False
52,3,keep,0.0,174.08188480721196,174.08188480721196,False
52,3,0.5,-139.3814697770352,580.0842962808368,440.70282650380165,False
52,3,0.65,-22.69325862892314,189.41044249347482,166.71718386455169,True
52,3,0.8,285.23667557636514,20.233937234626637,305.4706128109918,False
52,3,0.9,661.0476812531326,0.9518852069546619,661.9995664600873,False
53,1,keep,0.0,148.8466430811023,148.8466430811023,True
53,1,0.5,-1326.6025958289965,3888.792148719427,2562.1895528904306,False
53,1,0.65,-710.9999445327562,1068.6559221728346,357.6559776400784,False
53,1,0.8,272.80572654090224,113.31521588809696,386.12094242899923,False
53,1,0.9,1953.727472743404,30.566230989352817,1984.2937037327567,False
53,2,keep,0.0,45.76412261767767,45.76412261767767,False
53,2,0.5,-2031.484350360446,2467.150379465755,435.66602910530924,False
53,2,0.65,-1710.4337023361677,846.7330838643024,-863.7006184718653,False
53,2,0.8,-1319.8647237665916,93.20145303109327,-1226.6632707354984,True
53,2,0.9,-740.3489268586068,5.315979530496331,-735.0329473281105,False
53,3,keep,0.0,71.73797228892505,71.73797228892505,True
53,3,0.5,-217.68527864085306,745.1923162419059,527.5070376010528,False
53,3,0.65,-98.64690223089748,218.59227119279726,119.94536896189977,False
53,3,0.8,114.38940003128513,27.606209732793804,141.99560976407895,False
53,3,0.9,498.4451311211879,1.745604250572259,500.1907353717602,False
54,1,keep,0.0,118.66374281147421,118.66374281147421,True
54,1,0.5,-1190.1170172758516,3120.1796312362194,1930.0626139603678,False
54,1,0.65,-513.0653041976251,855.3025149531044,342.2372107554793,False
54,1,0.8,503.95757029422094,97.88899908601553,601.8465693802365,False
54,1,0.9,1827.4860468149307,33.79114018375698,1861.2771869986877,False
54,2,keep,0.0,46.647574037825976,46.647574037825976,False
54,2,0.5,-1773.8583446948592,2582.6820614450394,808.8237167501802,False
54,2,0.65,-1463.4030905765858,923.5157660206835,-539.8873245559023,False
54,2,0.8,-1090.1259810764673,108.10323945589091,-982.0227416205763,True
54,2,0.9,-540.2854200415429,6.792431826305238,-533.4929882152377,False
54,3,keep,0.0,213.83920989014945,213.83920989014945,False
54,3,0.5,-162.1127463466747,774.206164769902,612.0934184232273,False
54,3,0.65,-25.481888975805294,232.28841986311863,206.80653088731333,True
54,3,0.8,275.8130310019583,29.048387284906823,304.8614182868651,False
54,3,0.9,643.3665085566195,2.09781697633232,645.4643255329518,False
55,1,keep,0.0,181.8238863750925,181.8238863750925,False
55,1,0.5,-2393.43352954103,4053.188895845661,1659.755366304631,False
55,1,0.65,-1780.9636250856672,1054.3933421107567,-726.5702829749105,True
55,1,0.8,-738.39996641535,102.48774268180779,-635.9122237335423,False
55,1,0.9,605.0561173436519,17.335159297273687,622.3912766409255,False
55,2,keep,0.0,627.3050743529587,627.3050743529587,False
55,2,0.5,-1535.8271656804604,2736.0614185215936,1200.2342528411332,False
55,2,0.65,-1214.5627669257974,980.8994831635151,-233.66328376228228,False
55,2,0.8,-472.9810888832269,115.0421111451979,-357.938977738029,True
55,2,0.9,184.670295976984,6.502232654493022,191.172528631477,False
55,3,keep,0.0,46.3572795943069,46.3572795943069,True
55,3,0.5,-252.5013563806498,806.486238476585,553.9848820959352,False
55,3,0.65,-135.8098671448048,277.477953267416,141.66808612261121,False
55,3,0.8,23.06284832058751,38.04026811346303,61.103116434050534,False
55,3,0.9,406.1764888111665,2.983360269479155,409.15984908064564,False
56,1,keep,0.0,289.20744917035745,289.20744917035745,True
56,1,0.5,-919.0026802461291,4157.859632663574,3238.8569524174454,False
56,1,0.65,-294.45009711970914,1100.3876832225799,805.9375861028707,False
56,1,0.8,1067.192452195276,174.70536407770305,1241.897816272979,False
56,1,0.9,2833.380649236302,65.91717324218044,2899.2978224784824,False
56,2,keep,0.0,2978.207024732141,2978.207024732141,False
56,2,0.5,218.65138391577187,1937.094024574324,2155.745408490096,False
56,2,0.65,878.1058530558702,525.8799666399159,1403.9858196957862,True
56,2,0.8,1767.2530740357897,98.39486045764394,1865.6479344934337,False
56,2,0.9,2758.2410284499633,6.950694769031006,2765.1917232189944,False
56,3,keep,0.0,79.24315601866489,79.24315601866489,True
56,3,0.5,-199.99669925170036,836.2994193798265,636.3027201281261,False
56,3,0.65,-83.79673200772335,291.6476802912077,207.85094828348434,False
56,3,0.8,185.1994141876635,40.311617657168995,225.5110318448325,False
56,3,0.9,578.707989651919,3.170187539537069,581.8781771914561,False
57,1,keep,0.0,283.9058545514566,283.9058545514566,True
57,1,0.5,-1363.220464136904,4593.799777847036,3230.5793137101323,False
57,1,0.65,-745.3710091266656,1268.802508147966,523.4314990213003,False
57,1,0.8,231.98479743647908,186.486872166442,418.4716696029211,False
57,1,0.9,1701.572616495966,53.589634237270104,1755.162250733236,False
57,2,keep,0.0,159.05764745367844,159.05764745367844,True
57,2,0.5,-755.8124021394598,2769.6948978276996,2013.88249568824,False
57,2,0.65,-413.0658500791709,715.2349660066068,302.1691159274359,False
57,2,0.8,221.09286591311349,79.49586883662903,300.5887347497425,False
57,2,0.9,1085.161850607022,7.108221155316725,1092.2700717623386,False
57,3,keep,0.0,49.101091204421564,49.101091204421564,True
57,3,0.5,-255.18057462320343,861.182620919474,606.0020462962705,False
57,3,0.65,-139.39451252095597,298.0113687916485,158.61685627069255,False
57,3,0.8,22.120875194667935,40.56980678819551,62.69068198286344,False
57,3,0.9,416.7421525124933,3.1866440288003597,419.92879654129365,False
58,1,keep,0.0,24.756031724934466,24.756031724934466,False
58,1,0.5,-781.1235927845844,2136.0959591086794,1354.972366324095,False
58,1,0.65,-563.207688973831,780.991167743662,217.78347876983105,False
58,1,0.8,-296.55709047195603,70.1973631470083,-226.35972732494773,True
58,1,0.9,277.05686753890006,4.364515541348001,281.42138308024806,False
58,2,keep,0.0,159.79930706468133,159.79930706468133,True
58,2,0.5,-346.04768747910896,1973.349423502325,1627.301736023216,False
58,2,0.65,-135.30147131369267,545.3339592140104,410.03248790031773,False
58,2,0.8,287.4392414974085,76.63441995355156,364.07366145096006,False
58,2,0.9,934.1150974926459,2.5398127095054264,936.6549102021513,False
58,3,keep,0.0,15.226413616376037,15.226413616376037,False
58,3,0.5,-234.98224207337176,612.3236029339399,377.34136086056816,False
58,3,0.65,-136.1425077343509,168.98694601322444,32.844438278873554,False
58,3,0.8,-11.434348272670839,17.736787860633434,6.302439587962596,True
58,3,0.9,352.84168577053606,0.9685298362696866,353.81021560680574,False
59,1,keep,0.0,27.03799166574822,27.03799166574822,False
59,1,0.5,-911.1250176435609,2284.0123009539625,1372.8872833104015,False
59,1,0.65,-674.9100291895146,786.7499889185176,111.839959729003,False
59,1,0.8,-412.5375070978763,68.41961195958625,-344.11789513829007,True
59,1,0.9,124.0484383190788,1.4700173286636389,125.51845564774244,False
59,2,keep,0.0,49.29250517481229,49.29250517481229,False
59,2,0.5,-491.0940363665527,2093.678148797969,1602.584112431416,False
59,2,0.65,-287.86873482259693,816.9798333250685,529.1110985024716,False
59,2,0.8,-38.233158305102194,76.94068519482984,38.707526889727646,True
59,2,0.9,529.5486748144585,2.823466003932229,532.3721408183908,False
59,3,keep,0.0,10.770438940840405,10.770438940840405,False
59,3,0.5,-244.67584231992086,629.0867021884592,384.4108598685383,False
59,3,0.65,-145.4958439223983,171.75149639740812,26.25565247500981,False
59,3,0.8,-22.77047293133264,15.843203414196156,-6.9272695171364855,True
59,3,0.9,311.3223526797811,1.043167360772129,312.36552004055324,False
60,1,keep,0.0,1373.5039407336017,1373.5039407336017,False
60,1,0.5,-1149.5609304987258,4975.458759219279,3825.8978287205537,False
60,1,0.65,-101.98015233078092,1453.4696660219015,1351.4895136911205,False
60,1,0.8,1090.4707171906969,147.5213383429312,1237.992055533628,True
60,1,0.9,2579.4833907360057,30.03778491606503,2609.5211756520707,False
60,2,keep,0.0,89.23620823359576,89.23620823359576,False
60,2,0.5,-1939.6012366991122,2917.4914835585987,977.8902468594865,False
60,2,0.65,-1593.4238743313301,1043.7126685893377,-549.7112057419924,False
60,2,0.8,-1193.4587848843703,128.54316348271675,-1064.9156214016534,True
60,2,0.9,-509.89360448892626,7.103021857084093,-502.79058263184214,False
60,3,keep,0.0,329.69593594753906,329.69593594753906,False
60,3,0.5,-142.05238306603053,831.4907260571362,689.4383429911056,False
60,3,0.65,40.158919650717216,257.66744380576694,297.82636345648416,True
60,3,0.8,353.2837862594603,31.67559549720197,384.9593817566623,False
60,3,0.9,755.2047031556103,1.9717465088077717,757.1764496644181,False
61,1,keep,0.0,1982.522371441126,1982.522371441126,False
61,1,0.5,-2869.880813290153,4693.334241185173,1823.4534278950196,False
61,1,0.65,-1912.3638962547038,1451.3307966938505,-461.0330995608533,False
61,1,0.8,-860.8488385737887,184.07641924083327,-676.7724193329555,True
61,1,0.9,339.4011924669801,21.094105380924077,360.49529784790417,False
61,2,keep,0.0,88.6017803918047,88.6017803918047,False
61,2,0.5,-960.592962314471,3006.9577643959333,2046.3648020814621,False
61,2,0.65,-622.3175219456626,1131.0523643584445,508.73484241278186,False
61,2,0.8,-227.34180955133903,159.40818376303457,-67.93362578830445,True
61,2,0.9,580.1452708849072,7.5596542208374515,587.7049251057447,False
61,3,keep,0.0,54.15464262357364,54.15464262357364,True
61,3,0.5,-257.09933042412086,978.5955486615637,721.4962182374429,False
61,3,0.65,-136.92565830974706,337.95331063843514,201.02765232868808,False
61,3,0.9,416.89522620903944,3.631470239669762,420.5266964487092,False
62,1,keep,0.0,1053.7787995823746,1053.7787995823746,True
62,1,0.5,-815.5041394253631,5040.810470265558,4225.306330840195,False
62,1,0.65,177.85381578310154,1180.1063449309947,1357.9601607140962,False
62,1,0.8,1604.611026790799,146.10891415025367,1750.7199409410528,False
62,1,0.9,3429.8843877035306,20.209520616252192,3450.0939083197827,False
62,2,keep,0.0,93.09639490738492,93.09639490738492,True
62,2,0.5,-697.3800397583707,2994.4547107790077,2297.0746710206367,False
62,2,0.65,-334.4007829373114,1044.2665640199477,709.8657810826363,False
62,2,0.8,150.44703354415975,85.88509801079178,236.33213155495153,False
62,2,0.9,1119.7981745198397,4.574005627825744,1124.3721801476654,False
62,3,keep,0.0,58.088285713118175,58.088285713118175,True
62,3,0.5,-254.86867110249406,1018.0964668916606,763.2277957891665,False
62,3,0.65,-133.70321039960106,350.0218210677763,216.3186106681752,False
62,3,0.9,462.6614468638043,2.516518158691361,465.1779650224957,False
63,1,keep,0.0,251.5786177980762,251.5786177980762,False
63,1,0.5,-2403.2687617480296,5357.889283894253,2954.6205221462233,False
63,1,0.65,-1751.7732928744767,1542.2688132350352,-209.50447963944157,False
63,1,0.8,-917.1692944437225,165.18701232448996,-751.9822821192325,True
63,1,0.9,367.37297184277804,21.80275589085747,389.17572773363554,False
63,2,keep,0.0,67.71748263352563,67.71748263352563,False
63,2,0.5,-1790.0455234170745,3116.0483838425453,1326.0028604254708,False
63,2,0.65,-1470.7493865096992,1172.2907869229184,-298.4585995867808,False
63,2,0.8,-1095.3811968151476,153.89641564297372,-941.4847811721739,True
63,2,0.9,-438.0427828837321,5.417634843392947,-432.6251480403392,False
63,3,keep,0.0,56.11781338890892,56.11781338890892,True
63,3,0.5,-246.70539257506465,921.5770330585835,674.8716404835188,False
63,3,0.65,-123.8342677407299,291.6511970928127,167.8169293520828,False
63,3,0.8,34.456252691641765,41.5461728042795,76.00242549592127,False
63,3,0.9,496.44517975983894,1.564874672612706,498.0100544324516,False
64,1,keep,0.0,347.55902874540504,347.55902874540504,True
64,1,0.5,-1538.5691687283818,5315.292534013936,3776.723365285555,False
64,1,0.65,-884.4449412516133,1553.1428528079155,668.6979115563022,False
64,1,0.8,178.78418169130936,175.29307906173372,354.0772607530431,False
64,1,0.9,1544.665137520574,22.997005644915355,1567.6621431654894,False
64,2,keep,0.0,88.25091929571006,88.25091929571006,False
64,2,0.5,-1078.6820259449823,3282.5074140367487,2203.8253880917664,False
64,2,0.65,-743.6209033109429,1185.0438766654613,441.4229733545184,False
64,2,0.8,-387.9421085755451,171.14194707704513,-216.80016149849996,True
64,2,0.9,275.19581813008756,6.428433637117928,281.62425176720546,False
64,3,keep,0.0,248.26624913526322,248.26624913526322,True
64,3,0.5,-164.68303065877546,931.2903089433055,766.60727828453,False
64,3,0.65,-14.212033763872576,270.37481722935377,256.1627834654812,False
64,3,0.8,279.5635741871282,34.13019733103848,313.69377151816667,False
64,3,0.9,721.3641539963481,1.157113626621808,722.52126762297,False
65,1,keep,0.0,41.703667653905526,41.703667653905526,False
65,1,0.5,-996.2178260266065,2476.462546582193,1480.2447205555868,False
65,1,0.65,-750.3868129051691,818.3562052747545,67.96939236958542,False
65,1,0.8,-508.92043857734905,91.43287106666835,-417.4875675106807,True
65,1,0.9,84.73609267974325,1.4266734833762746,86.16276616311953,False
65,2,keep,0.0,52.083372556171696,52.083372556171696,False
65,2,0.5,-514.3443388170124,2305.0493583337607,1790.7050195167483,False
65,2,0.65,-311.9139678693401,907.0992650529797,595.1852971836396,False
65,2,0.8,-85.45339364050562,120.08087890304685,34.62748526254123,True
65,2,0.9,455.99247430022143,3.018239546147565,459.010713846369,False
65,3,keep,0.0,9.500113994279602,9.500113994279602,False
65,3,0.5,-244.50217251960484,723.3990939119758,478.8969213923709,False
65,3,0.65,-138.21341941885657,180.01906265772863,41.80564323887205,False
65,3,0.8,-27.471206507143787,17.605622191908154,-9.865584315235633,True
65,3,0.9,314.61022687619925,0.669681132123743,315.279908008323,False
66,1,keep,0.0,219.62894648536536,219.62894648536536,False
66,1,0.5,-542.51216324797,2427.323166536373,1884.8110032884028,False
66,1,0.65,-294.3963236704216,851.943309502287,557.5469858318654,False
66,1,0.8,102.24903528416266,114.95259506120875,217.20163034537143,True
66,1,0.9,941.2549030241861,6.2946744962767305,947.5495775204628,False
66,2,keep,0.0,60.884687860600486,60.884687860600486,True
66,2,0.5,-432.9502628471613,2112.6815786359757,1679.7313157888143,False
66,2,0.65,-221.96382366576566,750.690248383165,528.7264247173994,False
66,2,0.8,7.185653703606437,60.36322384150705,67.54887754511348,False
66,2,0.9,646.610792132772,2.6043244022779213,649.2151165350499,False
66,3,keep,0.0,7.084825016074225,7.084825016074225,False
66,3,0.5,-250.80283500875098,680.0652933812303,429.2624583724793,False
66,3,0.65,-138.41282337081174,147.49598158108867,9.083158210276935,False
66,3,0.8,-27.670610459098977,13.357488787071716,-14.313121672027261,True
66,3,0.9,306.89907093560754,0.5373467311012461,307.4364176667088,False
67,1,keep,0.0,80.43036909973321,80.43036909973321,False
67,1,0.5,-3936.210997974456,5378.4072684347375,1442.1962704602815,False
67,1,0.65,-3349.711709702576,1625.2799906676246,-1724.4317190349516,False
67,1,0.8,-2701.0365177158756,167.08469958199055,-2533.951818133885,True
67,1,0.9,-1745.763883255036,9.930091405026012,-1735.8337918500101,False
67,2,keep,0.0,3646.234236154517,3646.234236154517,False
67,2,0.5,352.73438114134865,2416.2408092308046,2768.9751903721535,False
67,2,0.65,970.0446238113553,697.390727636885,1667.4353514482405,True
67,2,0.8,1722.2746718387868,130.90304314604998,1853.1777149848367,False
67,2,0.9,2752.2101110711487,4.952482960958136,2757.162594032107,False
67,3,keep,0.0,95.2572747078974,95.2572747078974,True
67,3,0.5,-185.88885223172034,860.8806929068331,674.9918406751128,False
67,3,0.65,-57.143989457065125,237.68016974842834,180.53618029136322,False
67,3,0.8,225.20261055756237,30.461088527826327,255.66369908538869,False
67,3,0.9,657.0272144788003,1.2452548138187225,658.272469292619,False
68,1,keep,0.0,1270.8474268661828,1270.8474268661828,False
68,1,0.5,-1168.8785145577363,5875.47630343634,4706.597788878604,False
68,1,0.65,-218.36927321647568,1876.5999421622641,1658.2306689457885,False
68,1,0.8,925.8495595845764,161.6155419755954,1087.4651015601717,True
68,1,0.9,2325.0606816638206,12.61408036778116,2337.674762031602,False
68,2,keep,0.0,175.07263647807898,175.07263647807898,True
68,2,0.5,-702.5123959803717,3084.9812861505156,2382.468890170144,False
68,2,0.65,-364.6349235676879,1006.631890191755,641.9969666240671,False
68,2,0.8,101.03026419899692,137.59098233327086,238.62124653226778,False
68,2,0.9,1043.1894708041082,5.5702818833334975,1048.7597526874417,False
68,3,keep,0.0,72.9182663496546,72.9182663496546,True
68,3,0.5,-227.62730972232833,905.9807962653354,678.353486543007,False
68,3,0.65,-99.8569841133857,253.99528119974258,154.13829708635689,False
68,3,0.8,87.11678868586715,35.852136211357966,122.96892489722512,False
68,3,0.9,532.148938331027,1.3997473663304203,533.5486856973574,False
69,1,keep,0.0,23627.15249863489,23627.15249863489,False
69,1,0.5,4371.888772052345,5461.414726196648,9833.303498248993,False
69,1,0.65,5782.087080400335,2028.4291589501495,7810.516239350485,True
69,1,0.8,7622.120305904186,252.23833406079717,7874.358639964984,False
69,1,0.9,9482.456527834729,16.435983929594133,9498.892511764323,False
69,2,keep,0.0,126.82597812224255,126.82597812224255,False
69,2,0.5,-1223.1628091633117,3042.1274298611215,1818.9646206978098,False
69,2,0.65,-898.6383619752608,1060.749480438215,162.1111184629542,False
69,2,0.8,-455.7149287013144,152.0715382584131,-303.6433904429013,True
69,2,0.9,273.0020503492158,5.272195455315277,278.27424580453106,False
69,3,keep,0.0,66.40943422832578,66.40943422832578,True
69,3,0.5,-239.91805639523764,939.5807810065781,699.6627246113405,False
69,3,0.65,-112.55598129854104,279.5091276901521,166.95314639161109,False
69,3,0.8,55.11729373227766,42.75378757143273,97.87108130371038,False
69,3,0.9,502.1696526857914,2.0242466854114682,504.19389937120286,False
70,1,keep,0.0,80.42457966393265,80.42457966393265,False
70,1,0.5,-3744.1276666945946,5878.051160332449,2133.923493637855,False
70,1,0.65,-3206.108500734331,2011.3164920046156,-1194.7920087297152,False
70,1,0.8,-2538.6138417087427,189.7201104692702,-2348.8937312394723,True
70,1,0.9,-1618.4713890017479,16.53909229733172,-1601.932296704416,False
70,2,keep,0.0,2389.2499075852584,2389.2499075852584,False
70,2,0.5,-41.21448671770386,2458.2783906396353,2417.0639039219313,False
70,2,0.65,600.9171841360667,748.7377919857978,1349.6549761218644,True
70,2,0.8,1306.7894132791434,126.60558172932468,1433.3949950084682,False
70,2,0.9,2333.311336724306,4.143386385576719,2337.4547231098827,False
70,3,keep,0.0,94.1618364250794,94.1618364250794,True
70,3,0.5,-196.47784897129932,903.1319077761261,706.6540588048268,False
70,3,0.65,-67.16057799493876,261.40123451142347,194.2406565164847,False
70,3,0.8,206.95512300664313,35.58844601051259,242.54356901715573,False
70,3,0.9,662.3044516999987,1.4650752125836064,663.7695269125824,False
71,1,keep,0.0,2426.8481984134205,2426.8481984134205,False
71,1,0.5,-1101.575954206808,5660.564803494781,4558.988849287973,False
71,1,0.65,-202.74686434973472,1843.7572952916246,1641.0104309418898,False
71,1,0.8,1142.9597183648707,216.55510317273712,1359.5148215376078,True
71,1,0.9,2532.244582616941,9.063399502636253,2541.3079821195774,False
71,2,keep,0.0,52.76855524548971,52.76855524548971,False
71,2,0.5,-1136.804934414589,3078.305763022236,1941.500828607647,False
71,2,0.65,-795.3485199138156,1006.9548241414591,211.60630422764348,False
71,2,0.8,-434.9502689801594,128.50448895340327,-306.44578002675615,True
71,2,0.9,421.02680204366504,3.226216309323969,424.253018352989,False
71,3,keep,0.0,45.44843342897506,45.44843342897506,True
71,3,0.5,-260.39214501718584,918.572921470196,658.1807764530101,False
71,3,0.65,-132.618321644294,280.8822862775629,148.2639646332689,False
71,3,0.8,5.434041200934833,43.46865855429521,48.902699755230046,False
71,3,0.9,449.5973674664707,2.4424117597617037,452.0397792262324,False
72,1,keep,0.0,959.4774050690469,959.4774050690469,False
72,1,0.5,-212.1597330807329,2151.4174522671065,1939.2577191863736,False
72,1,0.65,131.7582257843229,698.9852639363763,830.7434897206992,True
72,1,0.8,856.9003824097186,62.544636410379795,919.4450188200984,False
72,1,0.9,1669.6602764766212,1.1973038439356058,1670.8575803205567,False
72,2,keep,0.0,185.47647039506035,185.47647039506035,True
72,2,0.5,-373.9352329435333,2112.148748212202,1738.2135152686687,False
72,2,0.65,-153.97429372121283,666.894578411468,512.9202846902552,False
72,2,0.8,293.88400925990317,74.75607976702462,368.6400890269278,False
72,2,0.9,1011.4383657181102,1.6955818176334438,1013.1339475357436,False
72,3,keep,0.0,40.22940250672456,40.22940250672456,True
72,3,0.5,-180.4109635346968,671.3932893037814,490.98232576908464,False
72,3,0.65,-69.64468302504591,158.7226971839656,89.0780141589197,False
72,3,0.8,142.0628903055013,21.780473341567422,163.8433636470687,False
72,3,0.9,569.5724739221923,0.7300979229135015,570.3025718451058,False
73,1,keep,0.0,1411.3979124249854,1411.3979124249854,False
73,1,0.5,-131.27494779744433,1963.7326274282852,1832.4576796308409,False
73,1,0.65,327.68796304395556,666.4898398135463,994.1778028575018,True
73,1,0.8,1066.1745392888245,59.731779141326044,1125.9063184301506,False
73,1,0.9,2269.1790554293566,1.0493372193947461,2270.228392648751,False
73,2,keep,0.0,160.86881809160806,160.86881809160806,True
73,2,0.5,-383.494281265587,1941.4141080884513,1557.9198268228643,False
73,2,0.65,-169.91708890684941,542.1420264876168,372.2249375807674,False
73,2,0.8,257.39437851171954,65.2382468729981,322.63262538471764,False
73,2,0.9,945.0454667245277,1.50582365619263,946.5512903807204,False
73,3,keep,0.0,9.25323122263635,9.25323122263635,True
73,3,0.5,-228.1195883794472,627.9856737912145,399.86608541176724,False
73,3,0.65,-117.1010865761995,142.99596602623296,25.894879450033457,False
73,3,0.8,41.238956552588796,7.127676909653669,48.36663346224246,False
73,3,0.9,411.20230304529406,0.5692470660803886,411.77155011137444,False
74,1,keep,0.0,1017.0530914617418,1017.0530914617418,False
74,1,0.5,-691.550324481845,4637.773781922732,3946.223457440887,False
74,1,0.65,130.0823901445881,852.8868327837415,982.9692229283296,True
74,1,0.8,1776.2666083077734,138.78452797700632,1915.0511362847797,False
74,1,0.9,3635.932906963621,12.409995197287692,3648.3429021609086,False
74,2,keep,0.0,113.75735202496242,113.75735202496242,False
74,2,0.5,-1463.5351154967493,2849.2270723989773,1385.691956902228,False
74,2,0.65,-1136.5556468331374,949.3255734561629,-187.23007337697447,False
74,2,0.8,-676.462467685519,122.53804043263675,-553.9244272528822,True
74,2,0.9,67.6104215551677,4.949507457114693,72.5599290122824,False
74,3,keep,0.0,59.90617566084664,59.90617566084664,True
74,3,0.5,-247.8806443368429,863.5844845895989,615.703840252756,False
74,3,0.65,-116.90043364142298,255.82641309218397,138.925979450761,False
74,3,0.8,61.07052389373687,37.1204473399316,98.19097123366848,False
74,3,0.9,517.1677668890381,1.986122612699163,519.1538895017374,False
75,1,keep,0.0,94.76429078975355,94.76429078975355,False
75,1,0.5,-2760.1007918027394,4819.369839742593,2059.269047939854,False
75,1,0.65,-2230.425207806975,1585.653583734712,-644.771624072263,False
75,1,0.8,-1547.1539692523775,141.96622502189928,-1405.187744230478,True
75,1,0.9,-371.32220980401394,13.657100133277524,-357.6651096707364,False
75,2,keep,0.0,3471.4388463789774,3471.4388463789774,False
75,2,0.5,336.6633046280716,2219.47919382966,2556.1424984577316,False
75,2,0.65,1051.6841945481708,634.4999991449968,1686.1841936931676,True
75,2,0.8,1877.449428381532,103.14290578623739,1980.5923341677694,False
75,2,0.9,3001.477243025484,5.300870780794217,3006.7781138062783,False
75,3,keep,0.0,95.2395805331984,95.2395805331984,True
75,3,0.5,-206.4359614575633,915.5666797194395,709.1307182618763,False
75,3,0.65,-73.90042278076969,272.7241029975708,198.8236802168011,False
75,3,0.8,205.39485405395135,38.67668009945001,244.07153415340136,False
75,3,0.9,634.8391296208672,2.61676110185086,637.4558907227181,False
76,1,keep,0.0,407.13229191136156,407.13229191136156,False
76,1,0.5,-2899.6600501599964,5536.115831148824,2636.455780988828,False
76,1,0.65,-2257.5889441115646,1655.7817026967464,-601.8072414148182,False
76,1,0.8,-1201.5405027002487,177.61898880464864,-1023.9215138956,True
76,1,0.9,70.34185069903106,19.724678138498117,90.06652883752918,False
76,2,keep,0.0,54.19587482578174,54.19587482578174,False
76,2,0.5,-2006.039865508263,2664.5640286449457,658.5241631366828,False
76,2,0.65,-1697.6398625020574,898.6852799006621,-798.9545826013954,False
76,2,0.8,-1334.9520930770607,110.33678284009393,-1224.6153102369667,True
76,2,0.9,-703.3883693195227,6.055062314010447,-697.3333070055122,False
76,3,keep,0.0,47.3392445560587,47.3392445560587,True
76,3,0.5,-278.3925895544839,936.5560394236506,658.1634498691667,False
76,3,0.65,-142.44766601383688,290.0150165096783,147.5673504958414,False
76,3,0.9,431.23077539319513,3.949181520055079,435.17995691325024,False
77,1,keep,0.0,9911.700002158344,9911.700002158344,False
77,1,0.5,1701.5798420615881,4025.002963801003,5726.582805862591,False
77,1,0.65,3210.872934887916,1382.4828214292527,4593.355756317169,True
77,1,0.8,5196.908644103192,189.6517993382971,5386.560443441489,False
77,1,0.9,7120.598183966452,14.882457257025125,7135.480641223477,False
77,2,keep,0.0,87.85361106128457,87.85361106128457,True
77,2,0.5,-741.337471318326,2358.549717893851,1617.2122465755247,False
77,2,0.65,-386.0809388515963,669.4776289196883,283.396690068092,False
77,2,0.8,127.6925545881355,61.423476678712674,189.11603126684815,False
77,2,0.9,1024.6609276949293,3.985338394321772,1028.6462660892512,False
77,3,keep,0.0,79.85309448351498,79.85309448351498,True
77,3,0.5,-222.3924541756603,893.1844287622476,670.7919745865873,False
77,3,0.65,-85.68371304670703,268.4471115037623,182.76339845705527,False
77,3,0.8,152.98440994840016,46.55394599721198,199.53835594561212,False
77,3,0.9,600.6003612782247,3.455060437813889,604.0554217160386,False
78,1,keep,0.0,159.85068331976936,159.85068331976936,False
78,1,0.5,-3509.8305476354117,4991.147533682697,1481.3169860472854,False
78,1,0.65,-2910.31884654187,1528.6422856545382,-1381.6765608873316,False
78,1,0.8,-1831.865024889301,145.83886037104998,-1686.0261645182509,True
78,1,0.9,-496.88196642013963,10.515786360192076,-486.36618005994757,False
78,2,keep,0.0,5229.22570187101,5229.22570187101,False
78,2,0.5,728.9393036022652,1538.2912594667018,2267.230563068967,False
78,2,0.65,1432.700989905402,214.07498734814067,1646.7759772535426,True
78,2,0.8,2261.160767605561,49.68704680720441,2310.8478144127653,False
78,2,0.9,3342.6785646878425,3.551417267865125,3346.2299819557074,False
78,3,keep,0.0,873.8856267633281,873.8856267633281,False
78,3,0.5,80.62753050700627,746.4784326638248,827.105963170831,False
78,3,0.65,384.73835898578733,183.5716420639035,568.3100010496909,True
78,3,0.8,795.8406038428052,22.419466562359094,818.2600704051642,False
78,3,0.9,1243.2450811745443,1.0565144481879378,1244.3015956227323,False
79,1,keep,0.0,31.261934332449144,31.261934332449144,False
79,1,0.5,-797.2419886673046,2031.913328384468,1234.6713397171634,False
79,1,0.65,-560.2695701927116,592.4615505584256,32.191980365714016,False
79,1,0.8,-285.8450732017578,48.03372656443079,-237.81134663732703,True
79,1,0.9,325.37729510256736,1.1975253622112016,326.57482046477855,False
79,2,keep,0.0,53.51952035684732,53.51952035684732,True
79,2,0.5,-358.5159409967017,1609.124728393948,1250.6087873972465,False
79,2,0.65,-153.5152286515882,350.45628709145,196.94105843986182,False
79,2,0.8,192.4431227871205,31.763420951954622,224.20654373907513,False
79,2,0.9,892.008674178817,1.001691578233224,893.0103657570503,False
79,3,keep,0.0,4.9204466169157195,4.9204466169157195,False
79,3,0.5,-284.0555235665022,607.586211103602,323.53068753709977,False
79,3,0.65,-163.95138799711444,130.86071423534096,-33.09067376177347,True
79,3,0.8,-38.10305464590333,11.033303915263916,-27.069750730639413,False
79,3,0.9,287.8680688062661,0.7102674307089047,288.57833623697496,False
80,1,keep,0.0,38.703094223476924,38.703094223476924,False
80,1,0.5,-664.5740254241653,2145.9071075309653,1481.3330821068,False
80,1,0.65,-410.50871238039355,633.565514067732,223.05680168733846,False
80,1,0.8,-89.52888455986134,44.168120820877775,-45.360763738983565,True
80,1,0.9,610.0380015982643,0.9515956312816918,610.989597229546,False
80,2,keep,0.0,10.774342110969577,10.774342110969577,False
80,2,0.5,-607.3375759124497,1584.7312213529988,977.3936454405491,False
80,2,0.65,-399.5175794520969,429.1988706013732,29.681291149276262,False
80,2,0.8,-154.42297854627733,31.167992301538327,-123.254986244739,True
80,2,0.9,366.3670160051609,0.7662688597160839,367.133284864877,False
80,3,keep,0.0,3.617454797972865,3.617454797972865,False
80,3,0.5,-289.2223428989236,563.5489566161621,274.32661371723844,False
80,3,0.65,-170.61003556489317,119.09512648781275,-51.51490907708042,True
80,3,0.8,-39.0130935637941,8.411986110288936,-30.601107453505165,False
80,3,0.9,279.2583442109341,0.5400440073934908,279.7983882183276,False
81,1,keep,0.0,90.23523337078345,90.23523337078345,False
81,1,0.5,-2761.8316791032776,5518.700880503972,2756.8692014006947,False
81,1,0.65,-2146.7225087915767,1789.1753630004443,-357.5471457911324,False
81,1,0.8,-1261.2526465464102,112.69259727154403,-1148.5600492748663,True
81,1,0.9,48.737034513678736,5.890687438190994,54.62772195186973,False
81,2,keep,0.0,34.93421602443296,34.93421602443296,False
81,2,0.5,-1718.0225172115004,2041.6498071231954,323.627289911695,False
81,2,0.65,-1425.3657818360014,583.2036960040442,-842.1620858319571,False
81,2,0.8,-1064.6694609333745,57.89494705092103,-1006.7745138824534,True
81,2,0.9,-394.0338166126542,2.8931288100523176,-391.1406878026019,False
81,3,keep,0.0,45.92777165268565,45.92777165268565,True
81,3,0.5,-254.86543465365042,725.746185306642,470.8807506529916,False
81,3,0.65,-116.62281337896903,184.0241361550253,67.40132277605628,False
81,3,0.8,102.42612537567565,20.61187687091229,123.03800224658795,False
81,3,0.9,561.0318549197162,1.0264833187647322,562.0583382384809,False
82,1,keep,0.0,1238.10787539669,1238.10787539669,False
82,1,0.5,-1810.1436090884072,5045.493130756174,3235.3495216677666,False
82,1,0.65,-1058.6653664999985,1467.6718893033926,409.0065228033941,True
82,1,0.8,370.89223655460717,139.07183061370668,509.9640671683138,False
82,1,0.9,1971.9112605410478,8.032709999043677,1979.9439705400914,False
82,2,keep,0.0,111.66335692253345,111.66335692253345,False
82,2,0.5,-691.202939101267,2009.0843662558964,1317.8814271546294,False
82,2,0.65,-363.98537496219694,392.53231368382825,28.546938721631307,True
82,2,0.8,304.46348584055374,48.46772891943169,352.93121475998544,False
82,2,0.9,1249.3639228331297,2.993896110935689,1252.3578189440655,False
82,3,keep,0.0,168.6301425760576,168.6301425760576,True
82,3,0.5,-155.6550728790608,799.17994095115,643.5248680720892,False
82,3,0.65,-18.922693656283723,227.27303791123134,208.35034425494763,False
82,3,0.8,406.8437190050179,28.153491206472037,434.9972102114899,False
82,3,0.9,855.3233343521373,1.797319999476832,857.1206543516141,False
83,1,keep,0.0,61.82362650313876,61.82362650313876,False
83,1,0.5,-4896.597420947568,5170.605812368899,274.008391421331,False
83,1,0.65,-4304.740206473099,1582.8910032663055,-2721.8492032067934,False
83,1,0.8,-3488.11620460759,102.05755460906173,-3386.0586499985284,True
83,1,0.9,-2312.3363568109826,7.996617374280211,-2304.3397394367025,False
83,2,keep,0.0,172.41850705500048,172.41850705500048,False
83,2,0.5,-469.12254259132516,1610.267372314984,1141.1448297236589,False
83,2,0.65,-64.8957143970099,185.17509234402766,120.27937794701776,True
83,2,0.8,636.2680677354598,39.83241215923901,676.1004798946988,False
83,2,0.9,1654.5648751985455,3.1557854721823064,1657.7206606707277,False
83,3,keep,0.0,159.84818451320155,159.84818451320155,True
83,3,0.5,-155.58090359108903,748.9490790192323,593.3681754281432,False
83,3,0.65,-12.778307199080118,188.6167359743503,175.8384287752702,False
83,3,0.8,429.94896478165106,19.159167515764935,449.108132297416,False
83,3,0.9,859.9402931879532,1.1360298803132265,861.0763230682664,False
84,1,keep,0.0,783.1100022005206,783.1100022005206,True
84,1,0.5,-1385.0942888257214,5363.183622467807,3978.089333642086,False
84,1,0.65,-572.5906982494931,1813.7820324796864,1241.1913342301932,False
84,1,0.8,708.0828746412568,82.04255222928276,790.1254268705395,False
84,1,0.9,2577.3308057279805,6.994840227500333,2584.325645955481,False
84,2,keep,0.0,32.615202357540205,32.615202357540205,False
84,2,0.5,-2061.5743155017976,1743.5212677904283,-318.05304771136935,False
84,2,0.65,-1796.8010145650028,484.0223648987953,-1312.7786496662075,False
84,2,0.8,-1440.9241019327196,45.11266653229468,-1395.811435400425,True
84,2,0.9,-769.7913212906178,2.5248327106413355,-767.2664885799765,False
84,3,keep,0.0,28.85204246046097,28.85204246046097,False
84,3,0.5,-303.81728376662704,759.0297912052207,455.21250743859366,False
84,3,0.65,-162.90285826615613,231.31575276582038,68.41289449966425,False
84,3,0.8,-0.46047833513886915,28.943877792949234,28.483399457810364,True
84,3,0.9,452.63871218382684,2.1792916499914643,454.8180038338183,False
85,1,keep,0.0,1679.2519695933852,1679.2519695933852,False
85,1,0.5,-1873.030102160399,4647.4369840474465,2774.4068818870473,False
85,1,0.65,-991.5515394994482,1699.8698069867671,708.318267487319,False
85,1,0.8,351.19340522300035,142.9505896925001,494.14399491550046,True
85,1,0.9,1926.0676904874042,4.9375049097024455,1931.0051953971067,False
85,2,keep,0.0,29.444503711295372,29.444503711295372,False
85,2,0.5,-1979.3604245959893,1840.525005753459,-138.83541884253032,False
85,2,0.65,-1674.2153060206786,473.6429339945566,-1200.572372026122,False
85,2,0.8,-1310.7908674594328,44.368765871062934,-1266.4221015883697,True
85,2,0.9,-635.6868053775432,2.0529676451989807,-633.6338377323442,False
85,3,keep,0.0,29.452879927032193,29.452879927032193,True
85,3,0.5,-290.95430639247047,779.5594701286893,488.60516373621886,False
85,3,0.65,-154.2673604387922,225.3938316113874,71.12647117259522,False
85,3,0.8,1.679500716250121,29.331243360229433,31.010744076479554,False
85,3,0.9,471.1118022189837,1.7792079778706298,472.8910101968543,False
86,1,keep,0.0,29.07718688853422,29.07718688853422,True
86,1,0.5,-467.9141757341953,1423.572927560413,955.6587518262178,False
86,1,0.65,-244.08490014118263,380.97866862468106,136.89376848349843,False
86,1,0.8,176.5879936168501,15.434092975593236,192.02208659244334,False
86,1,0.9,1063.3213411622041,0.22914229597454747,1063.5504834581786,False
86,2,keep,0.0,6.76192293237619,6.76192293237619,False
86,2,0.5,-513.8616361177482,1121.8127738536555,607.9511377359073,False
86,2,0.65,-322.0054780430385,292.0750745578729,-29.93040348516564,False
86,2,0.8,-92.79072964961074,16.075742823438972,-76.71498682617177,True
86,2,0.9,434.1185674445928,0.2112199841267176,434.32978742871956,False
86,3,keep,0.0,4.931156360443717,4.931156360443717,False
86,3,0.5,-271.0447997829827,512.4251650436603,241.3803652606776,False
86,3,0.65,-152.4757149074642,99.82354202658466,-52.65217288087955,True
86,3,0.8,-19.17635798817968,6.775898904473826,-12.400459083705854,False
86,3,0.9,380.22132017871394,0.23879964485854166,380.4601198235725,False
87,1,keep,0.0,704.0156618416054,704.0156618416054,False
87,1,0.5,-147.85205891820553,1218.6750309492716,1070.822972031066,False
87,1,0.65,349.80409405872655,294.22544310172054,644.029537160447,True
87,1,0.8,1161.6369565156203,14.457757168339752,1176.09471368396,False
87,1,0.9,2088.3625433364555,0.22793256895670785,2088.5904759054124,False
87,2,keep,0.0,37.6235299270643,37.6235299270643,True
87,2,0.5,-351.2738569688401,1120.1435045746123,768.8696476057721,False
87,2,0.65,-151.80291534324638,266.79844173101526,114.99552638776888,False
87,2,0.8,261.68416107733646,15.466248386146592,277.1504094634831,False
87,2,0.9,961.1709765839356,0.288525295584661,961.4595018795203,False
87,3,keep,0.0,3.5488591149522435,3.5488591149522435,False
87,3,0.5,-255.93029173643905,513.3252439523542,257.39495221591517,False
87,3,0.65,-132.58295022739156,92.80005669661716,-39.7828935307744,True
87,3,0.8,36.2730082831209,2.7278474407447497,39.000855723865655,False
87,3,0.9,385.7292731422142,0.2959546522634781,386.0252277944777,False
88,1,keep,0.0,51.9118719055359,51.9118719055359,False
88,1,0.5,-3110.6075924518072,4380.347014307127,1269.73942185532,False
88,1,0.65,-2559.77746368667,1232.0474636923996,-1327.7299999942707,False
88,1,0.8,-1728.4294684424074,65.58835459328584,-1662.8411138491215,True
88,1,0.9,-333.1309816362624,2.1008535165933084,-331.0301281196691,False
88,2,keep,0.0,28.663573347967453,28.663573347967453,False
88,2,0.5,-1426.0854660371565,1722.4056726625868,296.3202066254303,False
88,2,0.65,-1127.1941752266277,419.70024600375024,-707.4939292228776,False
88,2,0.8,-769.3350527721084,40.78806949236633,-728.5469832797421,True
88,2,0.9,-98.02251520446038,1.9758034006495682,-96.04671180381081,False
88,3,keep,0.0,94.95124252271549,94.95124252271549,False
88,3,0.5,-213.40751834990513,691.9333759178038,478.5258575678987,False
88,3,0.65,-69.50852679305757,160.54082345853533,91.03229666547776,True
88,3,0.8,239.07359887593122,16.526687703704333,255.60028657963556,False
88,3,0.9,697.0920276767744,0.6831811740240538,697.7752088507984,False
89,1,keep,0.0,21993.395013913752,21993.395013913752,False
89,1,0.5,4713.0192933181415,4064.408339066835,8777.427632384977,False
89,1,0.65,6228.274053376791,1289.2489686218512,7517.523021998642,True
89,1,0.8,8459.145886794759,94.1883456209119,8553.334232415671,False
89,1,0.9,11035.267187359637,2.1661040925885957,11037.433291452226,False
89,2,keep,0.0,56.4548118118278,56.4548118118278,False
89,2,0.5,-2139.2763088755387,1813.877181104315,-325.3991277712237,False
89,2,0.65,-1837.445392530928,475.875133986744,-1361.570258544184,True
89,2,0.8,-1336.0979765796635,41.452270111893796,-1294.6457064677697,False
89,2,0.9,-616.1979219024323,2.0555506751202115,-614.1423712273121,False
89,3,keep,0.0,941.4570273312484,941.4570273312484,False
89,3,0.5,125.6770443271056,681.6346277077168,807.3116720348224,False
89,3,0.65,429.1921386140429,168.1374436982171,597.3295823122601,True
89,3,0.8,892.0565335019148,16.774320159603157,908.830853661518,False
89,3,0.9,1352.121207820492,0.7069281434601667,1352.828135963952,False
90,1,keep,0.0,1016.064741961738,1016.064741961738,False
90,1,0.5,-2014.102418087807,4327.154740160798,2313.0523220729906,False
90,1,0.65,-1302.828825950115,1165.6740867511896,-137.15473919892543,True
90,1,0.8,387.6096364683665,91.22960032399794,478.83923679236443,False
90,1,0.9,2328.7518283033105,2.042683119614595,2330.794511422925,False
90,2,keep,0.0,48.23638242472173,48.23638242472173,False
90,2,0.5,-1520.0171702571017,1857.4368566252183,337.4196863681166,False
90,2,0.65,-1216.0440965151927,469.30263977857885,-746.7414567366138,True
90,2,0.8,-697.1257633984073,30.12337488645146,-667.0023885119559,False
90,2,0.9,142.55658472793777,1.7299132480950097,144.2864979760328,False
90,3,keep,0.0,438.85908394892834,438.85908394892834,False
90,3,0.5,-68.7248983372474,688.8084764630555,620.0835781258081,False
90,3,0.65,194.93945717129472,180.04097086442403,374.9804280357188,True
90,3,0.8,691.56019733657,15.3101692239069,706.8703665604769,False
90,3,0.9,1153.7938070300613,0.5909650460434746,1154.3847720761048,False
91,1,keep,0.0,2229.0754043552115,2229.0754043552115,False
91,1,0.5,-610.0727492300498,3638.5887940380417,3028.516044807992,False
91,1,0.65,424.1579945672719,1057.9674918477913,1482.1254864150633,True
91,1,0.8,2036.0871920039378,70.43623102351441,2106.5234230274523,False
91,1,0.9,4441.739232772186,1.6517812192575547,4443.391013991444,False
91,2,keep,0.0,45.317018656072314,45.317018656072314,False
91,2,0.5,-1353.957275839862,1715.344363284802,361.3870874449401,False
91,2,0.65,-1069.4778233249563,430.31087603785835,-639.1669472870979,True
91,2,0.8,-574.8491761239081,31.97765778742314,-542.871518336485,False
91,2,0.9,126.82431387097756,1.4855320242337902,128.30984589521134,False
91,3,keep,0.0,578.6398297390689,578.6398297390689,False
91,3,0.5,-1.357654417825195,622.5985593446902,621.240904926865,False
91,3,0.65,280.22533564220635,166.79714708993887,447.02248273214525,True
91,3,0.8,773.2837902726166,14.007309901570196,787.2911001741868,False
91,3,0.9,1242.81523594735,0.5206858835870951,1243.335921830937,False
92,1,keep,0.0,28.156139265544923,28.156139265544923,False
92,1,0.5,-3386.4617488146678,4087.770612834127,701.3088640194592,False
92,1,0.65,-2777.7726120438456,1109.072908583007,-1668.6997034608387,False
92,1,0.8,-1969.325788681864,60.79147931554331,-1908.5343093663207,True
92,1,0.9,-733.0459504672231,1.8426554575567033,-731.2032950096664,False
92,2,keep,0.0,24.720548053456728,24.720548053456728,False
92,2,0.5,-1144.7040097910071,1620.4933824206937,475.78937262968657,False
92,2,0.65,-887.2508372482232,446.9174047135647,-440.3334325346585,False
92,2,0.8,-534.6802353110594,33.81913139394735,-500.861103917112,True
92,2,0.9,257.3067900226872,1.7135455789760352,259.02033560166325,False
92,3,keep,0.0,23.22662518198686,23.22662518198686,False
92,3,0.5,-295.2078900762016,693.9666501382872,398.75876006208557,False
92,3,0.65,-166.22607060405403,208.6694345879581,42.44336398390408,False
92,3,0.8,-2.2837233499604177,24.033065042746063,21.749341692785645,True
92,3,0.9,461.2837502176481,1.5198289267878358,462.80357914443596,False
93,1,keep,0.0,8.153700854876423,8.153700854876423,False
93,1,0.5,-586.0887997414025,978.9742954881827,392.8854957467803,False
93,1,0.65,-370.4377541462863,191.54541260810612,-178.89234153818018,True
93,1,0.8,-77.05920866700572,9.488135357237175,-67.57107330976855,False
93,1,0.9,701.7136110978278,0.10038343187228854,701.8139945297,False
93,2,keep,0.0,627.0455307755858,627.0455307755858,False
93,2,0.5,-51.74701007348088,850.3569898198637,798.6099797463828,False
93,2,0.65,347.72081253268846,208.08983444152972,555.8106469742181,True
93,2,0.8,1047.6102028964913,13.523191147151806,1061.133394043643,False
93,2,0.9,1745.0065048709073,0.18013916552600978,1745.1866440364333,False
93,3,keep,0.0,71.33650763775879,71.33650763775879,True
93,3,0.5,-128.86703342061136,469.1098043756182,340.2427709550068,False
93,3,0.65,-19.226848099213882,104.04323434700693,84.81638624779305,False
93,3,0.8,372.296711427937,10.603200054685106,382.8999114826221,False
93,3,0.9,834.0240951181465,0.30368984574291413,834.3277849638895,False
94,1,keep,0.0,30.52958390455693,30.52958390455693,False
94,1,0.5,-413.09609639820513,1050.1238386134762,637.027742215271,False
94,1,0.65,-188.80294282830525,200.1435135324434,11.340570704138145,True
94,1,0.8,394.85197845207745,10.552293945248284,405.4042723973257,False
94,1,0.9,1379.120745540334,0.1009285130337317,1379.2216740533677,False
94,2,keep,0.0,104.09179586881106,104.09179586881106,True
94,2,0.5,-225.51760267707223,893.0531095488694,667.5355068717972,False
94,2,0.65,-51.33894105062683,184.4150675311386,133.07612648051176,False
94,2,0.8,545.5265779293071,13.504253507586856,559.030831436894,False
94,2,0.9,1294.4474528149037,0.1524013638937762,1294.5998541787976,False
94,3,keep,0.0,221.45879797785153,221.45879797785153,True
94,3,0.5,-69.95012776604601,468.62017777206705,398.67005000602103,False
94,3,0.65,117.87146452349323,132.22113485837565,250.09259938186887,False
94,3,0.8,598.6203607388732,10.95253095345911,609.5728916923323,False
94,3,0.9,1082.0467581835317,0.29970705981398327,1082.3464652433456,False
95,1,keep,0.0,166.96958319631437,166.96958319631437,False
95,1,0.5,-2479.8630902762116,3870.5019877996374,1390.6388975234258,False
95,1,0.65,-1906.4507653496148,934.9395993306737,-971.5111660189411,True
95,1,0.8,-681.2156411312028,53.538315754794716,-627.6773253764081,False
95,1,0.9,1103.6050910384347,1.8653683825489402,1105.4704594209836,False
95,2,keep,0.0,1511.6131687274637,1511.6131687274637,False
95,2,0.5,36.27745994500253,1450.3577143962395,1486.635174341242,False
95,2,0.65,604.1036429320673,414.1716988776062,1018.2753418096735,True
95,2,0.8,1614.1475762372363,40.401446218241645,1654.549022455478,False
95,2,0.9,2820.3120794996935,1.613496643395537,2821.925576143089,False
95,3,keep,0.0,55.79372222586649,55.79372222586649,True
95,3,0.5,-203.4193106957726,652.5310396912885,449.1117289955159,False
95,3,0.65,-78.05322520687265,221.50448565934073,143.4512604524681,False
95,3,0.8,265.98875167042246,26.535487100317845,292.5242387707403,False
95,3,0.9,770.70257702264,1.4114751089793345,772.1140521316192,False
96,1,keep,0.0,5220.603595380522,5220.603595380522,False
96,1,0.5,962.2357504969855,3246.569239649284,4208.804990146269,False
96,1,0.65,2018.035801337171,928.466292198812,2946.502093535983,True
96,1,0.8,3826.2008943373507,83.34186999568203,3909.5427643330327,False
96,1,0.9,6203.186237928325,2.1424460451746956,6205.328683973499,False
96,2,keep,0.0,58.19209955140773,58.19209955140773,False
96,2,0.5,-1074.080321220808,1781.2847740363222,707.2044528155143,False
96,2,0.65,-783.507807417042,520.2417879690697,-263.2660194479723,True
96,2,0.8,-278.6598666571486,42.356241414307824,-236.30362524284078,False
96,2,0.9,592.8529517468769,1.8976356375623853,594.7505873844393,False
96,3,keep,0.0,290.2347041007704,290.2347041007704,False
96,3,0.5,-112.6852465823532,729.761889227983,617.0766426456298,False
96,3,0.65,43.7647936038078,236.14471294023554,279.9095065440433,True
96,3,0.8,537.9409457470821,28.16669371776652,566.1076394648486,False
96,3,0.9,1046.9996490259875,1.2880986669107184,1048.2877476928982,False
97,1,keep,0.0,119.42855797674687,119.42855797674687,False
97,1,0.5,-2611.3414626940894,3816.3865576727458,1205.0450949786564,False
97,1,0.65,-2004.9012546731856,841.9463433343838,-1162.9549113388018,True
97,1,0.8,-814.7601035920156,53.06432026144357,-761.6957833305721,False
97,1,0.9,715.6986407480858,2.3572390219850377,718.0558797700709,False
97,2,keep,0.0,99.16818534100054,99.16818534100054,False
97,2,0.5,-1023.4591463399051,1810.3505650688983,786.8914187289931,False
97,2,0.65,-738.4161425171728,533.7347678191959,-204.68137469797693,True
97,2,0.8,-162.54326500047478,46.347976588762386,-116.1952884117124,False
97,2,0.9,653.361579613708,2.0228011349498454,655.3843807486579,False
97,3,keep,0.0,628.9630827304592,628.9630827304592,False
97,3,0.5,-41.512943305928914,747.5428268044516,706.0298834985226,False
97,3,0.65,234.3465502831367,239.97929336683282,474.32584364996956,True
97,3,0.8,762.0565678031879,23.023109984800012,785.079677787988,False
97,3,0.9,1265.650855044237,0.9317752735698032,1266.582630317807,False
98,1,keep,0.0,282.2004291599984,282.2004291599984,False
98,1,0.5,-906.5330645509778,3027.6466858718554,2121.1136213208774,False
98,1,0.65,-144.022851840679,389.73973434598827,245.71688250530926,True
98,1,0.8,1614.9466675151634,39.5921686694939,1654.5388361846574,False
98,1,0.9,4239.1882371418715,2.6065889322600544,4241.794826074131,False
98,2,keep,0.0,83.07139829507868,83.07139829507868,False
98,2,0.5,-1017.3280819122097,1849.1247595584114,831.7966776462017,False
98,2,0.65,-700.7691172261589,543.0086730737169,-157.760444152442,True
98,2,0.8,-80.35917197206447,43.7893282350394,-36.569843737025074,False
98,2,0.9,784.0215747011495,2.1692962593903937,786.1908709605399,False
98,3,keep,0.0,245.3825188533786,245.3825188533786,True
98,3,0.5,-132.13447474190576,787.1036129632544,654.9691382213487,False
98,3,0.65,-3.3012255120895704,256.3775890655724,253.07636355348285,False
98,3,0.8,528.7726091355403,27.56513362322035,556.3377427587607,False
98,3,0.9,992.914512825565,1.8123803772430847,994.7268932028081,False
99,1,keep,0.0,107.9732301854728,107.9732301854728,True
99,1,0.5,-1075.426316873884,2737.084680526997,1661.6583636531132,False
99,1,0.65,-278.892606520812,471.6934365300462,192.80083000923418,False
99,1,0.8,1196.9013517414503,23.702754313333482,1220.6041060547839,False
99,1,0.9,3634.340684174305,1.6809158962240103,3636.021600070529,False
99,2,keep,0.0,17.425086115798795,17.425086115798795,False
99,2,0.5,-1962.8241372111331,1599.6254190858426,-363.1987181252905,False
99,2,0.65,-1716.512683672613,483.0404219899285,-1233.4722616826846,False
99,2,0.8,-1393.0410608562318,36.84173798903252,-1356.1993228671993,True
99,2,0.9,-798.4548621320532,1.4251263350608114,-797.0297357969924,False
99,3,keep,0.0,27.133368031367013,27.133368031367013,True
99,3,0.5,-298.5855028855388,749.7936848041492,451.20818191861036,False
99,3,0.65,-166.69297984762133,229.45426516437027,62.76128531674894,False
99,3,0.8,37.95714148803918,21.489570974995992,59.44671246303517,False
99,3,0.9,512.1707617508476,1.041723991540567,513.2124857423883,False
100,1,keep,0.0,95.07261994409753,95.07261994409753,True
100,1,0.5,-282.6699265154248,856.4906093900704,573.8206828746456,False
100,1,0.65,4.3633215758260135,97.66849376070356,102.03181533652958,False
100,1,0.8,823.5455190745636,11.90218518127326,835.4477042558368,False
100,1,0.9,1849.8156128620265,0.2585514958487428,1850.0741643578751,False
100,2,keep,0.0,10.202387877005595,10.202387877005595,False
100,2,0.5,-437.3119132679865,953.682163727884,516.3702504598975,False
100,2,0.65,-270.0407847836678,244.95951981403323,-25.08126496963456,True
100,2,0.8,-30.939473878841262,13.239106776975788,-17.700367101865474,False
100,2,0.9,588.7450991008153,0.2588585214892269,589.0039576223045,False
100,3,keep,0.0,434.2407012932722,434.2407012932722,False
100,3,0.5,-43.64420863744089,572.0420591732402,528.3978505357993,False
100,3,0.65,235.31224036382858,170.7775504131614,406.08979077698996,True
100,3,0.8,743.2460580737054,12.298370096298077,755.5444281700035,False
100,3,0.9,1231.512262101371,0.34313427863979074,1231.855396380011,False
101,1,keep,0.0,4.588145426264867,4.588145426264867,False
101,1,0.5,-934.45758028468,796.8691610913829,-137.5884191932971,False
101,1,0.65,-708.8475138297092,145.18593289336133,-563.661580936348,True
101,1,0.8,-426.96118627914905,12.121796558764776,-414.83938972038425,False
101,1,0.9,262.46436792255463,0.124358914218971,262.5887268367736,False
101,2,keep,0.0,342.82050860796573,342.82050860796573,True
101,2,0.5,-122.00705221591431,938.4532507287711,816.4461985128568,False
101,2,0.65,151.7445655564513,220.99757249933646,372.7421380557878,False
101,2,0.8,856.9635233742113,16.60788396816644,873.5714073423777,False
101,2,0.9,1587.2538370459386,0.1914617441183769,1587.445298790057,False
101,3,keep,0.0,383.1971779335961,383.1971779335961,True
101,3,0.5,-40.175189088058815,513.9014234002835,473.72623431222473,False
101,3,0.65,214.1309386773832,172.3161346406867,386.4470733180699,False
101,3,0.8,725.7204023973688,13.765558817266937,739.4859612146358,False
101,3,0.9,1243.9464912791482,0.3178218496287404,1244.2643131287768,False
102,1,keep,0.0,12.74216451684796,12.74216451684796,False
102,1,0.5,-1685.9126815627558,2383.4465679195355,697.5338863567797,False
102,1,0.65,-1130.986257413897,464.7106576977018,-666.2755997161952,True
102,1,0.8,-438.6446464916366,32.37872748652596,-406.2659190051106,False
102,1,0.9,1594.725025903118,0.6004741437617507,1595.3255000468798,False
102,2,keep,0.0,2298.7596920104656,2298.7596920104656,False
102,2,0.5,201.88040843240682,1765.2177911442668,1967.0981995766736,False
102,2,0.65,827.1256144958056,525.020622240493,1352.1462367362988,True
102,2,0.8,1824.2325274650207,36.58301591391662,1860.8155433789373,False
102,2,0.9,3022.1471186372682,0.5778910933278439,3022.725009730596,False
102,3,keep,0.0,606.2465933817284,606.2465933817284,False
102,3,0.5,-13.962563975366578,642.5659295087943,628.6033655334277,False
102,3,0.65,270.55217324277845,184.54800566228622,455.1001789050647,True
102,3,0.8,797.8012942876948,15.232288820083404,813.0335831077782,False
102,3,0.9,1360.6682902228208,0.2675002982520225,1360.935790521073,False
103,1,keep,0.0,17.62257562552357,17.62257562552357,False
103,1,0.5,-3791.0374281232866,1724.9634550251067,-2066.07397309818,False
103,1,0.65,-3461.739456663203,524.9110273050486,-2936.828429358154,True
103,1,0.8,-2813.0983099498812,41.94456302244815,-2771.153746927433,False
103,1,0.9,-1667.8257721236384,0.7737898914434236,-1667.051982232195,False
103,2,keep,0.0,1859.372968170829,1859.372968170829,False
103,2,0.5,160.6410878865321,1175.6103996730376,1336.2514875595698,False
103,2,0.65,641.7364663293904,461.76065396360264,1103.497120292993,True
103,2,0.8,1662.55089873919,38.61083633238482,1701.1617350715749,False
103,2,0.9,2812.913971254099,0.7055282892306256,2813.6194995433298,False
103,3,keep,0.0,2414.375278028382,2414.375278028382,False
103,3,0.5,579.5421301371279,675.0313627380053,1254.573492875133,False
103,3,0.65,861.4391274714357,199.24795082278882,1060.6870782942244,True
103,3,0.8,1391.569437147084,16.26973464393216,1407.8391717910163,False
103,3,0.9,1940.1505064419905,0.3476116067893917,1940.4981180487798,False
104,1,keep,0.0,4942.86640893637,4942.86640893637,False
104,1,0.5,990.3885454178532,2398.31571242455,3388.704257842403,False
104,1,0.65,2079.466568944915,667.3036477456512,2746.770216690566,True
104,1,0.8,4068.1127052192574,62.86652974668062,4130.979234965938,False
104,1,0.9,6728.998930657868,0.8433903677291862,6729.842321025598,False
104,2,keep,0.0,52.98673830618442,52.98673830618442,False
104,2,0.5,-1212.4438503636893,1871.2081770209559,658.7643266572666,False
104,2,0.65,-951.4738922995425,573.7274449068552,-377.7464473926873,False
104,2,0.8,-439.84572773463645,37.01452896889094,-402.8311987657455,True
104,2,0.9,421.1603508573993,0.6763001498975242,421.83665100729684,False
104,3,keep,0.0,33.306556881725115,33.306556881725115,True
104,3,0.5,-286.3772229877503,730.2930362553,443.91581326754965,False
104,3,0.65,-152.81814827963933,218.34565049206878,65.52750221242945,False
104,3,0.8,76.11427746046772,20.321216803751604,96.43549426421933,False
104,3,0.9,627.68574535314,0.4714920754841603,628.1572374286242,False
105,1,keep,0.0,4476.235742867578,4476.235742867578,False
105,1,0.5,441.92733256115025,2876.5095583238744,3318.4368908850247,False
105,1,0.65,1489.3536885583917,804.5039801920788,2293.8576687504706,True
105,1,0.8,3104.9101057582325,70.6385798003445,3175.548685558577,False
105,1,0.9,5649.206250162911,0.9680241824453446,5650.174274345356,False
105,2,keep,0.0,111.1180794710362,111.1180794710362,False
105,2,0.5,-1177.0259978458216,2279.9665127207645,1102.940514874943,False
105,2,0.65,-872.3344230864853,689.855195962308,-182.47922712417733,True
105,2,0.8,-199.8948606115627,48.285299338619865,-151.60956127294284,False
105,2,0.9,623.4786138522657,0.8268627943265727,624.3054766465922,False
105,3,keep,0.0,190.3712820821965,190.3712820821965,True
105,3,0.5,-148.80672065166445,773.8218989296764,625.015178278012,False
105,3,0.65,-14.024956346805096,237.040122227108,223.0151658803029,False
105,3,0.8,509.6090499413618,21.3835862756042,530.9926362169659,False
105,3,0.9,1052.555489895202,0.5287442302510075,1053.0842341254531,False
106,1,keep,0.0,5735.252469577736,5735.252469577736,False
106,1,0.5,932.1574492091062,1663.3597106353511,2595.517159844457,False
106,1,0.65,2089.331339217255,174.22478687839683,2263.556126095652,True
106,1,0.8,3616.7364894856705,26.662227453701483,3643.398716939372,False
106,1,0.9,6132.773855501349,0.9005155371078937,6133.674371038457,False
106,2,keep,0.0,29.607897402854938,29.607897402854938,False
106,2,0.5,-1158.9983956978954,2275.927331942017,1116.9289362441218,False
106,2,0.65,-856.4323304513265,704.1967422183519,-152.23558823297458,False
106,2,0.8,-307.4674713656682,43.35030607650592,-264.11716528916224,True
106,2,0.9,367.3870170546935,0.8393546234896687,368.22637167818317,False
106,3,keep,0.0,20.69743150467673,20.69743150467673,True
106,3,0.5,-318.7221146607438,790.9261676380223,472.20405297727854,False
106,3,0.65,-187.2021861377275,250.53424890737057,63.33206276964307,False
106,3,0.8,9.682753422631107,19.37091232846196,29.053665751093064,False
106,3,0.9,530.714885235663,0.49452515780523165,531.2094103934683,False
107,1,keep,0.0,8.548591015402941,8.548591015402941,False
107,1,0.5,-600.24399365311,945.9339339922614,345.68994033915135,False
107,1,0.65,-392.0646166665384,222.69267204556107,-169.37194462097736,True
107,1,0.8,-100.58148795013037,14.661585797619352,-85.91990215251101,False
107,1,0.9,662.4110144834445,0.2634723511103064,662.6744868345548,False
107,2,keep,0.0,484.3862967013366,484.3862967013366,False
107,2,0.5,-99.39128661113679,1028.241031296928,928.8497446857912,False
107,2,0.65,208.49846489052257,256.3723466653755,464.87081155589806,True
107,2,0.8,946.9748834344678,13.29443113593144,960.2693145703992,False
107,2,0.9,1618.9983123981278,0.2306500043833509,1619.2289624025111,False
107,3,keep,0.0,52.615958170818715,52.615958170818715,True
107,3,0.5,-154.52556360869303,541.0115575642643,386.4859939555713,False
107,3,0.65,-44.41724272130332,132.71106695924038,88.29382423793706,False
107,3,0.8,357.54003693005274,4.660301588518962,362.2003385185717,False
107,3,0.9,809.3029820047126,0.23624910507711042,809.5392311097897,False
108,1,keep,0.0,3.617477799944335,3.617477799944335,False
108,1,0.5,-537.968080019299,930.6840134155818,392.7159333962828,False
108,1,0.65,-344.8505365281491,243.6462107420156,-101.20432578613352,True
108,1,0.8,-55.643708686516796,9.617916189485731,-46.02579249703106,False
108,1,0.9,746.135993124654,0.3399596401282634,746.4759527647823,False
108,2,keep,0.0,2608.2160920810693,2608.2160920810693,False
108,2,0.5,512.0881872967723,1159.096586208917,1671.1847735056892,False
108,2,0.65,992.778027664907,298.1687360758382,1290.9467637407452,True
108,2,0.8,1774.2717422808712,12.229201506268078,1786.5009437871392,False
108,2,0.9,2490.4187690112267,0.27995867269789565,2490.6987276839245,False
108,3,keep,0.0,76.3323841804966,76.3323841804966,True
108,3,0.5,-140.61187287839383,559.5870595035698,418.975186625176,False
108,3,0.65,-31.27009847307751,142.22518925341618,110.95509078033867,False
108,3,0.8,393.8393468150734,5.515413615960983,399.3547604310344,False
108,3,0.9,858.0152158960067,0.26980819900389585,858.2850240950106,False
109,1,keep,0.0,72.51954608633913,72.51954608633913,True
109,1,0.5,-948.2058630942141,2480.530975641017,1532.3251125468028,False
109,1,0.65,-447.1120559570145,739.1983725890741,292.0863166320596,False
109,1,0.8,808.662348148933,55.05126707879422,863.7136152277272,False
109,1,0.9,3036.2624662538888,1.3409461433001908,3037.603412397189,False
109,2,keep,0.0,177.909814640102,177.909814640102,True
109,2,0.5,-634.9069641185431,2181.7646782859656,1546.8577141674225,False
109,2,0.65,-313.10618987924266,521.3754643425536,208.26927446331098,False
109,2,0.8,325.8179999875072,42.555403201881326,368.37340318938857,False
109,2,0.9,1251.5099936128581,0.8990627629116744,1252.4090563757698,False
109,3,keep,0.0,32.54200266575489,32.54200266575489,True
109,3,0.5,-298.07346070445504,830.1806106165782,532.1071499121231,False
109,3,0.65,-171.75559935725408,282.57076172811065,110.81516237085657,False
109,3,0.8,45.59620266451438,24.245351590700167,69.84155425521455,False
109,3,0.9,592.2341637976319,0.5042446506127378,592.7384084482446,False
110,1,keep,0.0,17.033318543234262,17.033318543234262,False
110,1,0.5,-2793.961220734873,1824.750760401554,-969.2104603333191,False
110,1,0.65,-2503.016058113667,645.1054912885965,-1857.9105668250704,False
110,1,0.8,-2099.6483776638443,61.60768187974572,-2038.0406957840985,True
110,1,0.9,-1310.919120910037,1.060106161627688,-1309.8590147484092,False
110,2,keep,0.0,224.47159402383159,224.47159402383159,True
110,2,0.5,-378.6930175938516,1731.4869382129125,1352.7939206190608,False
110,2,0.65,-108.05973919086243,353.1968339253608,245.13709473449836,False
110,2,0.8,492.5511127901949,43.965838263442116,536.5169510536371,False
110,2,0.9,1404.6255203524138,0.8569532489958744,1405.4824736014098,False
110,3,keep,0.0,28.434165920168745,28.434165920168745,True
110,3,0.5,-299.77141074813494,778.2330105518287,478.46159980369373,False
110,3,0.65,-174.36165572700156,265.47209320855495,91.11043748155339,False
110,3,0.8,32.868656052636965,22.520126956595224,55.388783009232185,False
110,3,0.9,581.5791902599268,0.49357408986238627,582.0727643497892,False
111,1,keep,0.0,7307.107872919407,7307.107872919407,False
111,1,0.5,1388.438436063055,2057.5723174993163,3446.010753562371,False
111,1,0.65,2723.7018067957683,650.5493300069674,3374.251136802736,True
111,1,0.8,4596.301262153277,89.93658105259769,4686.237843205875,False
111,1,0.9,6976.47594904574,2.6630568854044814,6979.139005931144,False
111,2,keep,0.0,175.66162355423128,175.66162355423128,False
111,2,0.5,-1039.3411216311172,2420.1575795764597,1380.8164579453426,False
111,2,0.65,-734.3369900937694,746.1447811679654,11.807791074196075,True
111,2,0.8,-22.343901683985337,59.7839423887103,37.440040704724964,False
111,2,0.9,817.7359617311542,1.3955546951129232,819.1315164262671,False
111,3,keep,0.0,246.28771784996425,246.28771784996425,True
111,3,0.5,-139.8443550189432,887.654756231886,747.8104012129429,False
111,3,0.65,-13.409424220128212,299.50005352923984,286.09062930911165,False
111,3,0.8,504.1388269665546,29.703804916256615,533.8426318828112,False
111,3,0.9,1043.7809739833117,0.7439190126727231,1044.5248929959844,False
112,1,keep,0.0,6235.063503241907,6235.063503241907,False
112,1,0.5,997.2844139424647,1600.7998462029382,2598.084260145403,False
112,1,0.65,2085.5141616133124,371.79495532587805,2457.3091169391905,True
112,1,0.8,3809.452041830692,78.63399802905026,3888.0860398597424,False
112,1,0.9,6278.751133087838,2.4017352965706245,6281.152868384408,False
112,2,keep,0.0,198.2143438214364,198.2143438214364,True
112,2,0.5,-521.9306060452923,2384.0434519876503,1862.112845942358,False
112,2,0.65,-187.5197293127909,560.2244970960962,372.70476778330533,False
112,2,0.8,543.7462451255969,45.84080044811085,589.5870455737078,False
112,2,0.9,1553.9738730457127,0.9436327530410353,1554.9175057987538,False
112,3,keep,0.0,44.44199503856473,44.44199503856473,True
112,3,0.5,-237.2083191839052,871.6984145841294,634.4900954002242,False
112,3,0.65,-112.73345488086647,302.2553288167825,189.521873935916,False
112,3,0.8,204.9610834536612,28.998199503845576,233.95928295750676,False
112,3,0.9,763.5609015536266,0.6210110943276752,764.1819126479543,False
113,1,keep,0.0,69.04058305179416,69.04058305179416,False
113,1,0.5,-839.7922636047475,2035.0639910419536,1195.2717274372062,False
113,1,0.65,-552.6839408067999,754.1595619486552,201.4756211418553,False
113,1,0.8,-115.62089974939519,82.39387175166745,-33.227027997727745,True
113,1,0.9,976.5856080068049,2.530313289161095,979.115921295966,False
113,2,keep,0.0,552.6017157667587,552.6017157667587,False
113,2,0.5,-284.71909593685155,1704.9447220243337,1420.2256260874822,False
113,2,0.65,37.010621067019656,454.0269106673207,491.03753173434035,True
113,2,0.8,724.1611889795031,53.40728861292098,777.5684775924241,False
113,2,0.9,1621.5218742825652,1.2017662216642182,1622.7236405042295,False
113,3,keep,0.0,35.013756712497305,35.013756712497305,True
113,3,0.5,-254.4629875399162,898.9243771262653,644.4613895863491,False
113,3,0.65,-127.06060905945311,309.17858865960926,182.11797960015616,False
113,3,0.8,183.7651163900289,28.266033152477974,212.03114954250688,False
113,3,0.9,722.0040582980754,0.6757526794100321,722.6798109774854,False
114,1,keep,0.0,12.451532072263067,12.451532072263067,False
114,1,0.5,-674.2584996766624,1111.0519542074785,436.7934545308161,False
114,1,0.65,-475.78804798130756,323.5635329092701,-152.22451507203743,False
114,1,0.8,-183.81706086741679,19.85683881067478,-163.960222056742,True
114,1,0.9,427.36064627361424,1.4200260434527396,428.780672317067,False
114,2,keep,0.0,0.7001876669152487,0.7001876669152487,False
114,2,0.5,-689.7331602861453,1039.6477159631818,349.91455567703645,False
114,2,0.65,-521.934901426129,254.4894835894801,-267.44541783664897,False
114,2,0.8,-289.73275094355785,11.323708716897347,-278.4090422266605,True
114,2,0.9,107.58591047324342,0.11860884450493107,107.70451931774835,False
114,3,keep,0.0,4.2686245038921715,4.2686245038921715,False
114,3,0.5,-284.93652841389905,612.718549381397,327.78202096749794,False
114,3,0.65,-180.1354783688878,171.42762302000074,-8.707855348887051,False
114,3,0.8,-25.01195077896069,9.221299043076,-15.790651735884689,True
114,3,0.9,392.6770663066013,0.0901018719449594,392.7671681785463,False
115,1,keep,0.0,2.1328835352545332,2.1328835352545332,False
115,1,0.5,-723.1289269851378,1111.523807108843,388.3948801237051,False
115,1,0.65,-521.662565657509,264.9230863463709,-256.73947931113815,True
115,1,0.8,-238.68328168439268,18.20925545322544,-220.47402623116724,False
115,1,0.9,247.24545717836168,0.4025695303247098,247.6480267086864,False
115,2,keep,0.0,945.3807055974188,945.3807055974188,False
115,2,0.5,-29.146024471953083,1027.3829269587984,998.2369024868453,False
115,2,0.65,439.3293251873914,277.0140119444038,716.3433371317952,True
115,2,0.8,1157.6737137149662,12.191237450618715,1169.864951165585,False
115,2,0.9,1848.87789858834,0.17754604556759152,1849.0554446339077,False
115,3,keep,0.0,67.76004365788025,67.76004365788025,True
115,3,0.5,-156.6143136192538,642.7335978520845,486.11928423283064,False
115,3,0.65,-47.25960117206933,172.9515659094579,125.69196473738859,False
115,3,0.8,335.72020533959244,8.360616377894738,344.0808217174872,False
115,3,0.9,785.286486222104,0.09154073539767157,785.3780269575017,False
116,1,keep,0.0,905.8416745050839,905.8416745050839,False
116,1,0.5,-428.58725172189264,2814.8521286580303,2386.2648769361376,False
116,1,0.65,491.9754696567222,394.59167605531565,886.5671457120379,True
116,1,0.8,2043.3664633323115,90.41018130644699,2133.7766446387586,False
116,1,0.9,4220.109107525579,4.1209507342397185,4224.230058259819,False
116,2,keep,0.0,175.76591014704837,175.76591014704837,False
116,2,0.5,-801.8257755057302,2045.4509464355654,1243.6251709298351,False
116,2,0.65,-551.9421559776383,712.680424158269,160.7382681806307,False
116,2,0.8,15.310897748423542,69.45174717701411,84.76264492543766,True
116,2,0.9,806.4903819328707,2.1345037772477387,808.6248857101184,False
116,3,keep,0.0,52.89449800119892,52.89449800119892,True
116,3,0.5,-307.9614784138289,1005.0268601955248,697.0653817816959,False
116,3,0.65,-170.21566161259864,351.56439806608034,181.3487364534817,False
116,3,0.8,38.584506706316915,40.56846549124701,79.15297219756393,False
116,3,0.9,586.3452320543001,1.4765360418018985,587.821768096102,False
117,1,keep,0.0,157.73956325723069,157.73956325723069,True
117,1,0.5,-1034.909150189717,3473.509792023773,2438.600641834056,False
117,1,0.65,-366.4810069437843,852.4004556879818,485.9194487441975,False
117,1,0.8,1095.3186142275151,74.34209488175507,1169.66070910927,False
117,1,0.9,3329.2721169294728,4.3649527853324175,3333.637069714805,False
117,2,keep,0.0,57.13752975281193,57.13752975281193,False
117,2,0.5,-1703.8876959490349,2657.5193689042294,953.6316729551945,False
117,2,0.65,-1391.1756198936403,951.828413196079,-439.3472066975612,False
117,2,0.8,-965.2554389496997,97.76128937407753,-867.4941495756223,True
117,2,0.9,-210.27473229423515,2.325167170569137,-207.94956512366602,False
117,3,keep,0.0,41.39050657148568,41.39050657148568,True
117,3,0.5,-318.2036528513028,1017.0985860935642,698.8949332422615,False
117,3,0.65,-184.14127680257263,366.6638889162931,182.52261211372047,False
117,3,0.8,4.090391086684127,40.57790320565647,44.6682942923406,False
117,3,0.9,564.4958142209421,1.2630700080353525,565.7588842289774,False
118,1,keep,0.0,207.9466942403292,207.9466942403292,True
118,1,0.5,-845.531710463599,2581.2257164491157,1735.6940059855167,False
118,1,0.65,-530.4121043624306,1014.2697467082313,483.85764234580074,False
118,1,0.8,110.40854016974939,121.00782985571753,231.4163700254669,False
118,1,0.9,1412.2683722882314,4.243499093975641,1416.5118713822071,False
118,2,keep,0.0,249.26931490758813,249.26931490758813,True
118,2,0.5,-613.1808094990043,2205.903154236628,1592.7223447376236,False
118,2,0.65,-324.6467777653151,579.043691513616,254.39691374830085,False
118,2,0.8,262.23803656429595,67.2515276579349,329.48956422223085,False
118,2,0.9,1186.876624985144,1.7575725635770545,1188.634197548721,False
118,3,keep,0.0,82.94883228322752,82.94883228322752,True
118,3,0.5,-287.70459459704557,1051.469801178124,763.7652065810785,False
118,3,0.65,-147.09295768644117,356.68773946065323,209.59478177421207,False
118,3,0.8,112.7825615935631,39.98039396590505,152.76295555946814,False
118,3,0.9,694.3617421410618,1.0526891680767794,695.4144313091385,False
119,1,keep,0.0,23.304205234130563,23.304205234130563,True
119,1,0.5,-1269.7224358760093,2970.8373885683804,1701.1149526923712,False
119,1,0.65,-812.4337952175113,1008.8145423431398,196.38074712562855,False
119,1,0.8,289.60316060225125,21.758952514358445,311.3621131166097,False
119,1,0.9,2025.4622313662578,1.0769546107964696,2026.5391859770543,False
119,2,keep,0.0,19.099369409514857,19.099369409514857,False
119,2,0.5,-1129.0064303749402,2333.372279025815,1204.3658486508746,False
119,2,0.65,-757.6600450698617,691.3642504945071,-66.29579457535453,False
119,2,0.8,-312.5297413973683,67.60543384371846,-244.92430755364984,True
119,2,0.9,522.6821911434251,0.7055117927885884,523.3877029362137,False
119,3,keep,0.0,56.6987898349262,56.6987898349262,True
119,3,0.5,-312.80705298548855,1073.9468467511404,761.1397937656518,False
119,3,0.65,-168.24780953500232,366.0126193217768,197.7648097867745,False
119,3,0.8,54.956948339288665,40.093451239631534,95.0503995789202,False
119,3,0.9,636.1244174206439,1.0180809163944826,637.1424983370384,False
120,1,keep,0.0,107.18621326179135,107.18621326179135,False
120,1,0.5,-1012.2360059187379,2628.59547567354,1616.3594697548021,False
120,1,0.65,-709.6412425702522,1044.6422794692971,335.00103689904495,False
120,1,0.8,-231.9482214651789,135.16641706698823,-96.78180439819067,True
120,1,0.9,1408.3375834768217,4.575733267186322,1412.913316744008,False
120,2,keep,0.0,37.32398980678185,37.32398980678185,False
120,2,0.5,-680.3267769537949,2127.888572538763,1447.5617955849682,False
120,2,0.65,-409.4751195389514,737.776330094109,328.3012105551576,False
120,2,0.8,-64.97820697316921,71.7354547179932,6.757247744823999,True
120,2,0.9,732.9914066588883,1.473255034085406,734.4646616929737,False
120,3,keep,0.0,338.4293352724744,338.4293352724744,False
120,3,0.5,-214.06788612600224,1121.3284734697459,907.2605873437436,False
120,3,0.65,-57.057982077597245,371.51186522214505,314.45388314454783,True
120,3,0.8,355.6823588153584,43.97811484904219,399.66047366440057,False
120,3,0.9,936.0016351379683,1.2424564127568494,937.2440915507251,False
121,1,keep,0.0,45.387930488309046,45.387930488309046,False
121,1,0.5,-727.2522984020677,2035.0364435336924,1307.7841451316247,False
121,1,0.65,-494.1876497255542,760.348767748784,266.1611180232298,False
121,1,0.8,-158.0835350915759,138.45324525106997,-19.630289840505924,True
121,1,0.9,605.8616216268931,6.654581248769622,612.5162028756628,False
121,2,keep,0.0,41.409010828072915,41.409010828072915,False
121,2,0.5,-675.7261393878435,1764.9942721296172,1089.2681327417736,False
121,2,0.65,-475.08900315080916,624.3205402461946,149.23153709538542,False
121,2,0.8,-207.14433317219664,105.06215355464181,-102.08217961755483,True
121,2,0.9,418.55089461069065,4.052898067350268,422.6037926780409,False
121,3,keep,0.0,457.650935896126,457.650935896126,True
121,3,0.5,-203.32558222724177,1170.2849343916953,966.9593521644535,False
121,3,0.65,-79.35874802967042,549.9469209378439,470.5881729081734,False
121,3,0.8,385.2315884505259,79.66921757709952,464.90080602762544,False
121,3,0.9,996.4480646388876,4.144466087891931,1000.5925307267795,False
122,1,keep,0.0,95.81486662629577,95.81486662629577,False
122,1,0.5,-817.2942401782657,2224.289400105308,1406.995159927042,False
122,1,0.65,-590.5772130190669,879.4704584403663,288.8932454212994,False
122,1,0.8,-262.5756976768251,145.70554267886465,-116.87015499796044,True
122,1,0.9,521.5046707087303,9.633383970897093,531.1380546796273,False
122,2,keep,0.0,101.90458181606189,101.90458181606189,True
122,2,0.5,-467.7894818909946,1980.2929473475936,1512.5034654565989,False
122,2,0.65,-266.3771480294739,773.0077760677011,506.6306280382272,False
122,2,0.8,25.459799728461125,99.2738910173108,124.73369074577192,False
122,2,0.9,953.9170543471266,5.809371578116522,959.7264259252431,False
122,3,keep,0.0,103.49917187011098,103.49917187011098,True
122,3,0.5,-317.3026085934373,1335.5980210189005,1018.2954124254632,False
122,3,0.65,-188.24654810057746,556.288939721097,368.04239162051954,False
122,3,0.8,10.12036196479748,100.83130635161456,110.95166831641204,False
122,3,0.9,720.5685844568208,6.69709617602791,727.2656806328487,False
123,1,keep,0.0,304.4790218083983,304.4790218083983,False
123,1,0.5,-1966.2484046227846,4336.506636325907,2370.258231703122,False
123,1,0.65,-1605.5768823414676,2134.7362923561996,529.159410014732,False
123,1,0.8,-1096.9161103352524,463.05078572544187,-633.8653246098105,True
123,1,0.9,85.44524217207743,41.48617848745494,126.93142065953236,False
123,2,keep,0.0,238.47326492354284,238.47326492354284,False
123,2,0.5,-1397.2226305015072,3394.4277261130997,1997.2050956115925,False
123,2,0.65,-1118.3167583115564,1669.4811907158708,551.1644324043143,False
123,2,0.8,-748.7509826198385,382.73863521771574,-366.01234740212277,True
123,2,0.9,160.53688763116895,34.50928341127734,195.0461710424463,False
123,3,keep,0.0,2129.5632578542977,2129.5632578542977,False
123,3,0.5,-21.903223260824973,2155.487544937562,2133.5843216767366,False
123,3,0.65,337.9472482903526,1114.4420301899386,1452.389278480291,False
123,3,0.8,885.700793082107,258.8497841479313,1144.5505772300382,True
123,3,0.9,1644.1840857147258,29.41259385849893,1673.5966795732247,False
124,1,keep,0.0,397.57178957818184,397.57178957818184,False
124,1,0.5,-2589.346156897203,6022.333846457586,3432.9876895603834,False
124,1,0.65,-1894.5808726670718,2677.996236846111,783.4153641790392,False
124,1,0.8,-917.0318636504194,704.7723917551234,-212.25947189529597,True
124,1,0.9,1061.5566666297455,153.23533774470792,1214.7920043744534,False
124,2,keep,0.0,816.763801587661,816.763801587661,False
124,2,0.5,-1434.305963304142,4197.68083029314,2763.3748669889983,False
124,2,0.65,-1129.9829022870592,2204.903524210975,1074.9206219239156,False
124,2,0.8,-614.5255739274988,706.4866818905351,91.96110796303628,True
124,2,0.9,900.218883936601,155.41338928969455,1055.6322732262954,False
124,3,keep,0.0,1436.238519720619,1436.238519720619,False
124,3,0.5,-257.6822072912841,2736.3789774634574,2478.6967701721733,False
124,3,0.65,-42.51311868601796,1520.54027083498,1478.027152148962,False
124,3,0.8,541.9986492098269,500.87047785416047,1042.8691270639874,True
124,3,0.9,1725.798718411938,147.83395855129604,1873.632676963234,False
125,1,keep,0.0,4048.391515370533,4048.391515370533,False
125,1,0.5,-3.075427363423273,4416.833934605902,4413.758507242479,False
125,1,0.65,1263.1638947166516,1132.3967785722868,2395.5606732889382,True
125,1,0.8,2956.2192292614063,549.0534477487687,3505.272677010175,False
125,1,0.9,5542.124917355098,206.20190302834507,5748.326820383443,False
125,2,keep,0.0,766.989287590446,766.989287590446,True
125,2,0.5,-827.2758143802571,4689.126370364319,3861.850555984062,False
125,2,0.65,-439.4934035428152,2401.6957512003455,1962.2023476575303,False
125,2,0.8,308.61028369151165,617.8126978194047,926.4229815109163,False
125,2,0.9,1968.018959224737,203.2845592741803,2171.3035184989176,False
125,3,keep,0.0,719.5033442162394,719.5033442162394,True
125,3,0.5,-356.70209636868094,2943.780094502037,2587.0779981333562,False
125,3,0.65,-171.97732299552,1671.348333157574,1499.371010162054,False
125,3,0.8,299.47508946400075,572.8429864601108,872.3180759241116,False
125,3,0.9,1457.193056955741,199.46904857610446,1656.6621055318456,False
126,1,keep,0.0,2101.3788087407193,2101.3788087407193,False
126,1,0.5,-618.2034627964964,5828.783768086694,5210.580305290197,False
126,1,0.65,518.5743490242652,1424.8311860936924,1943.4055351179577,True
126,1,0.8,2162.768275290447,858.9841230802667,3021.7523983707138,False
126,1,0.9,5038.288291785959,284.8861089742418,5323.174400760201,False
126,2,keep,0.0,730.7665111694382,730.7665111694382,True
126,2,0.5,-949.4712895246787,4782.4314106455895,3832.960121120911,False
126,2,0.65,-516.4812118873248,2389.4392659048335,1872.9580540175089,False
126,2,0.8,222.0180630270346,686.5467704015,908.5648334285346,False
126,2,0.9,1811.3297879890863,269.30261186270184,2080.6323998517883,False
126,3,keep,0.0,733.2966180900019,733.2966180900019,True
126,3,0.5,-388.7068435162895,3095.0280663311287,2706.321222814839,False
126,3,0.65,-187.4409922697482,1720.5091909632679,1533.0681986935197,False
126,3,0.8,261.5929287965736,638.8438586086315,900.4367874052051,False
126,3,0.9,1397.8833629343144,267.4658817076555,1665.34924464197,False
127,1,keep,0.0,1313.1037409732255,1313.1037409732255,False
127,1,0.5,-2677.4795739279252,6722.106349323752,4044.6267753958264,False
127,1,0.65,-2044.4308772245456,3229.154168222006,1184.7232909974603,False
127,1,0.8,-1044.6780481502626,1093.3928452029427,48.71479705268007,True
127,1,0.9,818.8665284570299,363.2509877917614,1182.1175162487912,False
127,2,keep,0.0,1037.6430771407352,1037.6430771407352,False
127,2,0.5,-1037.3661273124103,4946.02897615923,3908.66284884682,False
127,2,0.65,-598.7124121395065,2081.1988438583967,1482.4864317188903,False
127,2,0.8,119.99925472486751,802.696105021629,922.6953597464965,True
127,2,0.9,1780.9979238895367,349.63437490381597,2130.6322987933527,False
127,3,keep,0.0,743.488065213142,743.488065213142,True
127,3,0.5,-505.4389553983642,3246.0134927931713,2740.574537394807,False
127,3,0.65,-305.27806896546326,1882.33247387255,1577.0544049070868,False
127,3,0.8,-33.921267123123236,825.038738946453,791.1174718233298,False
127,3,0.9,1046.2732624780022,352.78757713305583,1399.0608396110579,False
128,1,keep,0.0,1158.0607521916854,1158.0607521916854,False
128,1,0.5,-733.63177985065,4802.562047658769,4068.9302678081194,False
128,1,0.65,-417.6125983245557,2611.465308947625,2193.8527106230695,False
128,1,0.8,222.5205039680731,786.3933729379881,1008.9138769060612,True
128,1,0.9,1744.4132287457062,55.29407583162689,1799.7073045773332,False
128,2,keep,0.0,577.1400313741187,577.1400313741187,True
128,2,0.5,-760.6050769487348,4362.10587567045,3601.500798721715,False
128,2,0.65,-493.2126199543368,2442.367794142876,1949.1551741885391,False
128,2,0.8,-126.37069436581277,717.8043712003456,591.4336768345329,False
128,2,0.9,1151.7865672217315,39.98603755967011,1191.7726047814017,False
128,3,keep,0.0,468.9050174400256,468.9050174400256,True
128,3,0.5,-489.5856961222035,3065.82969927114,2576.2440031489364,False
128,3,0.65,-289.58439098885293,1676.4174124182623,1386.8330214294094,False
128,3,0.8,-21.17589469343982,528.4145095996289,507.23861490618907,False
128,3,0.9,1103.8889755935056,32.75715139054746,1136.6461269840531,False
129,1,keep,0.0,2267.6142369144573,2267.6142369144573,False
129,1,0.5,-385.8147638718849,4319.585703231702,3933.770939359817,False
129,1,0.65,61.08629357345605,2106.6323615204005,2167.718655093857,False
129,1,0.8,1075.5951089082516,722.3863787463521,1797.9814876546038,True
129,1,0.9,2739.973117636442,51.918568743687786,2791.89168638013,False
129,2,keep,0.0,300.4152340215716,300.4152340215716,True
129,2,0.5,-977.0815559925175,4102.670339648444,3125.588783655926,False
129,2,0.65,-710.1957372997109,2300.4182717611634,1590.2225344614526,False
129,2,0.8,-348.37148204965376,676.7200244749376,328.3485424252839,False
129,2,0.9,807.7341210117793,37.95355156518381,845.6876725769631,False
129,3,keep,0.0,293.738808954115,293.738808954115,True
129,3,0.5,-539.3060468584837,2804.721365675139,2265.4153188166556,False
129,3,0.65,-349.23027554838654,1586.7196086063254,1237.489333057939,False
129,3,0.8,-75.61464761779021,466.01305161341907,390.3984039956289,False
129,3,0.9,952.4242258985828,31.95492667662228,984.3791525752051,False
130,1,keep,0.0,1777.2004486041724,1777.2004486041724,False
130,1,0.5,-1633.2693653522936,7183.661184869858,5550.391819517564,False
130,1,0.65,-856.0994671358549,2532.858531317465,1676.75906418161,False
130,1,0.8,628.2116358698174,965.9421665034683,1594.1538023732858,True
130,1,0.9,2931.995640026088,398.50947551270247,3330.5051155387905,False
130,2,keep,0.0,976.3101884214938,976.3101884214938,False
130,2,0.5,-1738.2880940660282,4896.615410536216,3158.3273164701877,False
130,2,0.65,-1389.0513538961668,2694.5795804968793,1305.5282266007125,False
130,2,0.8,-841.3947769607497,914.7276537320247,73.33287677127498,True
130,2,0.9,728.1381582793409,377.8095900166772,1105.947748296018,False
130,3,keep,0.0,683.4340589564655,683.4340589564655,True
130,3,0.5,-517.8859789277212,3261.7778656221312,2743.89188669441,False
130,3,0.65,-308.5432609811812,1870.8048339738577,1562.2615729926765,False
130,3,0.8,-23.086014158782902,742.0484086565164,718.9623944977335,False
130,3,0.9,1110.5684918217953,378.65440087137233,1489.2228926931675,False
131,1,keep,0.0,10149.15646756021,10149.15646756021,False
131,1,0.5,1024.6590354973175,6448.400829656425,7473.059865153743,False
131,1,0.65,2655.795236021386,3217.975967227819,5873.771203249205,True
131,1,0.8,4865.978018561454,1201.3927197304101,6067.370738291864,False
131,1,0.9,7662.850339591329,436.3744266730917,8099.224766264421,False
131,2,keep,0.0,1459.3958333881844,1459.3958333881844,False
131,2,0.5,-1290.450172126896,4930.1119133312795,3639.6617412043834,False
131,2,0.65,-945.0170584801258,2638.0099405127685,1692.9928820326427,False
131,2,0.8,-82.81429995853705,1032.9281137343219,950.1138137757848,True
131,2,0.9,1485.6252170245734,409.716454750846,1895.3416717754194,False
131,3,keep,0.0,906.058370983586,906.058370983586,True
131,3,0.5,-504.1463036068162,3460.936484906026,2956.79018129921,False
131,3,0.65,-294.92331789903085,2045.3672782356725,1750.4439603366418,False
131,3,0.8,23.122740456602507,888.7783341496186,911.9010746062211,False
131,3,0.9,1229.3183693775206,399.7081655101424,1629.026534887663,False
132,1,keep,0.0,2110.9555437569943,2110.9555437569943,False
132,1,0.5,-3069.158067056492,7197.201909545288,4128.043842488796,False
132,1,0.65,-2387.9885655472453,3203.199142945758,815.2105773985127,False
132,1,0.8,-1004.438052703052,1261.6892527511272,257.25120004807525,True
132,1,0.9,1240.11492850868,443.6157186986077,1683.7306472072876,False
132,2,keep,0.0,879.3187652085472,879.3187652085472,True
132,2,0.5,-1111.9152796707117,5362.581900240812,4250.6666205701,False
132,2,0.65,-711.8162893714203,2928.2602986759266,2216.4440093045064,False
132,2,0.8,-175.64492850383328,1076.049718490474,900.4047899866408,False
132,2,0.9,1431.8183491185187,425.4405083177866,1857.2588574363053,False
132,3,keep,0.0,837.3275370320302,837.3275370320302,True
132,3,0.5,-555.8093956092492,3507.796228298737,2951.9868326894875,False
132,3,0.65,-338.7500991166966,2046.5691927771109,1707.8190936604142,False
132,3,0.8,-40.67941886790375,911.8912595052393,871.2118406373355,False
132,3,0.9,1080.3210832934885,417.4283504906258,1497.7494337841144,False
133,1,keep,0.0,949.7080777821487,949.7080777821487,True
133,1,0.5,-1487.3837543032225,7014.357560774605,5526.973806471383,False
133,1,0.65,-630.6868990703636,2952.8206169151285,2322.1337178447648,False
133,1,0.8,879.9547433266044,854.7027996363717,1734.657542962976,False
133,1,0.9,3464.397988215937,424.58864734373634,3888.9866355596732,False
133,2,keep,0.0,764.6543737874276,764.6543737874276,False
133,2,0.5,-2641.257056372095,4860.192508472658,2218.935452100563,False
133,2,0.65,-2312.998329270663,2776.2168953948612,463.21856612419833,False
133,2,0.8,-1865.2076621924393,1047.1317456786755,-818.0759165137638,True
133,2,0.9,-624.2636941774858,417.39039386390266,-206.87330031358317,False
133,3,keep,0.0,886.6309814238494,886.6309814238494,True
133,3,0.5,-512.132368557391,3435.480483105009,2923.348114547618,False
133,3,0.65,-300.2979870078289,2015.5502416721197,1715.2522546642908,False
133,3,0.8,12.393583416700896,875.3444858368052,887.7380692535062,False
133,3,0.9,1212.9272222560028,409.0215380420542,1621.948760298057,False
134,1,keep,0.0,1852.3251182490073,1852.3251182490073,True
134,1,0.5,-791.6661120315823,5983.671525481096,5192.005413449514,False
134,1,0.65,414.88616683118556,1589.1618629232612,2004.0480297544468,False
134,1,0.8,2194.0107556904445,1004.5055741650712,3198.516329855516,False
134,1,0.9,5108.009928091921,414.5156890622599,5522.525617154181,False
134,2,keep,0.0,771.2064593373011,771.2064593373011,False
134,2,0.5,-2333.8295116110885,4997.607972837489,2663.7784612264004,False
134,2,0.65,-1943.3505729572394,2756.5206084220777,813.1700354648383,False
134,2,0.8,-1420.069167969593,1048.8291503075425,-371.2400176620506,True
134,2,0.9,-88.21262049829159,406.9693395269569,318.7567190286653,False
134,3,keep,0.0,908.7363556284708,908.7363556284708,True
134,3,0.5,-507.1720795746774,3376.7052136103975,2869.53313403572,False
134,3,0.65,-292.7613765159967,1969.740465664706,1676.9790891487094,False
134,3,0.8,14.576629987836176,899.4655822511068,914.042212238943,False
134,3,0.9,1219.8528355297417,406.2173298773029,1626.0701654070447,False
135,1,keep,0.0,315.40267569240154,315.40267569240154,False
135,1,0.5,-1193.4010360727,4371.535012552117,3178.1339764794175,False
135,1,0.65,-876.7738349656815,2380.9287339084226,1504.154898942741,False
135,1,0.8,-439.7176950105931,734.4797791724862,294.76208416189314,True
135,1,0.9,681.1459432055459,79.51634258142496,760.6622857869709,False
135,2,keep,0.0,422.33943256075526,422.33943256075526,True
135,2,0.5,-794.0663171394282,3899.785007760326,3105.718690620898,False
135,2,0.65,-529.0387546348115,2166.3257442387303,1637.2869896039188,False
135,2,0.8,-155.65144628595144,644.2509574488062,488.5995111628547,False
135,2,0.9,1058.4464806277772,50.648119956081594,1109.094600583859,False
135,3,keep,0.0,265.3277632872396,265.3277632872396,True
135,3,0.5,-572.2344107115483,2797.067927458677,2224.8335167471287,False
135,3,0.65,-385.0015315096386,1627.7098128033672,1242.7082812937285,False
135,3,0.8,-90.50715711046833,466.7636422513414,376.2564851408731,False
135,3,0.9,885.4754335206386,44.98256091193891,930.4579944325775,False
136,1,keep,0.0,476.94344299490706,476.94344299490706,False
136,1,0.5,-1091.4258081404625,4384.7283803752925,3293.30257223483,False
136,1,0.65,-775.4318530091294,2393.0129394158976,1617.581086406768,False
136,1,0.8,-340.2385255433962,742.2018574633015,401.96333191990533,True
136,1,0.9,914.2292845439079,81.89240795208595,996.1216924959938,False
136,2,keep,0.0,683.6004329349676,683.6004329349676,False
136,2,0.5,-657.0822548163073,4006.2363287561575,3349.15407393985,False
136,2,0.65,-390.00936891104493,2263.8970032305397,1873.8876343194947,False
136,2,0.8,38.27356692915021,632.6699287549806,670.9434956841308,True
136,2,0.9,1498.0486149938972,52.60780712036767,1550.6564221142648,False
136,3,keep,0.0,505.1730328494935,505.1730328494935,True
136,3,0.5,-508.03105089331314,3006.921799842247,2498.890748948934,False
136,3,0.65,-301.5329203993211,1633.4941162313796,1331.9611958320586,False
136,3,0.8,-1.0676349065415087,507.18736445240324,506.11972954586173,False
136,3,0.9,1145.601650246645,47.85921121624402,1193.460861462889,False
137,1,keep,0.0,1196.0033066841272,1196.0033066841272,False
137,1,0.5,-2693.9191441701464,6858.453282100009,4164.5341379298625,False
137,1,0.65,-1987.4987249798457,3220.3718166691197,1232.873091689274,False
137,1,0.8,-1053.7444006298363,1161.3863494284071,107.64194879857087,True
137,1,0.9,926.3701292620834,449.45536372154686,1375.8254929836303,False
137,2,keep,0.0,837.8558474638144,837.8558474638144,False
137,2,0.5,-1731.4195235653342,4759.069645574137,3027.650122008803,False
137,2,0.65,-1381.2540310778895,2655.915677577188,1274.6616464992985,False
137,2,0.8,-906.3852494397208,1021.4728674595278,115.087618019807,True
137,2,0.9,459.81683275766886,443.8793378395439,903.6961705972128,False
137,3,keep,0.0,861.3475000362536,861.3475000362536,True
137,3,0.5,-544.6719839709106,3317.992558921226,2773.320574950316,False
137,3,0.65,-324.714458303699,1928.0868181532232,1603.3723598495242,False
137,3,0.8,-13.733204986736462,883.4471913539194,869.7139863671829,False
137,3,0.9,1145.7524314860532,440.3476003565687,1586.1000318426218,False
138,1,keep,0.0,1047.6998417311129,1047.6998417311129,False
138,1,0.5,-1605.9272636704563,5138.730745327686,3532.80348165723,False
138,1,0.65,-1168.4403557533658,2654.1650150069145,1485.7246592535487,False
138,1,0.8,-466.2591566670619,975.6517639872836,509.3926073202217,True
138,1,0.9,1632.0923468128658,447.860407673885,2079.9527544867506,False
138,2,keep,0.0,819.0303014271373,819.0303014271373,True
138,2,0.5,-901.044526146588,4582.035221766446,3680.990695619858,False
138,2,0.65,-570.208479010294,2577.4912144224973,2007.2827354122032,False
138,2,0.8,-106.46361545870654,952.7020228894933,846.2384074307868,False
138,2,0.9,1419.7781736170161,445.13675243321245,1864.9149260502286,False
138,3,keep,0.0,825.1394916143229,825.1394916143229,True
138,3,0.5,-523.6500637354113,3260.335392184813,2736.685328449402,False
138,3,0.65,-307.4037674188092,1888.306213280434,1580.9024458616248,False
138,3,0.8,-3.071317690766909,829.8756930308693,826.8043753401024,False
138,3,0.9,1157.6735184963513,447.15559230221083,1604.8291107985622,False
139,1,keep,0.0,2612.7721292007827,2612.7721292007827,False
139,1,0.5,-575.6983406600414,4721.467823426218,4145.769482766177,False
139,1,0.65,470.6640864741603,1881.026878635141,2351.690965109301,True
139,1,0.8,2523.0241633729443,976.5354504020116,3499.559613774956,False
139,1,0.9,5582.901150218136,449.65223675327024,6032.553386971405,False
139,2,keep,0.0,989.4974376705422,989.4974376705422,True
139,2,0.5,-1131.8409028662236,4900.255679475153,3768.414776608929,False
139,2,0.65,-715.3398602426053,2645.974492982753,1930.6346327401477,False
139,2,0.8,107.77063132565002,931.1922412153837,1038.9628725410337,False
139,2,0.9,1904.1150421646464,459.7475714821029,2363.862613646749,False
139,3,keep,0.0,1001.7661882570349,1001.7661882570349,True
139,3,0.5,-427.9870313827064,3275.244207132034,2847.2571757493274,False
139,3,0.65,-211.9064558399843,1924.4235449435246,1712.5170891035402,False
139,3,0.8,317.65086696591743,882.2408143262238,1199.8916812921411,False
139,3,0.9,1462.3281083158158,453.0857283530361,1915.413836668852,False
140,1,keep,0.0,6947.768566757044,6947.768566757044,False
140,1,0.5,797.2946824773386,4529.093334899386,5326.388017376725,False
140,1,0.65,2339.140723201304,2003.4105954550157,4342.551318656319,True
140,1,0.8,4392.822528326381,1100.2905878866602,5493.113116213041,False
140,1,0.9,7510.2356181847545,462.98185395233355,7973.217472137088,False
140,2,keep,0.0,1159.1115853796537,1159.1115853796537,False
140,2,0.5,-1156.6581334635011,4809.5536853158355,3652.8955518523344,False
140,2,0.65,-809.6847233639145,2697.212262848215,1887.5275394843002,False
140,2,0.8,-79.61663002975229,1011.0764259781688,931.4597959484165,True
140,2,0.9,1508.891882344813,469.29671267824745,1978.1885950230603,False
140,3,keep,0.0,931.8258259011441,931.8258259011441,True
140,3,0.5,-518.8481378676281,3373.4370863533495,2854.5889484857216,False
140,3,0.65,-310.48391457674626,2028.3078505393335,1717.8239359625873,False
140,3,0.8,-1.5047323678913938,934.3931037178983,932.8883713500069,False
140,3,0.9,1145.5092701599986,468.32368757205023,1613.8329577320487,False
141,1,keep,0.0,1005.0326282936713,1005.0326282936713,False
141,1,0.5,-1307.4019724053119,4923.979168886663,3616.5771964813507,False
141,1,0.65,-904.1349913816792,2706.4774323116435,1802.3424409299641,False
141,1,0.8,-278.0744938015982,1065.0953183990207,787.0208245974225,True
141,1,0.9,1909.782529323646,470.66273027609634,2380.4452595997423,False
141,2,keep,0.0,843.2606369155761,843.2606369155761,False
141,2,0.5,-1314.4216588210581,4759.14589730755,3444.7242384864912,False
141,2,0.65,-972.2632133368945,2666.8768299511607,1694.6136166142662,False
141,2,0.8,-490.8900929564307,1044.3676375025843,553.4775445461537,True
141,2,0.9,748.5676244888203,486.0337468366813,1234.6013713255015,False
141,3,keep,0.0,952.4361656829174,952.4361656829174,True
141,3,0.5,-500.02596550584775,3310.128870894101,2810.1029053882535,False
141,3,0.65,-283.197755652739,1945.716484331711,1662.518728678972,False
141,3,0.8,66.16509867777916,912.2113750443207,978.3764737220998,False
141,3,0.9,1196.7395529403082,476.39555224323857,1673.1351051835468,False
142,1,keep,0.0,589.5569591364117,589.5569591364117,True
142,1,0.5,-844.4589182877867,4143.128543829153,3298.6696255413667,False
142,1,0.65,-528.1650809812463,2247.8509363238663,1719.68585534262,False
142,1,0.8,-90.30710299353397,702.5002627740208,612.1931597804869,False
142,1,0.9,1323.8836705488288,74.21374722662763,1398.0974177754565,False
142,2,keep,0.0,1652.7851836375335,1652.7851836375335,False
142,2,0.5,-434.4142467180138,4009.190850966308,3574.7766042482945,False
142,2,0.65,-117.39039299802684,1917.384836030953,1799.9944430329263,False
142,2,0.8,691.3379859125326,678.293309156627,1369.6312950691595,True
142,2,0.9,2159.063045785792,68.78369796317554,2227.8467437489676,False
142,3,keep,0.0,415.3436661024175,415.3436661024175,True
142,3,0.5,-532.9305597135235,2963.747197958939,2430.8166382454156,False
142,3,0.65,-324.5109369934379,1601.4775519848495,1276.9666149914115,False
142,3,0.8,-33.73880082345239,520.7460262143601,487.0072253909077,False
142,3,0.9,991.8055545489847,57.03428591464768,1048.8398404636323,False
143,1,keep,0.0,376.77691693415795,376.77691693415795,False
143,1,0.5,-1148.833148899753,4140.775229954786,2991.9420810550328,False
143,1,0.65,-832.9491722839574,2205.4108020117824,1372.4616297278249,False
143,1,0.8,-403.57685713829375,681.0079124114035,277.43105527310973,True
143,1,0.9,776.3973346275725,81.36541111417641,857.7627457417489,False
143,2,keep,0.0,661.9869703989087,661.9869703989087,True
143,2,0.5,-652.2243044208475,4084.6183095256138,3432.394005104766,False
143,2,0.65,-375.78494657175617,2266.5953507438053,1890.8104041720492,False
143,2,0.8,14.584799724351225,657.6772901817172,672.2620899060685,False
143,2,0.9,1405.845253944852,76.4766908011492,1482.3219447460012,False
143,3,keep,0.0,445.9076628775621,445.9076628775621,True
143,3,0.5,-520.3207941405427,2910.809421111815,2390.4886269712724,False
143,3,0.65,-311.99225096454893,1572.964409633104,1260.972158668555,False
143,3,0.8,-25.31624750493114,499.6433629563413,474.3271154514102,False
143,3,0.9,1017.7190085737255,62.35123930688164,1080.0702478806072,False
144,1,keep,0.0,1121.3043040367531,1121.3043040367531,False
144,1,0.5,-1595.1463046362528,4922.774204249646,3327.627899613393,False
144,1,0.65,-1190.4720584005288,2663.5581350719312,1473.0860766714025,False
144,1,0.8,-168.94414590035615,1042.481396868328,873.5372509679718,True
144,1,0.9,2130.3117609854744,476.8609445432038,2607.1727055286783,False
144,2,keep,0.0,944.6690175783718,944.6690175783718,False
144,2,0.5,-1141.9758990602788,4671.393131626901,3529.4172325666223,False
144,2,0.65,-811.9737175034405,2651.469633852153,1839.4959163487124,False
144,2,0.8,-350.437495783336,1058.9451843619108,708.5076885785749,True
144,2,0.9,1016.309078270795,471.86746626505845,1488.1765445358535,False
144,3,keep,0.0,951.141191211756,951.141191211756,True
144,3,0.5,-495.305251075235,3138.6319819368773,2643.3267308616423,False
144,3,0.65,-278.99230876087165,1843.8192753924309,1564.8269666315591,False
144,3,0.8,58.504986138131244,909.0486353398865,967.5536214780177,False
144,3,0.9,1179.9164008897558,470.8768497969995,1650.7932506867553,False
145,1,keep,0.0,1804.9901038290245,1804.9901038290245,True
145,1,0.5,-486.9628844214199,3963.244274620253,3476.281390198833,False
145,1,0.65,731.9198777624866,1299.2566107203947,2031.1764884828813,False
145,1,0.8,2383.9627398491216,996.4240968549608,3380.3868367040823,False
145,1,0.9,5035.781529910684,506.41479753065266,5542.1963274413365,False
145,2,keep,0.0,8166.333022582216,8166.333022582216,False
145,2,0.5,654.3872081728127,3256.574423275195,3910.9616314480077,False
145,2,0.65,1414.1477334600434,1406.4475876604033,2820.595321120447,True
145,2,0.8,2481.792039509834,940.2384878973276,3422.0305274071616,False
145,2,0.9,4405.4159842206345,503.25128123795105,4908.6672654585855,False
145,3,keep,0.0,1050.5748176297882,1050.5748176297882,True
145,3,0.5,-415.87573773452897,3145.1680153317566,2729.2922775972274,False
145,3,0.65,-199.7386261845047,1872.3038033771477,1672.565177192643,False
145,3,0.8,315.24289863252335,926.9673750164837,1242.2102736490071,False
145,3,0.9,1431.090302773141,499.61369250607373,1930.7039952792147,False
146,1,keep,0.0,6007.757458324203,6007.757458324203,False
146,1,0.5,902.357902553334,3808.2228446353774,4710.580747188711,False
146,1,0.65,2407.1331001662834,1791.785556917694,4198.918657083977,True
146,1,0.8,4510.684695633351,1035.7731261284155,5546.457821761766,False
146,1,0.9,7394.075900825683,522.7445931747585,7916.820494000442,False
146,2,keep,0.0,1074.5295386126268,1074.5295386126268,False
146,2,0.5,-1571.5848620159995,4891.638824125597,3320.0539621095977,False
146,2,0.65,-1163.4716194290027,2643.49548514134,1480.0238657123373,False
146,2,0.8,-410.11706355887884,1066.3211809422635,656.2041173833846,True
146,2,0.9,971.4764948718854,531.5037005529257,1502.980195424811,False
146,3,keep,0.0,895.224893841797,895.224893841797,True
146,3,0.5,-531.968827413709,3091.6555045314176,2559.6866771177083,False
146,3,0.65,-307.9165430026136,1803.7721146991385,1495.8555716965247,False
146,3,0.8,-5.0596578873712765,902.0380209184614,896.9783630310901,False
146,3,0.9,1100.9304385082792,519.0938291365811,1620.0242676448602,False
147,1,keep,0.0,1122.9827027467682,1122.9827027467682,False
147,1,0.5,-1973.0452618459783,5073.929600443473,3100.884338597494,False
147,1,0.65,-1321.9263019643954,2485.163486224349,1163.2371842599537,False
147,1,0.8,-211.06107233483198,1051.6992425819071,840.6381702470751,True
147,1,0.9,1946.8765005982075,530.4321712585765,2477.308671856784,False
147,2,keep,0.0,1005.5212291978519,1005.5212291978519,False
147,2,0.5,-1361.7531164617349,4600.702821323483,3238.9497048617477,False
147,2,0.65,-1017.9027615630433,2567.11805397882,1549.2152924157767,False
147,2,0.8,-549.454981240948,1080.251171086027,530.796189845079,True
147,2,0.9,929.9479223902244,536.0890938544107,1466.0370162446352,False
147,3,keep,0.0,932.3876608738457,932.3876608738457,True
147,3,0.5,-534.9088235575239,3077.7205527231995,2542.8117291656754,False
147,3,0.65,-304.27030567694254,1789.0114751957744,1484.7411695188318,False
147,3,0.8,-8.084080863396572,946.6259400152132,938.5418591518167,False
147,3,0.9,1081.5091739598756,528.8452243295283,1610.354398289404,False
148,1,keep,0.0,1640.9990232046703,1640.9990232046703,True
148,1,0.5,-604.505121385996,4323.739716781931,3719.234595395935,False
148,1,0.65,636.0850672090263,1501.605820734761,2137.6908879437874,False
148,1,0.8,2603.393538933882,983.2846027168165,3586.6781416506988,False
148,1,0.9,5548.107810523011,522.316269368157,6070.424079891168,False
148,2,keep,0.0,957.1577544650647,957.1577544650647,False
148,2,0.5,-1479.2862537719286,4566.2934374826855,3087.007183710757,False
148,2,0.65,-1122.4785567720705,2505.5349638962457,1383.0564071241752,False
148,2,0.8,-631.5216041855532,1092.1598592520584,460.63825506650517,True
148,2,0.9,644.6064845375258,524.357134941968,1168.963619479494,False
148,3,keep,0.0,1307.3390136917108,1307.3390136917108,True
148,3,0.5,-381.4658753623011,2907.681716064012,2526.215840701711,False
148,3,0.65,-147.68079530536096,1647.2230969410557,1499.5423016356947,False
148,3,0.8,442.9485171576176,930.9980876344523,1373.9466047920698,False
148,3,0.9,1543.1568068779106,519.5486571261922,2062.705464004103,False
149,1,keep,0.0,599.4948389906159,599.4948389906159,True
149,1,0.5,-811.2785332739077,4072.825705249651,3261.5471719757434,False
149,1,0.65,-456.420701594309,2007.5311427181853,1551.1104411238762,False
149,1,0.8,52.29949685389236,559.8942086522587,612.1937055061511,False
149,1,0.9,1653.5119069115724,84.37646857151597,1737.8883754830883,False
149,2,keep,0.0,558.0110482940336,558.0110482940336,True
149,2,0.5,-803.0659304607036,4250.339347357723,3447.27341689702,False
149,2,0.65,-501.3242253750319,2269.8216385246933,1768.4974131496615,False
149,2,0.8,-73.8112173930968,684.5776013325722,610.7663839394754,False
149,2,0.9,1158.630855592797,76.07326535266124,1234.7041209454583,False
149,3,keep,0.0,486.782496848705,486.782496848705,True
149,3,0.5,-492.93262916864865,2642.832746165864,2149.9001169972153,False
149,3,0.65,-271.071851404332,1355.1683421237744,1084.0964907194425,False
149,3,0.8,38.4607648843849,454.66085800639803,493.12162289078293,False
149,3,0.9,1117.846414142423,61.58670581275691,1179.43311995518,False
150,1,keep,0.0,353.883191943966,353.883191943966,False
150,1,0.5,-1598.701671784971,3685.1826274155137,2086.4809556305427,False
150,1,0.65,-1263.282926879544,1797.679771076397,534.396844196853,False
150,1,0.8,-828.6200241836042,547.4394300904343,-281.18059409316993,True
150,1,0.9,323.5629175065035,86.41055825913908,409.97347576564255,False
150,2,keep,0.0,570.3926233982611,570.3926233982611,True
150,2,0.5,-716.6464779200099,3854.426387075447,3137.779909155437,False
150,2,0.65,-420.88891247958577,2028.9072237111602,1608.0183112315744,False
150,2,0.8,-25.157573081631625,611.8973236436882,586.7397505620565,False
150,2,0.9,1334.9194404813413,80.21452675906332,1415.1339672404047,False
150,3,keep,0.0,375.60016795007704,375.60016795007704,True
150,3,0.5,-532.9975452016475,2474.1999104674746,1941.2023652658272,False
150,3,0.65,-310.05735168060005,1260.3479047663945,950.2905530857945,False
150,3,0.8,-24.75123765397307,415.387413539186,390.63617588521294,False
150,3,0.9,1012.9320178796436,64.31774736090566,1077.2497652405493,False
151,1,keep,0.0,1281.3320007071698,1281.3320007071698,False
151,1,0.5,-2888.95397032377,4449.4744090299155,1560.5204387061453,False
151,1,0.65,-1673.778314790055,1773.4995985684056,99.72128377835065,True
151,1,0.8,-260.9844622523142,715.7644717579922,454.780009505678,False
151,1,0.9,1827.7707223499328,435.01975164975755,2262.79047399969,False
151,2,keep,0.0,1171.8894901403648,1171.8894901403648,False
151,2,0.5,-1466.5429205027233,4089.041862278645,2622.4989417759216,False
151,2,0.65,-1008.335418010068,1958.2709797327614,949.9355617226934,False
151,2,0.8,98.1505553765976,737.8992728939355,836.0498282705331,True
151,2,0.9,1299.2633235219241,450.8904104181987,1750.153733940123,False
151,3,keep,0.0,3500.4599629516433,3500.4599629516433,False
151,3,0.5,478.9998341726889,2123.047590790178,2602.047424962867,False
151,3,0.65,976.2415155055079,1128.0998490357276,2104.3413645412356,True
151,3,0.8,1639.1460098443613,593.9127414707712,2233.058751315132,False
151,3,0.9,2568.9600403925797,394.3391790619269,2963.299219454507,False
152,1,keep,0.0,751.8103260603543,751.8103260603543,False
152,1,0.5,-5356.612102851301,4699.46944759526,-657.1426552560406,False
152,1,0.65,-4580.060108047351,2023.0073418189397,-2557.052766228411,False
152,1,0.8,-3609.6851553102515,798.9133423831248,-2810.7718129271266,True
152,1,0.9,-1823.9780997381824,420.9901940906137,-1402.9879056475688,False
152,2,keep,0.0,863.4062514683401,863.4062514683401,True
152,2,0.5,-968.6650373442477,4484.967289206349,3516.3022518621015,False
152,2,0.65,-472.90590167205966,2142.3976260767104,1669.4917244046508,False
152,2,0.8,363.6488345022092,840.7577555322248,1204.406590034434,False
152,2,0.9,2491.210087542732,417.8502048581634,2909.0602924008954,False
152,3,keep,0.0,3043.7160086492836,3043.7160086492836,False
152,3,0.5,321.8557027596747,2176.0344293706635,2497.8901321303383,False
152,3,0.65,823.4471875583029,1184.5454634902699,2007.9926510485727,True
152,3,0.8,1508.500039555735,662.2740574796318,2170.7740970353666,False
152,3,0.9,2564.2035093824466,386.36164818456405,2950.565157567011,False
153,1,keep,0.0,2537.7046998928145,2537.7046998928145,False
153,1,0.5,-1398.3481421819647,4214.010489804572,2815.6623476226073,False
153,1,0.65,-192.0859898217568,1702.8964852414683,1510.8104954197115,True
153,1,0.8,1626.5118756747966,808.1966236127518,2434.7084992875484,False
153,1,0.9,4727.053221505255,351.7592080520755,5078.812429557331,False
153,2,keep,0.0,848.3550746502846,848.3550746502846,False
153,2,0.5,-2201.8444573563106,4956.258714701115,2754.414257344805,False
153,2,0.65,-1726.689785178813,2563.895296414134,837.205511235321,False
153,2,0.8,-809.1917380363667,879.8952319827104,70.70349394634366,True
153,2,0.9,776.9034756940252,363.6639985389304,1140.5674742329556,False
153,3,keep,0.0,936.0280997002264,936.0280997002264,True
153,3,0.5,-386.1823187767681,2271.7909259914186,1885.6086072146504,False
153,3,0.65,-142.67207746696522,1143.8766562761725,1001.2045788092073,False
153,3,0.8,511.2113739784134,687.6155733408124,1198.8269473192258,False
153,3,0.9,1699.0485302708462,361.6432989516795,2060.6918292225255,False
154,1,keep,0.0,498.9390174461435,498.9390174461435,False
154,1,0.5,-8119.167181624236,4075.5613720790802,-4043.605809545156,False
154,1,0.65,-7399.589692069613,1746.3576860942703,-5653.232005975343,False
154,1,0.8,-6463.520967779597,555.6089697720107,-5907.911998007587,True
154,1,0.9,-4781.10978452676,256.34296605692606,-4524.766818469834,False
154,2,keep,0.0,9716.163055972042,9716.163055972042,False
154,2,0.5,2022.558355867541,3306.251394800654,5328.809750668195,False
154,2,0.65,3069.9323642620375,1696.6267968661277,4766.559161128165,True
154,2,0.8,4634.899573917846,593.6674187527553,5228.566992670601,False
154,2,0.9,6727.169476989356,251.02135123617546,6978.190828225531,False
154,3,keep,0.0,602.3909262099094,602.3909262099094,True
154,3,0.5,-318.17577059083965,1778.1654924788418,1459.9897218880021,False
154,3,0.65,-103.3606803378275,886.5636534269711,783.2029730891436,False
154,3,0.8,633.9870014915035,484.2878975403046,1118.2748990318082,False
154,3,0.9,1590.205906690003,261.51634463389104,1851.7222513238942,False
155,1,keep,0.0,923.4659310641771,923.4659310641771,False
155,1,0.5,-2010.2347674687105,4742.558029119355,2732.323261650644,False
155,1,0.65,-1180.8590210146544,1841.6299523276596,660.7709313130051,True
155,1,0.8,545.158607258349,546.3593662769922,1091.5179735353413,False
155,1,0.9,3240.579099994995,240.73346995208374,3481.312569947079,False
155,2,keep,0.0,2274.4979870920547,2274.4979870920547,False
155,2,0.5,-597.2460507932645,3729.669232602531,3132.423181809266,False
155,2,0.65,113.5276284448912,1744.147728850537,1857.6753572954283,True
155,2,0.8,1777.5514144283477,528.6088422377217,2306.1602566660695,False
155,2,0.9,3728.684031075978,248.98644956418585,3977.670480640164,False
155,3,keep,0.0,1053.252214476457,1053.252214476457,True
155,3,0.5,-175.63653205759323,1693.094307481244,1517.4577754236507,False
155,3,0.65,162.98942678807055,922.6786814925439,1085.6681082806144,False
155,3,0.8,1075.7023624395342,451.4969953026182,1527.1993577421524,False
155,3,0.9,2024.4870923121803,245.11381818566485,2269.6009104978452,False
156,1,keep,0.0,40.612819647983216,40.612819647983216,False
156,1,0.5,-1596.5362537803594,2816.7274181600965,1220.191164379737,False
156,1,0.65,-1199.9899363094753,979.8866877669094,-220.1032485425659,False
156,1,0.8,-670.4527285851493,97.52827862721426,-572.924449957935,True
156,1,0.9,372.72835638619495,4.350347798847038,377.078704185042,False
156,2,keep,0.0,78.41048672609551,78.41048672609551,False
156,2,0.5,-952.4230314217623,3144.518357243899,2192.095325822137,False
156,2,0.65,-618.3827743704464,1343.5121779009507,725.1294035305043,False
156,2,0.8,-123.03081787316101,153.7883402109772,30.757522337816184,True
156,2,0.9,1009.0943402912249,7.849350434785904,1016.9436907260108,False
156,3,keep,0.0,155.83952233112092,155.83952233112092,True
156,3,0.5,-407.1017651535143,1276.531609898627,869.4298447451127,False
156,3,0.65,-200.05990312428912,443.37479366176126,243.31489053747214,False
156,3,0.8,304.1457847629605,51.24076150733063,355.3865462702911,False
156,3,0.9,1111.1549097401519,3.7497137924100694,1114.904623532562,False
157,1,keep,0.0,49.68316021393236,49.68316021393236,False
157,1,0.5,-1435.4082055846386,2393.4043796291767,957.9961740445381,False
157,1,0.65,-1091.4416948524313,792.4205198808515,-299.02117497157974,False
157,1,0.8,-610.6263245315191,78.33483781256042,-532.2914867189587,True
157,1,0.9,467.03752727750174,3.6147368839819847,470.65226416148374,False
157,2,keep,0.0,1488.2740156916868,1488.2740156916868,False
157,2,0.5,-301.0761845508409,2480.5059971319147,2179.4298125810737,False
157,2,0.65,239.6381969735763,982.7555019076235,1222.3936988811997,True
157,2,0.8,1298.0864891902454,128.87369572646494,1426.9601849167104,False
157,2,0.9,2641.6971961224203,6.177097318989925,2647.8742934414104,False
157,3,keep,0.0,1441.6920147887326,1441.6920147887326,False
157,3,0.5,122.73819081173323,1170.9915546757286,1293.7297454874617,False
157,3,0.65,592.0421760079114,392.10545990184954,984.147635909761,True
157,3,0.8,1487.3788838577918,45.39528473805873,1532.7741685958506,False
157,3,0.9,2302.9770237008083,3.2766724778928245,2306.2536961787014,False
158,1,keep,0.0,2463.8324884527683,2463.8324884527683,False
158,1,0.5,-2025.049931209007,3598.193874111288,1573.1439429022812,False
158,1,0.65,-783.5774389458868,1473.335550776741,689.7581118308542,True
158,1,0.8,997.1848576403777,610.8937809295871,1608.0786385699648,False
158,1,0.9,3535.8384570022217,263.7097608518695,3799.548217854091,False
158,2,keep,0.0,744.3691432958045,744.3691432958045,True
158,2,0.5,-1003.2789304429352,4083.666589822634,3080.3876593796986,False
158,2,0.65,-452.7357693922775,1467.0851340427091,1014.3493646504317,False
158,2,0.8,868.4010740393383,515.4206074833918,1383.8216815227302,False
158,2,0.9,2724.1515198351617,261.19205569149614,2985.343575526658,False
158,3,keep,0.0,1759.0286009257252,1759.0286009257252,False
158,3,0.5,163.93159091837734,1454.8747072921328,1618.8062982105102,False
158,3,0.65,667.111638989555,711.1537068188616,1378.2653458084164,True
158,3,0.8,1558.0724080352818,446.59466657769065,2004.6670746129726,False
158,3,0.9,2553.9163800805554,244.58756468582033,2798.5039447663758,False
159,1,keep,0.0,482.46541564317914,482.46541564317914,False
159,1,0.5,-4458.239739114193,5373.279276941606,915.0395378274134,False
159,1,0.65,-3627.94698451462,2160.1283495973667,-1467.8186349172533,False
159,1,0.8,-2654.2787643285074,654.3656662721071,-1999.9130980564003,True
159,1,0.9,-1043.5370939347144,266.5721684568565,-776.964925477858,False
159,2,keep,0.0,691.610500826893,691.610500826893,True
159,2,0.5,-1163.1914652709002,4679.490010726976,3516.2985454560758,False
159,2,0.65,-636.6624009128354,2027.698923857491,1391.0365229446556,False
159,2,0.8,355.30165019650667,588.9168251792065,944.2184753757132,False
159,2,0.9,2477.830321023505,263.8933830268956,2741.7237040504006,False
159,3,keep,0.0,511.61840496250215,511.61840496250215,True
159,3,0.5,-470.4639102515994,1784.4536959791858,1313.9897857275864,False
159,3,0.65,-231.5127039127624,874.0644226876154,642.551718774853,False
159,3,0.8,147.57740587819598,492.2678415248785,639.8452474030745,False
159,3,0.9,1108.3299660835964,269.4813253853311,1377.8112914689275,False
160,1,keep,0.0,586.065891046832,586.065891046832,False
160,1,0.5,-2328.118325696872,5576.065051352837,3247.946725655965,False
160,1,0.65,-1528.4114740444222,2346.746068573633,818.3345945292106,False
160,1,0.8,-427.83412725974864,647.3753914515122,219.54126419176356,True
160,1,0.9,1927.090516534574,268.38662076474895,2195.4771372993227,False
160,2,keep,0.0,1708.9560043243587,1708.9560043243587,False
160,2,0.5,-468.3882258641637,3462.3832186937593,2993.9949928295955,False
160,2,0.65,379.1712873650169,1122.5049002882336,1501.6761876532505,True
160,2,0.8,1838.9863384306227,538.3188257581389,2377.3051641887614,False
160,2,0.9,3935.8323874473735,271.1242972113137,4206.956684658688,False
160,3,keep,0.0,520.5348509547435,520.5348509547435,True
160,3,0.5,-426.16466947782123,1798.842015402036,1372.6773459242147,False
160,3,0.65,-200.33554465352404,975.5597842040755,775.2242395505515,False
160,3,0.8,323.14600972031974,492.8210234852895,815.9670332056093,False
160,3,0.9,1245.274556748816,271.56820195963513,1516.8427587084511,False
161,1,keep,0.0,826.2978902869645,826.2978902869645,False
161,1,0.5,-2540.9554123712633,5190.311070882674,2649.355658511411,False
161,1,0.65,-1292.4565399304881,1729.468287904854,437.0117479743658,True
161,1,0.8,319.77670203560444,486.8684357744046,806.645137810009,False
161,1,0.9,2516.264879313037,257.2662989808564,2773.5311782938934,False
161,2,keep,0.0,4518.879860615318,4518.879860615318,False
161,2,0.5,201.27107908290935,4110.700763564649,4311.971842647558,False
161,2,0.65,1190.6467017918371,1723.4728973824447,2914.1195991742816,True
161,2,0.8,3072.234887701129,520.5844080723668,3592.819295773496,False
161,2,0.9,5186.293427975505,265.80406581391003,5452.097493789415,False
161,3,keep,0.0,1052.5149612273335,1052.5149612273335,True
161,3,0.5,-141.10774040903303,1489.3194136655197,1348.2116732564866,False
161,3,0.65,227.42885125720412,883.7771355131404,1111.2059867703445,False
161,3,0.8,1153.0166588518234,446.4031238014459,1599.4197826532693,False
161,3,0.9,2019.3905875553746,259.802414334156,2279.1930018895305,False
162,1,keep,0.0,564.379821907518,564.379821907518,False
162,1,0.5,-2371.6330472938257,5914.00926476103,3542.3762174672042,False
162,1,0.65,-1493.108429265037,2209.717686298211,716.6092570331739,False
162,1,0.8,-79.76305554958083,517.3072177957873,437.5441622462065,True
162,1,0.9,2299.2088971861067,257.0039236151952,2556.212820801302,False
162,2,keep,0.0,468.94994752568863,468.94994752568863,False
162,2,0.5,-2122.5226192544565,4305.05778444488,2182.5351651904234,False
162,2,0.65,-1598.7071821184227,1884.2971124690264,285.5899303506037,False
162,2,0.8,-886.6536619629926,539.5675513466147,-347.08611061637794,True
162,2,0.9,418.4766693344086,262.8891518118407,681.3658211462493,False
162,3,keep,0.0,449.4952557372061,449.4952557372061,True
162,3,0.5,-513.7721744556609,1610.7615448913334,1096.9893704356725,False
162,3,0.65,-295.07332782828826,895.0766452295958,600.0033174013075,False
162,3,0.8,34.504903738170064,447.796563693966,482.30146743213606,False
162,3,0.9,890.5147966172334,260.4028912705153,1150.9176878877488,False
163,1,keep,0.0,79.81295924714132,79.81295924714132,False
163,1,0.5,-1617.2369468278562,3412.82754368404,1795.5905968561838,False
163,1,0.65,-1227.6567062223594,1372.678851279531,145.02214505717166,False
163,1,0.8,-653.2846606348562,164.2541110307075,-489.03054960414875,True
163,1,0.9,414.5100325228868,10.820451906936837,425.3304844298236,False
163,2,keep,0.0,1623.583984130552,1623.583984130552,False
163,2,0.5,-377.68734138464663,2983.924131702852,2606.2367903182053,False
163,2,0.65,188.62010417478922,1202.6934165747216,1391.3135207495109,True
163,2,0.8,1353.5923290480534,196.17979707405422,1549.7721261221077,False
163,2,0.9,2913.0935996327926,12.987903593537023,2926.0815032263295,False
163,3,keep,0.0,129.929090980452,129.929090980452,True
163,3,0.5,-368.7622160032814,1203.8809043203225,835.1186883170411,False
163,3,0.65,-145.47229418376008,413.9755993130539,268.50330512929384,False
163,3,0.8,470.2501280138415,63.00361846024066,533.2537464740822,False
163,3,0.9,1294.7334703713354,6.49096139980109,1301.2244317711366,False
164,1,keep,0.0,89.68292688388041,89.68292688388041,False
164,1,0.5,-1339.3651555220124,3816.5292470566487,2477.164091534636,False
164,1,0.65,-924.3082795703604,1594.546967138347,670.2386875679867,False
164,1,0.8,-304.1907767527792,172.3717770997701,-131.8189996530091,True
164,1,0.9,924.0629185777394,9.889572050280513,933.95249062802,False
164,2,keep,0.0,75.66907382150053,75.66907382150053,False
164,2,0.5,-1227.5237226476606,3173.499574875568,1945.9758522279076,False
164,2,0.65,-869.7179463076549,1311.4106053658222,441.69265905816735,False
164,2,0.8,-366.966869030077,174.6048236756991,-192.36204535437793,True
164,2,0.9,663.991507158137,13.584004339434628,677.5755114975716,False
164,3,keep,0.0,56.41908645270246,56.41908645270246,False
164,3,0.5,-544.8593345883899,1189.3356271883597,644.4762925999698,False
164,3,0.65,-316.6748008798975,404.33034842808866,87.65554754819118,False
164,3,0.8,-4.598062965034406,57.578133067478475,52.98007010244407,True
164,3,0.9,833.4549244679417,5.957688482052129,839.4126129499939,False
165,1,keep,0.0,2293.239447704417,2293.239447704417,False
165,1,0.5,-576.9934156073557,4051.7342386457403,3474.7408230383844,False
165,1,0.65,816.7229239689395,1068.0916590701725,1884.814583039112,True
165,1,0.8,3200.823306686398,482.8937048284005,3683.7170115147987,False
165,1,0.9,6065.792313942838,251.78361416343517,6317.575928106273,False
165,2,keep,0.0,944.7555571780524,944.7555571780524,True
165,2,0.5,-661.4611765363868,3729.5096613940786,3068.0484848576916,False
165,2,0.65,9.800041112481379,938.0343257135657,947.8343668260471,False
165,2,0.8,1552.6679023640727,455.25428157877514,2007.9221839428478,False
165,2,0.9,3646.952581108336,256.4108400445924,3903.3634211529284,False
165,3,keep,0.0,480.9861966663955,480.9861966663955,True
165,3,0.5,-484.4212943525002,1639.5480886282442,1155.126794275744,False
165,3,0.65,-246.01173158724393,884.2365334917763,638.2248019045323,False
165,3,0.8,325.2437889503782,449.0022442409426,774.2460331913207,False
165,3,0.9,1173.4467911952554,251.0009179181712,1424.4477091134265,False
166,1,keep,0.0,1210.7616894977955,1210.7616894977955,True
166,1,0.5,-1325.0678515646528,5641.620538176509,4316.552686611856,False
166,1,0.65,-125.17659609989039,1747.522519716591,1622.3459236167005,False
166,1,0.8,1740.3419406042815,448.58842624814815,2188.93036685243,False
166,1,0.9,4563.830975158895,239.3368220949231,4803.167797253818,False
166,2,keep,0.0,465.4177815476755,465.4177815476755,False
166,2,0.5,-1796.6597376585462,4275.972858197922,2479.3131205393756,False
166,2,0.65,-1261.3382109883366,1810.190869250375,548.8526582620384,False
166,2,0.8,-514.0714808711873,518.5048653340497,4.433384462862364,True
166,2,0.9,873.4276348595904,246.23423349490935,1119.6618683544998,False
166,3,keep,0.0,434.55598848255823,434.55598848255823,True
166,3,0.5,-536.9709290900985,1601.0131985131666,1064.042269423068,False
166,3,0.65,-306.4042057203357,873.0945901358425,566.6903844155067,False
166,3,0.8,69.0331139105553,431.5731205966007,500.606234507156,False
166,3,0.9,967.5960722237755,246.41660949741578,1214.0126817211913,False
167,1,keep,0.0,2655.39848776694,2655.39848776694,False
167,1,0.5,-645.8286659731125,5503.019005930706,4857.190339957593,False
167,1,0.65,743.1787385113939,1751.7899545608761,2494.96869307227,True
167,1,0.8,3458.447758577042,540.7970078061543,3999.2447663831963,False
167,1,0.9,6550.621230707172,239.2087150655878,6789.82994577276,False
167,2,keep,0.0,496.6063328855713,496.6063328855713,False
167,2,0.5,-1563.9129936506902,4210.54656549617,2646.6335718454798,False
167,2,0.65,-1043.4442668353315,1784.8849292797863,741.4406624444548,False
167,2,0.8,-77.66251689033584,489.1326278993374,411.4701110090016,True
167,2,0.9,1460.710129351985,248.08446353330925,1708.7945928852942,False
167,3,keep,0.0,421.86476178933333,421.86476178933333,True
167,3,0.5,-539.7881768573346,1546.5280893679355,1006.7399125106009,False
167,3,0.65,-323.97559683735983,862.5980345534465,538.6224377160867,False
167,3,0.8,4.789377944966358,421.73250923042366,426.52188717539,False
167,3,0.9,924.0517130737214,239.9001475962825,1163.951860670004,False
168,1,keep,0.0,1934.7752056568172,1934.7752056568172,True
168,1,0.5,-864.0338415354078,5937.988624338907,5073.954782803499,False
168,1,0.65,367.0191824516362,1655.2273803405535,2022.2465627921897,False
168,1,0.8,3122.4045489805717,547.8427142994462,3670.247263280018,False
168,1,0.9,6190.765511877993,238.64022950399206,6429.4057413819855,False
168,2,keep,0.0,453.9246595879015,453.9246595879015,False
168,2,0.5,-2527.5241383292355,4286.5011724263995,1758.977034097164,False
168,2,0.65,-2003.090040868943,1851.2944765197017,-151.79556434924143,False
168,2,0.8,-1292.3795165972037,525.0006433277135,-767.3788732694902,True
168,2,0.9,109.9958860864142,246.04438781668307,356.0402739030973,False
168,3,keep,0.0,416.7895105225746,416.7895105225746,False
168,3,0.5,-558.1679675247502,1575.3786567715567,1017.2106892468065,False
168,3,0.65,-336.7530558737331,861.8106758859387,525.0576200122057,False
168,3,0.8,-8.3900040641213,421.0907399284273,412.700735864306,True
168,3,0.9,886.4426319107649,236.4308503664564,1122.8734822772212,False
169,1,keep,0.0,1700.3046024541925,1700.3046024541925,False
169,1,0.5,-2886.380260894107,5509.175596436696,2622.795335542589,False
169,1,0.65,-2008.776890838143,1782.1417208207408,-226.63517001740206,True
169,1,0.8,-140.86099102542175,549.440834356993,408.5798433315713,False
169,1,0.9,2218.773384724407,226.93819748994903,2445.711582214356,False
169,2,keep,0.0,11358.097545867387,11358.097545867387,False
169,2,0.5,2137.06051255737,3117.330958116816,5254.391470674186,False
169,2,0.65,3285.287754491505,1068.1881543188479,4353.475908810353,True
169,2,0.8,5070.378191278957,472.6298743272459,5543.008065606203,False
169,2,0.9,7291.503792834834,228.52297813765102,7520.026770972485,False
169,3,keep,0.0,442.97711065194363,442.97711065194363,True
169,3,0.5,-369.61855529344353,1525.4239065608494,1155.805351267406,False
169,3,0.65,-142.62432395405472,804.3534268075807,661.729102853526,False
169,3,0.8,541.8687059410909,401.64303944414075,943.5117453852316,False
169,3,0.9,1449.5267572834734,225.470116561962,1674.9968738454354,False
170,1,keep,0.0,42.48633087881923,42.48633087881923,False
170,1,0.5,-1361.3728094343248,3547.7058882248916,2186.333078790567,False
170,1,0.65,-999.2158974326948,1560.2825576446687,561.066660211974,False
170,1,0.8,-420.8617705516416,174.7081706141498,-246.1535999374918,True
170,1,0.9,627.5457329300559,7.735578410697995,635.2813113407539,False
170,2,keep,0.0,114.95191512931778,114.95191512931778,False
170,2,0.5,-919.2952386789094,3138.6893901927547,2219.3941515138454,False
170,2,0.65,-560.0383710055554,1283.7792783300295,723.740907324474,False
170,2,0.8,-61.25514862654654,165.57826612967767,104.32311750313113,True
170,2,0.9,1331.6800277430204,10.110640618686109,1341.7906683617066,False
170,3,keep,0.0,57.06733754665865,57.06733754665865,True
170,3,0.5,-526.3582369762979,1135.0247280392546,608.6664910629567,False
170,3,0.65,-313.25167095167546,397.0353132966883,83.78364234501282,False
170,3,0.8,31.489782328914494,52.56239972850673,84.05218205742122,False
170,3,0.9,966.4306535511943,3.7119303991080397,970.1425839503023,False
171,1,keep,0.0,139.1252660752912,139.1252660752912,False
171,1,0.5,-1078.0801359294785,3453.4504049319767,2375.3702690024984,False
171,1,0.65,-713.5635200284341,1497.7631003423814,784.1995803139473,False
171,1,0.8,-68.30010323398392,171.11609135314714,102.81598811916322,True
171,1,0.9,1296.754532488299,7.234313755312272,1303.9888462436113,False
171,2,keep,0.0,125.71191175061595,125.71191175061595,False
171,2,0.5,-916.3714976132896,3081.2890647326485,2164.917567119359,False
171,2,0.65,-543.543258693352,1235.6045511856216,692.0612924922697,False
171,2,0.8,-53.44047189589494,172.85795637272275,119.41748447682781,True
171,2,0.9,1367.8172556008317,10.654924489128305,1378.47218008996,False
171,3,keep,0.0,40.038089711842446,40.038089711842446,False
171,3,0.5,-565.1135955076344,1093.4004434091896,528.2868479015552,False
171,3,0.65,-341.1651728385744,365.35336322035005,24.188190381775655,True
171,3,0.8,-16.292107010000205,47.388830627654855,31.09672361765465,False
171,3,0.9,890.5963416830873,3.5273948356210667,894.1237365187084,False
172,1,keep,0.0,7664.861440638341,7664.861440638341,False
172,1,0.5,64.70631056644083,5384.202883769666,5448.909194336107,False
172,1,0.65,1518.8046796348763,2445.4188597822726,3964.223539417149,True
172,1,0.8,3922.820391988795,602.4374224907328,4525.257814479528,False
172,1,0.9,6518.395036127785,236.73353631939588,6755.128572447181,False
172,2,keep,0.0,785.3051116568033,785.3051116568033,True
172,2,0.5,-925.8486828699106,3986.7973390626767,3060.948656192766,False
172,2,0.65,-334.1040301514009,1530.538705015576,1196.4346748641751,False
172,2,0.8,1070.2146192809146,514.8833080572084,1585.097927338123,False
172,2,0.9,3259.5502687428248,238.34787639631367,3497.8981451391383,False
172,3,keep,0.0,472.5827247394999,472.5827247394999,True
172,3,0.5,-375.12330922181695,1506.1800610403818,1131.0567518185649,False
172,3,0.65,-139.62704575213937,822.6719013072847,683.0448555551453,False
172,3,0.8,553.7064380124311,432.1609394006838,985.8673774131149,False
172,3,0.9,1557.2074727562222,234.86551418169176,1792.0729869379138,False
173,1,keep,0.0,987.4020440919958,987.4020440919958,True
173,1,0.5,-1496.4406477054752,5905.708965379079,4409.268317673604,False
173,1,0.65,-691.3022643364997,2227.8674663899283,1536.5652020534285,False
173,1,0.8,1296.849481180378,566.5872593044924,1863.4367404848704,False
173,1,0.9,4322.11171024508,232.1218736520587,4554.2335838971385,False
173,2,keep,0.0,431.0275765118423,431.0275765118423,False
173,2,0.5,-2094.790914859365,4039.161838815879,1944.3709239565142,False
173,2,0.65,-1552.1786406982185,1681.0956277120931,128.91698701387463,False
173,2,0.8,-820.1847092683813,480.4930896058808,-339.6916196625005,True
173,2,0.9,952.2740211923062,230.81306681854247,1183.0870880108487,False
173,3,keep,0.0,426.63760108879586,426.63760108879586,False
173,3,0.5,-560.1680804802658,1508.8242553224086,948.6561748421428,False
173,3,0.65,-338.9434534281493,848.6604842610595,509.7170308329102,False
173,3,0.8,-1.3876924395896364,427.6016004392972,426.2139079997076,True
173,3,0.9,1002.0731589808751,231.01510133941986,1233.088260320295,False
174,1,keep,0.0,427.1438855016645,427.1438855016645,False
174,1,0.5,-3208.416943366994,6298.02376329838,3089.606819931386,False
174,1,0.65,-2405.5544914899747,2593.1087929720743,187.55430148209962,False
174,1,0.8,-1245.5517958841217,517.8840724860947,-727.667723398027,True
174,1,0.9,932.5694932014013,228.3569105984015,1160.9264037998028,False
174,2,keep,0.0,455.7202295136766,455.7202295136766,False
174,2,0.5,-1522.7130163907473,4195.29709051831,2672.584074127563,False
174,2,0.65,-961.5110936132288,1660.9321673691622,699.4210737559334,False
174,2,0.8,-232.67742029481755,488.4670312780536,255.78961098323603,True
174,2,0.9,1605.271695095978,229.17487392377674,1834.4465690197546,False
174,3,keep,0.0,412.28514601270683,412.28514601270683,False
174,3,0.5,-597.4342712881953,1524.8582918639918,927.4240205757965,False
174,3,0.65,-362.2733651857755,823.4556218243182,461.1822566385427,False
174,3,0.8,-26.41822893813068,416.36245479745253,389.9442258593218,True
174,3,0.9,922.2250972338755,225.34213688226515,1147.5672341161408,False
175,1,keep,0.0,2354.2891103373086,2354.2891103373086,False
175,1,0.5,-1476.546044781168,5712.247487248091,4235.701442466923,False
175,1,0.65,-338.617702261545,1948.5137874946254,1609.8960852330804,True
175,1,0.8,1970.050416946694,575.6242081173311,2545.6746250640253,False
175,1,0.9,4804.674599940123,226.2584222839026,5030.933022224025,False
175,2,keep,0.0,2371.8349226934006,2371.8349226934006,False
175,2,0.5,-541.3178360265197,3399.5278904697025,2858.210054443183,False
175,2,0.65,533.5300323517699,1300.5854042733602,1834.11543662513,True
175,2,0.8,2384.4409614116203,493.4096391993212,2877.8506006109415,False
175,2,0.9,4636.8239293241095,226.8156342768612,4863.639563600971,False
175,3,keep,0.0,445.69643373694464,445.69643373694464,True
175,3,0.5,-422.9330896212464,1516.619743494546,1093.6866538732995,False
175,3,0.65,-194.15773986261982,831.4405742375596,637.2828343749399,False
175,3,0.8,446.0456318029841,415.5594724807786,861.6051042837627,False
175,3,0.9,1434.581073154609,227.30664893356166,1661.8877220881707,False
176,1,keep,0.0,928.3362216416083,928.3362216416083,True
176,1,0.5,-1317.213922142792,5639.207701597443,4321.993779454651,False
176,1,0.65,-262.73894257438735,1193.4642689952314,930.725326420844,False
176,1,0.8,1857.3694545322924,487.6940331175223,2345.0634876498148,False
176,1,0.9,4810.1372792479715,233.2454763305818,5043.382755578553,False
176,2,keep,0.0,584.1309730476462,584.1309730476462,False
176,2,0.5,-1307.3186246233217,3903.806075585283,2596.4874509619613,False
176,2,0.65,-674.8493614702368,1237.8594211823795,563.0100597121427,True
176,2,0.8,530.5219158065368,424.54039413683006,955.0623099433668,False
176,2,0.9,2535.204972063931,229.57808992444467,2764.7830619883757,False
176,3,keep,0.0,728.1634596604165,728.1634596604165,True
176,3,0.5,-282.03302529730445,1547.688634556932,1265.6556092596275,False
176,3,0.65,-40.21920840947214,817.3287563624708,777.1095479529987,False
176,3,0.8,851.0680074219292,417.57513697324555,1268.6431443951747,False
176,3,0.9,1841.1797933978794,227.5107262180947,2068.690519615974,False
177,1,keep,0.0,67.38265035295524,67.38265035295524,False
177,1,0.5,-1582.6615701867488,3210.212989364538,1627.551419177789,False
177,1,0.65,-1220.4658115673706,1330.3271605289385,109.86134896156796,False
177,1,0.8,-655.3004149122874,147.55923198243755,-507.7411829298498,True
177,1,0.9,561.562076096254,5.875628680833859,567.4377047770879,False
177,2,keep,0.0,93.39159726585531,93.39159726585531,False
177,2,0.5,-1073.3224649606361,2735.469204212145,1662.146739251509,False
177,2,0.65,-698.4910077011666,1001.0558897204362,302.5648820192696,False
177,2,0.8,-214.15568020135257,150.93232681604462,-63.223353385307945,True
177,2,0.9,962.0536127035285,8.182541462174761,970.2361541657033,False
177,3,keep,0.0,46.26660791151783,46.26660791151783,False
177,3,0.5,-550.0209584638973,1139.1925388697437,589.1715804058464,False
177,3,0.65,-313.98861684861646,349.68151675451037,35.69289990589391,True
177,3,0.8,-5.528984786079869,48.34178277692553,42.81279799084566,False
177,3,0.9,953.9701078349743,2.766343913979384,956.7364517489538,False
178,1,keep,0.0,66.71066016056639,66.71066016056639,False
178,1,0.5,-1241.504829067028,3697.1268579086723,2455.6220288416444,False
178,1,0.65,-838.9412183991503,1630.8960827039962,791.9548643048458,False
178,1,0.8,-161.23972330831066,163.45700846982947,2.2172851615188165,True
178,1,0.9,1322.574123069052,6.81867730433984,1329.3928003733918,False
178,2,keep,0.0,159.56971981139696,159.56971981139696,True
178,2,0.5,-1033.525210211532,3054.3471376593698,2020.8219274478377,False
178,2,0.65,-621.4041534739531,1129.92817224457,508.524018770617,False
178,2,0.8,1.9241872389150387,177.10244625118648,179.02663349010152,False
178,2,0.9,1240.9815649634952,10.643593210928408,1251.6251581744236,False
178,3,keep,0.0,60.20715391339845,60.20715391339845,True
178,3,0.5,-539.4207761669851,1151.0362757600337,611.6154995930486,False
178,3,0.65,-308.7344303512744,379.62536534116003,70.89093498988564,False
178,3,0.8,42.98915568282497,53.72590483022521,96.71506051305019,False
178,3,0.9,1018.6148940445245,3.6402111136748547,1022.2551051581993,False
179,1,keep,0.0,6383.076627689214,6383.076627689214,False
179,1,0.5,-135.1043730651876,5406.305866429784,5271.201493364597,False
179,1,0.65,1330.8225654791618,1996.8783978761926,3327.7009633553544,True
179,1,0.8,3822.2078974312717,522.7040406743414,4344.911938105613,False
179,1,0.9,6710.246110882529,242.79376631663365,6953.039877199163,False
179,2,keep,0.0,3699.3639660323283,3699.3639660323283,False
179,2,0.5,170.7666096741833,3101.6362219985235,3272.4028316727067,False
179,2,0.65,1326.7123072360992,1007.16087858748,2333.873185823579,True
179,2,0.8,3233.8041304934613,488.483536235584,3722.287666729045,False
179,2,0.9,5523.730684421079,243.06804432942258,5766.798728750501,False
179,3,keep,0.0,478.0061667222052,478.0061667222052,True
179,3,0.5,-374.20721655008293,1541.2233619306528,1167.01614538057,False
179,3,0.65,-135.01289884155642,802.8086011301388,667.7957022885823,False
179,3,0.8,600.4174744547761,432.9125271363739,1033.33000159115,False
179,3,0.9,1597.8992549513252,240.61436826686102,1838.5136232181862,False
180,1,keep,0.0,733.6273181346224,733.6273181346224,False
180,1,0.5,-2479.8486176556457,6450.297522497221,3970.448904841575,False
180,1,0.65,-1684.5689059215567,2265.355600122302,580.7866942007452,False
180,1,0.8,-71.44614532713024,515.3885154538892,443.942370126759,True
180,1,0.9,2147.624211256962,248.43122640284503,2396.055437659807,False
180,2,keep,0.0,440.8117510000293,440.8117510000293,False
180,2,0.5,-1600.7682735806786,4077.421067510718,2476.6527939300395,False
180,2,0.65,-1022.3208659207515,1580.8332476806856,558.5123817599341,False
180,2,0.8,-273.32691001011773,491.7622771055245,218.43536709540678,True
180,2,0.9,1515.5839016760779,244.4298605591998,1760.0137622352777,False
180,3,keep,0.0,429.04080983380504,429.04080983380504,False
180,3,0.5,-600.335857149012,1585.089794988965,984.753937839953,False
180,3,0.65,-363.78248877319106,854.7509343506135,490.9684455774225,False
180,3,0.8,-22.147738612766606,434.4592149779423,412.3114763651757,True
180,3,0.9,919.0616967751042,243.2334909550036,1162.2951877301077,False
181,1,keep,0.0,6442.936457029151,6442.936457029151,False
181,1,0.5,376.11719883733474,6262.188661627906,6638.305860465241,False
181,1,0.65,1575.3629649018092,1843.3777956915042,3418.740760593313,True
181,1,0.8,3954.252446874667,541.5177336247144,4495.770180499381,False
181,1,0.9,7076.079432758286,247.89419208707199,7323.973624845358,False
181,2,keep,0.0,4772.961524822627,4772.961524822627,False
181,2,0.5,406.4357208519881,3130.92670790016,3537.3624287521484,False
181,2,0.65,1510.891532274657,1083.4658980279391,2594.357430302596,True
181,2,0.8,3385.8886580847675,460.79004723463936,3846.6787053194066,False
181,2,0.9,5549.42104559558,245.59043687000707,5795.011482465587,False
181,3,keep,0.0,8876.935094253968,8876.935094253968,False
181,3,0.5,2502.6601120224936,1286.0548913247185,3788.715003347212,False
181,3,0.65,3026.5278326401294,666.0354128617536,3692.563245501883,True
181,3,0.8,4013.7649845393653,340.5117553352868,4354.276739874652,False
181,3,0.9,5008.634002127635,189.17377581046543,5197.8077779381,False
182,1,keep,0.0,750.5345632297821,750.5345632297821,True
182,1,0.5,-1573.8810319896822,6960.095853189976,5386.214821200294,False
182,1,0.65,-643.6092722039807,1975.7899890837405,1332.1807168797598,False
182,1,0.8,1159.3246588328745,512.3319212832628,1671.6565801161373,False
182,1,0.9,3872.2040880791938,283.80565532228803,4156.0097434014815,False
182,2,keep,0.0,1405.3364692747332,1405.3364692747332,False
182,2,0.5,-551.9824519058575,3416.9618681561437,2864.9794162502862,False
182,2,0.65,283.8527649763123,912.7144569521364,1196.5672219284488,True
182,2,0.8,1683.5472481649738,474.09069343696854,2157.637941601942,False
182,2,0.9,3676.448735691337,275.1522454169432,3951.60098110828,False
182,3,keep,0.0,14497.380601064313,14497.380601064313,False
182,3,0.5,4168.395815021546,1305.410420624339,5473.806235645885,False
182,3,0.65,4688.973376185594,591.933355277209,5280.906731462803,True
182,3,0.8,5655.653109099876,335.97087720638433,5991.62398630626,False
182,3,0.9,6635.680593684299,191.7163627894084,6827.396956473708,False
183,1,keep,0.0,784.0723990472557,784.0723990472557,True
183,1,0.5,-1791.9458704394638,7759.429833614167,5967.483963174704,False
183,1,0.65,-885.2907458626128,2725.4230370825126,1840.1322912198998,False
183,1,0.8,1147.9406049685488,622.9965531247407,1770.9371580932893,False
183,1,0.9,4796.006901981635,315.44989538187093,5111.456797363506,False
183,2,keep,0.0,511.295633586745,511.295633586745,False
183,2,0.5,-2605.4660647231117,4383.488001489628,1778.0219367665163,False
183,2,0.65,-2035.4187954143845,1727.1997936632147,-308.2190017511698,False
183,2,0.8,-1314.9893453492468,580.8023990038115,-734.1869463454353,True
183,2,0.9,108.60819764639359,307.8865697672743,416.4947674136679,False
183,3,keep,0.0,538.984042853119,538.984042853119,False
183,3,0.5,-454.05456575829385,1501.8832132945154,1047.8286475362215,False
183,3,0.65,-215.0390194621935,724.8497418492697,509.81072238707617,True
183,3,0.8,342.5110207744734,494.79978186331147,837.310802637785,False
183,3,0.9,1383.07084039932,298.8096242576231,1681.8804646569433,False
184,1,keep,0.0,1250.767293844619,1250.767293844619,False
184,1,0.5,-648.7698258883228,3850.2563882661143,3201.4865623777914,False
184,1,0.65,-101.09572806773804,1332.9569042073213,1231.8611761395832,True
184,1,0.8,1160.474577259947,317.6141280772366,1478.0887053371835,False
184,1,0.9,3266.2559978963695,78.04450479285552,3344.300502689225,False
184,2,keep,0.0,236.32890635459864,236.32890635459864,True
184,2,0.5,-1004.1685889595965,3195.369867857778,2191.2012788981815,False
184,2,0.65,-595.7041848356572,1269.6898270445918,673.9856422089346,False
184,2,0.8,149.080056187134,268.66983567014245,417.74989185727645,False
184,2,0.9,1666.1181690741478,71.30055873786118,1737.418727812009,False
184,3,keep,0.0,223.7313600443345,223.7313600443345,True
184,3,0.5,-438.5528288819417,1481.3064417589285,1042.7536128769868,False
184,3,0.65,-209.68737309941983,619.3727696158807,409.68539651646086,False
184,3,0.8,335.6591214110705,181.6908836012753,517.3500050123457,False
184,3,0.9,1474.5610867287799,71.165161976467,1545.726248705247,False
185,1,keep,0.0,469.8138946020978,469.8138946020978,False
185,1,0.5,-1254.1720918201383,3421.734162362552,2167.5620705424135,False
185,1,0.65,-809.7657158276359,1551.7611497779726,741.9954339503367,False
185,1,0.8,-55.44579002307614,279.3504548588405,223.90466483576438,True
185,1,0.9,1549.4469580701036,12.97754257579355,1562.424500645897,False
185,2,keep,0.0,219.0303877872451,219.0303877872451,True
185,2,0.5,-825.6376100819609,2785.8919380074562,1960.2543279254953,False
185,2,0.65,-450.7427775016491,1079.6133901644682,628.8706126628192,False
185,2,0.8,50.061599083520335,200.89349605960055,250.9550951431209,False
185,2,0.9,1801.3438047086006,11.47837516884788,1812.8221798774484,False
185,3,keep,0.0,2632.7705598807092,2632.7705598807092,False
185,3,0.5,480.34360269761356,1266.7775723916689,1747.1211750892824,False
185,3,0.65,971.5241661800055,468.867135101011,1440.3913012810165,True
185,3,0.8,1631.280970908582,95.2035573576243,1726.4845282662063,False
185,3,0.9,2819.5283530950624,6.2267370487433,2825.755090143806,False
186,1,keep,0.0,10813.230786849525,10813.230786849525,False
186,1,0.5,780.5160073921827,7160.108266187228,7940.62427357941,False
186,1,0.65,2393.5358750129926,2630.958358039883,5024.494233052876,True
186,1,0.8,5133.540231573224,970.7616056027251,6104.30183717595,False
186,1,0.9,9430.954409266838,328.3684150449426,9759.322824311781,False
186,2,keep,0.0,3018.0083045971146,3018.0083045971146,False
186,2,0.5,-472.37053035161745,5460.920906181314,4988.550375829697,False
186,2,0.65,439.3248800655273,2064.183426403461,2503.5083064689884,True
186,2,0.8,2446.3796209436114,905.7499998968564,3352.129620840468,False
186,2,0.9,5725.122146308029,325.893755706229,6051.015902014258,False
186,3,keep,0.0,4765.805727971498,4765.805727971498,False
186,3,0.5,1047.8728720268416,1933.3250056140207,2981.1978776408623,False
186,3,0.65,1601.6562356041477,1021.8461413471108,2623.5023769512586,True
186,3,0.8,2642.357889186191,622.4020807754544,3264.7599699616458,False
186,3,0.9,4178.732072730104,292.3236869318415,4471.055759661946,False
187,1,keep,0.0,820.0446766617721,820.0446766617721,False
187,1,0.5,-4344.634965918556,8914.123187188687,4569.48822127013,False
187,1,0.65,-3522.093496450108,3823.5952290989526,301.5017326488446,False
187,1,0.8,-2309.8974429258574,1124.6339871725838,-1185.2634557532735,True
187,1,0.9,-7.498643152295017,386.22496070703556,378.72631755474055,False
187,2,keep,0.0,3371.995210504432,3371.995210504432,False
187,2,0.5,-869.3961183942305,6247.6810139153695,5378.284895521139,False
187,2,0.65,65.34469556545793,2834.2283641029367,2899.5730596683948,True
187,2,0.8,1942.9724000466001,1081.0366663667205,3024.0090664133204,False
187,2,0.9,5194.336260633935,372.2854550061608,5566.621715640096,False
187,3,keep,0.0,933.0630758317794,933.0630758317794,True
187,3,0.5,-482.2255377346948,2695.1951527937445,2212.96961505905,False
187,3,0.65,-218.48190887988267,1593.1829444890955,1374.7010356092128,False
187,3,0.8,489.51290375818394,834.0746553823107,1323.5875591404947,False
187,3,0.9,2123.7993938890677,370.38567916863065,2494.1850730576984,False
188,1,keep,0.0,756.5633474753798,756.5633474753798,False
188,1,0.5,-4536.78229341582,8008.150865588005,3471.368572172185,False
188,1,0.65,-3703.400346373183,3353.180346514774,-350.21999985840876,False
188,1,0.8,-2390.0030256429864,908.0991007738498,-1481.9039248691365,True
188,1,0.9,208.4050785888112,321.45247818376595,529.8575567725771,False
188,2,keep,0.0,1514.2460942836517,1514.2460942836517,False
188,2,0.5,-1412.108732929853,5661.048469916214,4248.939736986362,False
188,2,0.65,-750.0742855533699,2193.77381770176,1443.69953214839,True
188,2,0.8,719.2092439184463,900.3389266210991,1619.5481705395455,False
188,2,0.9,3898.9624761964133,311.1319765480506,4210.0944527444635,False
188,3,keep,0.0,851.7038827051762,851.7038827051762,True
188,3,0.5,-399.9433052608681,2284.2112079724516,1884.2679027115835,False
188,3,0.65,-149.91877232228398,1335.4838351935964,1185.5650628713124,False
188,3,0.8,634.7493501589051,707.4117216854316,1342.1610718443367,False
188,3,0.9,2286.763809800529,313.867963021024,2600.631772821553,False
189,1,keep,0.0,725.539483239121,725.539483239121,False
189,1,0.5,-3908.3279937763314,7570.320510762862,3661.9925169865305,False
189,1,0.65,-3021.2644817269015,3014.9547774864573,-6.309704240444262,False
189,1,0.8,-1800.2223915665018,870.6972210532955,-929.5251705132063,True
189,1,0.9,913.3233622161391,309.75986450847125,1223.0832267246103,False
189,2,keep,0.0,1108.0927795600787,1108.0927795600787,False
189,2,0.5,-2465.2068396985737,5272.235278500488,2807.028438801914,False
189,2,0.65,-1881.6025497405085,2496.163096596572,614.5605468560634,False
189,2,0.8,-677.7895670730072,888.1101599704662,210.32059289745894,True
189,2,0.9,2372.8293345613647,292.7380516845223,2665.567386245887,False
189,3,keep,0.0,711.4577216216397,711.4577216216397,False
189,3,0.5,-634.4849723717654,2186.8248562936037,1552.3398839218385,False
189,3,0.65,-375.87877883783693,1290.7943977741752,914.9156189363382,False
189,3,0.8,-25.58180728583595,721.8387279867197,696.2569207008838,True
189,3,0.9,1712.6706024073424,296.17758729799027,2008.8481897053325,False
190,1,keep,0.0,1367.6552112617264,1367.6552112617264,False
190,1,0.5,-2240.891663836919,7139.013336304206,4898.121672467287,False
190,1,0.65,-1391.1449494485782,2929.771904618785,1538.6269551702067,False
190,1,0.8,475.83140639379974,885.8517285679436,1361.6831349617432,True
190,1,0.9,4219.674575906093,304.07562084887377,4523.750196754967,False
190,2,keep,0.0,678.6684931007094,678.6684931007094,False
190,2,0.5,-2256.1019973111565,5193.960998155194,2937.8590008440374,False
190,2,0.65,-1684.8991303863966,2460.9526023922685,776.053472005872,False
190,2,0.8,-892.6586463334713,873.7888892529563,-18.869757080515,True
190,2,0.9,1369.1147814293101,288.4240356941614,1657.5388171234715,False
190,3,keep,0.0,720.1204572417685,720.1204572417685,True
190,3,0.5,-597.4487216241574,2197.3455888646777,1599.8968672405204,False
190,3,0.65,-337.17970876038675,1283.9812082084356,946.8014994480488,False
190,3,0.8,25.82594234043178,717.8097295749575,743.6356719153893,False
190,3,0.9,1823.7793546501673,291.99706599054326,2115.7764206407105,False
191,1,keep,0.0,387.8367104899125,387.8367104899125,False
191,1,0.5,-1715.748963597391,4018.830849858202,2303.081886260811,False
191,1,0.65,-1257.7318965945371,1919.2526194729066,661.5207228783695,False
191,1,0.8,-628.9600332790365,535.3344301685792,-93.62560311045729,True
191,1,0.9,1387.058672631669,167.3000878246336,1554.3587604563027,False
191,2,keep,0.0,369.3039406640811,369.3039406640811,False
191,2,0.5,-1425.0092148467052,3774.91803150003,2349.9088166533247,False
191,2,0.65,-1004.9078680678141,1832.549128995876,827.6412609280618,False
191,2,0.8,-425.3093520613301,536.6829302358667,111.37357817453659,True
191,2,0.9,1556.937956771227,156.31492764344927,1713.2528844146761,False
191,3,keep,0.0,385.5170166882908,385.5170166882908,True
191,3,0.5,-601.7047125901685,2066.512920872448,1464.8082082822793,False
191,3,0.65,-345.00580139687713,1024.974564024373,679.9687626274958,False
191,3,0.8,52.63627213249992,375.1218702981241,427.75814243062405,False
191,3,0.9,1757.8493306279613,157.75078002487834,1915.6001106528397,False
192,1,keep,0.0,510.2891869046685,510.2891869046685,True
192,1,0.5,-1046.6596911877782,3803.3122592444734,2756.652568056695,False
192,1,0.65,-579.2648450409308,1778.8422497108522,1199.5774046699214,False
192,1,0.8,177.18730302271322,474.734964681366,651.9222677040792,False
192,1,0.9,2837.2484547345944,114.74875221135252,2951.997206945947,False
192,2,keep,0.0,599.1030476836033,599.1030476836033,True
192,2,0.5,-958.5427074137027,3959.3794177982354,3000.8367103845326,False
192,2,0.65,-510.19921322091494,1877.942927064816,1367.743713843901,False
192,2,0.8,326.19878120193073,501.30174572527113,827.5005269272019,False
192,2,0.9,3017.4602827586286,104.59930131950466,3122.0595840781334,False
192,3,keep,0.0,354.50219786702166,354.50219786702166,False
192,3,0.5,-616.5733405477638,2042.9123987556802,1426.3390582079164,False
192,3,0.65,-368.2704864073545,1061.3735539835893,693.1030675762348,False
192,3,0.8,-6.310672573771184,360.3163253064004,354.00565273262924,True
192,3,0.9,1675.3315396600885,104.8629215447921,1780.1944612048806,False
193,1,keep,0.0,733.4686537417008,733.4686537417008,False
193,1,0.5,-5284.536219716869,6415.770053253312,1131.233833536443,False
193,1,0.65,-4489.541259390145,2539.9115723253176,-1949.629687064827,False
193,1,0.8,-3375.8931509145614,901.0472324371034,-2474.845918477458,True
193,1,0.9,-868.6082527316041,320.4565583074259,-548.1516944241782,False
193,2,keep,0.0,733.096618867972,733.096618867972,False
193,2,0.5,-2117.8643208246044,4685.543691479065,2567.679370654461,False
193,2,0.65,-1638.1140963982914,2453.0362133038125,814.9221169055211,False
193,2,0.8,-946.974395969617,923.0577810824791,-23.91661488713794,True
193,2,0.9,1304.643292494331,302.2214599621722,1606.8647524565033,False
193,3,keep,0.0,746.7619720479477,746.7619720479477,True
193,3,0.5,-581.6416564893195,2359.2008105794516,1777.559154090132,False
193,3,0.65,-338.3402216574787,1402.9916940856722,1064.6514724281935,False
193,3,0.8,64.24931160627692,739.3406922728273,803.5900038791042,False
193,3,0.9,1820.2454124769838,306.4408136231416,2126.686226100125,False
194,1,keep,0.0,757.8349012305027,757.8349012305027,False
194,1,0.5,-3458.6272038847496,6226.708176785987,2768.0809729012376,False
194,1,0.65,-2656.6075425711,2436.8075161238003,-219.80002644729984,False
194,1,0.8,-1535.7664195685234,843.5600082937124,-692.206411274811,True
194,1,0.9,1648.160791433626,319.77823578167727,1967.9390272153032,False
194,2,keep,0.0,1200.8657929202554,1200.8657929202554,True
194,2,0.5,-1405.8447146115575,5695.387770933561,4289.543056322003,False
194,2,0.65,-814.11354389881,2708.2655841297255,1894.1520402309156,False
194,2,0.8,404.98470708043806,934.4711569136205,1339.4558639940585,False
194,2,0.9,3676.2019756312056,308.35248644209383,3984.5544620732994,False
194,3,keep,0.0,794.7849004724563,794.7849004724563,True
194,3,0.5,-517.9915861461047,2300.4604229219017,1782.468836775797,False
194,3,0.65,-275.3747529018064,1336.6461136497483,1061.2713607479418,False
194,3,0.8,262.0362382512445,734.3713091392802,996.4075473905248,False
194,3,0.9,2018.8255702900883,311.6017184985256,2330.427288788614,False
195,1,keep,0.0,795.2590370565431,795.2590370565431,False
195,1,0.5,-4399.717062914388,6378.226375858576,1978.5093129441875,False
195,1,0.65,-3615.0717748398433,2474.7434436896992,-1140.328331150144,False
195,1,0.8,-2473.1745090413506,873.6714799262677,-1599.5030291150829,True
195,1,0.9,236.24499299695412,301.03029058868594,537.2752835856401,False
195,2,keep,0.0,769.0976319432716,769.0976319432716,False
195,2,0.5,-1828.9816166642859,5638.074182725719,3809.092566061433,False
195,2,0.65,-1254.4929888557529,2735.1534795915572,1480.6604907358044,False
195,2,0.8,-414.15998352356866,908.1090591070558,493.9490755834872,True
195,2,0.9,2757.3163847310766,283.27733900419184,3040.593723735268,False
195,3,keep,0.0,740.8612748469358,740.8612748469358,True
195,3,0.5,-574.5018753935649,2349.8827990462773,1775.3809236527125,False
195,3,0.65,-336.8260803671987,1390.9207967084353,1054.0947163412366,False
195,3,0.8,12.713982146541333,738.6870011555071,751.4009833020484,False
195,3,0.9,1831.5587408729866,290.6096746860158,2122.1684155590024,False
196,1,keep,0.0,743.9852750025641,743.9852750025641,False
196,1,0.5,-3969.258915916365,6408.196776579189,2438.937860662824,False
196,1,0.65,-3178.4374138911344,2476.33130366951,-702.1061102216245,False
196,1,0.8,-2120.8831187569995,891.7044727305476,-1229.1786460264518,True
196,1,0.9,478.18651044668877,300.1436651157697,778.3301755624584,False
196,2,keep,0.0,1516.9278252648342,1516.9278252648342,True
196,2,0.5,-965.4859433162715,5537.947408807809,4572.461465491537,False
196,2,0.65,-320.4192953547556,2200.4132559900845,1879.993960635329,False
196,2,0.8,1171.8028012069362,925.4412321572622,2097.2440333641985,False
196,2,0.9,4784.619926813187,285.3003538982434,5069.92028071143,False
196,3,keep,0.0,744.8372525653555,744.8372525653555,False
196,3,0.5,-593.309210076244,2346.3595027422284,1753.0502926659844,False
196,3,0.65,-361.2837459940829,1411.9030380292857,1050.6192920352028,False
196,3,0.8,-21.88796915180551,753.0535699411682,731.1656007893628,True
196,3,0.9,1778.1335809898615,292.22752363407903,2070.3611046239403,False
197,1,keep,0.0,1563.6230766558315,1563.6230766558315,False
197,1,0.5,-1761.3354050331918,6893.724678981812,5132.38927394862,False
197,1,0.65,-716.4458323410759,1971.9552560006505,1255.5094236595746,True
197,1,0.8,1401.3198920578043,851.2338037150075,2252.553695772812,False
197,1,0.9,5505.309933998842,302.5976897490348,5807.907623747877,False
197,2,keep,0.0,1330.860061698259,1330.860061698259,True
197,2,0.5,-1102.5809370659608,5644.87858778659,4542.2976507206295,False
197,2,0.65,-477.59285705383996,2486.0616703362093,2008.4688132823694,False
197,2,0.8,1230.8755855449476,889.6796448496617,2120.555230394609,False
197,2,0.9,4473.260453466901,288.0979888457747,4761.358442312676,False
197,3,keep,0.0,856.1356655291376,856.1356655291376,True
197,3,0.5,-420.99250353990016,2366.982708296545,1945.9902047566447,False
197,3,0.65,-187.19062666233648,1426.5093848774522,1239.3187582151158,False
197,3,0.8,478.2037288889594,754.7791553550761,1232.9828842440356,False
197,3,0.9,2339.635409566762,292.2038382731206,2631.839247839883,False
198,1,keep,0.0,420.9043338642183,420.9043338642183,False
198,1,0.5,-2214.0458988493147,4118.296744292554,1904.250845443239,False
198,1,0.65,-1733.6098029715654,1939.0479597031476,205.43815673158224,False
198,1,0.8,-1070.5556826400248,548.8576952803236,-521.6979873597012,True
198,1,0.9,1156.1046807688203,125.59275324501206,1281.6974340138324,False
198,2,keep,0.0,459.8857716313385,459.8857716313385,False
198,2,0.5,-1531.9698135005767,3924.3499347659686,2392.3801212653916,False
198,2,0.65,-1140.6783617800575,2018.8656640930385,878.187302312981,False
198,2,0.8,-555.5115492958249,581.5885192078752,26.07696991205023,True
198,2,0.9,1703.1900078063663,115.76187819234718,1818.9518859987136,False
198,3,keep,0.0,434.1588953596572,434.1588953596572,True
198,3,0.5,-536.2859811587749,2139.461442832263,1603.175461673488,False
198,3,0.65,-309.08113128245606,1129.7784719265524,820.6973406440964,False
198,3,0.8,86.47288077299619,407.7884303942516,494.26131116724775,False
198,3,0.9,1940.21288786498,117.30261600011558,2057.5155038650955,False
199,1,keep,0.0,419.8867394643638,419.8867394643638,False
199,1,0.5,-2645.3308856783087,3566.26403044274,920.9331447644313,False
199,1,0.65,-2223.858890702186,1783.0875771893361,-440.7713135128497,False
199,1,0.8,-1609.6962175886606,510.9494297148934,-1098.746787873767,True
199,1,0.9,566.5814920345058,82.97995300752562,649.5614450420314,False
199,2,keep,0.0,974.3438081793629,974.3438081793629,True
199,2,0.5,-739.8528160209704,3955.2577997229296,3215.4049837019593,False
199,2,0.65,-309.76410543260016,1863.430112710387,1553.6660072777868,False
199,2,0.8,797.0307113973854,570.959643863447,1367.9903552608325,False
199,2,0.9,3502.0721905063047,74.58510850593146,3576.6572990122363,False
199,3,keep,0.0,392.80187138495916,392.80187138495916,True
199,3,0.5,-569.4807828934862,1990.1610948131415,1420.6803119196552,False
199,3,0.65,-327.3962564512133,1097.8453747720896,770.4491183208763,False
199,3,0.8,35.8148061309537,382.59818532561354,418.4129914565672,False
199,3,0.9,1886.6072185976839,72.30396614729364,1958.9111847449776,False
200,1,keep,0.0,835.5767493839429,835.5767493839429,False
200,1,0.5,-3118.281077059973,7823.6013634223855,4705.320286362412,False
200,1,0.65,-2240.2029554471937,3004.2640950060804,764.0611395588867,False
200,1,0.8,-922.0785309428363,901.3507836648316,-20.7277472780047,True
200,1,0.9,2656.834371035905,335.383111650857,2992.217482686762,False
200,2,keep,0.0,936.6635417839091,936.6635417839091,False
200,2,0.5,-2340.251550266706,5711.587619694071,3371.3360694273647,False
200,2,0.65,-1781.5107286456782,2753.9525921013355,972.4418634556573,False
200,2,0.8,-880.8293301259836,939.5650047014063,58.73567457542276,True
200,2,0.9,1863.4671979434866,324.01722575135915,2187.4844236948456,False
200,3,keep,0.0,760.5557326819405,760.5557326819405,True
200,3,0.5,-594.1376474489394,2394.7518946017417,1800.6142471528024,False
200,3,0.65,-350.89093205084083,1429.351176770725,1078.4602447198843,False
200,3,0.8,-0.692731597289999,762.2086100316905,761.5158784344004,False
200,3,0.9,1750.7921062764635,319.6776226884639,2070.4697289649275,False
201,1,keep,0.0,773.8649659844418,773.8649659844418,False
201,1,0.5,-4188.801327204179,7888.001685965922,3699.200358761743,False
201,1,0.65,-3329.423360987919,2958.8878103302322,-370.5355506576866,False
201,1,0.8,-2111.874187885179,888.5211598819307,-1223.3530280032483,True
201,1,0.9,824.9645751874248,332.16583707652524,1157.13041226395,False
201,2,keep,0.0,2758.9685180842976,2758.9685180842976,False
201,2,0.5,-828.3241639616841,5619.953229792716,4791.629065831032,False
201,2,0.65,24.941317672890875,2316.3987436046255,2341.3400612775163,True
201,2,0.8,1984.054740556589,907.7180530905079,2891.772793647097,False
201,2,0.9,5319.691125072948,316.20024646235834,5635.8913715353065,False
201,3,keep,0.0,840.3380235505865,840.3380235505865,True
201,3,0.5,-440.72319752355645,2419.9169113477424,1979.193713824186,False
201,3,0.65,-190.62997083202447,1410.6408106915346,1220.0108398595103,False
201,3,0.8,475.73441126209764,740.7896511403984,1216.524062402496,False
201,3,0.9,2231.6238555702166,314.1407323614553,2545.764587931672,False
202,1,keep,0.0,14120.183259017356,14120.183259017356,False
202,1,0.5,1794.3218951948666,7586.900465458061,9381.222360652928,False
202,1,0.65,4094.6199682426804,2825.6278545088517,6920.247822751532,True
202,1,0.8,7533.589011392834,856.4621628956086,8390.051174288443,False
202,1,0.9,12334.311704227815,331.19689183261585,12665.508596060432,False
202,2,keep,0.0,801.1711492329673,801.1711492329673,False
202,2,0.5,-3430.455073236624,5930.696499351261,2500.2414261146373,False
202,2,0.65,-2859.4198844152847,2889.1744983480394,29.754613932754637,False
202,2,0.8,-1756.4659816214003,896.4243570712374,-860.0416245501629,True
202,2,0.9,469.3330779000032,309.3022513630706,778.6353292630738,False
202,3,keep,0.0,744.5179810240824,744.5179810240824,True
202,3,0.5,-566.5160060768607,2431.3603034589582,1864.8442973820975,False
202,3,0.65,-331.844557374128,1435.319184528253,1103.4746271541248,False
202,3,0.8,48.083114506080555,736.8536334623464,784.9367479684269,False
202,3,0.9,1797.3559902054758,310.183818114399,2107.5398083198747,False
203,1,keep,0.0,778.2520311530016,778.2520311530016,False
203,1,0.5,-6289.127902034305,7954.857295090373,1665.7293930560672,False
203,1,0.65,-5414.557222998013,3092.3821549684017,-2322.175068029611,False
203,1,0.8,-4183.700707619403,897.0519405530415,-3286.648767066362,True
203,1,0.9,-1532.3018780362156,339.1527692090258,-1193.1491088271898,False
203,2,keep,0.0,930.6665383167751,930.6665383167751,True
203,2,0.5,-1372.5694630560718,5898.307874171791,4525.738411115719,False
203,2,0.65,-816.068203005345,2833.8689606175053,2017.8007576121604,False
203,2,0.8,121.94354073613454,888.0224618524951,1009.9660025886296,False
203,2,0.9,3342.9211944740714,320.5870981168994,3663.508292590971,False
203,3,keep,0.0,761.5365738141704,761.5365738141704,True
203,3,0.5,-572.7476884565506,2471.64368328475,1898.8959948281993,False
203,3,0.65,-333.20526214957283,1460.604814445372,1127.3995522957994,False
203,3,0.8,52.19771884833374,753.4413567832366,805.6390756315703,False
203,3,0.9,1794.855558202804,322.7902126325346,2117.6457708353387,False
204,1,keep,0.0,769.3886735935436,769.3886735935436,False
204,1,0.5,-5073.174552875377,8560.25920376633,3487.0846508909535,False
204,1,0.65,-4156.6906729731845,3437.312200677101,-719.3784722960836,False
204,1,0.8,-2859.3193865379258,921.9414779149574,-1937.3779086229683,True
204,1,0.9,-231.11686354170592,343.9844589479837,112.86759540627776,False
204,2,keep,0.0,763.2358551956456,763.2358551956456,False
204,2,0.5,-2405.6756377860565,5950.200235741084,3544.5245979550273,False
204,2,0.65,-1813.2113152902698,2876.2346872911585,1063.0233720008887,False
204,2,0.8,-935.2952131722939,912.6725000126842,-22.622713159609702,True
204,2,0.9,1470.826329672041,325.7489110729932,1796.5752407450343,False
204,3,keep,0.0,769.3342625613775,769.3342625613775,True
204,3,0.5,-561.8418539146661,2462.736567169377,1900.894713254711,False
204,3,0.65,-316.6527500555692,1436.9763471372619,1120.3235970816927,False
204,3,0.8,90.63745127724137,746.9385357975964,837.5759870748377,False
204,3,0.9,1804.3958058496348,325.08233642544127,2129.478142275076,False
205,1,keep,0.0,524.3131481089655,524.3131481089655,False
205,1,0.5,-1411.924825173078,4424.567183305251,3012.6423581321733,False
205,1,0.65,-959.388139130226,2180.681038927465,1221.292899797239,False
205,1,0.8,-246.95476001375445,604.4754143988371,357.5206543850826,True
205,1,0.9,2026.1662656918515,222.40622039522202,2248.5724860870737,False
205,2,keep,0.0,486.36008938969087,486.36008938969087,False
205,2,0.5,-1284.4334052983402,4007.424432650104,2722.9910273517635,False
205,2,0.65,-889.1536924720195,2024.1950332815375,1135.0413408095178,False
205,2,0.8,-306.4803787999414,597.6059209840075,291.12554218406615,True
205,2,0.9,1748.176023559601,210.6163359375719,1958.7923594971728,False
205,3,keep,0.0,429.85240479602186,429.85240479602186,False
205,3,0.5,-597.4102869523451,2226.0281693080383,1628.6178823556932,False
205,3,0.65,-358.30100125197254,1150.9012718550048,792.6002706030322,False
205,3,0.8,-13.863132741173395,438.5721672586259,424.7090345174525,True
205,3,0.9,1680.7903291659359,203.96660310970094,1884.7569322756367,False
206,1,keep,0.0,574.3079117232191,574.3079117232191,True
206,1,0.5,-1182.078127560531,4000.8931165483064,2818.8149889877755,False
206,1,0.65,-723.8343568880483,1942.2107909273263,1218.3764340392781,False
206,1,0.8,61.83085695403449,526.2989948396397,588.1298517936742,False
206,1,0.9,2620.517691790523,93.89019593556569,2714.4078877260886,False
206,2,keep,0.0,486.6924984734012,486.6924984734012,False
206,2,0.5,-1281.6584273317499,3888.8477039483737,2607.189276616624,False
206,2,0.65,-892.976726635011,2006.7086106619454,1113.7318840269345,False
206,2,0.8,-239.92983769082542,560.6780241846611,320.7481864938357,True
206,2,0.9,1933.5473163990891,91.9091761184005,2025.4564925174896,False
206,3,keep,0.0,404.7357524314406,404.7357524314406,True
206,3,0.5,-571.1236135611991,2055.603722342309,1484.48010878111,False
206,3,0.65,-326.6199487274709,1107.5294129769313,780.9094642494604,False
206,3,0.8,48.13110226336869,389.1826742547697,437.3137765181384,False
206,3,0.9,1790.1329720527067,95.03210887405405,1885.1650809267608,False
207,1,keep,0.0,1267.3594919984473,1267.3594919984473,False
207,1,0.5,-2870.4270249992965,8117.657803578364,5247.230778579067,False
207,1,0.65,-1835.9631986073614,2869.2690844629274,1033.305885855566,True
207,1,0.8,145.64959710383926,889.6007388732119,1035.2503359770512,False
207,1,0.9,4069.416545881047,319.2852332939683,4388.701779175015,False
207,2,keep,0.0,2778.776848164448,2778.776848164448,False
207,2,0.5,-586.840493984308,5344.389974474118,4757.549480489811,False
207,2,0.65,178.93097670026745,2441.1237452032683,2620.0547219035357,True
207,2,0.8,2350.8995186320394,924.8468822689682,3275.7464009010077,False
207,2,0.9,5848.788870055201,323.32775318066973,6172.116623235871,False
207,3,keep,0.0,1522.5502972285676,1522.5502972285676,True
207,3,0.5,-183.30979294730327,2192.539035723336,2009.2292427760326,False
207,3,0.65,206.77088669350394,1327.1386848713762,1533.90957156488,False
207,3,0.8,1239.9362526602288,742.609437901499,1982.5456905617277,False
207,3,0.9,3047.4902271748433,324.5892283125798,3372.0794554874233,False
208,1,keep,0.0,1796.085883287086,1796.085883287086,True
208,1,0.5,-2071.7483510032644,8350.640213083652,6278.891862080388,False
208,1,0.65,-940.8545604846407,2860.184761821834,1919.330201337193,False
208,1,0.8,1503.478626934632,899.1050039536196,2402.5836308882517,False
208,1,0.9,5970.391976438203,322.240724287444,6292.632700725647,False
208,2,keep,0.0,940.0919989090743,940.0919989090743,False
208,2,0.5,-2142.416785811273,5747.411199401138,3604.9944135898654,False
208,2,0.65,-1567.9431683342914,2789.8272090685023,1221.8840407342109,False
208,2,0.8,-611.4949602383473,936.7647867485703,325.26982651022297,True
208,2,0.9,2287.099022731052,324.55079663173785,2611.64981936279,False
208,3,keep,0.0,778.494454286793,778.494454286793,True
208,3,0.5,-571.6063366630292,2388.931382020797,1817.325045357768,False
208,3,0.65,-332.001570825998,1441.246463553656,1109.244892727658,False
208,3,0.8,35.926411934373085,772.9470465085071,808.8734584428802,False
208,3,0.9,1840.2450726368158,327.75914341407866,2168.0042160508947,False
209,1,keep,0.0,4300.957337549749,4300.957337549749,False
209,1,0.5,-738.8671432756157,7837.04431273115,7098.177169455535,False
209,1,0.65,959.4995190594568,2151.605882400288,3111.105401459745,True
209,1,0.8,3774.444240494321,776.9360685424647,4551.380309036786,False
209,1,0.9,8420.791294164159,320.3875926614729,8741.178886825632,False
209,2,keep,0.0,1294.2801181614154,1294.2801181614154,True
209,2,0.5,-1457.4835368578877,5933.179662741399,4475.696125883511,False
209,2,0.65,-914.0335451999067,2967.4978667818227,2053.464321581916,False
209,2,0.8,608.2667679407773,897.4140266093654,1505.6807945501428,False
209,2,0.9,3679.4193083055366,322.62325630997606,4002.0425646155127,False
209,3,keep,0.0,1059.9938365353485,1059.9938365353485,True
209,3,0.5,-346.29742492912186,2466.6858163555644,2120.3883914264425,False
209,3,0.65,-104.50659492611967,1455.7182781267215,1351.2116832006018,False
209,3,0.8,768.0474368406993,766.4070229283393,1534.4544597690387,False
209,3,0.9,2554.185130986904,328.53861601855465,2882.723747005459,False
210,1,keep,0.0,13384.534957681904,13384.534957681904,False
210,1,0.5,1582.1411188818497,7081.7452139831485,8663.886332864999,False
210,1,0.65,3873.997995428005,2673.6301390144763,6547.6281344424815,True
210,1,0.8,7431.420769137115,918.7930276180862,8350.2137967552,False
210,1,0.9,12449.813912735674,323.5537950172045,12773.367707752877,False
210,2,keep,0.0,2285.007766919369,2285.007766919369,False
210,2,0.5,-879.585554684568,5568.965002668252,4689.379447983684,False
210,2,0.65,-198.09983388426505,2284.8875965663774,2086.7877626821123,True
210,2,0.8,1779.4653475746568,939.6298813032312,2719.095228877888,False
210,2,0.9,4993.681444300095,319.6340421182273,5313.3154864183225,False
210,3,keep,0.0,920.812127731908,920.812127731908,True
210,3,0.5,-420.5803148024749,2563.1397250213654,2142.5594102188907,False
210,3,0.65,-177.23888285766273,1533.2157470385723,1355.9768641809096,False
210,3,0.8,558.4132549827671,782.5218928416501,1340.935147824417,False
210,3,0.9,2411.750107359143,323.6848784231215,2735.4349857822644,False
211,1,keep,0.0,1126.9449990903001,1126.9449990903001,True
211,1,0.5,-1716.4012347257549,7759.475190578925,6043.07395585317,False
211,1,0.65,-759.5336162816842,3120.7611506949816,2361.2275344132972,False
211,1,0.8,1779.472044386829,880.4676210041436,2659.9396653909726,False
211,1,0.9,6911.039171020524,311.07767633775836,7222.116847358282,False
211,2,keep,0.0,1286.578215048665,1286.578215048665,True
211,2,0.5,-1241.0765794513811,5816.2101883358955,4575.133608884515,False
211,2,0.65,-632.1747178795292,2740.1668807980654,2107.9921629185365,False
211,2,0.8,878.4672549871129,921.5752558017864,1800.0425107888993,False
211,2,0.9,4398.053843698937,315.59666494443604,4713.6505086433735,False
211,3,keep,0.0,774.7193071319632,774.7193071319632,True
211,3,0.5,-607.8046495181516,2563.817298251348,1956.0126487331963,False
211,3,0.65,-368.19988368111945,1541.7985554679703,1173.598671786851,False
211,3,0.8,20.690121587117133,772.024879389695,792.7150009768121,False
211,3,0.9,1874.3020105867251,318.2051316387185,2192.5071422254437,False
212,1,keep,0.0,199.22113677137972,199.22113677137972,False
212,1,0.5,-1656.1815468698917,2984.994923997112,1328.8133771272203,False
212,1,0.65,-1251.5356982061348,1200.6858655827489,-50.849832623385964,False
212,1,0.8,-759.8095205846056,282.9564937750119,-476.8530268095937,True
212,1,0.9,923.8882294105872,47.13765035234873,971.0258797629359,False
212,2,keep,0.0,203.30039091738084,203.30039091738084,False
212,2,0.5,-1002.6389681141183,2884.664309605295,1882.0253414911767,False
212,2,0.65,-654.4440040727775,1242.7213994650915,588.277395392314,False
212,2,0.8,-188.79254074111984,275.9582370198987,87.16569627877888,True
212,2,0.9,1482.5286986604513,43.213167873737476,1525.7418665341888,False
212,3,keep,0.0,198.05786221126073,198.05786221126073,True
212,3,0.5,-509.6347919277902,1650.7689307101716,1141.1341387823813,False
212,3,0.65,-277.46764499265834,689.0205280960718,411.5528831034134,False
212,3,0.8,10.433537474922536,194.84898729802433,205.28252477294686,False
212,3,0.9,1440.893837343125,43.178815103558506,1484.0726524466834,False
213,1,keep,0.0,90.95089017006609,90.95089017006609,False
213,1,0.5,-1782.1616905696844,2264.120981583792,481.9592910141075,False
213,1,0.65,-1359.173349571242,686.7703677790156,-672.4029817922263,False
213,1,0.8,-867.3494524962401,116.31114641831354,-751.0383060779266,True
213,1,0.9,408.14196087669416,20.960911880528837,429.102872757223,False
213,2,keep,0.0,106.35440389917572,106.35440389917572,True
213,2,0.5,-802.3229404233108,2099.0246660506764,1296.7017256273657,False
213,2,0.65,-433.10944049905686,645.8453572620982,212.73591676304136,False
213,2,0.8,20.118842995746647,102.570139827421,122.68898282316765,False
213,2,0.9,1691.8272263687663,16.961216098286155,1708.7884424670524,False
213,3,keep,0.0,79.89551283219171,79.89551283219171,False
213,3,0.5,-498.89404318451636,1151.061384688112,652.1673415035956,False
213,3,0.65,-260.0946606440271,364.7642306131408,104.6695699691137,False
213,3,0.8,-4.569300699446049,81.93460799070033,77.36530729125428,True
213,3,0.9,1016.4872066784524,17.469482733455017,1033.9566894119073,False
214,1,keep,0.0,734.1670307085719,734.1670307085719,False
214,1,0.5,-660.1009893218309,2457.3078563264567,1797.2068670046258,False
214,1,0.65,118.48920214113713,554.5204387417554,673.0096408828924,True
214,1,0.8,1469.713257806158,349.22468438707284,1818.9379421932308,False
214,1,0.9,4598.435423546149,181.22778863229078,4779.66321217844,False
214,2,keep,0.0,342.4380715146451,342.4380715146451,False
214,2,0.5,-1340.2496104403076,2265.8480844873975,925.5984740470899,False
214,2,0.65,-926.9356633763896,856.290664848538,-70.64499852785161,True
214,2,0.8,-232.30467388903207,341.9076406003094,109.6029667112773,False
214,2,0.9,1025.5415771556463,181.7354883593716,1207.277065515018,False
214,3,keep,0.0,657.1869124538764,657.1869124538764,True
214,3,0.5,-217.23263006404406,1282.801744658089,1065.569114594045,False
214,3,0.65,78.72913394451064,623.1111444503981,701.8402783949088,False
214,3,0.8,897.6696419598039,329.2822670366432,1226.9519089964472,False
214,3,0.9,1868.3500221093782,180.5776568973886,2048.927679006767,False
215,1,keep,0.0,429.95702686347806,429.95702686347806,True
215,1,0.5,-1373.9066784752301,4185.813524694601,2811.906846219371,False
215,1,0.65,-327.2394344907586,867.9637694465266,540.724334955768,False
215,1,0.8,1583.6258848552354,379.6065032605151,1963.2323881157506,False
215,1,0.9,4761.308892109495,190.0877014906077,4951.396593600102,False
215,2,keep,0.0,364.0596780882123,364.0596780882123,False
215,2,0.5,-2685.6144219013145,2511.248068980192,-174.3663529211226,False
215,2,0.65,-2272.060681381984,987.9774336586437,-1284.0832477233403,False
215,2,0.8,-1759.5192172129543,394.9869180974317,-1364.5322991155226,True
215,2,0.9,-403.1707557795527,187.11435100244154,-216.05640477711114,False
215,3,keep,0.0,610.7490843268905,610.7490843268905,True
215,3,0.5,-285.9581463069254,1175.6429235196192,889.6847772126938,False
215,3,0.65,88.53776894220056,531.4601721678722,619.9979411100728,False
215,3,0.8,711.8458341474702,351.58739989276523,1063.4332340402354,False
215,3,0.9,1775.3013975416607,176.4838532276191,1951.7852507692799,False
216,1,keep,0.0,339.0742609936992,339.0742609936992,True
216,1,0.5,-952.7711380141614,2697.6471615561645,1744.8760235420032,False
216,1,0.65,307.4978582586703,258.42696904966743,565.9248273083377,False
216,1,0.8,2202.4649850952587,211.38245754200292,2413.847442637262,False
216,1,0.9,5388.695636686632,104.39267469516409,5493.088311381795,False
216,2,keep,0.0,215.85988331219897,215.85988331219897,False
216,2,0.5,-1644.27744599479,1985.372011960563,341.094565965773,False
216,2,0.65,-1174.218919547155,563.6454363499437,-610.5734831972114,True
216,2,0.8,-593.9395826542891,217.4633946623355,-376.47618799195357,False
216,2,0.9,584.7930652284906,109.89078898089281,694.6838542093834,False
216,3,keep,0.0,464.91463828135454,464.91463828135454,True
216,3,0.5,-207.44225594109201,1000.8035454328691,793.3612894917771,False
216,3,0.65,47.982753155473546,451.945390609182,499.9281437646556,False
216,3,0.8,841.7493512945505,219.00395258434557,1060.753303878896,False
216,3,0.9,1691.156661104477,106.75445844052192,1797.9111195449989,False
217,1,keep,0.0,109.89775237601944,109.89775237601944,False
217,1,0.5,-3388.8887862581446,2105.146147039311,-1283.7426392188336,False
217,1,0.65,-2593.8936369775533,347.5072072174444,-2246.386429760109,True
217,1,0.8,-1603.9274194698,115.86017521351192,-1488.0672442562882,False
217,1,0.9,116.49999847061713,37.50114391918842,154.00114238980555,False
217,2,keep,0.0,920.674785864354,920.674785864354,True
217,2,0.5,-249.0183578624352,1252.0298949579799,1003.0115370955447,False
217,2,0.65,636.1914978877069,362.3598599336337,998.5513578213406,False
217,2,0.8,2171.779729288144,119.50230003538218,2291.2820293235263,False
217,2,0.9,3841.730907160382,42.533440066581804,3884.2643472269638,False
217,3,keep,0.0,349.4306745886592,349.4306745886592,True
217,3,0.5,-152.26111190829937,666.8989010103146,514.6377891020152,False
217,3,0.65,182.53691331192312,297.49830632627686,480.0352196382,False
217,3,0.8,914.5416310850774,118.47737469061575,1033.0190057756931,False
217,3,0.9,1722.9621426814751,38.48163362690113,1761.4437763083763,False
218,1,keep,0.0,190.08168068660987,190.08168068660987,False
218,1,0.5,-3133.820761113891,1471.3568656521966,-1662.4638954616944,False
218,1,0.65,-2406.788544678431,185.7898257716862,-2220.998718906745,True
218,1,0.8,-984.4488500591615,126.39857214350612,-858.0502779156553,False
218,1,0.9,1081.4967724476674,47.38081056187398,1128.8775830095412,False
218,2,keep,0.0,155.78229013232834,155.78229013232834,False
218,2,0.5,-830.3272820876363,1453.2235024153788,622.8962203277425,False
218,2,0.65,-395.22729552544223,210.5891214058218,-184.63817411962043,True
218,2,0.8,614.2935714530415,129.53696340136366,743.8305348544052,False
218,2,0.9,1799.498177712076,51.06608645326184,1850.5642641653378,False
218,3,keep,0.0,144.30380893858722,144.30380893858722,True
218,3,0.5,-336.4207821317997,855.8766388755391,519.4558567437394,False
218,3,0.65,-115.99584412980725,333.43020743116836,217.4343633013611,False
218,3,0.8,395.68027173027014,127.9751363171968,523.655408047467,False
218,3,0.9,1163.9574001027815,48.00862700960678,1211.9660271123882,False
219,1,keep,0.0,10.185195722018403,10.185195722018403,False
219,1,0.5,-877.1359265229711,1077.3568430653263,200.2209165423552,False
219,1,0.65,-507.5055452776905,141.15793835379534,-366.3476069238951,True
219,1,0.8,-26.059860457798052,7.173602281456267,-18.886258176341784,False
219,1,0.9,1171.6219931189246,0.1075254139517129,1171.7295185328762,False
219,2,keep,0.0,101.20469986995496,101.20469986995496,False
219,2,0.5,-395.470707785113,1151.2313545274897,755.7606467423766,False
219,2,0.65,-79.21833843155493,162.8412954538939,83.62295702233898,True
219,2,0.8,877.0820985844214,7.691504681662895,884.7736032660843,False
219,2,0.9,1956.3115810601446,0.1373202937749373,1956.4489013539196,False
219,3,keep,0.0,77.96122460144686,77.96122460144686,True
219,3,0.5,-228.05994809443976,637.8953346783235,409.83538658388375,False
219,3,0.65,-9.710394334410875,89.7186451539385,80.00825081952762,False
219,3,0.8,673.1100616834403,6.479814245330936,679.5898759287712,False
219,3,0.9,1427.835764904591,0.08144169254345833,1427.9172065971345,False
220,1,keep,0.0,2.6367133284625752,2.6367133284625752,False
220,1,0.5,-1028.9453822698047,984.1289737530993,-44.81640851670534,False
220,1,0.65,-655.0375843423946,123.47243138913848,-531.5651529532561,True
220,1,0.8,-249.7483203754661,5.30737819253951,-244.4409421829266,False
220,1,0.9,649.6185645841034,0.06637957868093577,649.6849441627843,False
220,2,keep,0.0,355.31665934755335,355.31665934755335,True
220,2,0.5,-207.5711815803547,1104.266873760666,896.6956921803112,False
220,2,0.65,349.29921409852795,172.21634081789918,521.5155549164272,False
220,2,0.8,1430.4054215928547,7.132973816371516,1437.5383954092263,False
220,2,0.9,2544.458880386057,0.09902306855287006,2544.55790345461,False
220,3,keep,0.0,110.95648933700433,110.95648933700433,True
220,3,0.5,-210.93250913347984,648.5890517981877,437.6565426647079,False
220,3,0.65,29.691524775662216,98.46319575317277,128.15472052883499,False
220,3,0.8,712.6968628846188,5.32263017633916,718.019493060958,False
220,3,0.9,1469.9025438469823,0.0635629057262535,1469.9661067527086,False
221,1,keep,0.0,143.85127417172075,143.85127417172075,False
221,1,0.5,-2393.3330937397795,1601.885438587272,-791.4476551525077,False
221,1,0.65,-1916.8020837353445,419.6366676993772,-1497.1654160359672,True
221,1,0.8,-1088.7335305261072,147.51869730381318,-941.214833222294,False
221,1,0.9,310.59219336828545,57.804492915261726,368.3966862835472,False
221,2,keep,0.0,437.52468100149,437.52468100149,True
221,2,0.5,-476.1671829694777,1587.9709522272321,1111.8037692577545,False
221,2,0.65,120.06435966571888,403.43960732366725,523.5039669893861,False
221,2,0.8,1471.7193977937961,151.672621888274,1623.3920196820702,False
221,2,0.9,2966.7217915122283,61.656671343887325,3028.3784628561157,False
221,3,keep,0.0,646.4890774174748,646.4890774174748,True
221,3,0.5,-83.73567135700368,761.0276353070951,677.2919639500915,False
221,3,0.65,428.0796927782978,355.6976944654806,783.7773872437783,False
221,3,0.8,1128.1820486789666,147.571476373811,1275.7535250527776,False
221,3,0.9,1857.9800632184395,59.22366148755506,1917.2037247059945,False
222,1,keep,0.0,254.67794426690722,254.67794426690722,False
222,1,0.5,-1175.9048883793446,2484.223278454445,1308.3183900751003,False
222,1,0.65,-250.1401631483195,236.13840838567825,-14.00175476264124,True
222,1,0.8,1307.2896588432202,153.07747824728372,1460.367137090504,False
222,1,0.9,4041.8460636191057,57.67646929982183,4099.522532918928,False
222,2,keep,0.0,207.8035712564178,207.8035712564178,False
222,2,0.5,-830.5933595675021,1726.4190465851716,895.8256870176695,False
222,2,0.65,-330.896483974308,213.8361553227702,-117.06032865153782,True
222,2,0.8,845.6196365493565,156.08954850032626,1001.7091850496828,False
222,2,0.9,2238.5551497236793,63.18439409397773,2301.739543817657,False
222,3,keep,0.0,163.34064933153513,163.34064933153513,True
222,3,0.5,-338.8669614603256,1060.1671791629055,721.3002177025799,False
222,3,0.65,-102.78941297211577,379.1019334291203,276.31252045700455,False
222,3,0.8,390.10663684356615,153.1229390884683,543.2295759320344,False
222,3,0.9,1143.1918326484467,57.83933935927576,1201.0311720077225,False
223,1,keep,0.0,430.2989676311257,430.2989676311257,False
223,1,0.5,-1891.3503997944329,2350.844101624468,459.493701830035,False
223,1,0.65,-770.4097521472844,298.58762271028746,-471.82212943699693,True
223,1,0.8,781.9704454008906,180.02449208988833,961.994937490779,False
223,1,0.9,2744.6313479946084,72.26316998341238,2816.8945179780208,False
223,2,keep,0.0,195.91652019568502,195.91652019568502,False
223,2,0.5,-1152.4482411428537,2037.5238756811073,885.0756345382536,False
223,2,0.65,-672.9837882049362,539.2247329776703,-133.7590552272659,True
223,2,0.8,200.58488909175003,181.35933226996247,381.9442213617125,False
223,2,0.9,1409.368317371046,73.7295166800618,1483.0978340511078,False
223,3,keep,0.0,460.74288227340014,460.74288227340014,True
223,3,0.5,-228.87743692313788,1137.7846999046458,908.9072629815079,False
223,3,0.65,46.979182092213165,442.6041598644137,489.5833419566269,False
223,3,0.8,789.3966981539437,178.60600305643197,968.0027012103757,False
223,3,0.9,1537.5165669844448,70.54253702937395,1608.0591040138188,False
224,1,keep,0.0,208.75763311713763,208.75763311713763,False
224,1,0.5,-1355.8429678155655,2959.3480775992084,1603.5051097836429,False
224,1,0.65,-541.6618890601342,591.9785549824983,50.31666592236411,True
224,1,0.8,1084.7582894196582,203.70795271125462,1288.4662421309129,False
224,1,0.9,3861.9595270737586,76.97561646289073,3938.9351435366493,False
224,2,keep,0.0,1061.3797094868783,1061.3797094868783,True
224,2,0.5,-259.05224841549574,1771.4380446721632,1512.3857962566674,False
224,2,0.65,674.6253604170464,550.8250791442363,1225.4504395612826,False
224,2,0.8,2072.666060661058,207.52273274701994,2280.188793408078,False
224,2,0.9,3685.774094143012,77.70840746331262,3763.4825016063246,False
224,3,keep,0.0,1406.8003574548939,1406.8003574548939,False
224,3,0.5,133.66584603203563,1103.893647431213,1237.5594934632486,False
224,3,0.65,694.2844765532707,493.1558100864411,1187.4402866397118,True
224,3,0.8,1420.1841186244585,208.70242852818916,1628.8865471526476,False
224,3,0.9,2192.047153122923,79.43533686213436,2271.4824899850573,False
225,1,keep,0.0,1081.244591006916,1081.244591006916,True
225,1,0.5,-534.3492375467723,2574.78750149091,2040.4382639441378,False
225,1,0.65,1044.8146661109017,321.4696688291085,1366.2843349400102,False
225,1,0.8,3064.811428050163,217.11729778284888,3281.928725833012,False
225,1,0.9,5954.419089851993,87.4453130688012,6041.864402920794,False
225,2,keep,0.0,216.39473276042813,216.39473276042813,False
225,2,0.5,-1554.5067191445132,2154.93609648605,600.4293773415366,False
225,2,0.65,-1044.0628773514964,619.9890777828232,-424.07379956867317,True
225,2,0.8,-496.19402345087997,227.50322229099115,-268.6908011598888,False
225,2,0.9,535.5692915590714,90.76241168643095,626.3317032455024,False
225,3,keep,0.0,647.4238069763088,647.4238069763088,True
225,3,0.5,-190.6152670815989,1254.9993997531244,1064.3841326715255,False
225,3,0.65,172.89125305949432,539.268469064063,712.1597221235572,False
225,3,0.8,946.8072204036969,224.3115674060704,1171.1187878097674,False
225,3,0.9,1748.5939538114849,86.19461299037107,1834.788566801856,False
226,1,keep,0.0,10.660309779051952,10.660309779051952,False
226,1,0.5,-1425.8001946352283,1787.4307432207838,361.6305485855555,False
226,1,0.65,-1018.1497356292973,353.090617721358,-665.0591179079393,True
226,1,0.8,-579.0735140419097,31.41412592707595,-547.6593881148337,False
226,1,0.9,301.35083786850765,1.2250390369240685,302.5758769054317,False
226,2,keep,0.0,246.83126815354257,246.83126815354257,False
226,2,0.5,-516.850262003807,1712.227666292618,1195.3774042888112,False
226,2,0.65,-146.22921619243775,318.0557199667529,171.82650377431517,True
226,2,0.8,657.6599367013013,32.358734615536726,690.018671316838,False
226,2,0.9,1731.4105645027607,1.0960990293589359,1732.5066635321198,False
226,3,keep,0.0,233.0074756881149,233.0074756881149,True
226,3,0.5,-259.15247522238235,1193.655850549316,934.5033753269337,False
226,3,0.65,-1.1594693747436557,235.8116174262443,234.65214805150066,False
226,3,0.8,687.8107750092136,26.17121070928149,713.981985718495,False
226,3,0.9,1471.4192924182737,1.0999706058374312,1472.519263024111,False
227,1,keep,0.0,9.745073925763572,9.745073925763572,False
227,1,0.5,-2265.9873384305242,1720.0332825990145,-545.9540558315098,False
227,1,0.65,-1870.2132663426462,354.1131836267643,-1516.1000827158819,True
227,1,0.8,-1452.8691723357103,31.92623805174276,-1420.9429342839676,False
227,1,0.9,-505.95608285150615,0.9881725630298188,-504.96791028847633,False
227,2,keep,0.0,473.23214932024695,473.23214932024695,True
227,2,0.5,-303.9560789819527,1716.2985644892449,1412.3424855072922,False
227,2,0.65,174.04142249925258,340.7029465783181,514.7443690775707,False
227,2,0.8,1194.4055149500257,32.31461351714644,1226.7201284671721,False
227,2,0.9,2321.467444346459,0.8553462944969503,2322.322790640956,False
227,3,keep,0.0,310.0363144348024,310.0363144348024,True
227,3,0.5,-230.14592402797257,1206.4081476539295,976.262223625957,False
227,3,0.65,52.914251679367865,261.8555423391121,314.76979401847996,False
227,3,0.8,766.5141693057161,26.175231792122858,792.689401097839,False
227,3,0.9,1514.6410237887744,0.6924950652945832,1515.333518854069,False
228,1,keep,0.0,271.302998338956,271.302998338956,False
228,1,0.5,-2451.846562912991,2915.6793934347634,463.8328305217724,False
228,1,0.65,-1681.1866516439493,753.8548582754719,-927.3317933684774,True
228,1,0.8,-684.9451702604173,268.83623704839124,-416.10893321202605,False
228,1,0.9,1091.4219023377136,104.95463815544339,1196.376540493157,False
228,2,keep,0.0,1791.19013675895,1791.19013675895,False
228,2,0.5,-451.1899331457548,1769.9688185190043,1318.7788853732495,False
228,2,0.65,440.98801484651295,711.3606570239197,1152.3486718704326,True
228,2,0.8,1643.6745120377211,272.8408628036893,1916.5153748414104,False
228,2,0.9,3000.474341402958,103.72277355069257,3104.1971149536507,False
228,3,keep,0.0,630.5118442127738,630.5118442127738,True
228,3,0.5,-255.62227071398507,1562.4654681719867,1306.8431974580017,False
228,3,0.65,-1.1894689863834225,632.0814679512421,630.8919989648587,False
228,3,0.8,737.0975610984729,265.1660558669823,1002.2636169654552,False
228,3,0.9,1563.2325406396324,102.54074734369743,1665.7732879833297,False
229,1,keep,0.0,279.72464582893303,279.72464582893303,False
229,1,0.5,-1742.5354658471595,3274.3813166521854,1531.845850805026,False
229,1,0.65,-969.3198202649927,862.6921340029189,-106.62768626207378,True
229,1,0.8,91.2138185813551,279.99577844482985,371.20959702618495,False
229,1,0.9,2711.89510545079,110.82236433247816,2822.7174697832684,False
229,2,keep,0.0,725.4801850619342,725.4801850619342,False
229,2,0.5,-1064.2100471402136,2358.18429691234,1293.9742497721263,False
229,2,0.65,-655.3441044232433,824.1188233953734,168.77471897213013,True
229,2,0.8,285.2253658931548,312.149014850167,597.3743807433218,False
229,2,0.9,1490.5799791020418,121.85018801624867,1612.4301671182905,False
229,3,keep,0.0,1309.932090750884,1309.932090750884,False
229,3,0.5,-87.64620877587916,1507.3956305184852,1419.749421742606,False
229,3,0.65,450.42484343262964,695.7914154235152,1146.2162588561448,True
229,3,0.8,1195.26539469321,296.8114085584997,1492.0768032517099,False
229,3,0.9,2023.7060459925103,117.17960540690734,2140.885651399418,False
230,1,keep,0.0,290.67831451359194,290.67831451359194,False
230,1,0.5,-2298.3136728258205,2528.7678708783474,230.45419805252686,False
230,1,0.65,-1731.4665110784995,843.5625371941147,-887.9039738843848,True
230,1,0.8,-905.6058454013751,315.68490223196955,-589.9209431694055,False
230,1,0.9,650.0806979298268,117.73890904628894,767.8196069761157,False
230,2,keep,0.0,4650.661135323448,4650.661135323448,False
230,2,0.5,819.6341283783577,2104.622210853899,2924.256339232257,False
230,2,0.65,1772.4805353459951,861.8218184678063,2634.3023538138013,True
230,2,0.8,3120.7136520832323,321.24440084662996,3441.9580529298623,False
230,2,0.9,4664.04032666179,122.05768477692504,4786.098011438715,False
230,3,keep,0.0,746.4599732512015,746.4599732512015,True
230,3,0.5,-231.27041222267945,1704.699587184983,1473.4291749623037,False
230,3,0.65,26.80968274591474,727.949924291232,754.7596070371468,False
230,3,0.8,754.7480128547554,312.98969671180873,1067.7377095665643,False
230,3,0.9,1609.8277799700863,118.71398505242773,1728.541765022514,False
231,1,keep,0.0,619.8463184902927,619.8463184902927,False
231,1,0.5,-2791.648333727702,3663.025789446482,871.3774557187803,False
231,1,0.65,-1832.648120863939,706.5565147881003,-1126.0916060758386,True
231,1,0.8,-100.88143249268182,356.037470772848,255.15603828016617,False
231,1,0.9,2301.0327775401993,134.87597347654176,2435.908751016741,False
231,2,keep,0.0,510.02479092275945,510.02479092275945,True
231,2,0.5,-654.4282068704448,2729.1660689739365,2074.737862103492,False
231,2,0.65,-174.62625793197176,942.8028971821067,768.1766392501349,False
231,2,0.8,994.8994645624481,361.9893203991417,1356.8887849615899,False
231,2,0.9,2660.71998189914,142.06662322938274,2802.7866051285228,False
231,3,keep,0.0,2175.38969039991,2175.38969039991,False
231,3,0.5,212.15988563324527,1604.7633710250911,1816.9232566583364,False
231,3,0.65,730.0162583385835,655.8404678365121,1385.8567261750954,True
231,3,0.8,1482.6560464544664,323.1761495315732,1805.8321959860396,False
231,3,0.9,2338.5416862577613,128.05652746835594,2466.598213726117,False
232,1,keep,0.0,466.81742425039675,466.81742425039675,False
232,1,0.5,-2728.1032257014845,2986.0485942975442,257.9453685960598,False
232,1,0.65,-2097.9978971922533,633.9379708450731,-1464.0599263471802,True
232,1,0.8,-780.4949604866944,373.10074037934197,-407.3942201073524,False
232,1,0.9,968.1056127491977,149.3303125099944,1117.4359252591921,False
232,2,keep,0.0,546.7273247304489,546.7273247304489,True
232,2,0.5,-511.58055192105485,2708.665247415429,2197.084695494374,False
232,2,0.65,85.01777200866555,502.8989653082382,587.9167373169038,False
232,2,0.8,1297.8756581205027,368.0533652786619,1665.9290233991646,False
232,2,0.9,2912.338829432301,149.73860881465663,3062.0774382469576,False
232,3,keep,0.0,479.04908864074366,479.04908864074366,True
232,3,0.5,-318.57657227122036,1843.1736877672865,1524.5971154960662,False
232,3,0.65,-77.68038148999615,757.1978832681641,679.5175017781679,False
232,3,0.8,520.7819387504667,361.1686599251542,881.9505986756209,False
232,3,0.9,1360.5551742692755,149.55270799309605,1510.1078822623715,False
233,1,keep,0.0,64.02554974674167,64.02554974674167,False
233,1,0.5,-1334.4344930444606,2512.9471683035963,1178.5126752591357,False
233,1,0.65,-967.651798379672,814.5744322536884,-153.07736612598353,False
233,1,0.8,-541.5610196779314,116.95012327867687,-424.61089639925456,True
233,1,0.9,348.080110199161,5.896652417311823,353.97676261647285,False
233,2,keep,0.0,98.58594210535034,98.58594210535034,False
233,2,0.5,-750.0489694424726,2496.4341083575223,1746.3851389150495,False
233,2,0.65,-418.1308659987024,830.1039022689422,411.9730362702398,False
233,2,0.8,-39.54557351903829,117.61172584195195,78.06615232291367,True
233,2,0.9,1062.5712304426927,5.615881743212936,1068.1871121859056,False
233,3,keep,0.0,138.21943308643256,138.21943308643256,True
233,3,0.5,-445.0335176012724,1810.9786430598983,1365.9451254586259,False
233,3,0.65,-225.79399793043382,639.3480674794707,413.5540695490369,False
233,3,0.8,69.45659690059006,102.88704314519245,172.3436400457825,False
233,3,0.9,884.421447390401,4.614593426652711,889.0360408170537,False
234,1,keep,0.0,533.0602623304659,533.0602623304659,True
234,1,0.5,-468.3448109697491,2557.138758011552,2088.7939470418028,False
234,1,0.65,-24.921813795361402,558.5689544210616,533.6471406257001,False
234,1,0.8,1036.5198751298042,128.46031998073138,1164.9801951105355,False
234,1,0.9,2334.8023587405596,10.810350325009281,2345.612709065569,False
234,2,keep,0.0,670.036263315885,670.036263315885,False
234,2,0.5,-401.5295253702678,2375.9991855286935,1974.4696601584258,False
234,2,0.65,59.525238205183214,593.4902739863644,653.0155121915476,True
234,2,0.8,931.2763109551214,127.5880805115297,1058.864391466651,False
234,2,0.9,2072.3011425891013,10.195548418171779,2082.496691007273,False
234,3,keep,0.0,229.36845739964463,229.36845739964463,True
234,3,0.5,-340.67347902787276,1909.8345627514404,1569.1610837235676,False
234,3,0.65,-120.10166463882739,691.3332882761803,571.2316236373529,False
234,3,0.8,431.9582814578948,106.94889358332671,538.9071750412215,False
234,3,0.9,1210.4797728098317,9.744125549247167,1220.223898359079,False
235,1,keep,0.0,380.4184360383134,380.4184360383134,False
235,1,0.5,-2608.0513728381475,3389.2551707107623,781.2037978726148,False
235,1,0.65,-2160.958516007029,1311.4612890279363,-849.4972269790928,False
235,1,0.8,-1619.2658267620864,434.0887770535592,-1185.1770497085272,True
235,1,0.9,-143.89037769751917,174.9275186401507,31.037140942631538,False
235,2,keep,0.0,6468.558037554725,6468.558037554725,False
235,2,0.5,1187.0090586420713,2592.898655924931,3779.9077145670026,False
235,2,0.65,2129.668644131563,885.6013274532024,3015.2699715847652,True
235,2,0.8,3230.595662152918,431.8764196069092,3662.4720817598272,False
235,2,0.9,4669.495167663727,179.39572327108263,4848.89089093481,False
235,3,keep,0.0,687.1899156932452,687.1899156932452,True
235,3,0.5,-271.6738524697849,2076.1370540841926,1804.4632016144078,False
235,3,0.65,-34.74193024291475,847.4077975887845,812.6658673458699,False
235,3,0.8,684.7528259357051,410.37892223823667,1095.1317481739418,False
235,3,0.9,1483.7557705131105,177.4414238708692,1661.1971943839796,False
236,1,keep,0.0,456.0035605462165,456.0035605462165,False
236,1,0.5,-6409.0847687291225,5677.888837072165,-731.1959316569573,False
236,1,0.65,-5670.793414607631,2024.3759070867134,-3646.4175075209178,False
236,1,0.8,-4693.74372792665,485.72927345466195,-4208.014454471988,True
236,1,0.9,-2831.4539648739483,172.7098250509896,-2658.7441398229585,False
236,2,keep,0.0,379.85458771654856,379.85458771654856,False
236,2,0.5,-1943.341885440036,3512.9058849185926,1569.5639994785565,False
236,2,0.65,-1471.9276207019818,1280.4946688034959,-191.43295189848595,False
236,2,0.8,-950.2810808779653,418.86692384730753,-531.4141570306579,True
236,2,0.9,86.66676019739191,163.2492684719396,249.9160286693315,False
236,3,keep,0.0,413.04955476094887,413.04955476094887,True
236,3,0.5,-481.5691782339237,2232.1574416649896,1750.588263431066,False
236,3,0.65,-257.4437456281954,1042.300710468578,784.8569648403826,False
236,3,0.8,28.966277180553035,404.42251952274717,433.3887967033002,False
236,3,0.9,831.915670124798,165.5478888757262,997.4635590005241,False
237,1,keep,0.0,673.4179005903889,673.4179005903889,True
237,1,0.5,-1184.4783192496616,5640.207467511499,4455.7291482618375,False
237,1,0.65,-182.1794994973608,875.6387296695523,693.4592301721915,False
237,1,0.8,1598.3129801031805,421.6836787971165,2019.996658900297,False
237,1,0.9,4343.154895053314,171.98828180862688,4515.143176861941,False
237,2,keep,0.0,381.9301659461246,381.9301659461246,False
237,2,0.5,-1607.5116984459366,3585.1827052904364,1977.6710068444997,False
237,2,0.65,-1150.826371877993,1353.6042008150093,202.77782893701624,False
237,2,0.8,-629.7958121498576,420.72610608153724,-209.0697060683204,True
237,2,0.9,356.8895011228668,167.40532993661967,524.2948310594865,False
237,3,keep,0.0,403.80272278661516,403.80272278661516,True
237,3,0.5,-490.27021186538104,2253.195234290267,1762.9250224248858,False
237,3,0.65,-274.12484277454496,1076.4341339851112,802.3092912105662,False
237,3,0.8,0.9376843529194065,403.62808970626185,404.56577405918125,False
237,3,0.9,773.5765818915969,168.0215260637144,941.5981079553113,False
238,1,keep,0.0,11768.43785117495,11768.43785117495,False
238,1,0.5,1964.7865472068333,4414.699481108418,6379.486028315251,False
238,1,0.65,3772.8574499691754,1352.1288955675477,5124.986345536723,True
238,1,0.8,6151.49052424978,482.4018004727197,6633.892324722499,False
238,1,0.9,9193.080812850303,168.77011737019726,9361.8509302205,False
238,2,keep,0.0,449.3922165228191,449.3922165228191,False
238,2,0.5,-1611.0557051900105,3393.113353389955,1782.0576481999447,False
238,2,0.65,-1188.8632164978662,1317.8169530066853,128.95373650881902,False
238,2,0.8,-481.7189340829024,409.99949814284736,-71.71943594005506,True
238,2,0.9,714.3158431561047,167.89112847873514,882.2069716348399,False
238,3,keep,0.0,411.4043215564753,411.4043215564753,True
238,3,0.5,-482.8860151172212,2267.3300848768067,1784.4440697595855,False
238,3,0.65,-263.07147325935847,1073.7695866766594,810.6981134173009,False
238,3,0.8,17.043916094934158,408.37852462767773,425.4224407226119,False
238,3,0.9,833.7345541619158,162.4749906417811,996.2095448036969,False
239,1,keep,0.0,10917.349476009273,10917.349476009273,False
239,1,0.5,1949.3772082049882,5003.87686241796,6953.254070622948,False
239,1,0.65,3563.703917262102,1782.8723427207392,5346.576259982841,True
239,1,0.8,6041.3114203871155,487.67812090916345,6528.989541296279,False
239,1,0.9,9141.196017816388,172.86679234700293,9314.06281016339,False
239,2,keep,0.0,714.1766385471798,714.1766385471798,True
239,2,0.5,-741.3205724954879,3441.953024095788,2700.6324516003,False
239,2,0.65,-232.41089602341432,1055.8025049114628,823.3916088880485,False
239,2,0.8,874.1571844017751,427.0482635704508,1301.205447972226,False
239,2,0.9,2343.5864196260154,166.47681176652262,2510.063231392538,False
239,3,keep,0.0,763.092891426206,763.092891426206,True
239,3,0.5,-246.46079665127388,2174.446181725799,1927.9853850745249,False
239,3,0.65,-28.275927917414094,925.2134862168015,896.9375582993873,False
239,3,0.8,693.6161163803885,408.42285003358336,1102.0389664139718,False
239,3,0.9,1487.520361636069,167.60846757597403,1655.128829212043,False
240,1,keep,0.0,86.6838345712941,86.6838345712941,False
240,1,0.5,-1741.0437296299153,3338.842871751464,1597.7991421215486,False
240,1,0.65,-1384.0043413373617,1304.8959661262782,-79.10837521108351,False
240,1,0.8,-928.1374158697995,201.60918710834653,-726.528228761453,True
240,1,0.9,-68.98818966266253,14.90156454863711,-54.08662511402542,False
240,2,keep,0.0,947.8148326064481,947.8148326064481,False
240,2,0.5,-341.3301550346963,2425.3826716755966,2084.0525166409,False
240,2,0.65,165.49057596534166,636.4533481984743,801.943924163816,True
240,2,0.8,969.3454234543144,161.38671930563643,1130.7321427599509,False
240,2,0.9,2105.6868066186958,10.969303331473258,2116.656109950169,False
240,3,keep,0.0,202.24226539000597,202.24226539000597,True
240,3,0.5,-350.9118876065132,2089.4694496944235,1738.5575620879104,False
240,3,0.65,-138.73951135493914,777.4821965627723,638.7426852078331,False
240,3,0.8,321.82490090616955,127.54904831043584,449.3739492166054,False
240,3,0.9,1096.3465038034553,9.531216018343686,1105.877719821799,False
241,1,keep,0.0,231.72843144148064,231.72843144148064,False
241,1,0.5,-1108.8150730468913,3585.156435702115,2476.3413626552237,False
241,1,0.65,-728.109824450353,1393.4910516119162,665.3812271615632,False
241,1,0.8,-152.7792595765093,207.20121781833723,54.42195824182792,True
241,1,0.9,1126.9469240078838,16.647715902535108,1143.594639910419,False
241,2,keep,0.0,106.43112720344092,106.43112720344092,False
241,2,0.5,-977.3110086752027,2893.551309907032,1916.2403012318296,False
241,2,0.65,-643.3656563146947,1029.3873801985535,386.02172388385884,False
241,2,0.8,-271.23944148578585,159.5399815460852,-111.69945993970066,True
241,2,0.9,590.7195897276084,11.179229012331305,601.8988187399398,False
241,3,keep,0.0,122.42949990308578,122.42949990308578,True
241,3,0.5,-455.81079847436456,2043.015888834033,1587.2050903596682,False
241,3,0.65,-244.8924141772208,762.7307801625304,517.8383659853097,False
241,3,0.8,1.990410575969499,122.53525991374184,124.52567048971135,False
241,3,0.9,754.6461229386467,10.579773592801322,765.225896531448,False
242,1,keep,0.0,1026.487248993543,1026.487248993543,False
242,1,0.5,-962.22669739098,5366.468094704943,4404.241397313963,False
242,1,0.65,119.97319478342372,858.0152612710367,977.9884560544605,True
242,1,0.8,1904.3626628915913,425.7650106233602,2330.1276735149513,False
242,1,0.9,4597.14361561177,171.21906138727135,4768.3626769990415,False
242,2,keep,0.0,426.884618288932,426.884618288932,True
242,2,0.5,-967.1048799976672,3293.4877162360763,2326.3828362384093,False
242,2,0.65,-470.0864901691409,1209.6253763408872,739.5388861717463,False
242,2,0.8,341.7648829619911,398.9545105782934,740.7193935402845,False
242,2,0.9,1575.8436912064385,164.9545545263139,1740.7982457327523,False
242,3,keep,0.0,427.65398664669425,427.65398664669425,True
242,3,0.5,-383.5978968824015,2135.930099348834,1752.3322024664326,False
242,3,0.65,-163.2426747910131,996.4368891974799,833.1942144064668,False
242,3,0.8,278.6714024656823,401.31090636922613,679.9823088349085,False
242,3,0.9,1073.130882543178,163.89121975136013,1237.022102294538,False
243,1,keep,0.0,355.8485130829203,355.8485130829203,False
243,1,0.5,-4531.795117177933,5510.561925690382,978.7668085124487,False
243,1,0.65,-3841.6369815837097,1905.2172728839646,-1936.4197086997451,False
243,1,0.8,-2956.3926310395973,430.7700013340428,-2525.6226297055546,True
243,1,0.9,-1572.1778712170876,144.33473293347046,-1427.8431382836172,False
243,2,keep,0.0,2357.6734115888717,2357.6734115888717,False
243,2,0.5,-526.9361442481825,2290.042628171433,1763.1064839232506,False
243,2,0.65,236.18941511785317,803.0671441535321,1039.2565592713854,True
243,2,0.8,1201.8270389974743,385.9040274769617,1587.731066474436,False
243,2,0.9,2543.24194084402,143.98448369074492,2687.226424534765,False
243,3,keep,0.0,409.2105374590383,409.2105374590383,True
243,3,0.5,-353.2294846641386,2129.1251750239503,1775.8956903598116,False
243,3,0.65,-135.51529110646115,953.8985674111461,818.383276304685,False
243,3,0.8,353.8322321568265,358.4411872336903,712.2734193905168,False
243,3,0.9,1170.5228702238078,132.56658877230564,1303.0894589961135,False
244,1,keep,0.0,5591.4379226354085,5591.4379226354085,False
244,1,0.5,451.30074364351265,4100.227209855945,4551.527953499458,False
244,1,0.65,2111.3628171548835,1357.1837200333175,3468.546537188201,True
244,1,0.8,4403.545778525169,371.6765893650194,4775.222367890188,False
244,1,0.9,7319.407094435013,142.97987658271182,7462.386971017725,False
244,2,keep,0.0,335.4992626950602,335.4992626950602,False
244,2,0.5,-1225.5928580954774,3006.2709751130296,1780.6781170175523,False
244,2,0.65,-843.3815009353214,1073.0307069991688,229.6492060638475,False
244,2,0.8,-137.2482189495547,280.19276645904665,142.94454750949194,True
244,2,0.9,1004.5048207161575,140.25789419281938,1144.762714908977,False
244,3,keep,0.0,282.04172518119594,282.04172518119594,True
244,3,0.5,-447.2942199369176,1896.9000724406126,1449.605852503695,False
244,3,0.65,-230.95450911825748,776.0197419742954,545.0652328560379,False
244,3,0.8,60.71696230474568,256.74592393559635,317.462886240342,False
244,3,0.9,884.4633748228503,133.22672691830405,1017.6901017411543,False
245,1,keep,0.0,576.8128868996642,576.8128868996642,False
245,1,0.5,-1626.3754275695878,4018.158008669614,2391.782581100026,False
245,1,0.65,-1168.2707194543489,1479.872654395645,311.6019349412961,False
245,1,0.8,-200.03248566177137,339.73869997232003,139.70621431054866,True
245,1,0.9,1681.1315779987008,137.61207336548713,1818.7436513641878,False
245,2,keep,0.0,237.0990367221134,237.0990367221134,False
245,2,0.5,-919.9867850280704,2980.038971904633,2060.0521868765627,False
245,2,0.65,-535.6689819937922,1060.865622404904,525.1966404111117,False
245,2,0.8,-90.1614971978495,262.25987696176753,172.09837976391805,True
245,2,0.9,1021.5692883984948,129.05258174455776,1150.6218701430525,False
245,3,keep,0.0,239.06074043050688,239.06074043050688,True
245,3,0.5,-462.2710374082836,1876.2169620150753,1413.9459246067918,False
245,3,0.65,-244.79531214228805,748.5554743465046,503.7601622042166,False
245,3,0.8,9.01291242235519,236.8238568946736,245.8367693170288,False
245,3,0.9,807.2095380630789,128.63150521813577,935.8410432812146,False
246,1,keep,0.0,561.1432531845759,561.1432531845759,True
246,1,0.5,-1182.0156995588652,4288.232151930879,3106.216452372014,False
246,1,0.65,-726.0321142622345,1728.6564145693899,1002.6243003071554,False
246,1,0.8,121.40504656822259,440.82905473869624,562.2341013069188,False
246,1,0.9,1743.7334623723495,150.15483739879886,1893.8882997711485,False
246,2,keep,0.0,327.8270306988693,327.8270306988693,False
246,2,0.5,-1441.6110863566341,2934.2492415988777,1492.6381552422436,False
246,2,0.65,-1069.7690825550806,1084.3933253771536,14.624242822073029,False
246,2,0.8,-640.828864291566,355.6742160830984,-285.1546482084676,True
246,2,0.9,290.7317859852461,145.31266549634145,436.04445148158754,False
246,3,keep,0.0,339.6134548234532,339.6134548234532,True
246,3,0.5,-472.7870561956026,1961.1581261836286,1488.371069988026,False
246,3,0.65,-252.1539711979856,830.9153816976593,578.7614104996737,False
246,3,0.8,3.943860824388615,338.82433910495035,342.76819992933895,False
246,3,0.9,838.0880411594148,138.50138966938863,976.5894308288034,False
247,1,keep,0.0,77.09567804891853,77.09567804891853,False
247,1,0.5,-1257.058102391014,3252.9060528710856,1995.8479504800716,False
247,1,0.65,-914.520471096842,1285.7691996656877,371.24872856884565,False
247,1,0.8,-488.85673400612916,197.50555032459246,-291.35118368153667,True
247,1,0.9,413.3592696134944,7.632173922704074,420.99144353619846,False
247,2,keep,0.0,106.84634984500566,106.84634984500566,False
247,2,0.5,-789.2965053338631,2612.7693625393986,1823.4728572055355,False
247,2,0.65,-475.95037815083634,922.0527830631437,446.10240491230735,False
247,2,0.8,-124.20530471428962,137.7823392678932,13.577034553603582,True
247,2,0.9,761.4968822542176,4.7835314961209425,766.2804137503385,False
247,3,keep,0.0,136.10197457455044,136.10197457455044,True
247,3,0.5,-450.26863966216945,1850.1952046987817,1399.9265650366124,False
247,3,0.65,-234.75496694558697,693.6498364321469,458.89486948655997,False
247,3,0.8,39.17363000598881,115.4244899150222,154.598119921011,False
247,3,0.9,850.9587288010387,4.127981856071348,855.08671065711,False
248,1,keep,0.0,129.58471004574946,129.58471004574946,False
248,1,0.5,-1046.8168164129856,3106.560404826315,2059.7435884133292,False
248,1,0.65,-695.0477052301679,1202.918476861964,507.8707716317962,False
248,1,0.8,-252.42437990560023,187.1568784068596,-65.26750149874064,True
248,1,0.9,676.7959736184802,11.794477679056184,688.5904512975363,False
248,2,keep,0.0,106.26212877711328,106.26212877711328,False
248,2,0.5,-792.2138327675333,2473.58667604189,1681.3728432743565,False
248,2,0.65,-475.82381318637897,865.0355341209392,389.2117209345603,False
248,2,0.8,-120.68449902407602,136.34164682986395,15.657147805787929,True
248,2,0.9,721.8470032907281,7.123090353344213,728.9700936440723,False
248,3,keep,0.0,120.81988935535236,120.81988935535236,True
248,3,0.5,-467.5135742523726,1758.7107237564442,1291.1971495040716,False
248,3,0.65,-248.2883022690904,667.8922325003412,419.60393023125073,False
248,3,0.8,10.80005771324536,116.93245442697425,127.73251214021961,False
248,3,0.9,784.8276621514111,6.186968113661651,791.0146302650728,False
249,1,keep,0.0,14711.951751232695,14711.951751232695,False
249,1,0.5,2354.6785046879295,4323.252672755477,6677.931177443406,False
249,1,0.65,3886.536173802734,1144.8864191234918,5031.422592926226,True
249,1,0.8,6081.283644259955,267.110734335619,6348.3943785955735,False
249,1,0.9,9054.359505851777,89.72055931591129,9144.080065167687,False
249,2,keep,0.0,222.132668420044,222.132668420044,False
249,2,0.5,-1236.7116720913064,2735.7608635852853,1499.049191493979,False
249,2,0.65,-868.4814104733207,961.0940246209767,92.61261414765602,False
249,2,0.8,-253.21782011408794,204.77093741483796,-48.44688269924998,True
249,2,0.9,862.3752501886539,80.80547387474604,943.1807240634,False
249,3,keep,0.0,256.4565668078835,256.4565668078835,True
249,3,0.5,-439.4442170610254,1748.5320534826383,1309.0878364216128,False
249,3,0.65,-216.6043251773139,709.4370758451922,492.8327506678783,False
249,3,0.8,138.5025913754822,181.33874133187055,319.84133270735276,False
249,3,0.9,922.817293042333,82.55782603137723,1005.3751190737102,False
250,1,keep,0.0,555.3466100368873,555.3466100368873,False
250,1,0.5,-2163.1727839417085,5816.216672170028,3653.0438882283192,False
250,1,0.65,-1429.2261553152846,1798.558027007468,369.3318716921833,False
250,1,0.8,-158.82851792472923,274.28733821880166,115.45882029407244,True
250,1,0.9,1900.8128393038835,97.06892540887495,1997.8817647127585,False
250,2,keep,0.0,211.39898382440936,211.39898382440936,True
250,2,0.5,-1015.3856622233292,3105.3746218878887,2089.9889596645594,False
250,2,0.65,-520.4616657265944,886.8183059794679,366.3566402528735,False
250,2,0.8,251.97385309756785,197.6031606937783,449.5770137913462,False
250,2,0.9,1599.9446256739955,91.60201774284641,1691.5466434168418,False
250,3,keep,0.0,1794.651959045958,1794.651959045958,False
250,3,0.5,-9.158821112945787,1705.3753327192208,1696.216511606275,False
250,3,0.65,501.4773885334773,648.5542510415232,1150.0316395750006,True
250,3,0.8,1055.6573131416071,185.81577531249752,1241.4730884541045,False
250,3,0.9,1925.2265952157063,79.62785147147896,2004.8544466871854,False
251,1,keep,0.0,7213.570297056556,7213.570297056556,False
251,1,0.5,988.9244428427721,3864.9768011027018,4853.901243945474,False
251,1,0.65,2019.55135556574,1682.3381571970172,3701.8895127627575,True
251,1,0.8,3942.279647885424,399.4434407140624,4341.723088599486,False
251,1,0.9,6811.586427291014,130.88581072466977,6942.472238015684,False
251,2,keep,0.0,270.2341714285433,270.2341714285433,False
251,2,0.5,-1097.58827051564,3179.100532391817,2081.512261876177,False
251,2,0.65,-682.9837086495564,1042.9022482403363,359.9185395907799,False
251,2,0.8,-11.926393547901853,236.48660309469906,224.5602095467972,True
251,2,0.9,1158.4886189994006,123.64046604724547,1282.1290850466462,False
251,3,keep,0.0,419.2428829169836,419.2428829169836,True
251,3,0.5,-384.1605841509659,1837.0850556190169,1452.924471468051,False
251,3,0.65,-144.37082459176816,678.7191979899728,534.3483733982047,False
251,3,0.8,322.06911874492175,215.0103141521614,537.0794328970832,False
251,3,0.9,1212.0361347862527,118.81975318983098,1330.8558879760835,False
252,1,keep,0.0,299.4502433723603,299.4502433723603,False
252,1,0.5,-3450.5139730613564,6476.546537018059,3026.0325639567027,False
252,1,0.65,-2722.622333266104,2343.116165950052,-379.5061673160517,False
252,1,0.8,-1794.3446865290691,447.18394925340954,-1347.1607372756596,True
252,1,0.9,-252.8737096150885,142.36475996366863,-110.50894965141987,False
252,2,keep,0.0,3837.3385556970966,3837.3385556970966,False
252,2,0.5,271.65885180008127,2701.55915553186,2973.2180073319414,False
252,2,0.65,1294.9058094322872,619.0423522939271,1913.9481617262145,True
252,2,0.8,2414.344395146166,312.4746846020878,2726.819079748254,False
252,2,0.9,4048.377712482854,136.30732124364732,4184.685033726501,False
252,3,keep,0.0,626.2781243462925,626.2781243462925,True
252,3,0.5,-262.2959654021586,1849.2843693974623,1586.9884039953038,False
252,3,0.65,-14.27650054557156,680.2757977673152,665.9992972217436,False
252,3,0.8,717.5794953110211,264.70506859088977,982.2845639019108,False
252,3,0.9,1570.1681256496718,128.53951994936637,1698.7076455990382,False
253,1,keep,0.0,260.7018289988546,260.7018289988546,False
253,1,0.5,-3684.6286756810623,4595.315762015121,910.6870863340591,False
253,1,0.65,-3233.024247360687,1986.7043969929136,-1246.3198503677731,False
253,1,0.8,-2671.609499158231,402.629909656647,-2268.979589501584,True
253,1,0.9,-1443.6284075782069,129.8865392932366,-1313.7418682849702,False
253,2,keep,0.0,262.5265071054958,262.5265071054958,False
253,2,0.5,-967.7147526953277,3154.529193287329,2186.814440592001,False
253,2,0.65,-581.2208270308638,1096.386873763192,515.1660467323281,False
253,2,0.8,-156.10104643275648,287.7962183359309,131.69517190317444,True
253,2,0.9,895.3385651283759,124.91393236858195,1020.2524974969579,False
253,3,keep,0.0,245.0667075083491,245.0667075083491,True
253,3,0.5,-502.3122854177681,1853.7647167058117,1351.4524312880435,False
253,3,0.65,-260.6698847218445,691.0459476850674,430.3760629632229,False
253,3,0.8,0.5919040515317833,245.63809989977247,246.23000395130424,False
253,3,0.9,811.2755524261011,121.83499176208517,933.1105441881862,False
254,1,keep,0.0,83.75941893863407,83.75941893863407,False
254,1,0.5,-1167.0340346380005,3384.557754212835,2217.523719574834,False
254,1,0.65,-802.1916614386389,1262.7999440920294,460.60828265339046,False
254,1,0.8,-374.4483312035839,171.28286106346746,-203.16547014011644,True
254,1,0.9,582.7405075704887,4.726797186035403,587.4673047565241,False
254,2,keep,0.0,370.76364690462634,370.76364690462634,True
254,2,0.5,-490.8872023659611,2464.9867275220263,1974.0995251560653,False
254,2,0.65,-135.41492926553053,565.9505461187059,430.5356168531754,False
254,2,0.8,549.5445839715201,99.64324664378549,649.1878306153055,False
254,2,0.9,1715.7852545118537,2.699845116627758,1718.4850996284815,False
254,3,keep,0.0,64.0295945711872,64.0295945711872,True
254,3,0.5,-475.20641355882793,1595.84168626875,1120.635272709922,False
254,3,0.65,-243.55189961272598,486.3010062062638,242.74910659353785,False
254,3,0.8,5.161014516517256,62.3834930061059,67.54450752262316,False
254,3,0.9,789.7419014406637,1.6152010291370014,791.3571024698007,False
255,1,keep,0.0,76.84573733029681,76.84573733029681,False
255,1,0.5,-978.4542523761176,3296.873734601895,2318.4194822257778,False
255,1,0.65,-609.3339035586683,1195.2258986323748,585.8919950737064,False
255,1,0.8,-168.8009008910184,148.41488157060058,-20.3860193204178,True
255,1,0.9,919.6364817191123,3.54865731032901,923.1851390294413,False
255,2,keep,0.0,67.24226484850313,67.24226484850313,False
255,2,0.5,-735.9724061179298,2461.7804942436283,1725.8080881256983,False
255,2,0.65,-416.8387345602613,781.7355447302548,364.8968101699935,False
255,2,0.8,-45.2705916886877,88.52539564852398,43.25480395983628,True
255,2,0.9,961.8210373261813,2.378967801166792,964.2000051273482,False
255,3,keep,0.0,203.41221134932596,203.41221134932596,True
255,3,0.5,-376.8634401410806,1473.415643940902,1096.5522037998214,False
255,3,0.65,-150.3503155578445,443.98982259958325,293.63950704173874,False
255,3,0.8,275.8241970686271,56.73537854917443,332.5595756178015,False
255,3,0.9,1060.9482424248056,1.4905265760398767,1062.4387690008455,False
256,1,keep,0.0,134.0209083010347,134.0209083010347,False
256,1,0.5,-4192.307717695357,7859.520401845925,3667.2126841505687,False
256,1,0.65,-3414.916668496138,2754.8899558407984,-660.0267126553395,False
256,1,0.8,-2433.6085044912643,305.05631912108896,-2128.5521853701753,True
256,1,0.9,-720.2108701466062,63.020353797872986,-657.1905163487332,False
256,2,keep,0.0,112.73003458062702,112.73003458062702,False
256,2,0.5,-1357.671008545332,3037.5230041477953,1679.8519956024634,False
256,2,0.65,-931.6328503616473,927.7524801347347,-3.880370226912646,False
256,2,0.8,-418.72547644439487,146.64380849454338,-272.0816679498515,True
256,2,0.9,750.4643419313542,62.26025992914942,812.7246018605036,False
256,3,keep,0.0,133.87580457445722,133.87580457445722,True
256,3,0.5,-449.6641207111567,1423.1085303638795,973.4444096527227,False
256,3,0.65,-223.01389412881983,465.9435248672984,242.92963073847855,False
256,3,0.8,93.97454156232173,105.01483455135097,198.9893761136727,False
256,3,0.9,907.8624161833218,61.07314828529721,968.935564468619,False
257,1,keep,0.0,488.5860516888216,488.5860516888216,True
257,1,0.5,-1005.1294744285667,4871.559185857943,3866.429711429376,False
257,1,0.65,-511.50065993402603,1968.3792863784047,1456.8786264443786,False
257,1,0.8,333.2593512761295,360.2226024366199,693.4819537127494,False
257,1,0.9,3104.897392442805,111.5136953256453,3216.41108776845,False
257,2,keep,0.0,197.44578446633642,197.44578446633642,False
257,2,0.5,-961.5739348526126,2930.3942199263315,1968.8202850737189,False
257,2,0.65,-587.0162269142803,1009.4256872169184,422.4094603026381,False
257,2,0.8,-141.33237298523875,230.25928301817925,88.9269100329405,True
257,2,0.9,1042.12133748783,104.5177250629948,1146.6390625508247,False
257,3,keep,0.0,221.86815955450288,221.86815955450288,True
257,3,0.5,-459.2574193876732,1557.7622772954728,1098.5048579077995,False
257,3,0.65,-225.44571691103204,544.4016314813881,318.9559145703561,False
257,3,0.8,133.69388301150903,187.76843509781662,321.4623181093257,False
257,3,0.9,1026.8915211569959,97.55498127788519,1124.446502434881,False
258,1,keep,0.0,281.07409479728017,281.07409479728017,False
258,1,0.5,-3465.1707037440474,8024.938879387602,4559.768175643555,False
258,1,0.65,-2706.540453830324,2992.743568443526,286.2031146132017,False
258,1,0.8,-1664.9883260273668,443.2540542031158,-1221.734271824251,True
258,1,0.9,196.24898212564676,108.09925458719907,304.34823671284585,False
258,2,keep,0.0,228.26400447293895,228.26400447293895,False
258,2,0.5,-1860.1415356409673,2900.906388812175,1040.7648531712077,False
258,2,0.65,-1496.1829534705616,1029.3694672823028,-466.8134861882588,False
258,2,0.8,-1049.8527194863266,260.2153095983349,-789.6374098879917,True
258,2,0.9,-64.31777036848689,106.76718978722624,42.44941941873935,False
258,3,keep,0.0,379.5430489085096,379.5430489085096,True
258,3,0.5,-350.73030423620196,1439.7436229298416,1089.0133186936396,False
258,3,0.65,-129.76217210224453,529.4314823193479,399.6693102171033,False
258,3,0.8,393.841803753821,218.23031562261434,612.0721193764354,False
258,3,0.9,1191.627632607255,103.96930470941038,1295.5969373166654,False
259,1,keep,0.0,230.58087810282098,230.58087810282098,False
259,1,0.5,-2718.4176570922727,7965.403604901571,5246.9859478092985,False
259,1,0.65,-1943.1507498314643,2744.7509431962276,801.6001933647633,False
259,1,0.8,-833.7681372318802,363.67203230090956,-470.0961049309707,True
259,1,0.9,1274.9153242624657,87.43885144396478,1362.3541757064304,False
259,2,keep,0.0,181.62094779873013,181.62094779873013,False
259,2,0.5,-1789.3952390868128,3110.175649377899,1320.7804102910861,False
259,2,0.65,-1390.7423598411874,1029.5705811465903,-361.17177869459715,False
259,2,0.8,-892.6249819387654,216.89011675967862,-675.7348651790867,True
259,2,0.9,181.12781593160048,81.0821120685209,262.2099280001214,False
259,3,keep,0.0,177.24336855470645,177.24336855470645,True
259,3,0.5,-456.5394181789589,1412.3759139154135,955.8364957364547,False
259,3,0.65,-240.56350922660215,491.0340113412162,250.47050211461408,False
259,3,0.8,21.991471220746185,172.7663569659207,194.75782818666687,False
259,3,0.9,847.9984605767124,79.43977923377135,927.4382398104838,False
260,1,keep,0.0,19599.051997478047,19599.051997478047,False
260,1,0.5,2600.009525851947,6918.070051050518,9518.079576902464,False
260,1,0.65,4267.351996873514,2409.666149255953,6677.018146129467,True
260,1,0.8,6669.353410562261,408.7479372194332,7078.101347781694,False
260,1,0.9,9999.204780470822,74.09890036802511,10073.303680838846,False
260,2,keep,0.0,174.23951595018735,174.23951595018735,False
260,2,0.5,-1591.294883923676,3041.7724645340472,1450.4775806103712,False
260,2,0.65,-1187.0983035081326,958.6721115465544,-228.42619196157818,False
260,2,0.8,-514.0871276620525,187.52347890396732,-326.56364875808515,True
260,2,0.9,566.6438729354517,72.3151888427231,638.9590617781748,False
260,3,keep,0.0,150.20296369567887,150.20296369567887,False
260,3,0.5,-470.8111766671916,1389.229165855933,918.4179891887413,False
260,3,0.65,-251.0551740532491,463.06915050562736,212.01397645237827,False
260,3,0.8,-0.7766470173940773,150.47385983969056,149.69721282229648,True
260,3,0.9,809.3342374421471,70.72495176831221,880.0591892104593,False
261,1,keep,0.0,127.14264331615253,127.14264331615253,True
261,1,0.5,-829.4152314631181,3272.8925780258273,2443.4773465627095,False
261,1,0.65,-430.3750168541514,1105.7494011048668,675.3743842507154,False
261,1,0.8,149.35047887948292,96.22922142840493,245.57970030788783,False
261,1,0.9,1560.0620069851807,1.162986259251323,1561.224993244432,False
261,2,keep,0.0,19.8489983467489,19.8489983467489,False
261,2,0.5,-1123.9099387849467,2300.4510246547075,1176.5410858697608,False
261,2,0.65,-822.8216927433506,692.3827216902836,-130.438971053067,False
261,2,0.8,-465.08265696802874,53.19409092602897,-411.88856604199975,True
261,2,0.9,373.8177836352978,0.5888912846649195,374.4066749199627,False
261,3,keep,0.0,19.879279842762188,19.879279842762188,False
261,3,0.5,-453.7733513272852,1071.503454329148,617.730103001863,False
261,3,0.65,-242.56376349070695,280.41720076940476,37.85343727869781,False
261,3,0.8,-2.361810590768828,20.55864533697317,18.196834746204345,True
261,3,0.9,746.7966146981466,0.20498555273536737,747.001600250882,False
262,1,keep,0.0,31.02773885720397,31.02773885720397,False
262,1,0.5,-1090.4117814293022,2914.1017499146615,1823.6899684853593,False
262,1,0.65,-711.1763428307347,946.0334915609042,234.85714873016946,False
262,1,0.8,-267.2664434432483,95.16183435476324,-172.10460908848506,True
262,1,0.9,747.1330512734166,0.7562517125845136,747.8893029860011,False
262,2,keep,0.0,23.57656248559142,23.57656248559142,False
262,2,0.5,-972.3387151200545,2203.131986913192,1230.7932717931376,False
262,2,0.65,-674.0668811350431,640.4597445127845,-33.60713662225862,False
262,2,0.8,-304.4474372601733,47.213072111606536,-257.2343651485667,True
262,2,0.9,593.4705564541696,0.37758985517049404,593.8481463093401,False
262,3,keep,0.0,66.1555683339244,66.1555683339244,True
262,3,0.5,-383.9046824703203,1037.0082886205432,653.103606150223,False
262,3,0.65,-171.90751870244836,268.847051709065,96.93953300661664,False
262,3,0.8,199.81273684802596,18.71776529811561,218.53050214614157,False
262,3,0.9,975.1883494226543,0.14982094832452045,975.3381703709788,False
263,1,keep,0.0,148.179285824132,148.179285824132,False
263,1,0.5,-2171.748716659107,6776.030213170574,4604.281496511467,False
263,1,0.65,-1448.5087988230844,2226.7339801314206,778.2251813083362,False
263,1,0.8,-410.97288247213504,288.1973839366277,-122.77549853550732,True
263,1,0.9,1754.7803312983278,52.71797127351657,1807.4983025718443,False
263,2,keep,0.0,125.70301637656843,125.70301637656843,False
263,2,0.5,-1570.0901934780209,2641.363793625652,1071.273600147631,False
263,2,0.65,-1227.048371456736,834.8154897654445,-392.2328816912916,False
263,2,0.8,-797.0620114931314,145.94570501091943,-651.1163064822119,True
263,2,0.9,159.24337926214184,49.70620150029752,208.94958076243935,False
263,3,keep,0.0,118.750978839509,118.750978839509,False
263,3,0.5,-476.8178158702827,1234.6066329841342,757.7888171138516,False
263,3,0.65,-253.98150516366357,373.1966070767029,119.21510191303932,False
263,3,0.8,-0.25602635509559374,118.8076388385239,118.5516124834283,True
263,3,0.9,785.3500381361629,49.03455609950083,834.3845942356637,False
264,1,keep,0.0,132.94885697177546,132.94885697177546,False
264,1,0.5,-4194.04197970024,5948.706614597074,1754.6646348968343,False
264,1,0.65,-3491.5669196472795,2056.239752827929,-1435.3271668193506,False
264,1,0.8,-2559.8736772122024,263.63416806631653,-2296.2395091458857,True
264,1,0.9,-975.2436760242308,52.51111766362835,-922.7325583606024,False
264,2,keep,0.0,132.1520628639151,132.1520628639151,False
264,2,0.5,-1515.2677046693454,2870.0649122299988,1354.7972075606533,False
264,2,0.65,-1099.271372887464,810.4644335489564,-288.8069393385075,False
264,2,0.8,-617.0930060808035,153.2524731880957,-463.84053289270787,True
264,2,0.9,467.2947216536114,50.32042098072966,517.615142634341,False
264,3,keep,0.0,176.5007643980764,176.5007643980764,False
264,3,0.5,-367.3825524893497,1080.098015451657,712.7154629623072,False
264,3,0.65,-146.34477745725863,310.3542077215593,164.00943026430068,True
264,3,0.8,271.02006196450094,124.10176583932568,395.1218278038266,False
264,3,0.9,1066.640082113773,49.4110534476262,1116.0511355613992,False
265,1,keep,0.0,138.03434514688314,138.03434514688314,False
265,1,0.5,-2842.5436539446428,6110.4155543788465,3267.871900434204,False
265,1,0.65,-2080.9308840764893,1937.9750207886318,-142.95586328785748,False
265,1,0.8,-1126.4164094180924,249.9641487448534,-876.4522606732389,True
265,1,0.9,414.6221838185345,57.79189720510521,472.4140810236397,False
265,2,keep,0.0,135.99998722733451,135.99998722733451,False
265,2,0.5,-1589.054938209288,2744.4093995905077,1155.3544613812198,False
265,2,0.65,-1224.4140345068438,875.3343483110535,-349.07968619579026,False
265,2,0.8,-731.9538567156585,156.23943090178702,-575.7144258138715,True
265,2,0.9,283.0790873355257,54.0715457292772,337.1506330648029,False
265,3,keep,0.0,132.39061446777333,132.39061446777333,False
265,3,0.5,-460.3684178769629,1178.469987598212,718.101569721249,False
265,3,0.65,-236.55603112878325,358.08770813084476,121.53167700206151,True
265,3,0.8,48.982967979487405,126.98212735279489,175.9650953322823,False
265,3,0.9,795.8143812235863,52.99306730080153,848.8074485243878,False
266,1,keep,0.0,368.65625362685637,368.65625362685637,False
266,1,0.5,-1112.2997449593156,4406.592486939551,3294.2927419802354,False
266,1,0.65,-207.95136357081978,563.5908657868083,355.6395022159885,True
266,1,0.8,1365.1916143472565,158.11063405256508,1523.3022483998216,False
266,1,0.9,3709.4550573575143,56.90387135349228,3766.3589287110067,False
266,2,keep,0.0,7168.57700959876,7168.57700959876,False
266,2,0.5,692.5740435407058,2182.3835796096528,2874.957623150359,False
266,2,0.65,1331.3838778916243,548.6249421212926,1880.0088200129169,True
266,2,0.8,2726.3087474425365,173.38484472859275,2899.6935921711292,False
266,2,0.9,4194.476800284334,55.74194286160081,4250.218743145934,False
266,3,keep,0.0,225.8620190554235,225.8620190554235,True
266,3,0.5,-311.5691444880779,1226.8190361605343,915.2498916724564,False
266,3,0.65,-86.56120652814212,392.265831098878,305.70462457073586,False
266,3,0.8,488.1969847400332,153.4422233770464,641.6392081170795,False
266,3,0.9,1231.8245297661026,55.31102051952143,1287.135550285624,False
267,1,keep,0.0,257.9431500786847,257.9431500786847,True
267,1,0.5,-1393.5087205454008,5240.036111779731,3846.52739123433,False
267,1,0.65,-556.5729980176127,1111.142669083581,554.5696710659684,False
267,1,0.8,1031.9520784357062,163.45098261621644,1195.4030610519226,False
267,1,0.9,3659.5814128009174,56.61574085326895,3716.1971536541864,False
267,2,keep,0.0,145.33088368780633,145.33088368780633,False
267,2,0.5,-1496.948271433392,2596.1386905507898,1099.1904191173978,False
267,2,0.65,-1127.5348726420616,791.3692426303991,-336.16563001166253,False
267,2,0.8,-651.8931756448419,162.28071254482123,-489.6124631000207,True
267,2,0.9,382.34225549909155,54.73087640582036,437.0731319049119,False
267,3,keep,0.0,158.50176018364186,158.50176018364186,False
267,3,0.5,-424.0518428920793,1102.4630940470056,678.4112511549263,False
267,3,0.65,-199.68467681357126,342.5632659415247,142.87858912795346,True
267,3,0.8,135.98568903184412,142.736286785415,278.72197581725914,False
267,3,0.9,902.51674857255,53.887517417428086,956.4042659899781,False
268,1,keep,0.0,17.270394099969725,17.270394099969725,False
268,1,0.5,-1598.8173709816954,2409.8389696530967,811.0215986714013,False
268,1,0.65,-1245.9058959891813,630.5368421773412,-615.3690538118401,False
268,1,0.8,-816.9384104573326,38.80998428363397,-778.1284261736986,True
268,1,0.9,49.827423054263704,0.44077034416820987,50.26819339843191,False
268,2,keep,0.0,25.74882510673644,25.74882510673644,False
268,2,0.5,-727.845299820881,2213.0470230157634,1485.2017231948826,False
268,2,0.65,-421.2058305720068,619.0948302858197,197.88899971381295,False
268,2,0.8,-54.64336352543549,42.26517742523106,-12.37818610020443,True
268,2,0.9,905.881811050615,0.5250072085850042,906.4068182592,False
268,3,keep,0.0,14.206088139338798,14.206088139338798,False
268,3,0.5,-461.894631896043,922.3323297159272,460.43769781988425,False
268,3,0.65,-243.17627960808102,198.0839109202868,-45.09236868779422,True
268,3,0.9,701.804078313247,0.19294840110225872,701.9970267143493,False
269,1,keep,0.0,574.353525777342,574.353525777342,False
269,1,0.5,-457.1274321935192,2181.6710787440643,1724.543646550545,False
269,1,0.65,4.602675662541799,501.2785397762254,505.8812154387672,True
269,1,0.8,968.9999538100951,36.92569470987775,1005.9256485199729,False
269,1,0.9,2264.585937492249,0.4119793604697007,2264.9979168527184,False
269,2,keep,0.0,28.96594323477137,28.96594323477137,True
269,2,0.5,-740.4327737093517,2329.4633272165265,1589.0305535071748,False
269,2,0.65,-427.89434961965526,677.7415349063853,249.84718528673,False
269,2,0.8,159.17640773169856,36.254758767563544,195.4311664992621,False
269,2,0.9,1047.318852583879,0.34993179851860223,1047.6687843823977,False
269,3,keep,0.0,23.106444061281017,23.106444061281017,True
269,3,0.5,-373.051261425403,907.9846261418509,534.9333647164478,False
269,3,0.65,-153.4797885090357,191.6212616908426,38.1414731818069,False
269,3,0.8,279.76965608800793,12.836662078967468,292.6063181669754,False
269,3,0.9,978.1256157999235,0.17622580751484276,978.3018416074383,False
270,1,keep,0.0,8785.478306417586,8785.478306417586,False
270,1,0.5,1236.3976804993902,3986.5074628682564,5222.905143367647,False
270,1,0.65,2891.0293094447047,963.9560781740148,3854.9853876187194,True
270,1,0.8,5240.140220048399,193.56830171310406,5433.708521761503,False
270,1,0.9,8084.417818200326,70.27385050076501,8154.691668701091,False
270,2,keep,0.0,193.5150271219178,193.5150271219178,False
270,2,0.5,-1952.0759841823624,3051.213144863031,1099.1371606806688,False
270,2,0.65,-1554.1365303875157,987.8630366819324,-566.2734937055833,False
270,2,0.8,-836.8318300512291,199.09695612609832,-637.7348739251307,True
270,2,0.9,118.28603226308883,70.00359330320185,188.28962556629068,False
270,3,keep,0.0,222.56001514067623,222.56001514067623,False
270,3,0.5,-381.07942575280197,1111.6612762543464,730.5818505015444,False
270,3,0.65,-155.84853061916547,358.9072255231465,203.05869490398103,True
270,3,0.8,315.35913816595956,167.2116642058179,482.57080237177746,False
270,3,0.9,1047.579324145863,68.42423675874777,1116.0035609046108,False
271,1,keep,0.0,163.72669050541214,163.72669050541214,False
271,1,0.5,-4265.120606617283,5210.875187776754,945.754581159471,False
271,1,0.65,-3572.951433121057,1554.4358884430665,-2018.5155446779906,False
271,1,0.8,-2663.2289151518444,222.56613041473798,-2440.6627847371064,True
271,1,0.9,-1298.4407635102427,71.77138677154427,-1226.6693767386985,False
271,2,keep,0.0,3557.055470449447,3557.055470449447,False
271,2,0.5,104.09151649168606,2474.035846581463,2578.127363073149,False
271,2,0.65,813.0313605666121,561.6339161509188,1374.665276717531,True
271,2,0.8,1941.1005573832815,167.13881102182953,2108.2393684051112,False
271,2,0.9,3243.189978705272,69.06461739108846,3312.2545960963607,False
271,3,keep,0.0,1076.6485380827235,1076.6485380827235,False
271,3,0.5,37.29884006161099,1058.3241297403533,1095.6229698019642,False
271,3,0.65,526.1420641221175,344.4885758357446,870.6306399578621,True
271,3,0.8,1309.8104734670992,144.92709800276427,1454.7375714698635,False
271,3,0.9,2006.7776442030774,59.491638854403256,2066.2692830574806,False
272,1,keep,0.0,544.1979692232533,544.1979692232533,False
272,1,0.5,-2217.618641897432,6090.752366908462,3873.13372501103,False
272,1,0.65,-1462.8733636887287,1923.9157411694111,461.0423774806825,False
272,1,0.8,-59.07331931673116,240.36198241876838,181.28866310203722,True
272,1,0.9,2101.0546663811638,74.90690848580155,2175.9615748669653,False
272,2,keep,0.0,186.11327111219558,186.11327111219558,True
272,2,0.5,-981.9570098829136,3198.286237810072,2216.3292279271586,False
272,2,0.65,-555.9840012329464,1048.4313783579973,492.44737712505093,False
272,2,0.8,93.13839103611929,185.08064050177168,278.21903153789094,False
272,2,0.9,1321.2227771086586,72.51297873763876,1393.7357558462975,False
272,3,keep,0.0,181.36438821661903,181.36438821661903,False
272,3,0.5,-450.77945857947293,1196.3925130195596,745.6130544400867,False
272,3,0.65,-221.4495154472462,387.3932295922553,165.9437141450091,True
272,3,0.8,132.92694768586523,167.0566104143301,299.9835581001953,False
272,3,0.9,813.6902218861474,72.24252285282257,885.93274473897,False
273,1,keep,0.0,165.41248216194114,165.41248216194114,False
273,1,0.5,-2343.930345287048,5348.842109918969,3004.911764631921,False
273,1,0.65,-1672.571639133673,1602.9589493473895,-69.61268978628345,False
273,1,0.8,-727.205525784671,198.54510826732718,-528.6604175173438,True
273,1,0.9,1320.6754023348367,72.00320267825722,1392.6786050130938,False
273,2,keep,0.0,139.23555628873805,139.23555628873805,False
273,2,0.5,-1774.2196956792932,2781.9804115032425,1007.7607158239493,False
273,2,0.65,-1417.1671475337155,905.8371714090825,-511.32997612463294,False
273,2,0.8,-970.3174272850847,165.3813898812409,-804.9360374038438,True
273,2,0.9,-71.84030906638247,69.32871885529349,-2.5115902110889863,False
273,3,keep,0.0,134.21264981291745,134.21264981291745,False
273,3,0.5,-477.31358361199256,1217.0672477690798,739.7536641570873,False
273,3,0.65,-246.53726353568763,368.55843655914464,122.02117302345701,True
273,3,0.9,727.5447501598661,68.46105959013639,796.0058097500025,False
274,1,keep,0.0,30.89193969810413,30.89193969810413,False
274,1,0.5,-4906.440816563827,6038.722399542155,1132.2815829783276,False
274,1,0.65,-4217.933059316394,1797.6207651233321,-2420.312294193062,False
274,1,0.8,-3308.862059571148,99.4525404167298,-3209.4095191544184,True
274,1,0.9,-1869.819783787286,1.3781022641367857,-1868.4416815231493,False
274,2,keep,0.0,33.94206518797655,33.94206518797655,False
274,2,0.5,-1492.8790896706325,2747.1363692065815,1254.257279535949,False
274,2,0.65,-1156.3399570140812,851.5352018957749,-304.8047551183063,False
274,2,0.8,-740.3897518910101,57.853018418801675,-682.5367334722084,True
274,2,0.9,139.99903624472017,1.3766657741524368,141.3757020188726,False
274,3,keep,0.0,75.9491370910223,75.9491370910223,True
274,3,0.5,-384.57155123722595,1097.7806675531867,713.2091163159607,False
274,3,0.65,-157.76179469603662,239.81961649033377,82.05782179429715,False
274,3,0.8,253.61402269294973,17.364119018400846,270.9781417113506,False
274,3,0.9,979.4865200799081,0.6138141944200982,980.1003342743282,False
275,1,keep,0.0,17.76226563023652,17.76226563023652,False
275,1,0.5,-831.6583021415815,2217.3737514440354,1385.7154493024539,False
275,1,0.65,-497.79259693599204,617.4184634732255,119.62586653723349,False
275,1,0.8,-67.30227271918498,31.96761196649031,-35.334660752694674,True
275,1,0.9,1078.2513297661326,0.2207798210941447,1078.4721095872267,False
275,2,keep,0.0,23.093478829034567,23.093478829034567,False
275,2,0.5,-663.4192286429966,2066.5373252251015,1403.118096582105,False
275,2,0.65,-371.9779081240912,590.0312745368436,218.05336641275244,False
275,2,0.8,-2.6809938930747648,23.999050177162403,21.31805628408764,True
275,2,0.9,1008.9289383728807,0.32883615298876834,1009.2577745258694,False
275,3,keep,0.0,2.301580554461198,2.301580554461198,False
275,3,0.5,-505.57055355053143,764.4771760988908,258.9066225483594,False
275,3,0.65,-301.40746340228185,163.94418321620998,-137.46328018607187,True
275,3,0.8,-60.76583985079216,7.870451505365629,-52.89538834542653,False
275,3,0.9,531.4882453873712,0.10238373293319519,531.5906291203044,False
276,1,keep,0.0,8.165446795967254,8.165446795967254,False
276,1,0.5,-1056.8804525383925,2023.5917670146137,966.7113144762211,False
276,1,0.65,-717.6333378413649,495.54402731553046,-222.08931052583443,False
276,1,0.8,-260.3840158934506,21.390894081203935,-238.9931218122467,True
276,1,0.9,733.323231862267,0.13380499724010833,733.4570368595071,False
276,2,keep,0.0,8.75112825517149,8.75112825517149,False
276,2,0.5,-807.1081155897202,1819.2426305061015,1012.1345149163812,False
276,2,0.65,-519.3031105867332,439.92532871846606,-79.3777818682671,False
276,2,0.8,-149.10181912368296,20.206386904564972,-128.895432219118,True
276,2,0.9,670.3270006351958,0.2538471332342103,670.58084776843,False
276,3,keep,0.0,2.086621753252235,2.086621753252235,False
276,3,0.5,-471.02492688560363,561.0098544742846,89.98492758868093,False
276,3,0.65,-278.3479477011687,122.4602167967503,-155.88773090441842,True
276,3,0.8,-37.30171031298549,5.128588595525388,-32.173121717460106,False
276,3,0.9,589.2802444261637,0.06529687169115221,589.3455412978549,False
277,1,keep,0.0,21.923561672501307,21.923561672501307,False
277,1,0.5,-4729.495856176509,5135.601357850997,406.10550167448855,False
277,1,0.65,-4057.3130868244925,1372.9914751726776,-2684.321611651815,False
277,1,0.8,-3115.0576266655366,50.78392350949508,-3064.2737031560414,True
277,1,0.9,-1213.582885487052,0.19940414071203005,-1213.38348134634,False
277,2,keep,0.0,14.594162180252564,14.594162180252564,False
277,2,0.5,-1165.8032565207193,2474.587817447829,1308.7845609271096,False
277,2,0.65,-780.4605708873039,607.3991640822021,-173.0614068051018,False
277,2,0.8,-259.12225538728796,25.622588140408944,-233.49966724687903,True
277,2,0.9,911.3491676877538,0.2043052665767241,911.5534729543306,False
277,3,keep,0.0,26.365097324733416,26.365097324733416,False
277,3,0.5,-391.42485353646816,701.2036139828465,309.7787604463783,False
277,3,0.65,-181.54254551752152,132.08586124804546,-49.45668426947606,True
277,3,0.8,231.23960978974353,5.116822545488727,236.35643233523226,False
277,3,0.9,967.7607871363334,0.03412018951231322,967.7949073258458,False
278,1,keep,0.0,1895.3557424017372,1895.3557424017372,False
278,1,0.5,-569.2346665771156,4530.510249380515,3961.2755828033996,False
278,1,0.65,522.6332893789161,732.2107223811546,1254.8440117600708,True
278,1,0.8,2287.229648662824,54.33643871225237,2341.566087375076,False
278,1,0.9,4988.800094121045,0.3127408710429408,4989.112834992088,False
278,2,keep,0.0,73.43831083443155,73.43831083443155,True
278,2,0.5,-640.8496548591686,2565.9611356699693,1925.1114808108007,False
278,2,0.65,-187.32832996630376,406.2791412763344,218.95081131003067,False
278,2,0.8,746.6848028683042,21.475638066778885,768.1604409350831,False
278,2,0.9,2020.5257722691701,0.3219454944359785,2020.8477177636062,False
278,3,keep,0.0,421.37683999498825,421.37683999498825,False
278,3,0.5,-128.73135617413044,838.5588449206365,709.8274887465061,False
278,3,0.65,256.7662205685453,161.8285755814194,418.5947961499647,True
278,3,0.8,972.4639661651707,7.577084324466268,980.041050489637,False
278,3,0.9,1691.245759158204,0.05290521141437522,1691.2986643696183,False
279,1,keep,0.0,63.29541741943727,63.29541741943727,False
279,1,0.5,-1836.9396061623613,5914.786367754249,4077.846761591888,False
279,1,0.65,-1147.5134880238022,1697.4755232733994,549.9620352495972,False
279,1,0.8,-187.2266554520782,74.8605191248441,-112.3661363272341,True
279,1,0.9,2241.09187732009,0.5099519689991037,2241.6018292890894,False
279,2,keep,0.0,395.8903953015722,395.8903953015722,False
279,2,0.5,-874.886879656293,2270.490121416324,1395.6032417600313,False
279,2,0.65,-465.16321499924004,460.20178824166214,-4.961426757577897,True
279,2,0.8,425.6047075851057,35.115006370536186,460.7197139556419,False
279,2,0.9,1693.2319912379353,0.3744779687727733,1693.606469206708,False
279,3,keep,0.0,34.837785091883255,34.837785091883255,True
279,3,0.5,-365.49193032941014,1093.3830274166608,727.8910970872506,False
279,3,0.65,-151.60193683762037,260.49615617572084,108.89421933810047,False
279,3,0.8,270.6784291840267,16.688822860492728,287.36725204451943,False
279,3,0.9,1017.0123453940587,0.15538066907001596,1017.1677260631287,False
280,1,keep,0.0,23.65318087760985,23.65318087760985,False
280,1,0.5,-1979.4226454663549,5340.463741798375,3361.04109633202,False
280,1,0.65,-1308.2194929643867,1345.598006273764,37.37851330937724,False
280,1,0.8,-442.85722722020387,59.351187480483176,-383.5060397397207,True
280,1,0.9,1545.2630177757912,2.619837019222875,1547.882854795014,False
280,2,keep,0.0,18.657780303455574,18.657780303455574,False
280,2,0.5,-1057.9715475172468,2715.6986974567462,1657.7271499394994,False
280,2,0.65,-687.0121074539188,778.0646603718158,91.05255291789695,False
280,2,0.8,-186.0210998359523,34.86302105461439,-151.1580787813379,True
280,2,0.9,885.5551039900629,0.38378051353929676,885.9388845036021,False
280,3,keep,0.0,208.3306470377468,208.3306470377468,False
280,3,0.5,-257.8777249332577,826.8602100287408,568.9824850954831,False
280,3,0.65,31.584235325588622,166.03366898495767,197.6179043105463,True
280,3,0.8,569.4547735427093,7.9334883419029065,577.3882618846122,False
280,3,0.9,1301.106627002194,0.0616436178041487,1301.168270619998,False
281,1,keep,0.0,24.61097551327949,24.61097551327949,False
281,1,0.5,-5314.304192939953,4570.797052261809,-743.5071406781444,False
281,1,0.65,-4739.149144491687,1282.0780913645156,-3457.0710531271716,False
281,1,0.8,-3878.1323301963803,50.92269146012907,-3827.2096387362512,True
281,1,0.9,-2404.047506072381,0.8158296265270477,-2403.231676445854,False
281,2,keep,0.0,28.71554177488279,28.71554177488279,True
281,2,0.5,-855.6264728745764,2719.230641039004,1863.6041681644274,False
281,2,0.65,-476.58364796933,785.0674364853209,308.48378851599085,False
281,2,0.8,125.26938330498254,28.22783348259091,153.49721678757345,False
281,2,0.9,1409.5378303111254,0.4306997721729493,1409.9685300832984,False
281,3,keep,0.0,67.6282181785235,67.6282181785235,False
281,3,0.5,-345.26465449521527,869.2107719041171,523.9461174089018,False
281,3,0.65,-141.04435745479284,185.6436633672309,44.59930591243804,True
281,3,0.8,311.5172535584639,8.687492861076382,320.2047464195403,False
281,3,0.9,1038.9546663590095,0.05457722889083427,1039.0092435879003,False
282,1,keep,0.0,15.471622695215473,15.471622695215473,False
282,1,0.5,-817.5268831906915,1814.0820112899917,996.5551280993002,False
282,1,0.65,-498.5390840611432,428.4194793251839,-70.11960473595934,True
282,1,0.8,-61.78237509772261,15.76223858313135,-46.02013651459126,False
282,1,0.9,1155.8586022292002,0.030138205901606267,1155.8887404351017,False
282,2,keep,0.0,206.6403529787531,206.6403529787531,False
282,2,0.5,-495.2557887307597,1592.8581569662354,1097.6023682354758,False
282,2,0.65,-248.94490074592107,429.05046392756856,180.10556318164748,True
282,2,0.8,526.1620710337554,21.918762653120865,548.0808336868763,False
282,2,0.9,1347.7674443971973,0.13894878094142513,1347.9063931781388,False
282,3,keep,0.0,1246.5608355783186,1246.5608355783186,False
282,3,0.5,246.84251185648696,716.8737376738679,963.7162495303548,False
282,3,0.65,741.759703642229,145.6917043507274,887.4514079929564,True
282,3,0.8,1459.47405621814,6.0226903300964825,1465.4967465482366,False
282,3,0.9,2165.209851861107,0.026571275588572037,2165.2364231366955,False
283,1,keep,0.0,43.41878704236161,43.41878704236161,True
283,1,0.5,-562.4162038520658,1711.6750440569422,1149.2588402048764,False
283,1,0.65,-251.7421588015185,320.2196550583399,68.47749625682141,False
283,1,0.8,429.9604998671909,15.473102639864848,445.43360250705575,False
283,1,0.9,1645.3999097291899,0.053590457416879754,1645.4535001866068,False
283,2,keep,0.0,11.090951116406835,11.090951116406835,False
283,2,0.5,-759.4054271384628,1667.149803356635,907.7443762181722,False
283,2,0.65,-511.9899704566758,432.1235442256521,-79.8664262310237,False
283,2,0.8,-178.49336772349335,27.08155360768495,-151.4118141158084,True
283,2,0.9,562.7939257117669,0.1892108010476493,562.9831365128146,False
283,3,keep,0.0,15.657551389333944,15.657551389333944,False
283,3,0.5,-335.7165597406978,593.6365119155685,257.9199521748707,False
283,3,0.65,-170.93179013889687,109.55981687530883,-61.371973263588046,True
283,3,0.8,142.24992561995822,5.339349686043165,147.58927530600138,False
283,3,0.9,828.4632177628193,0.024863363948771144,828.4880811267681,False
284,1,keep,0.0,128.18797128742358,128.18797128742358,False
284,1,0.5,-1687.879940919994,4998.356390334655,3310.476449414661,False
284,1,0.65,-947.3385643105523,1041.8970023791335,94.55843806858115,True
284,1,0.8,374.96617670248224,52.07799356050805,427.0441702629903,False
284,1,0.9,2495.9885428545986,4.294728215615279,2500.2832710702137,False
284,2,keep,0.0,557.3206779858232,557.3206779858232,False
284,2,0.5,-932.888510442324,2755.859369902455,1822.9708594601311,False
284,2,0.65,-587.9180942429783,929.3109409618278,341.39284671884946,True
284,2,0.8,452.9638268496022,60.99912223574448,513.9629490853466,False
284,2,0.9,1632.9518990802082,0.8967968476930479,1633.8486959279012,False
284,3,keep,0.0,1307.7870480345427,1307.7870480345427,False
284,3,0.5,199.42793756700374,879.3919468167003,1078.819884383704,False
284,3,0.65,625.1607906769505,209.36402410884835,834.5248147857988,True
284,3,0.8,1366.528491745427,9.720545950632696,1376.2490376960595,False
284,3,0.9,2055.5047451268515,0.07944305683375952,2055.5841881836855,False
285,1,keep,0.0,174.3350408634146,174.3350408634146,False
285,1,0.5,-3184.030436980728,4624.514391633775,1440.4839546530466,False
285,1,0.65,-2516.915933473621,1104.6740450245602,-1412.2418884490608,True
285,1,0.8,-1285.3682659968906,63.65994493445222,-1221.7083210624385,False
285,1,0.9,320.07685650571966,8.295140765070038,328.3719972707897,False
285,2,keep,0.0,1495.9623846461272,1495.9623846461272,False
285,2,0.5,-495.53088148838566,3147.1593192326986,2651.628437744313,False
285,2,0.65,41.018362142949684,1089.6863323109455,1130.7046944538952,True
285,2,0.8,1317.023747572805,88.67652639148709,1405.7002739642921,False
285,2,0.9,2520.1923997010376,1.2596536998758239,2521.4520534009134,False
285,3,keep,0.0,1916.1366545786582,1916.1366545786582,False
285,3,0.5,370.59588654720017,974.7991167439966,1345.3950032911966,False
285,3,0.65,782.381159652329,254.79820761878653,1037.1793672711156,True
285,3,0.8,1513.3020050325465,14.734017480645996,1528.0360225131924,False
285,3,0.9,2227.0298846439273,0.15408172918594265,2227.1839663731134,False
286,1,keep,0.0,111.604506243951,111.604506243951,False
286,1,0.5,-3695.036480671609,4090.5067151936323,395.4702345220235,False
286,1,0.65,-3167.9817861131664,1137.7580974689977,-2030.2236886441688,True
286,1,0.8,-2073.3811865425573,64.15069370539749,-2009.2304928371598,False
286,1,0.9,-375.0143818946101,9.647049638082136,-365.36733225652796,False
286,2,keep,0.0,20088.644273228587,20088.644273228587,False
286,2,0.5,2643.4465018466335,3006.9641610045387,5650.410662851173,False
286,2,0.65,3529.9392967179942,931.9544995269443,4461.893796244938,True
286,2,0.8,4959.609737153446,90.08756670604524,5049.6973038594915,False
286,2,0.9,6378.265403635383,1.265923869372413,6379.531327504756,False
286,3,keep,0.0,371.09218940424853,371.09218940424853,False
286,3,0.5,-182.0801548972917,1164.9967378527022,982.9165829554105,False
286,3,0.65,23.11962011941975,339.3463760178023,362.4659961372221,True
286,3,0.8,750.9696272146956,23.474395258591496,774.4440224732871,False
286,3,0.9,1438.355812238113,0.3362719208083486,1438.6920841589213,False
287,1,keep,0.0,41.69311501241556,41.69311501241556,False
287,1,0.5,-4318.366863324223,5304.899324233413,986.5324609091895,False
287,1,0.65,-3652.2335165853065,1347.8705896725892,-2304.3629269127173,False
287,1,0.8,-2767.204361036339,64.91865289378757,-2702.2857081425514,True
287,1,0.9,-1463.408671939515,10.706093590218636,-1452.7025783492963,False
287,2,keep,0.0,642.2822970953399,642.2822970953399,False
287,2,0.5,-470.82476572833167,2711.958274337864,2241.1335086095323,False
287,2,0.65,70.31328758700145,479.12126389279297,549.4345514797944,True
287,2,0.8,987.7597372035286,55.816004361484715,1043.5757415650132,False
287,2,0.9,2298.1460098126126,1.1539590333941538,2299.299968846007,False
287,3,keep,0.0,81.99790826290922,81.99790826290922,True
287,3,0.5,-266.0914954380219,958.3225660457252,692.2310706077033,False
287,3,0.65,-78.67063425282996,232.54175442867324,153.8711201758433,False
287,3,0.8,483.9176354273751,10.87074519984315,494.78838062721826,False
287,3,0.9,1144.0901768580534,0.09382764392570828,1144.1840045019792,False
288,1,keep,0.0,300.4155529726686,300.4155529726686,False
288,1,0.5,-1842.6036728288414,5414.661795881218,3572.0581230523762,False
288,1,0.65,-1075.7407944774206,1300.72413079236,224.98333631493938,True
288,1,0.8,284.6021708425824,55.29487061600527,339.89704145858764,False
288,1,0.9,2244.488807403698,0.8871699344421116,2245.3759773381403,False
288,2,keep,0.0,1125.5515477940526,1125.5515477940526,False
288,2,0.5,-346.8648046247004,3173.1528583117624,2826.288053687062,False
288,2,0.65,164.1619058698221,893.0636858814133,1057.2255917512355,True
288,2,0.8,1470.2571874342289,97.37701813329264,1567.6342055675216,False
288,2,0.9,2832.35503630558,1.6746101598492438,2834.0296464654293,False
288,3,keep,0.0,1239.5745388552402,1239.5745388552402,False
288,3,0.5,131.5220088667695,950.0182457036346,1081.5402545704042,False
288,3,0.65,538.0051612942979,241.8779454628449,779.8831067571427,True
288,3,0.8,1250.8693598778857,12.54397899306868,1263.4133388709545,False
288,3,0.9,1898.7289377035943,0.16289637763928586,1898.8918340812336,False
289,1,keep,0.0,1473.2514370260203,1473.2514370260203,False
289,1,0.5,-158.5439605699721,1845.428084038233,1686.884123468261,False
289,1,0.65,535.7166505152027,398.3090827154671,934.0257332306699,True
289,1,0.8,1489.457207747365,26.022336513149906,1515.4795442605148,False
289,1,0.9,2704.7361080323626,0.21482314667636546,2704.950931179039,False
289,2,keep,0.0,323.5714679162878,323.5714679162878,True
289,2,0.5,-387.62498814237864,2444.9927969487812,2057.3678088064025,False
289,2,0.65,-103.5479618831868,709.8397459348413,606.2917840516545,False
289,2,0.8,660.2651244494565,61.74840607378887,722.0135305232453,False
289,2,0.9,1650.382741702348,0.9234159891062464,1651.3061576914542,False
289,3,keep,0.0,24.015048766162874,24.015048766162874,True
289,3,0.5,-298.99430734302166,754.9109836193127,455.916676276291,False
289,3,0.65,-133.16352883373162,172.06068573162676,38.897156897895144,False
289,3,0.8,267.2922134116779,10.684873869917002,277.9770872815949,False
289,3,0.9,890.9428875220428,0.14948581219878532,891.0923733342416,False
290,1,keep,0.0,20.732004134644033,20.732004134644033,False
290,1,0.5,-941.383837423788,2219.3439577628087,1277.9601203390207,False
290,1,0.65,-619.7786442150713,584.9896003432855,-34.78904387178579,False
290,1,0.8,-188.91538731873072,22.03591737828309,-166.87946994044762,True
290,1,0.9,854.3929727400704,0.1414471700401836,854.5344199101106,False
290,2,keep,0.0,17.62371144145637,17.62371144145637,False
290,2,0.5,-976.1530144451082,2294.2766593699594,1318.1236449248513,False
290,2,0.65,-706.7054840257243,785.9304031543517,79.22491912862733,False
290,2,0.8,-377.44993250615363,56.27329240312732,-321.17664010302633,True
290,2,0.9,371.14055324767526,0.7134467061092491,371.8539999537845,False
290,3,keep,0.0,7.120525090920574,7.120525090920574,False
290,3,0.5,-378.6559036145529,712.7296807516516,334.07377713709866,False
290,3,0.65,-216.20360727004564,149.13672755126294,-67.0668797187827,True
290,3,0.8,-8.054597819276033,7.593242827113146,-0.461354992162887,False
290,3,0.9,603.1295762167413,0.09419685533821433,603.2237730720794,False
291,1,keep,0.0,49.126528360380405,49.126528360380405,False
291,1,0.5,-1940.124889464137,5611.324978080851,3671.2000886167143,False
291,1,0.65,-1253.5623588777019,1466.6860905799522,213.12373170225032,False
291,1,0.8,-292.7299422227178,54.644121940207214,-238.08582028251058,True
291,1,0.9,1636.8011529964012,10.513425786088693,1647.31457878249,False
291,2,keep,0.0,40.59799441398028,40.59799441398028,False
291,2,0.5,-1645.8007376450626,3256.1231491992503,1610.3224115541877,False
291,2,0.65,-1253.8941270316388,1090.6246794503224,-163.2694475813164,False
291,2,0.8,-778.9211344761197,87.31985412939267,-691.6012803467271,True
291,2,0.9,93.83337352114529,1.6943903607422799,95.52776388188757,False
291,3,keep,0.0,55.6999863734367,55.6999863734367,True
291,3,0.5,-361.29597065805905,954.7153214795309,593.4193508214719,False
291,3,0.65,-174.30727865483402,244.43053127095897,70.12325261612494,False
291,3,0.8,230.22898739398485,11.35951044537829,241.58849783936313,False
291,3,0.9,869.6748529597944,0.15490877773164563,869.829761737526,False
292,1,keep,0.0,51.50367687673727,51.50367687673727,False
292,1,0.5,-2904.794464758681,5665.5964030668365,2760.8019383081555,False
292,1,0.65,-2159.5544923591424,1375.1417381861127,-784.4127541730297,False
292,1,0.8,-1182.950860724372,73.73163402881245,-1109.2192266955594,True
292,1,0.9,248.19197923690763,14.377216955181645,262.5691961920893,False
292,2,keep,0.0,52.167830041030115,52.167830041030115,False
292,2,0.5,-1796.7101494639792,3477.4238884969664,1680.7137390329872,False
292,2,0.65,-1383.4063674748104,1137.7397892506465,-245.6665782241639,False
292,2,0.8,-916.0193539278794,103.80671262045925,-812.2126413074201,True
292,2,0.9,6.558204203364312,2.0288371729790975,8.587041376343409,False
292,3,keep,0.0,31.111679703129617,31.111679703129617,True
292,3,0.5,-416.4709729083244,1127.7872238381053,711.3162509297808,False
292,3,0.65,-219.10816190435108,296.3228025221972,77.21464061784613,False
292,3,0.8,69.25933102888774,18.78205701893379,88.04138804782153,False
292,3,0.9,720.3294044477177,0.3553332331523147,720.6847376808701,False
293,1,keep,0.0,101.39742327855478,101.39742327855478,True
293,1,0.5,-1781.095612656218,5547.745895430435,3766.650282774217,False
293,1,0.65,-1040.1987307483737,1377.6244224110749,337.4256916627012,False
293,1,0.8,220.4392388545715,79.2752563769746,299.7144952315461,False
293,1,0.9,2425.2624174477996,17.6903389852011,2442.9527564330006,False
293,2,keep,0.0,59.386833399452186,59.386833399452186,False
293,2,0.5,-1881.7318727218833,3503.29095709676,1621.5590843748766,False
293,2,0.65,-1471.9918552507966,1187.61245185623,-284.37940339456645,False
293,2,0.8,-983.3205302539164,109.3147358465061,-874.0057944074103,True
293,2,0.9,-49.09715834118106,2.3866923615317877,-46.71046597964927,False
293,3,keep,0.0,40.828148709571906,40.828148709571906,True
293,3,0.5,-385.5491558878649,1096.8674779660817,711.3183220782167,False
293,3,0.65,-200.33799695406472,297.45458938234714,97.11659242828242,False
293,3,0.8,110.38549839402422,18.5359153937194,128.92141378774363,False
293,3,0.9,760.2813679350824,0.32669368804348164,760.6080616231259,False
294,1,keep,0.0,61.198949323105666,61.198949323105666,False
294,1,0.5,-2310.9165684367167,5271.007449821418,2960.0908813847013,False
294,1,0.65,-1640.4823367411477,1250.8925330254206,-389.58980371572716,False
294,1,0.8,-687.781577803932,74.91332325917995,-612.8682545447521,True
294,1,0.9,1045.6592545174917,22.266880013793404,1067.926134531285,False
294,2,keep,0.0,1015.2643204600628,1015.2643204600628,False
294,2,0.5,-503.8414537244478,2508.686125393973,2004.844671669525,False
294,2,0.65,34.42725049414901,634.404306257521,668.83155675167,True
294,2,0.8,903.3690983630547,77.92245604680987,981.2915544098646,False
294,2,0.9,2181.8022296130866,1.4417936059859735,2183.2440232190725,False
294,3,keep,0.0,206.53134154028473,206.53134154028473,True
294,3,0.5,-200.22857138449422,991.1776287230083,790.9490573385141,False
294,3,0.65,-17.35232460341027,251.6971238812805,234.34479927787024,False
294,3,0.8,658.014651761403,14.04638926989367,672.0610410312967,False
294,3,0.9,1327.243574707791,0.16359531293254942,1327.4071700207235,False
295,1,keep,0.0,124.57021354788913,124.57021354788913,False
295,1,0.5,-6390.984599701254,5714.255416215828,-676.7291834854268,False
295,1,0.65,-5707.82101550094,1492.4306933754851,-4215.390322125455,False
295,1,0.8,-4555.109367931162,116.53417855846433,-4438.575189372697,True
295,1,0.9,-2799.8493392248556,21.333295177409894,-2778.5160440474456,False
295,2,keep,0.0,214.99456754507239,214.99456754507239,True
295,2,0.5,-639.0189749727596,3077.4917989094415,2438.472823936682,False
295,2,0.65,-144.53003218374428,379.7705024232279,235.24047023948364,False
295,2,0.8,691.8569092860464,77.42557680536228,769.2824860914087,False
295,2,0.9,2099.316392350379,3.1549724752742594,2102.4713648256534,False
295,3,keep,0.0,64.905275262027,64.905275262027,True
295,3,0.5,-378.91406198233585,1133.1006131453787,754.1865511630429,False
295,3,0.65,-196.73168272274967,350.3451238128124,153.61344109006274,False
295,3,0.8,129.41230057514656,29.46051074787683,158.8728113230234,False
295,3,0.9,829.2525430537233,0.7075245512854329,829.9600676050088,False
296,1,keep,0.0,143.60227899270092,143.60227899270092,True
296,1,0.5,-518.9852432404059,2389.1542506330206,1870.1690073926147,False
296,1,0.65,-183.62347923012786,483.4509646498526,299.8274854197248,False
296,1,0.8,625.9517578872977,41.40432084072697,667.3560787280247,False
296,1,0.9,1994.7840104238337,0.34665475267507706,1995.1306651765087,False
296,2,keep,0.0,52.98666405268929,52.98666405268929,True
296,2,0.5,-618.4983780387245,2305.673266853796,1687.1748888150717,False
296,2,0.65,-347.11924531015404,872.2401974677477,525.1209521575937,False
296,2,0.8,13.443831250935244,52.486491558384934,65.93032280932017,False
296,2,0.9,1031.0398903376097,1.2236706900902632,1032.2635610277,False
296,3,keep,0.0,5.431985720967737,5.431985720967737,False
296,3,0.5,-404.4835370915399,808.0907225419492,403.60718545040925,False
296,3,0.65,-251.11236577751436,202.21545766275102,-48.896908114763335,True
296,3,0.8,-46.65610829668679,10.530162421791708,-36.12594587489508,False
296,3,0.9,508.9192557778589,0.2964026060653281,509.2156583839242,False
297,1,keep,0.0,82.31313909865564,82.31313909865564,True
297,1,0.5,-643.1064549308126,2618.1472556609524,1975.0408007301398,False
297,1,0.65,-324.9917698837073,792.9135929908886,467.92182310718124,False
297,1,0.8,308.39526787635333,44.09426300525831,352.48953088161164,False
297,1,0.9,1651.1696637125033,0.4418713904360414,1651.6115351029393,False
297,2,keep,0.0,69.837451927275,69.837451927275,False
297,2,0.5,-685.8316726468162,2622.8284943739372,1936.9968217271212,False
297,2,0.65,-403.07154602854405,925.3596865457191,522.2881405171751,False
297,2,0.8,-55.86529042528728,78.95018223820192,23.08489181291464,True
297,2,0.9,881.7231838211283,1.5088754755795102,883.2320592967078,False
297,3,keep,0.0,16.875558201261825,16.875558201261825,False
297,3,0.5,-379.4650704895116,889.1560083604875,509.69093787097586,False
297,3,0.65,-220.6517661938516,225.90993199816404,5.258165804312426,True
297,3,0.8,-7.496776630435822,19.643354360665306,12.146577730229485,False
297,3,0.9,620.2377216739301,0.3984089761157823,620.6361306500459,False
298,1,keep,0.0,205.47789429893223,205.47789429893223,False
298,1,0.5,-4099.922616265197,5930.25169135902,1830.3290750938231,False
298,1,0.65,-3427.749054752104,1567.6875253808967,-1860.0615293712071,False
298,1,0.8,-2226.004591631765,127.57456994820375,-2098.4300216835613,True
298,1,0.9,-407.67735317844495,24.413544477793295,-383.2638087006517,False
298,2,keep,0.0,153.37254830594904,153.37254830594904,True
298,2,0.5,-681.2744102344469,3133.923272767759,2452.6488625333122,False
298,2,0.65,-196.45047351718284,458.29900200562633,261.8485284884435,False
298,2,0.8,583.1387028607272,64.30861202728097,647.4473148880082,False
298,2,0.9,1917.6135501688757,2.2653838505839956,1919.8789340194596,False
298,3,keep,0.0,127.82572122975748,127.82572122975748,True
298,3,0.5,-327.4262883278563,1187.4840627978392,860.0577744699829,False
298,3,0.65,-146.5179521374077,350.472382545628,203.95443040822033,False
298,3,0.8,261.1948310641873,26.866484854919,288.06131591910633,False
298,3,0.9,932.310420407302,0.5534489550312222,932.8638693623332,False
299,1,keep,0.0,7839.8924561000895,7839.8924561000895,False
299,1,0.5,740.3261721356774,5127.373954388853,5867.700126524531,False
299,1,0.65,2293.8901010336917,1382.6310262495108,3676.5211272832025,True
299,1,0.8,4508.06398722244,123.45015364425981,4631.5141408667,False
299,1,0.9,7282.619344195811,22.572569042608144,7305.191913238419,False
299,2,keep,0.0,191.49633111903302,191.49633111903302,False
299,2,0.5,-1331.6009852498844,3225.102756768772,1893.5017715188876,False
299,2,0.65,-957.0908042965225,1133.812802721231,176.72199842470854,False
299,2,0.8,-264.8416591676278,125.18737083127039,-139.65428833635744,True
299,2,0.9,910.4362158926876,2.7217728337861296,913.1579887264737,False
299,3,keep,0.0,37.423265780164584,37.423265780164584,True
299,3,0.5,-408.0106493446504,1236.3256716422115,828.3150222975612,False
299,3,0.65,-223.70557271060574,375.2553891958578,151.54981648525205,False
299,3,0.9,680.7226684759414,0.9833479656133582,681.7060164415548,False
300,1,keep,0.0,7071.252337840839,7071.252337840839,False
300,1,0.5,652.8970494319638,5154.374604714224,5807.271654146188,False
300,1,0.65,1947.376088477922,1330.2997366730917,3277.6758251510137,True
300,1,0.8,3954.3887879938297,131.6128814148576,4086.001669408687,False
300,1,0.9,6614.08957605217,21.470562956141194,6635.560139008311,False
300,2,keep,0.0,233.77304246341032,233.77304246341032,True
300,2,0.5,-861.922281608489,3188.078412223025,2326.1561306145363,False
300,2,0.65,-431.8606712241019,921.1935039362164,489.3328327121145,False
300,2,0.8,316.26870650987183,128.0487131127445,444.31741962261634,False
300,2,0.9,1580.8059019791176,1.775843549978818,1582.5817455290965,False
300,3,keep,0.0,60.13989858412519,60.13989858412519,True
300,3,0.5,-305.68760816248647,1091.9317164627694,786.244108300283,False
300,3,0.65,-122.27943144668961,316.82958708922655,194.55015564253694,False
300,3,0.8,218.32441666597626,37.64509993383583,255.9695165998121,False
300,3,0.9,943.0526727151279,0.6192354373907292,943.6719081525187,False
301,1,keep,0.0,159.70772290403048,159.70772290403048,True
301,1,0.5,-1692.6971865774271,6011.52541636562,4318.828229788192,False
301,1,0.65,-966.0834224939933,1463.855790770091,497.7723682760977,False
301,1,0.8,261.45929328733916,85.39718764701689,346.85648093435606,False
301,1,0.9,2788.3855672165573,12.30653092176578,2800.692098138323,False
301,2,keep,0.0,85.05527112552795,85.05527112552795,False
301,2,0.5,-1765.282412421504,3186.0140807029297,1420.7316682814258,False
301,2,0.65,-1344.5576145913517,1012.6910918952999,-331.8665226960518,False
301,2,0.8,-900.1404242276421,114.09597859353644,-786.0444456341057,True
301,2,0.9,265.4199690165616,1.5281155712464316,266.948084587808,False
301,3,keep,0.0,110.4204103913491,110.4204103913491,True
301,3,0.5,-293.5654415582045,1069.85487132983,776.2894297716256,False
301,3,0.65,-114.5838014597465,264.52097390052114,149.93717244077465,False
301,3,0.8,225.67700415070277,26.243830698566185,251.92083484926894,False
301,3,0.9,955.9571364012215,0.25678998567769,956.2139263868992,False
302,1,keep,0.0,3397.6545056519026,3397.6545056519026,False
302,1,0.5,-543.2150106473856,4397.045169232509,3853.830158585123,False
302,1,0.65,543.1168756936802,937.8416496216257,1480.958525315306,True
302,1,0.8,2031.5091694192765,134.10744002134504,2165.6166094406217,False
302,1,0.9,4236.773466439734,17.327457955631374,4254.100924395365,False
302,2,keep,0.0,623.4376096906777,623.4376096906777,True
302,2,0.5,-343.93982819238846,2602.8791141875336,2258.939285995145,False
302,2,0.65,220.06006744518947,420.37140053608545,640.4314679812749,False
302,2,0.8,1309.6001950783875,130.4527824089133,1440.0529774873007,False
302,2,0.9,2857.5142918455817,2.8588810158300344,2860.3731728614116,False
302,3,keep,0.0,85.75978048323731,85.75978048323731,True
302,3,0.5,-296.0976515601137,1208.9387045349254,912.8410529748116,False
302,3,0.65,-115.82217724138854,377.4389394730955,261.61676223170696,False
302,3,0.8,206.79528015498497,56.61276980814461,263.4080499631296,False
302,3,0.9,939.6528859478618,1.2769192537264287,940.9298052015882,False
303,1,keep,0.0,52.0347455190741,52.0347455190741,False
303,1,0.5,-1063.059878717661,2465.3030807125615,1402.2432019949006,False
303,1,0.65,-745.3786824415947,672.8320254056487,-72.54665703594605,False
303,1,0.8,-365.19801596318644,52.21433606680574,-312.9836798963807,True
303,1,0.9,733.443295330406,0.27644976145369904,733.7197450918597,False
303,2,keep,0.0,51.19412911640616,51.19412911640616,False
303,2,0.5,-673.7696853616388,2636.368746964523,1962.599061602884,False
303,2,0.65,-395.4097389419568,932.193358820786,536.7836198788292,False
303,2,0.8,-88.99325512384675,110.87737367058054,21.884118546733788,True
303,2,0.9,900.0994941743345,1.0615481783071268,901.1610423526416,False
303,3,keep,0.0,18.911271013450445,18.911271013450445,False
303,3,0.5,-324.5998630930703,863.4455091551833,538.845646062113,False
303,3,0.65,-174.40393932418638,205.28500386039127,30.88106453620489,False
303,3,0.8,-19.245058400316772,23.132257016546124,3.8871986162293517,True
303,3,0.9,646.9390041918724,0.32709637391624247,647.2661005657886,False
304,1,keep,0.0,55.13759738780604,55.13759738780604,False
304,1,0.5,-749.3144354347588,2403.924316819992,1654.6098813852332,False
304,1,0.65,-456.4979793785366,666.4898834149961,209.99190403645952,False
304,1,0.8,-78.16024102801967,44.523281810394536,-33.63695921762513,True
304,1,0.9,1065.9121247629573,0.17668837222334288,1066.0888131351808,False
304,2,keep,0.0,56.987914400306714,56.987914400306714,True
304,2,0.5,-564.0302838376488,2668.3323977656682,2104.3021139280195,False
304,2,0.65,-297.72056938527186,907.1934188988076,609.4728495135357,False
304,2,0.8,45.32110498420677,54.74391799393018,100.06502297813695,False
304,2,0.9,1108.0688029130495,0.804162281001054,1108.8729651940505,False
304,3,keep,0.0,8.564629348474035,8.564629348474035,False
304,3,0.5,-335.472289359037,904.7208175049818,569.2485281459449,False
304,3,0.65,-193.5684680261408,210.7423234782168,17.173855452075998,False
304,3,0.8,-37.55449190972673,15.978224294831946,-21.576267614894782,True
304,3,0.9,557.8664912379882,0.19942049694360064,558.0659117349318,False
305,1,keep,0.0,6528.546532163882,6528.546532163882,False
305,1,0.5,467.9327377232792,4198.7116487929425,4666.644386516222,False
305,1,0.65,1906.6261088061478,829.7787472561947,2736.4048560623423,True
305,1,0.8,3959.9820081380776,112.68962059577666,4072.671628733854,False
305,1,0.9,6790.493390720784,15.197663700485247,6805.69105442127,False
305,2,keep,0.0,103.58926363869769,103.58926363869769,False
305,2,0.5,-1787.1891209897524,3370.3337749271636,1583.1446539374112,False
305,2,0.65,-1402.3173556993888,1200.1148118255442,-202.20254387384466,False
305,2,0.8,-828.8289249451537,148.95106525488004,-679.8778596902737,True
305,2,0.9,171.33105918953947,1.689900457459298,173.02095964699876,False
305,3,keep,0.0,47.4599033833523,47.4599033833523,True
305,3,0.5,-344.27082682217093,1247.4794950441083,903.2086682219374,False
305,3,0.65,-181.79343684141776,379.8214298838006,198.02799304238283,False
305,3,0.9,714.9825795398967,0.7409931437192337,715.723572683616,False
306,1,keep,0.0,129.02048162372154,129.02048162372154,False
306,1,0.5,-2589.525228335397,5366.39743451237,2776.8722061769727,False
306,1,0.65,-1960.3426058516254,1537.7525905682655,-422.5900152833599,False
306,1,0.8,-979.6186743664241,147.97132576252739,-831.6473486038967,True
306,1,0.9,924.7113138702477,19.395107752920204,944.106421623168,False
306,2,keep,0.0,76.08589623489111,76.08589623489111,False
306,2,0.5,-1498.4346424296084,3416.128982856579,1917.6943404269707,False
306,2,0.65,-1141.5333009413246,1336.235542361691,194.70224142036636,False
306,2,0.8,-711.0770955376714,171.2675794094813,-539.8095161281901,True
306,2,0.9,243.5306107083495,2.03091148354968,245.5615221918992,False
306,3,keep,0.0,68.53578145259368,68.53578145259368,True
306,3,0.5,-317.71182630981673,1324.8770606470434,1007.1652343372267,False
306,3,0.65,-171.77556656992869,450.3031127147529,278.5275461448242,False
306,3,0.8,48.1762987079112,47.98887757795766,96.16517628586885,False
306,3,0.9,732.9366420949264,0.6608787472864022,733.5975208422127,False
307,1,keep,0.0,1218.1382635159764,1218.1382635159764,False
307,1,0.5,-748.3925788545642,4803.869202011599,4055.4766231570343,False
307,1,0.65,107.42364112675261,944.9279551606517,1052.3515962874044,True
307,1,0.8,2096.578563922214,93.87521978390235,2190.453783706116,False
307,1,0.9,4590.998618838106,11.218187775429437,4602.2168066135355,False
307,2,keep,0.0,130.76478480472258,130.76478480472258,False
307,2,0.5,-1252.2192202654198,3289.4090626969955,2037.1898424315757,False
307,2,0.65,-906.2004580102692,1341.859264050912,435.65880604064284,False
307,2,0.8,-323.40570933563095,153.9211300871865,-169.48457924844445,True
307,2,0.9,758.4436419154193,2.4555348869462184,760.8991768023656,False
307,3,keep,0.0,115.76018918461057,115.76018918461057,True
307,3,0.5,-287.1373784246645,1305.144953007848,1018.0075745831834,False
307,3,0.65,-145.25680366079132,444.77386630482954,299.5170626440382,False
307,3,0.8,166.43806298540676,36.12488946082328,202.56295244623004,False
307,3,0.9,802.3061589431965,0.5418994384333201,802.8480583816298,False
308,1,keep,0.0,86.01474502012745,86.01474502012745,False
308,1,0.5,-4266.736523299812,5024.162191913309,757.4256686134968,False
308,1,0.65,-3642.054370314285,1365.0575211171326,-2276.996849197152,False
308,1,0.8,-2817.0795872237604,119.11985976346993,-2697.9597274602907,True
308,1,0.9,-1402.1231686147967,16.642831268011324,-1385.4803373467853,False
308,2,keep,0.0,121.32734018196129,121.32734018196129,True
308,2,0.5,-695.4372622448835,3186.62020734692,2491.1829451020362,False
308,2,0.65,-311.41040528957984,928.1930692933139,616.782664003734,False
308,2,0.8,337.5099217709695,76.5331354089003,414.04305717986983,False
308,2,0.9,1651.0640591179867,1.6367563800922391,1652.700815498079,False
308,3,keep,0.0,46.92301196932737,46.92301196932737,True
308,3,0.5,-321.11033355379504,1240.7303293107414,919.6199957569463,False
308,3,0.65,-181.08776425025087,425.10415637185673,244.01639212160586,False
308,3,0.9,667.5341364766291,0.7026970794317453,668.2368335560609,False
309,1,keep,0.0,895.0201001705651,895.0201001705651,True
309,1,0.5,-733.06779510226,4904.833201450613,4171.765406348353,False
309,1,0.65,143.22388131325135,769.6142603399658,912.8381416532171,False
309,1,0.8,2297.7227524051345,94.65971968580625,2392.3824720909406,False
309,1,0.9,4846.49202736794,6.216765731938796,4852.708793099879,False
309,2,keep,0.0,109.9831813918992,109.9831813918992,True
309,2,0.5,-817.3511188678485,3015.093380246339,2197.7422613784906,False
309,2,0.65,-462.3839612788327,1140.3658309614239,677.9818696825912,False
309,2,0.8,36.846544234262296,107.24539037663935,144.09193461090166,False
309,2,0.9,1422.106723407268,1.4733788960050644,1423.580102303273,False
309,3,keep,0.0,39.87188226770636,39.87188226770636,True
309,3,0.5,-319.49891576821943,1148.1495404843472,828.6506247161278,False
309,3,0.65,-177.70370043818997,364.8931916514134,187.18949121322345,False
309,3,0.9,677.8453831304283,0.5714053800855883,678.4167885105139,False
310,1,keep,0.0,129.046004665729,129.046004665729,True
310,1,0.5,-412.8231748289429,2235.9192931767584,1823.0961183478155,False
310,1,0.65,-121.30609677068611,339.2866404090807,217.98054363839458,False
310,1,0.8,645.2426033658768,34.70406777479178,679.9466711406685,False
310,1,0.9,1806.8979695009689,0.1898436951218046,1807.0878131960908,False
310,2,keep,0.0,68.86849333592055,68.86849333592055,True
310,2,0.5,-477.95602360852286,2515.7445854359084,2037.7885618273856,False
310,2,0.65,-240.14970557559164,802.5820543599266,562.432348784335,False
310,2,0.8,142.46906380474834,57.149065846561044,199.6181296513094,False
310,2,0.9,1127.1292462906777,0.6304229020488163,1127.7596691927265,False
310,3,keep,0.0,15.911710784436695,15.911710784436695,False
310,3,0.5,-286.74409065537697,888.5221740588386,601.7780834034616,False
310,3,0.65,-164.57065853942794,228.58306783999333,64.0124093005654,False
310,3,0.8,-9.271429480414069,17.574550400906084,8.303120920492015,True
310,3,0.9,588.706380453095,0.1779396034434857,588.8843200565385,False
311,1,keep,0.0,60.61648419218996,60.61648419218996,True
311,1,0.5,-504.68777175835254,2213.6444041004665,1708.956632342114,False
311,1,0.65,-227.5595363919278,603.506215865807,375.9466794738792,False
311,1,0.8,346.81933257975516,29.088185082920347,375.9075176626755,False
311,1,0.9,1492.2322879433116,0.08721461255591638,1492.3195025558675,False
311,2,keep,0.0,34.750759391900715,34.750759391900715,False
311,2,0.5,-558.6812714356051,2347.3893678779964,1788.7080964423913,False
311,2,0.65,-325.832922826153,849.4399587604075,523.6070359342546,False
311,2,0.8,-41.18069218034835,60.90945621554299,19.728764035194637,True
311,2,0.9,923.3873320520232,0.2413056339283271,923.6286376859515,False
311,3,keep,0.0,2.0087885331088033,2.0087885331088033,False
311,3,0.5,-323.6525892039992,777.2467226637709,453.59413345977174,False
311,3,0.65,-202.3046266102071,177.5961160150252,-24.708510595181906,False
311,3,0.8,-61.92524801458198,10.313745824157774,-51.611502190424204,True
311,3,0.9,446.78536967073967,0.07911304339408042,446.86448271413377,False
312,1,keep,0.0,76.47925952887093,76.47925952887093,False
312,1,0.5,-2022.9563631097308,4392.211040610472,2369.2546775007413,False
312,1,0.65,-1363.309159437989,1009.5675577316933,-353.74160170629557,True
312,1,0.8,-350.7770827723002,67.2619369458982,-283.51514582640203,False
312,1,0.9,1280.9825631242027,8.54609741335802,1289.5286605375607,False
312,2,keep,0.0,819.605770906196,819.605770906196,False
312,2,0.5,-423.07777255710994,2698.0924281778625,2275.014655620753,False
312,2,0.65,21.788890113321187,731.4598163131861,753.2487064265073,True
312,2,0.8,1208.047656298252,85.34272469295028,1293.3903809912022,False
312,2,0.9,2579.0701082730293,0.7350166522970077,2579.8051249253263,False
312,3,keep,0.0,679.8393719475555,679.8393719475555,False
312,3,0.5,-67.48617830389334,957.7944119198663,890.308233615973,False
312,3,0.65,249.2789844307921,229.9966108372655,479.2755952680576,True
312,3,0.8,735.763004867486,22.237657262169726,758.0006621296557,False
312,3,0.9,1394.2686001423624,0.21812374677221394,1394.4867238891345,False
313,1,keep,0.0,2234.8647622806197,2234.8647622806197,False
313,1,0.5,-316.72088937932983,2877.4224316918744,2560.7015423125445,False
313,1,0.65,986.5520450412062,446.9913087368231,1433.5433537780293,True
313,1,0.8,2733.6230420110605,55.039878261395685,2788.662920272456,False
313,1,0.9,5182.740994076224,3.8627817367610975,5186.603775812985,False
313,2,keep,0.0,65.45734100013412,65.45734100013412,False
313,2,0.5,-1500.6128790879286,2632.326251488195,1131.7133724002663,False
313,2,0.65,-1156.6382781919199,878.9512103997407,-277.68706779217916,False
313,2,0.8,-604.865868467534,83.35371804373315,-521.5121504238009,True
313,2,0.9,298.54367120545794,0.7648347065310526,299.308505911989,False
313,3,keep,0.0,30.462981123664477,30.462981123664477,True
313,3,0.5,-312.3422421294837,1016.3833901858707,704.041148056387,False
313,3,0.65,-162.70269412994955,270.4254477614346,107.72275363148506,False
313,3,0.9,651.3188028516438,0.4018249271613746,651.7206277788051,False
314,1,keep,0.0,59.52772852441625,59.52772852441625,False
314,1,0.5,-2503.1099480311796,4232.170292225772,1729.0603441945923,False
314,1,0.65,-1826.0505822213283,1085.984058851013,-740.0665233703153,False
314,1,0.8,-897.8659813283093,76.47065415467804,-821.3953271736312,True
314,1,0.9,739.6273070331954,9.067111596211765,748.6944186294072,False
314,2,keep,0.0,30.277344528992117,30.277344528992117,False
314,2,0.5,-1816.5783831706724,2514.736084358694,698.1577011880215,False
314,2,0.65,-1486.8027711027971,812.7520775560248,-674.0506935467723,False
314,2,0.8,-1080.102458329206,70.22034276818654,-1009.8821155610194,True
314,2,0.9,-185.17752066292428,0.4834722188940873,-184.6940484440302,False
314,3,keep,0.0,25.516220485510384,25.516220485510384,True
314,3,0.5,-309.18673498177424,985.577120839162,676.3903858573879,False
314,3,0.65,-159.88394638693146,251.37173245459297,91.48778606766152,False
314,3,0.9,647.5529219755605,0.26872792374060644,647.8216498993011,False
315,1,keep,0.0,3344.019405565874,3344.019405565874,False
315,1,0.5,118.25982923825168,3068.6513065083386,3186.9111357465904,False
315,1,0.65,1763.294174720041,616.523202152309,2379.81737687235,True
315,1,0.8,3973.9784462330763,37.75838495223273,4011.736831185309,False
315,1,0.9,6537.829528183338,2.4133914464908917,6540.242919629829,False
315,2,keep,0.0,46.26902255164108,46.26902255164108,False
315,2,0.5,-1892.2597556664366,2253.7816245318954,361.5218688654588,False
315,2,0.65,-1549.648422504792,621.426926207788,-928.221496297004,False
315,2,0.8,-1036.6540380067017,49.69531948616322,-986.9587185205385,True
315,2,0.9,-83.62203647167905,0.36652642593322704,-83.25551004574582,False
315,3,keep,0.0,19.56617389535146,19.56617389535146,True
315,3,0.5,-318.4541696285191,923.4572140960429,605.0030444675238,False
315,3,0.65,-159.42842249171784,200.63778165187955,41.20935916016171,False
315,3,0.9,648.0334362551985,0.22623484973843586,648.259671104937,False
316,1,keep,0.0,1369.2467389650153,1369.2467389650153,False
316,1,0.5,-933.7652106290599,2671.155091587772,1737.3898809587122,False
316,1,0.65,205.6711056076599,520.2346683720124,725.9057739796723,True
316,1,0.8,1841.0791840534184,46.19948557990306,1887.2786696333214,False
316,1,0.9,3998.7397913060754,2.7435259657853748,4001.483317271861,False
316,2,keep,0.0,261.8668056076897,261.8668056076897,False
316,2,0.5,-588.0043971134734,1459.7264449255993,871.7220478121259,False
316,2,0.65,-96.54486776132472,105.51565536167861,8.970787600353887,True
316,2,0.8,870.0890323880508,28.1738798994354,898.2629122874862,False
316,2,0.9,2109.729655157001,0.4294469221591685,2110.15910207916,False
316,3,keep,0.0,1448.9672995391797,1448.9672995391797,False
316,3,0.5,227.18257412402266,828.4278865575575,1055.6104606815802,False
316,3,0.65,563.6559267505673,173.47825485360832,737.1341816041756,True
316,3,0.8,1024.263795477214,15.580605330774569,1039.8444008079884,False
316,3,0.9,1663.125994555197,0.14538608321378782,1663.2713806384106,False
317,1,keep,0.0,14.90453247430135,14.90453247430135,False
317,1,0.5,-786.2419385235736,1797.0880582027744,1010.8461196792008,False
317,1,0.65,-492.85628481051606,363.2249291831611,-129.63135562735494,True
317,1,0.8,-136.9184884725766,14.397069394218832,-122.52141907835777,False
317,1,0.9,832.5126235821255,0.0594222228131932,832.5720458049386,False
317,2,keep,0.0,671.2588289636243,671.2588289636243,False
317,2,0.5,-133.6254168355717,1416.0898004897058,1282.464383654134,False
317,2,0.65,260.4579129348686,349.96622086115497,610.4241337960236,True
317,2,0.8,1013.5008534854732,31.641467433537493,1045.1423209190107,False
317,2,0.9,1994.5501792951736,0.11895994328753043,1994.6691392384612,False
317,3,keep,0.0,142.29769666475497,142.29769666475497,True
317,3,0.5,-132.63155223959154,645.3909927774043,512.7594405378128,False
317,3,0.65,-0.4833218781995494,142.91504937268775,142.4317274944882,False
317,3,0.8,440.3620495699058,11.233039931124441,451.59508950103026,False
317,3,0.9,1041.0341239731845,0.06746583597527128,1041.1015898091598,False
318,1,keep,0.0,11.57972009481609,11.57972009481609,False
318,1,0.5,-909.0690375711363,1810.050494512711,900.9814569415748,False
318,1,0.65,-612.3796719213789,394.28669411917303,-218.09297780220584,True
318,1,0.8,-227.06547326508243,11.92855173193459,-215.13692153314784,False
318,1,0.9,761.6584703334856,0.049802434617813744,761.7082727681035,False
318,2,keep,0.0,247.643615886665,247.643615886665,True
318,2,0.5,-373.67319235592504,1704.6548436150483,1330.9816512591233,False
318,2,0.65,-149.00572157177726,470.3390817398312,321.33336016805396,False
318,2,0.8,427.8466862482865,27.594108114629933,455.44079436291645,False
318,2,0.9,1350.6610947390443,0.0849816322895559,1350.7460763713339,False
318,3,keep,0.0,55.74999761759155,55.74999761759155,True
318,3,0.5,-168.98864642190313,600.3637758016646,431.37512937976146,False
318,3,0.65,-41.343006004330014,110.45631580956037,69.11330980523036,False
318,3,0.8,305.957510494828,11.129110450418741,317.08662094524675,False
318,3,0.9,926.8729703846761,0.06251988669096492,926.9354902713671,False
319,1,keep,0.0,1844.2493257365545,1844.2493257365545,False
319,1,0.5,-177.19176015062652,2271.9768233807695,2094.785063230143,False
319,1,0.65,1198.4085223847212,501.6277634510775,1700.0362858357987,True
319,1,0.8,3316.633410476447,30.64198341444704,3347.275393890894,False
319,1,0.9,5677.397963378974,0.36682019466900057,5677.764783573643,False
319,2,keep,0.0,31.079136124151773,31.079136124151773,False
319,2,0.5,-1008.680953173737,1981.1222116958395,972.4412585221025,False
319,2,0.65,-685.5020660747148,521.8555143315139,-163.64655174320092,True
319,2,0.8,-162.79404147534476,36.95443621738057,-125.8396052579642,False
319,2,0.9,824.7306555251713,0.3528072148975922,825.0834627400689,False
319,3,keep,0.0,1084.9257513655466,1084.9257513655466,False
319,3,0.5,143.66378027307914,719.5812705562685,863.2450508293476,False
319,3,0.65,471.3615279126939,147.51119438667112,618.872722299365,True
319,3,0.8,942.2558452340695,12.0827732339834,954.3386184680529,False
319,3,0.9,1520.0496413331534,0.1549139233630587,1520.2045552565164,False
320,1,keep,0.0,13160.60004344846,13160.60004344846,False
320,1,0.5,3321.8934076926835,2036.8163984103035,5358.7098061029865,True
320,1,0.65,5026.728655622817,419.29674017720765,5446.025395800025,False
320,1,0.8,7072.950067172863,34.54075564299317,7107.490822815856,False
320,1,0.9,9393.725831388281,3.3702412467628897,9397.096072635044,False
320,2,keep,0.0,83.71200114100144,83.71200114100144,False
320,2,0.5,-943.9701133183285,2065.909153693382,1121.9390403750535,False
320,2,0.65,-560.0418347969562,423.78184296011557,-136.25999183684064,True
320,2,0.8,26.918598854566994,28.366252829125333,55.284851683692324,False
320,2,0.9,1111.5492923892323,0.44131949559287353,1111.990611884825,False
320,3,keep,0.0,127.09950593994587,127.09950593994587,True
320,3,0.5,-155.22949057178113,795.9664005286174,640.7369099568364,False
320,3,0.8,429.7870416764849,19.406593404446387,449.19363508093124,False
320,3,0.9,1004.7121850247999,0.3456533682059648,1005.0578383930058,False
321,1,keep,0.0,51.26335568339756,51.26335568339756,False
321,1,0.5,-2069.097904569614,3094.979562647089,1025.881658077475,False
321,1,0.65,-1399.2628133004405,613.0276962246684,-786.2351170757721,True
321,1,0.8,-493.72493153972016,47.537258757920675,-446.1876727817995,False
321,1,0.9,1184.1699294950358,10.542885275329986,1194.7128147703659,False
321,2,keep,0.0,5282.812326089068,5282.812326089068,False
321,2,0.5,1209.0833126244415,1397.971604483886,2607.0549171083276,False
321,2,0.65,1935.0922000131486,486.44410436222074,2421.5363043753696,True
321,2,0.8,3137.2758978178226,47.02269211402548,3184.2985899318483,False
321,2,0.9,4415.605472300247,0.6455498134969767,4416.2510221137445,False
321,3,keep,0.0,207.84514144405455,207.84514144405455,True
321,3,0.5,-136.49073673741734,791.4574696401963,654.966732902779,False
321,3,0.8,471.2605116062307,21.155726759334236,492.41623836556494,False
321,3,0.9,1033.2294743192776,0.4343826230078958,1033.6638569422855,False
322,1,keep,0.0,10132.196679148487,10132.196679148487,False
322,1,0.5,2482.126338317691,2296.663678470948,4778.790016788639,False
322,1,0.65,4159.886816301306,361.0670212768861,4520.953837578192,True
322,1,0.8,6224.324225317326,29.62688623215089,6253.951111549477,False
322,1,0.9,8638.325245287593,0.600387978518894,8638.925633266112,False
322,2,keep,0.0,36.026842253074605,36.026842253074605,False
322,2,0.5,-1462.4820424046998,1843.592677245982,381.11063484128226,False
322,2,0.65,-1151.1367855973535,494.1132934031049,-657.0234921942487,True
322,2,0.8,-643.8689241456661,26.743988008528188,-617.124936137138,False
322,2,0.9,276.28210998249835,0.5607671377245083,276.84287712022285,False
322,3,keep,0.0,169.34612287329213,169.34612287329213,False
322,3,0.5,-135.31725555235064,697.247533828596,561.9302782762454,False
322,3,0.65,1.9586584677080352,167.36797641891792,169.32663488662595,True
322,3,0.8,434.14360702338547,19.05181590834087,453.19542293172634,False
322,3,0.9,984.980418059776,0.43767721802599124,985.418095277802,False
323,1,keep,0.0,379.22679196024563,379.22679196024563,False
323,1,0.5,-963.3750353177751,3150.009926770995,2186.63489145322,False
323,1,0.65,-229.1892368778362,499.5052649925459,270.3160281147097,True
323,1,0.8,1493.4452788163885,47.34773755238883,1540.7930163687774,False
323,1,0.9,3841.8627615885434,3.1697268015953024,3845.032488390139,False
323,2,keep,0.0,318.64720850663167,318.64720850663167,False
323,2,0.5,-319.44667211483477,1024.6722155153502,705.2255434005154,False
323,2,0.65,193.54303639843226,111.08236870530638,304.6254051037387,True
323,2,0.8,1210.3452762709505,23.007588036040275,1233.3528643069908,False
323,2,0.9,2346.8352496190078,0.5997013592897282,2347.4349509782974,False
323,3,keep,0.0,39.82567852304821,39.82567852304821,True
323,3,0.5,-208.24054068791858,693.7560437174304,485.5155030295118,False
323,3,0.65,-69.42312543979887,165.86768319416382,96.44455775436495,False
323,3,0.8,231.57794411271777,18.976713204681946,250.55465731739972,False
323,3,0.9,775.9870551672,0.4849021751648004,776.4719573423648,False
324,1,keep,0.0,27.730710942556716,27.730710942556716,True
324,1,0.5,-631.5126522407018,1720.9525180371304,1089.4398657964286,False
324,1,0.65,-349.86065966380136,397.8200710653134,47.95941140151206,False
324,1,0.8,814.3287072030838,9.420911248053454,823.7496184511373,False
324,1,0.9,2665.2922548465745,0.09214476787864073,2665.3843996144533,False
324,2,keep,0.0,5.131373150028222,5.131373150028222,False
324,2,0.5,-605.930934788079,1483.2130015516168,877.2820667635378,False
324,2,0.65,-400.32316763531884,384.75811510656024,-15.5650525287586,False
324,2,0.8,-115.24846562809749,18.260786930608777,-96.98767869748872,True
324,2,0.9,533.3042240137713,0.12860614430025427,533.4328301580716,False
324,3,keep,0.0,6.455714005700279,6.455714005700279,False
324,3,0.5,-262.56720377207745,484.38999368126304,221.8227899091856,False
324,3,0.65,-148.18384589948835,93.54742480940328,-54.636421090085065,True
324,3,0.8,-11.326796172072875,8.948555821669098,-2.378240350403777,False
324,3,0.9,461.90600631862907,0.15325564024308677,462.0592619588721,False
325,1,keep,0.0,1.7259585649511904,1.7259585649511904,False
325,1,0.5,-1277.8030239377958,1135.2541095224283,-142.54891441536756,False
325,1,0.65,-1019.05125171458,181.887262398468,-837.163989316112,True
325,1,0.8,-685.7193422814746,3.8406742440940773,-681.8786680373805,False
325,1,0.9,2.6113513321114397,0.027838558985714863,2.6391898910971547,False
325,2,keep,0.0,171.04619810556807,171.04619810556807,True
325,2,0.5,-208.25649420231292,1091.9957860933955,883.7392918910825,False
325,2,0.65,20.238429952164456,164.5000665285505,184.73849648071496,False
325,2,0.8,729.522854643352,9.653300791249917,739.1761554346019,False
325,2,0.9,1461.8454157816911,0.06852060952873683,1461.91393639122,False
325,3,keep,0.0,95.56252080771742,95.56252080771742,True
325,3,0.5,-108.1618615970446,382.5933698890722,274.4315082920276,False
325,3,0.65,37.43348069877668,74.02711785272845,111.46059855150513,False
325,3,0.8,459.4683850420659,4.368050660870307,463.8364357029362,False
325,3,0.9,923.2753548579777,0.053746081488335165,923.3291009394661,False
326,1,keep,0.0,1953.174959284869,1953.174959284869,False
326,1,0.5,280.5562962353087,1408.9306750429207,1689.4869712782295,True
326,1,0.65,1851.0480737898822,152.8606809069932,2003.9087546968753,False
326,1,0.8,3707.84711453922,13.417040327987207,3721.2641548672073,False
326,1,0.9,5839.732518752379,1.3495872825964725,5841.082106034975,False
326,2,keep,0.0,46.01129492686651,46.01129492686651,False
326,2,0.5,-722.6646609254881,1524.9234987483171,802.258837822829,False
326,2,0.65,-370.136035736432,218.15119014789954,-151.98484558853247,True
326,2,0.8,178.44357193683481,15.561747493618151,194.00531943045297,False
326,2,0.9,891.664422664816,0.3370383089247143,892.0014609737407,False
326,3,keep,0.0,75.50250117874486,75.50250117874486,True
326,3,0.5,-142.0036451324566,527.4477621382973,385.4441170058407,False
326,3,0.65,19.910840550439065,68.67188963961937,88.58273019005843,False
326,3,0.8,430.82876872108517,7.109875701063427,437.93864442214857,False
326,3,0.9,860.2758091017031,0.21156989009068966,860.4873789917938,False
327,1,keep,0.0,296.8561606770222,296.8561606770222,False
327,1,0.5,-1003.3310453627879,2108.5154615283495,1105.1844161655617,False
327,1,0.65,-275.1104772543858,290.0034017218283,14.892924467442526,True
327,1,0.8,1094.7870797823496,20.984503717644454,1115.771583499994,False
327,1,0.9,3071.4646356438598,2.471219929876025,3073.935855573736,False
327,2,keep,0.0,18.266826473501126,18.266826473501126,False
327,2,0.5,-612.1713568248506,1446.5615702584994,834.3902134336488,False
327,2,0.65,-315.54797889533984,287.62109249299107,-27.92688640234877,True
327,2,0.8,242.73820892840558,9.874283069123091,252.61249199752868,False
327,2,0.9,1161.518893240859,0.44631748264393933,1161.9652107235029,False
327,3,keep,0.0,106.2453699357247,106.2453699357247,True
327,3,0.5,-136.06871030709115,535.6501777184474,399.58146741135624,False
327,3,0.8,429.9592645458211,9.138543275785146,439.09780782160624,False
327,3,0.9,841.8278570256415,0.3969551192573479,842.2248121448988,False
328,1,keep,0.0,13.458444126501819,13.458444126501819,False
328,1,0.5,-3719.024943948389,2324.2459095855006,-1394.7790343628885,False
328,1,0.65,-3098.48140013928,506.42313399379077,-2592.058266145489,True
328,1,0.8,-2358.691473863796,33.95030659818615,-2324.74116726561,False
328,1,0.9,-1316.5206485164551,4.767290790721068,-1311.753357725734,False
328,2,keep,0.0,224.9866566717804,224.9866566717804,False
328,2,0.5,-855.4718716155737,1489.007802789683,633.5359311741092,False
328,2,0.65,-577.2784551576099,342.12468455638873,-235.15377060122114,True
328,2,0.8,192.98254138601533,20.84302539475091,213.82556678076622,False
328,2,0.9,984.6042513548284,0.6484888491766133,985.252740204005,False
328,3,keep,0.0,130.6212390355284,130.6212390355284,True
328,3,0.5,-126.92828575960053,540.5356461723836,413.6073604127831,False
328,3,0.65,10.077824345132184,122.5481372382277,132.62596158335987,False
328,3,0.8,437.7453508618799,11.378259032640393,449.1236098945203,False
328,3,0.9,859.8876198581886,0.46370368789394456,860.3513235460825,False
329,1,keep,0.0,66.08551986711997,66.08551986711997,False
329,1,0.5,-1307.0734317951278,1937.429449797915,630.3560180027871,False
329,1,0.65,-601.4917835878778,315.48731092490556,-286.0044726629722,True
329,1,0.8,575.108138863123,16.97632202465548,592.0844608877785,False
329,1,0.9,2401.324183750789,2.4801308102257114,2403.8043145610145,False
329,2,keep,0.0,210.7749126116913,210.7749126116913,False
329,2,0.5,-953.5865215198453,1491.7389072685887,538.1523857487434,False
329,2,0.65,-673.6397033694644,329.8035580186654,-343.83614535079903,True
329,2,0.8,39.480582330547975,19.37272590376461,58.853308234312586,False
329,2,0.9,776.0643418152994,0.5422131153909482,776.6065549306903,False
329,3,keep,0.0,131.92785068169962,131.92785068169962,True
329,3,0.5,-129.18485754531412,572.8443163791112,443.6594588337971,False
329,3,0.8,424.1062360414352,12.62242571763418,436.7286617590694,False
329,3,0.9,855.2807548747008,0.4618787149851358,855.742633589686,False
330,1,keep,0.0,33.746305955105726,33.746305955105726,False
330,1,0.5,-921.0701167472102,1758.5951988365975,837.5250820893873,False
330,1,0.65,-301.3339482907248,262.5077221115617,-38.826226179163086,True
330,1,0.8,1107.4226064632373,18.58619055557559,1126.0087970188129,False
330,1,0.9,3266.8961946686054,2.9848103914324464,3269.8810050600378,False
330,2,keep,0.0,192.12615298315748,192.12615298315748,False
330,2,0.5,-912.6427993838369,1443.2903717794798,530.6475723956429,False
330,2,0.65,-641.9344021965975,323.95144689961836,-317.9829552969791,True
330,2,0.8,68.29229760627993,19.202952783738066,87.495250390018,False
330,2,0.9,758.2803329964285,0.6128085745493107,758.8931415709777,False
330,3,keep,0.0,225.08564194068026,225.08564194068026,True
330,3,0.5,-83.6945631193387,493.00468842483565,409.31012530549697,False
330,3,0.65,125.08878786012824,107.36700556789796,232.4557934280262,False
330,3,0.8,555.0130381007916,8.841175715015073,563.8542138158067,False
330,3,0.9,985.4543598595562,0.2881594090984574,985.7425192686547,False
331,1,keep,0.0,2.804823917509359,2.804823917509359,False
331,1,0.5,-571.301336108858,1130.544646145231,559.2433100363729,False
331,1,0.65,-320.63143351239836,175.33147605229414,-145.29995746010422,True
331,1,0.8,358.6740056729641,2.4570792856766186,361.1310849586407,False
331,1,0.9,2054.5124216919294,0.05711042704214905,2054.5695321189714,False
331,2,keep,0.0,137.85883835098969,137.85883835098969,False
331,2,0.5,-294.1036864041118,1074.0989003041554,779.9952139000436,False
331,2,0.65,-103.76969962566255,215.17170604989485,111.4020064242323,True
331,2,0.8,473.3582840313411,7.7598944339066485,481.11817846524775,False
331,2,0.9,1086.0839491156369,0.11291695535852975,1086.1968660709954,False
331,3,keep,0.0,104.79726118169592,104.79726118169592,True
331,3,0.5,-98.87290052109817,359.1992601533429,260.3263596322447,False
331,3,0.65,41.867158302438796,79.82589166939854,121.69304997183734,False
331,3,0.8,461.9757237709166,5.247155827931109,467.2228795988477,False
331,3,0.9,882.2021511028013,0.12064692764546621,882.3227980304467,False
332,1,keep,0.0,0.9452134459878218,0.9452134459878218,False
332,1,0.5,-2747.171531125907,1118.4118808405212,-1628.759650285386,False
332,1,0.65,-2397.635986623574,159.4851857113864,-2238.1508009121876,True
332,1,0.8,-1845.8354550666113,2.4898262343508684,-1843.3456288322604,False
332,1,0.9,-932.4947184612943,0.018851723232851433,-932.4758667380614,False
332,2,keep,0.0,1164.03213673958,1164.03213673958,False
332,2,0.5,20.18215158117124,891.5362210662806,911.7183726474518,False
332,2,0.65,466.84566233088685,169.20429337869055,636.0499557095774,True
332,2,0.8,1275.5745036601731,4.08788611825896,1279.662389778432,False
332,2,0.9,2042.1377351572623,0.030842994055784577,2042.1685781513181,False
332,3,keep,0.0,22.469095644790393,22.469095644790393,False
332,3,0.5,-146.71316846508253,296.38488519716367,149.67171673208114,False
332,3,0.65,-33.445518318129714,42.6801199829668,9.234601664837086,True
332,3,0.8,299.0857825691357,2.9112449485806806,301.9970275177164,False
332,3,0.9,716.385499129935,0.04349373215708725,716.4289928620922,False
333,1,keep,0.0,975.8119481817563,975.8119481817563,False
333,1,0.5,-400.61580354259013,1216.1697607372275,815.5539571946374,True
333,1,0.65,725.8587758746744,254.92047963401413,980.7792555086885,False
333,1,0.8,2507.3591033507355,14.115999812687182,2521.475103163423,False
333,1,0.9,4665.77014057649,4.365054181735164,4670.135194758225,False
333,2,keep,0.0,74.42159519208883,74.42159519208883,True
333,2,0.5,-301.1290132222358,1000.3322070579862,699.2031938357504,False
333,2,0.65,125.8689110823812,49.431323627959735,175.30023471034093,False
333,2,0.8,1025.352312257894,6.213309363105485,1031.5656216209995,False
333,2,0.9,1937.5545356343532,0.16654079108448316,1937.7210764254378,False
333,3,keep,0.0,36.14311461398192,36.14311461398192,True
333,3,0.5,-179.07001331838663,446.7635677117149,267.6935543933283,False
333,3,0.65,16.485511727356794,50.291672895797156,66.77718462315394,False
333,3,0.8,319.96371673731807,6.060294025116077,326.02401076243416,False
333,3,0.9,753.4452523808993,0.16132915820502097,753.6065815391044,False
334,1,keep,0.0,6.768582144590493,6.768582144590493,False
334,1,0.5,-1820.8641842387794,1777.4746849304227,-43.38949930835679,False
334,1,0.65,-1232.6768015332966,256.5320157807849,-976.1447857525118,True
334,1,0.8,-499.08541510936413,13.892330025689649,-485.1930850836745,False
334,1,0.9,1142.1504135006403,0.21101333323570104,1142.361426833876,False
334,2,keep,0.0,141.46427765266117,141.46427765266117,False
334,2,0.5,-874.0594367094892,1268.8844175398694,394.82498083038024,False
334,2,0.65,-579.1975084996863,215.08686523040805,-364.11064326927817,True
334,2,0.8,160.43517023097547,8.59876067679524,169.03393090777072,False
334,2,0.9,841.104308612961,0.1961640590568935,841.3004726720178,False
334,3,keep,0.0,1683.0054098985183,1683.0054098985183,False
334,3,0.5,469.817643890712,417.9477986727119,887.7654425634239,False
334,3,0.65,767.7319733888608,69.02854609132825,836.760519480189,True
334,3,0.8,1212.990564826384,3.569517300123439,1216.5600821265073,False
334,3,0.9,1626.5914385366927,0.07986685267625776,1626.671305389369,False
335,1,keep,0.0,61.97871776134319,61.97871776134319,False
335,1,0.5,-2389.5169941991585,2279.2750277477494,-110.2419664514091,False
335,1,0.65,-1779.3333103094249,519.6615787565481,-1259.6717315528767,True
335,1,0.8,-1069.9455071438765,100.40851548892229,-969.5369916549542,False
335,1,0.9,283.06067917561643,37.54046291025688,320.60114208587333,False
335,2,keep,0.0,185.0893296207646,185.0893296207646,False
335,2,0.5,-800.2585620439957,1445.167152819668,644.9085907756723,False
335,2,0.65,-513.4121386547858,289.8696124505799,-223.54252620420596,True
335,2,0.8,249.9025531821099,12.06645296889094,261.9690061510008,False
335,2,0.9,1038.4270213155446,0.16300323568123654,1038.590024551226,False
335,3,keep,0.0,110.20857239672415,110.20857239672415,True
335,3,0.5,-133.13892969342936,529.6724562347539,396.53352654132453,False
335,3,0.8,429.81046241936303,8.292387169102915,438.102849588466,False
335,3,0.9,881.0895451404461,0.14186649599258855,881.2314116364388,False
336,1,keep,0.0,5943.982060040252,5943.982060040252,False
336,1,0.5,1626.9386277343476,1539.331414854401,3166.2700425887488,True
336,1,0.65,3020.051319006564,442.2377547095976,3462.2890737161615,False
336,1,0.8,4758.765644103597,124.38114766772333,4883.14679177132,False
336,1,0.9,7198.77717199611,54.40578015720827,7253.182952153318,False
336,2,keep,0.0,4359.828293773896,4359.828293773896,False
336,2,0.5,1103.4102149967619,968.6935623071247,2072.1037773038865,False
336,2,0.65,1826.1482902059497,106.3617744866078,1932.5100646925575,True
336,2,0.8,2790.399947050962,7.123529629537867,2797.5234766804997,False
336,2,0.9,3773.6218353948584,0.13214100892299474,3773.7539764037815,False
336,3,keep,0.0,26.5014627340111,26.5014627340111,False
336,3,0.5,-205.78131372110687,526.0507635146303,320.2694497935234,False
336,3,0.65,-59.5930365484262,72.43574903743733,12.842712489011134,True
336,3,0.8,240.37484878462192,6.546573245430134,246.92142203005204,False
336,3,0.9,691.6539315057163,0.12583269379251216,691.7797641995088,False
337,1,keep,0.0,173.23886763958495,173.23886763958495,False
337,1,0.5,-3162.9805886828094,2481.1770220562207,-681.8035666265887,False
337,1,0.65,-2551.1481717561487,650.7654599525185,-1900.3827118036302,True
337,1,0.8,-1697.7951008243317,149.27123263462718,-1548.5238681897044,False
337,1,0.9,-91.87720502953971,70.97983616217071,-20.897368867368996,False
337,2,keep,0.0,222.83354770746135,222.83354770746135,False
337,2,0.5,-325.9461706581142,1347.5719352305825,1021.6257645724684,False
337,2,0.65,-27.868982320918548,232.4801637350173,204.61118141409875,True
337,2,0.8,1010.788593934188,9.983881652690643,1020.7724755868787,False
337,2,0.9,1954.3802145572695,0.25885591940916913,1954.6390704766786,False
337,3,keep,0.0,147.96127227972158,147.96127227972158,True
337,3,0.5,-108.17102057563568,465.2381144022347,357.06709382659903,False
337,3,0.65,89.15507157054066,82.72779807154757,171.88286964208822,False
337,3,0.8,539.4914954133371,4.649197211609752,544.1406926249468,False
337,3,0.9,948.7489336459737,0.10852365765362464,948.8574573036274,False
338,1,keep,0.0,2.685800946305671,2.685800946305671,False
338,1,0.5,-1268.8135065773583,1863.0064014832199,594.1928949058615,False
338,1,0.65,-775.1969548406948,265.4054419355906,-509.79151290510424,True
338,1,0.8,-174.36246718192615,10.862560943086017,-163.49990623884014,False
338,1,0.9,1677.3310444824126,0.534024670929801,1677.8650691533423,False
338,2,keep,0.0,250.6626188141769,250.6626188141769,False
338,2,0.5,-405.8967981330907,1018.2601194775397,612.3633213444489,False
338,2,0.65,-20.113058650046355,144.83252012799335,124.719461477947,True
338,2,0.8,867.4738849409079,2.6166318597700995,870.090516800678,False
338,2,0.9,1623.5559862071564,0.030016927968622167,1623.5860031351249,False
338,3,keep,0.0,45.38913562891036,45.38913562891036,True
338,3,0.5,-142.10633513214458,350.4937886344562,208.38745350231164,False
338,3,0.65,-6.595318846432063,52.433532038698324,45.83821319226626,False
338,3,0.8,428.35550748630953,2.039397825513693,430.3949053118232,False
338,3,0.9,831.4572663423228,0.04233510708104754,831.4996014494038,False
339,1,keep,0.0,7.298502448265587,7.298502448265587,False
339,1,0.5,-1884.5215481194796,2006.11760338434,121.59605526486052,False
339,1,0.65,-1383.4260869103514,421.0505054769173,-962.375581433434,True
339,1,0.8,-772.5177813301702,41.698226034480314,-730.81955529569,False
339,1,0.9,385.3195979706261,1.4036853335198605,386.723283304146,False
339,2,keep,0.0,399.2709559581434,399.2709559581434,True
339,2,0.5,-114.62712499990786,788.9684721607499,674.341347160842,False
339,2,0.65,395.34340722948764,118.74589079769109,514.0892980271788,False
339,2,0.8,1354.4720224278574,2.0528250076178693,1356.5248474354753,False
339,2,0.9,2195.7807880974674,0.018609498921088385,2195.7993975963886,False
339,3,keep,0.0,205.87505093091596,205.87505093091596,True
339,3,0.5,-66.07546234248609,333.2501407908362,267.1746784483501,False
339,3,0.65,251.64699377131527,40.90515773062299,292.5521515019383,False
339,3,0.8,683.4326850764968,1.791778587470982,685.2244636639678,False
339,3,0.9,1086.2482930653484,0.03262693071969186,1086.2809199960682,False
340,1,keep,0.0,67.47174494112028,67.47174494112028,False
340,1,0.5,-4079.1120041676027,2532.292740710045,-1546.8192634575576,False
340,1,0.65,-3466.7437778450403,645.0817831646198,-2821.6619946804203,True
340,1,0.8,-2734.5605264772366,169.3888627901961,-2565.1716636870406,False
340,1,0.9,-1595.3167689189734,65.47679245355562,-1529.8399764654177,False
340,2,keep,0.0,4699.524430122194,4699.524430122194,False
340,2,0.5,1148.597542433266,982.6371427976602,2131.234685230926,False
340,2,0.65,1840.0058874986912,203.3579701415029,2043.363857640194,True
340,2,0.8,2939.9713270188363,7.857889649702653,2947.8292166685387,False
340,2,0.9,3835.0638128757855,0.20366445797524377,3835.267477333761,False
340,3,keep,0.0,82.36503687813791,82.36503687813791,True
340,3,0.5,-153.9681231042837,486.587096574854,332.61897347057027,False
340,3,0.8,444.90686433954147,6.124863384869825,451.03172772441127,False
340,3,0.9,862.3812432043267,0.18542391456971014,862.5666671188964,False
341,1,keep,0.0,115.3878745181672,115.3878745181672,False
341,1,0.5,-1647.8560648502882,2328.8390292340287,680.9829643837404,False
341,1,0.65,-958.1379863618615,418.86924761462626,-539.2687387472353,True
341,1,0.8,206.68570646911132,116.75290049627168,323.438606965383,False
341,1,0.9,2111.4777948791884,34.4469808865339,2145.924775765722,False
341,2,keep,0.0,22.94728625438768,22.94728625438768,False
341,2,0.5,-1508.9921407568131,1350.8697179232283,-158.12242283358478,False
341,2,0.65,-1206.5562923053933,220.46037118061963,-986.0959211247737,True
341,2,0.8,-652.9937267427529,9.33429630009882,-643.6594304426541,False
341,2,0.9,-7.7227117830566385,0.24145328286301965,-7.4812585001936185,False
341,3,keep,0.0,87.27382491651441,87.27382491651441,True
341,3,0.5,-156.9466624572919,512.2501618133599,355.303499356068,False
341,3,0.8,433.6847621471392,7.6946878095094675,441.37944995664867,False
341,3,0.9,883.8471565088792,0.22853279418510142,884.0756893030642,False
342,1,keep,0.0,53.04692051426066,53.04692051426066,False
342,1,0.5,-2980.5774291466078,2742.0967922453683,-238.48063690123945,False
342,1,0.65,-2356.4325907675598,768.6821612983076,-1587.7504294692521,True
342,1,0.8,-1568.1129248317004,221.0949417537272,-1347.0179830779732,False
342,1,0.9,-202.41144311762105,81.28608239619152,-121.12536072142953,False
342,2,keep,0.0,123.595976505226,123.595976505226,False
342,2,0.5,-510.05055586106425,1263.4515339313923,753.400978070328,False
342,2,0.65,-199.63215554127157,196.263750522255,-3.3684050190165635,True
342,2,0.8,559.2618681655966,10.105892630753731,569.3677607963504,False
342,2,0.9,1412.4780255629103,0.36807971097333386,1412.8461052738835,False
342,3,keep,0.0,564.0525773918878,564.0525773918878,False
342,3,0.5,77.544547187413,425.4704256660612,503.0149728534742,False
342,3,0.65,413.75184826668175,62.99617645201113,476.7480247186929,True
342,3,0.8,852.5855108830182,4.237987955125478,856.8234988381437,False
342,3,0.9,1290.0546868873375,0.10218659649037723,1290.156873483828,False
343,1,keep,0.0,962.0488187024571,962.0488187024571,True
343,1,0.5,-588.3944494566211,1647.5996964695112,1059.2052470128901,False
343,1,0.65,502.8962962043951,526.623541984761,1029.5198381891562,False
343,1,0.8,2044.021893437111,151.61997405426075,2195.6418674913716,False
343,1,0.9,4179.078376339838,65.6852325376352,4244.7636088774725,False
343,2,keep,0.0,10.186495294585818,10.186495294585818,False
343,2,0.5,-933.8033452146419,1251.0471415766547,317.24379636201274,False
343,2,0.65,-617.403816115025,197.2838071521028,-420.12000896292227,True
343,2,0.8,-226.8784018745991,11.359989556505958,-215.51841231809314,False
343,2,0.9,437.5777314520923,0.44808060325095395,438.02581205534324,False
343,3,keep,0.0,103.67941385066554,103.67941385066554,True
343,3,0.5,-154.50952469797835,529.4082971443887,374.89877244641036,False
343,3,0.8,453.12014331255,10.128082087037185,463.24822539958717,False
343,3,0.9,895.6707309582296,0.4400752988239729,896.1108062570536,False
344,1,keep,0.0,86.7826343439502,86.7826343439502,False
344,1,0.5,-3118.879553463882,2801.44182511454,-317.43772834934225,False
344,1,0.65,-2491.429348154203,775.9685905055859,-1715.4607576486173,True
344,1,0.8,-1746.1418990956104,216.64502361326788,-1529.4968754823426,False
344,1,0.9,-625.7584398862538,80.45224687858924,-545.3061930076645,False
344,2,keep,0.0,282.46851267121787,282.46851267121787,False
344,2,0.5,-373.56340438691655,1182.8572703872937,809.2938660003772,False
344,2,0.65,28.325775647894858,210.63639524130582,238.96217088920068,True
344,2,0.8,908.6680303492068,11.879343404807418,920.5473737540142,False
344,2,0.9,1760.8908511755508,0.6530453832226909,1761.5438965587734,False
344,3,keep,0.0,140.58298722991563,140.58298722991563,True
344,3,0.5,-121.7861922240586,460.2967862090496,338.51059398499103,False
344,3,0.65,86.73711301549969,82.46889614358432,169.206009159084,False
344,3,0.8,547.8743740833902,6.5234316851565355,554.3978057685467,False
344,3,0.9,961.73354519883,0.28920081658230196,962.0227460154123,False
345,1,keep,0.0,19.34532739665264,19.34532739665264,False
345,1,0.5,-1011.9971964200964,2103.8810047775914,1091.8838083574951,False
345,1,0.65,-488.3253919999025,292.6699558713459,-195.65543612855657,True
345,1,0.8,537.8770078597121,11.080734624107626,548.9577424838197,False
345,1,0.9,2582.981688277205,0.5222427287614045,2583.5039310059665,False
345,2,keep,0.0,767.3918403752019,767.3918403752019,False
345,2,0.5,-436.335474247924,835.4860585406517,399.1505842927277,False
345,2,0.65,85.24844240180539,127.41341261753112,212.6618550193365,True
345,2,0.8,947.3116023870188,3.6756085016803013,950.9872108886991,False
345,2,0.9,1694.8583778577313,0.08174787907600621,1694.9401257368072,False
345,3,keep,0.0,14.937263530632753,14.937263530632753,False
345,3,0.5,-176.23671386569168,290.7695983308899,114.53288446519821,False
345,3,0.65,-46.87655895518474,35.3280950280103,-11.548463927174438,True
345,3,0.8,263.18057434278995,3.4589834830402637,266.6395578258302,False
345,3,0.9,662.0122311000179,0.12349830917420282,662.1357294091921,False
346,1,keep,0.0,1690.769329040838,1690.769329040838,False
346,1,0.5,-984.4281245866114,1918.1138421436012,933.6857175569899,False
346,1,0.65,-96.56515979075209,320.34580590490447,223.78064611415238,True
346,1,0.8,1079.0097279560541,20.20863287061983,1099.218360826674,False
346,1,0.9,2539.54362769486,0.08909124735273108,2539.6327189422127,False
346,2,keep,0.0,2.58437015353733,2.58437015353733,False
346,2,0.5,-836.6476667922637,1038.0526964662724,201.4050296740087,False
346,2,0.65,-566.052574020017,127.37212163358446,-438.68045238643253,True
346,2,0.8,-153.6357392847043,2.3017736913593234,-151.33396559334497,False
346,2,0.9,395.8294331971564,0.08147969096147357,395.9109128881179,False
346,3,keep,0.0,16.126497029351533,16.126497029351533,False
346,3,0.5,-174.26007780282566,291.41970022202105,117.15962241919539,False
346,3,0.65,-43.17896332570025,34.752763051621514,-8.426200274078738,True
346,3,0.8,278.2195987742891,3.2967716015146173,281.5163703758037,False
346,3,0.9,670.5220649950925,0.12619349685352227,670.648258491946,False
347,1,keep,0.0,1092.693755688527,1092.693755688527,True
347,1,0.5,-315.8609151219511,1499.7967006014287,1183.9357854794775,False
347,1,0.65,688.3737918622274,575.3346581534054,1263.708450015633,False
347,1,0.8,2395.4439284367395,166.355363037244,2561.7992914739834,False
347,1,0.9,4559.036974773283,70.64127754246837,4629.678252315752,False
347,2,keep,0.0,1926.2270511606619,1926.2270511606619,False
347,2,0.5,360.8765798983063,707.4648495156662,1068.3414294139725,False
347,2,0.65,965.6634323739315,87.63404838181009,1053.2974807557416,True
347,2,0.8,1844.309925551078,9.753943341562858,1854.063868892641,False
347,2,0.9,2743.0460691063404,0.7232919825845326,2743.769361088925,False
347,3,keep,0.0,15.987830084637075,15.987830084637075,False
347,3,0.5,-253.19682579703334,500.18693311960885,246.9901073225755,False
347,3,0.65,-99.38856677738225,100.31726348644946,0.9286967090672107,True
347,3,0.8,177.4538089376033,9.527776195155683,186.981585132759,False
347,3,0.9,585.0230058502622,0.7254034568534102,585.7484093071156,False
348,1,keep,0.0,4144.641301972855,4144.641301972855,False
348,1,0.5,1015.8061926996086,1612.6761139410087,2628.482306640617,True
348,1,0.65,2092.1452453150673,554.9697524167034,2647.114997731771,False
348,1,0.8,3700.2837697979458,191.5926607084072,3891.876430506353,False
348,1,0.9,5700.024148409775,87.24877622059655,5787.272924630372,False
348,2,keep,0.0,119.81650764211093,119.81650764211093,True
348,2,0.5,-264.3910176566231,800.72989863833,536.338880981707,False
348,2,0.65,248.6215780570549,61.56500924821483,310.1865873052697,False
348,2,0.8,1165.777765379741,9.930635261727268,1175.7084006414682,False
348,2,0.9,2054.1531838039145,0.6522666794577543,2054.805450483372,False
348,3,keep,0.0,41.75283789674538,41.75283789674538,True
348,3,0.5,-198.81840974446817,522.9084666090763,324.09005686460813,False
348,3,0.65,25.686125537587174,56.327386667964646,82.01351220555182,False
348,3,0.8,354.98131465260605,9.69685912151876,364.6781737741248,False
348,3,0.9,760.6738755047518,0.6538842996306002,761.3277598043824,False
349,1,keep,0.0,58.783680462340634,58.783680462340634,False
349,1,0.5,-2610.6655506056463,2587.212202831059,-23.4533477745872,False
349,1,0.65,-2044.1011257224966,803.3849775436298,-1240.7161481788667,True
349,1,0.8,-1315.860757863234,240.85117944663847,-1075.0095784165956,False
349,1,0.9,-238.0976946508374,93.84642590681695,-144.25126874402048,False
349,2,keep,0.0,150.88153240043366,150.88153240043366,False
349,2,0.5,-371.65138627899245,1051.1049693593982,679.4535830804057,False
349,2,0.65,-57.11337611593741,165.10368172418822,107.99030560825081,True
349,2,0.8,862.8918652056176,10.703274176572744,873.5951393821904,False
349,2,0.9,1767.7417481665836,0.6435913797155558,1768.3853395462993,False
349,3,keep,0.0,143.00683522676078,143.00683522676078,True
349,3,0.5,-123.55007807133626,465.69808643352354,342.1480083621873,False
349,3,0.65,91.16863876937606,82.52155339956641,173.69019216894247,False
349,3,0.8,578.8381148849551,5.928732046764112,584.7668469317192,False
349,3,0.9,989.8478673413996,0.29391419851898715,990.1417815399186,False
350,1,keep,0.0,26.37351446134541,26.37351446134541,False
350,1,0.5,-3392.0880693664685,2567.2969608432973,-824.7911085231713,False
350,1,0.65,-2833.616491496272,790.1747255771369,-2043.441765919135,True
350,1,0.8,-2131.525719304541,208.9761509808918,-1922.549568323649,False
350,1,0.9,-1062.2006015649517,77.99609101976289,-984.2045105451889,False
350,2,keep,0.0,215.2450831268108,215.2450831268108,True
350,2,0.5,-266.889680692916,925.2025679193306,658.3128872264147,False
350,2,0.65,130.25286858938847,152.65576032292287,282.9086289123113,False
350,2,0.8,1101.3623805314526,10.454901277251663,1111.8172818087041,False
350,2,0.9,2084.559717680026,0.5673828374492614,2085.1271005174754,False
350,3,keep,0.0,648.1408611065564,648.1408611065564,False
350,3,0.5,113.29683958956079,444.77526958231863,558.0721091718794,False
350,3,0.65,452.4572094722798,74.88217237963912,527.3393818519189,True
350,3,0.8,935.499837804635,5.168881035913099,940.6687188405481,False
350,3,0.9,1361.746218790106,0.2147506327245161,1361.9609694228304,False
351,1,keep,0.0,172.92230134991027,172.92230134991027,False
351,1,0.5,-1066.8404495366349,2515.299825666391,1448.459376129756,False
351,1,0.65,-419.3780045330147,336.22221907623407,-83.15578545678062,True
351,1,0.8,951.008097920663,106.96589429975425,1057.9739922204171,False
351,1,0.9,2996.0441495919795,86.00628112023185,3082.0504307122114,False
351,2,keep,0.0,34.31682101480602,34.31682101480602,False
351,2,0.5,-859.587866319815,1145.6374170648476,286.04955074503255,False
351,2,0.65,-543.8194594816919,158.99311270014425,-384.8263467815476,True
351,2,0.8,28.553649521884438,9.794929560714,38.348579082598434,False
351,2,0.9,712.1119160154497,0.387412549934422,712.4993285653841,False
351,3,keep,0.0,100.09500577616137,100.09500577616137,True
351,3,0.5,-166.06872257760256,539.3151613001864,373.2464387225839,False
351,3,0.8,478.1591152033923,9.035413685510996,487.1945288889033,False
351,3,0.9,937.1787015461033,0.3861416163723506,937.5648431624757,False
352,1,keep,0.0,25.80700219546631,25.80700219546631,False
352,1,0.5,-675.9844828122197,1367.3952397793635,691.4107569671438,False
352,1,0.65,-63.11306384955299,29.542583795706467,-33.570480053846524,True
352,1,0.8,1093.7927922527367,1.219760737594509,1095.0125529903312,False
352,1,0.9,2756.2357684744475,0.2871820718842544,2756.5229505463317,False
352,2,keep,0.0,1.4038572199439616,1.4038572199439616,False
352,2,0.5,-1140.3153789013886,893.377745469876,-246.9376334315126,False
352,2,0.65,-881.0585426879965,100.78293373317672,-780.2756089548197,True
352,2,0.8,-525.4646198970437,1.3245830610899714,-524.1400368359538,False
352,2,0.9,63.148629242593756,0.04114501764532716,63.18977426023908,False
352,3,keep,0.0,113.59992158078144,113.59992158078144,True
352,3,0.5,-108.66080422332047,356.27917569803304,247.61837147471257,False
352,3,0.65,96.3761640640301,62.85573731679615,159.23190138082626,False
352,3,0.8,576.3151621373407,3.1950485973724403,579.5102107347132,False
352,3,0.9,1001.2458015480239,0.0842345912353649,1001.3300361392593,False
353,1,keep,0.0,1.2969616117379537,1.2969616117379537,False
353,1,0.5,-2144.920731289157,2317.6779300318067,172.7571987426495,False
353,1,0.65,-1677.1338142512082,501.95627418064305,-1175.177540070565,True
353,1,0.8,-1100.9047288701504,33.95363556380617,-1066.9510933063443,False
353,1,0.9,-230.1691532385122,0.36382204239617766,-229.80533119611601,False
353,2,keep,0.0,197.15904950502838,197.15904950502838,True
353,2,0.5,-278.6401715762427,788.201419673332,509.5612480970893,False
353,2,0.65,103.61290749921936,113.69058849450546,217.30349599372482,False
353,2,0.8,934.7861326606118,2.612276571202239,937.398409231814,False
353,2,0.9,1727.4106100159063,0.06320187668617262,1727.4738118925925,False
353,3,keep,0.0,50.34784293162145,50.34784293162145,False
353,3,0.5,-144.97925508691137,356.20265897151694,211.22340388460557,False
353,3,0.65,-12.668064708143053,57.648438337574724,44.98037362943167,True
353,3,0.8,432.45599525456083,3.620996172299939,436.0769914268608,False
353,3,0.9,827.6587958660662,0.13361455836220362,827.7924104244283,False
354,1,keep,0.0,69.67247891357744,69.67247891357744,False
354,1,0.5,-2294.376134970213,2532.6815791259182,238.30544415570512,False
354,1,0.65,-1735.2069929371978,746.549837883868,-988.6571550533298,True
354,1,0.8,-1023.9286690961654,178.45054627207006,-845.4781228240954,False
354,1,0.9,-25.106346365283628,69.33442566260143,44.228079297317805,False
354,2,keep,0.0,4474.886697966257,4474.886697966257,False
354,2,0.5,1151.8764100887495,868.7664200130483,2020.6428301017977,False
354,2,0.65,1791.2754374436026,221.4354520037484,2012.710889447351,True
354,2,0.8,2839.609978760704,12.432677098862303,2852.0426558595664,False
354,2,0.9,3822.6839900447917,0.6442126575552971,3823.328202702347,False
354,3,keep,0.0,133.23829854676262,133.23829854676262,True
354,3,0.5,-147.2127186848474,589.7603092394654,442.547590554618,False
354,3,0.65,3.904288475161244,130.10758475643487,134.01187323159613,False
354,3,0.8,500.8139682102959,10.898596963140967,511.7125651734369,False
354,3,0.9,919.651281791772,0.6197636760538152,920.2710454678258,False
355,1,keep,0.0,101.9440937104526,101.9440937104526,False
355,1,0.5,-1630.7952927236286,2663.1028859395506,1032.307593215922,False
355,1,0.65,-1051.0155185600165,793.7724410642403,-257.2430774957762,True
355,1,0.8,-288.61381807707335,159.68906128566675,-128.9247567914066,False
355,1,0.9,1124.7900075463895,74.26528093889078,1199.0552884852802,False
355,2,keep,0.0,656.0108799963331,656.0108799963331,True
355,2,0.5,-19.49939115570797,704.3453987385893,684.8460075828814,False
355,2,0.65,514.989927777715,229.83286842093,744.822796198645,False
355,2,0.8,1529.5472335007062,16.800880527393893,1546.3481140281,False
355,2,0.9,2519.245125498679,0.9855236570873156,2520.2306491557665,False
355,3,keep,0.0,974.3104474178374,974.3104474178374,False
355,3,0.5,183.75019597705523,555.2043956111545,738.9545915882097,False
355,3,0.65,511.06827617865144,106.9934551597365,618.061731338388,True
355,3,0.8,983.2246753019269,8.280857628384588,991.5055329303116,False
355,3,0.9,1402.4805273987665,0.36227009734516147,1402.8427974961116,False
356,1,keep,0.0,28.904245167304254,28.904245167304254,False
356,1,0.5,-2674.212938496791,2942.018771117024,267.80583262023265,False
356,1,0.65,-2125.50906911878,855.7422572805509,-1269.7668118382294,True
356,1,0.8,-1418.3969837111022,181.68128787460697,-1236.7156958364951,False
356,1,0.9,-246.55666896788875,61.689484338969784,-184.86718462891898,False
356,2,keep,0.0,280.6738119908773,280.6738119908773,True
356,2,0.5,-272.8459699413414,1180.298567427327,907.4525974859856,False
356,2,0.65,75.87951463365998,245.57432371786487,321.45383835152484,False
356,2,0.8,1009.1329751365797,23.505450346838558,1032.6384254834184,False
356,2,0.9,1960.5438706259006,1.3746576874252374,1961.9185283133259,False
356,3,keep,0.0,1132.578057481061,1132.578057481061,False
356,3,0.5,221.6524466950729,599.8104531839613,821.4628998790342,False
356,3,0.65,535.8891517521034,134.86595031259074,670.7551020646941,True
356,3,0.8,1002.6476422836328,12.399134133699345,1015.0467764173321,False
356,3,0.9,1442.6845120790838,0.5439351595910453,1443.2284472386748,False
357,1,keep,0.0,117.46241307791071,117.46241307791071,False
357,1,0.5,-1669.4935329956493,3069.7578959769344,1400.264362981285,False
357,1,0.65,-1105.5223805176136,870.8268769817973,-234.69550353581621,True
357,1,0.8,-375.11661751527936,212.0040749987447,-163.11254251653466,False
357,1,0.9,1129.1934120410594,70.99846756220433,1200.1918796032637,False
357,2,keep,0.0,182.60258402714445,182.60258402714445,False
357,2,0.5,-766.8161171319706,1338.252722361722,571.4366052297513,False
357,2,0.65,-463.0725624742197,261.4752568434108,-201.59730563080888,True
357,2,0.8,286.08455690431833,19.772842759579547,305.85739966389787,False
357,2,0.9,1002.2363391456422,1.258475813761729,1003.4948149594039,False
357,3,keep,0.0,761.1747317862956,761.1747317862956,False
357,3,0.5,92.79368119929941,573.1933794945328,665.9870606938322,False
357,3,0.65,423.4878911749612,111.06512056148232,534.5530117364435,True
357,3,0.8,882.2135859804405,9.269560931058331,891.4831469114988,False
357,3,0.9,1302.7507909710077,0.4089719253310896,1303.1597628963389,False
358,1,keep,0.0,93.31758718585796,93.31758718585796,False
358,1,0.5,-1430.4256510828384,2818.5719337528026,1388.1462826699642,False
358,1,0.65,-860.1487508685323,658.0685902997513,-202.0801605687809,True
358,1,0.8,-126.09607220345521,96.46292982596238,-29.63314237749283,False
358,1,0.9,1571.483515963716,55.18062165218909,1626.664137615905,False
358,2,keep,0.0,7826.0035930803315,7826.0035930803315,False
358,2,0.5,2023.9927799446748,1009.8110871566303,3033.803867101305,False
358,2,0.65,2715.0242046981493,251.55767751742283,2966.581882215572,True
358,2,0.8,3746.4011579665466,19.763288766970508,3766.1644467335173,False
358,2,0.9,4743.272592257512,1.1751679591487407,4744.447760216661,False
358,3,keep,0.0,179.510211064021,179.510211064021,True
358,3,0.5,-134.19698504032527,617.114524648829,482.9175396085038,False
358,3,0.65,65.87354157572028,121.62563147184756,187.49917304756784,False
358,3,0.8,507.69905746654933,12.841504888464982,520.5405623550143,False
358,3,0.9,934.0865304196877,0.6608968979111105,934.7474273175989,False
359,1,keep,0.0,70.82217793477676,70.82217793477676,False
359,1,0.5,-1214.0918859418528,2917.9063043910046,1703.8144184491518,False
359,1,0.65,-731.3668064986912,584.7600583879344,-146.60674811075683,True
359,1,0.8,-4.286490114547718,27.956178039880974,23.669687925333257,False
359,1,0.9,1591.9288058998416,0.28313113683898505,1592.2119370366806,False
359,2,keep,0.0,256.55946080408637,256.55946080408637,False
359,2,0.5,-307.25478953716186,931.0932324652854,623.8384429281235,False
359,2,0.65,103.79502373932452,143.7295222234018,247.52454596272634,True
359,2,0.8,917.5196400343913,5.15233984769974,922.671979882091,False
359,2,0.9,1715.0106935672377,0.1314189970047912,1715.1421125642426,False
359,3,keep,0.0,52.97082849201004,52.97082849201004,False
359,3,0.5,-152.5894628370296,413.48104860119633,260.89158576416673,False
359,3,0.65,-22.305909918647746,69.20865955664864,46.9027496380009,True
359,3,0.8,355.5687564436561,7.095194689900585,362.66395113355674,False
359,3,0.9,772.8348575808459,0.2505834361552716,773.0854410170011,False
360,1,keep,0.0,49.5907969817044,49.5907969817044,False
360,1,0.5,-1331.7807706063002,2909.2082868962934,1577.4275162899933,False
360,1,0.65,-875.1257454987891,682.7486147745722,-192.37713072421695,True
360,1,0.8,-189.17231919811726,28.405775592718854,-160.7665436053984,False
360,1,0.9,1282.1647549936877,0.2796871451674828,1282.444442138855,False
360,2,keep,0.0,130.92210628560855,130.92210628560855,False
360,2,0.5,-305.2815358618456,1121.816054141469,816.5345182796234,False
360,2,0.65,-29.296452007224136,137.4791343449238,108.18268233769967,True
360,2,0.8,794.8900989427933,5.053621692417181,799.9437206352105,False
360,2,0.9,1648.551727719423,0.1515737165047296,1648.7033014359279,False
360,3,keep,0.0,152.1425117181033,152.1425117181033,True
360,3,0.5,-104.1209659736276,427.8708155330156,323.749849559388,False
360,3,0.65,72.7734606986531,99.83078667556742,172.6042473742205,False
360,3,0.8,540.3152676030066,6.808186485753549,547.1234540887602,False
360,3,0.9,935.8385438396525,0.3074104842436536,936.1459543238961,False
361,1,keep,0.0,108.3700162283147,108.3700162283147,False
361,1,0.5,-1933.4694028860308,3469.5193617825653,1536.0499588965345,False
361,1,0.65,-1364.7572035167263,950.632531219834,-414.1246722968923,False
361,1,0.8,-615.938059370339,172.98935666488012,-442.9487027054589,True
361,1,0.9,891.7844154085185,58.98002315213934,950.7644385606578,False
361,2,keep,0.0,21.807310340319837,21.807310340319837,False
361,2,0.5,-1005.6021078312284,1348.1835829926495,342.58147516142105,False
361,2,0.65,-693.2009638760527,271.79725054226543,-421.40371333378727,True
361,2,0.8,-331.082636228488,23.456605174565894,-307.62603105392213,False
361,2,0.9,362.3275514518545,1.702515030912401,364.0300664827669,False
361,3,keep,0.0,291.3108896721136,291.3108896721136,False
361,3,0.5,-102.80243922960638,629.9860651033912,527.1836258737848,False
361,3,0.65,147.34549282438132,136.25983603266786,283.6053288570492,True
361,3,0.8,628.1897900509413,12.943138356044987,641.1329284069863,False
361,3,0.9,1057.327938115695,0.7215388362813353,1058.0494769519762,False
362,1,keep,0.0,1164.3308258537522,1164.3308258537522,False
362,1,0.5,-502.82744687433586,2334.5539125692,1831.726465694864,False
362,1,0.65,362.31718705111297,616.1534195458271,978.4706065969401,True
362,1,0.8,1874.6312933268189,128.77204463438088,2003.4033379611997,False
362,1,0.9,3945.0336787244814,49.21104526741034,3994.244723991892,False
362,2,keep,0.0,31.53849980327975,31.53849980327975,False
362,2,0.5,-632.7438850437557,1354.1925215421013,721.4486364983456,False
362,2,0.65,-310.80096616418166,247.0528715978756,-63.748094566306065,True
362,2,0.8,264.4727294833034,19.786542918406703,284.2592724017101,False
362,2,0.9,1124.9999534090753,1.7840933535891748,1126.7840467626645,False
362,3,keep,0.0,176.94820285200245,176.94820285200245,True
362,3,0.5,-149.8153800200723,704.5473827498582,554.7320027297859,False
362,3,0.8,490.408485809398,19.86556844405647,510.27405425345444,False
362,3,0.9,894.4345074342721,1.803820641109294,896.2383280753813,False
363,1,keep,0.0,207.8822560231078,207.8822560231078,False
363,1,0.5,-1303.9951838277839,3437.3960717025984,2133.4008878748145,False
363,1,0.65,-741.2203423994324,869.7479207042088,128.5275783047764,True
363,1,0.8,449.97000007729923,176.65931755182442,626.6293176291236,False
363,1,0.9,2379.1363577862485,68.84322779134477,2447.9795855775933,False
363,2,keep,0.0,201.02807142792034,201.02807142792034,False
363,2,0.5,-928.1645815069421,1399.240340924704,471.0757594177619,False
363,2,0.65,-613.8988324260027,275.9579025091277,-337.94092991687506,True
363,2,0.8,132.06023526635352,22.117460888273257,154.17769615462677,False
363,2,0.9,827.0182304372086,1.891158256964913,828.9093886941735,False
363,3,keep,0.0,180.7358567600788,180.7358567600788,True
363,3,0.5,-148.97893130784024,708.1654106073695,559.1864792995293,False
363,3,0.65,5.5315211475052815,175.41817793406747,180.94969908157276,False
363,3,0.8,496.0299249881071,19.63687082330898,515.666795811416,False
363,3,0.9,892.9866113480493,1.8285747840291988,894.8151861320786,False
364,1,keep,0.0,70.9125139146083,70.9125139146083,False
364,1,0.5,-1864.3526315541867,3583.956076191498,1719.6034446373114,False
364,1,0.65,-1277.496795406307,857.6691145275138,-419.8276808787932,True
364,1,0.8,-538.3176650111362,136.334577819152,-401.9830871919842,False
364,1,0.9,1003.0520864011995,51.68259179269147,1054.7346781938909,False
364,2,keep,0.0,395.1464064663788,395.1464064663788,True
364,2,0.5,-207.41967234615612,1317.6161320146043,1110.1964596684481,False
364,2,0.65,287.29341478968365,269.8706550605333,557.164069850217,False
364,2,0.8,1326.7286761460593,22.70689865617946,1349.4355748022388,False
364,2,0.9,2268.1877670594567,1.9002082158431086,2270.0879752753,False
364,3,keep,0.0,342.29472645166715,342.29472645166715,False
364,3,0.5,-84.59648643430451,614.4067385495994,529.8102521152948,False
364,3,0.65,188.01514011736128,132.9822186947735,320.9973588121348,True
364,3,0.8,669.5809392970065,11.739728420545573,681.320667717552,False
364,3,0.9,1065.0067050158289,0.7968997750924037,1065.8036047909213,False
