policy,date,initial_cost,increase_cost,cancellation_refund,cancellation_penalty,adjustment_net,emergency_cost,total_cost,initial_kwh,effective_kwh,increase_kwh,cancel_kwh,emergency_kwh,start_kwh,end_kwh
mask_000,2025-02-01,21459.954562406016,0.0,0.0,0.0,0.0,2.3380358982194593e-11,21459.954562406037,37817.44438078235,37817.44438078235,0.0,0.0,4.220623850414995e-12,10800.0,2554.7046785041457
mask_001,2025-02-01,21459.954562406016,0.0,3616.516857444247,1808.2584287221234,-1808.2584287221234,2.4161042055936833e-11,19651.69613368392,37817.44438078235,32223.72716446689,0.0,5593.717216315457,4.367173289665516e-12,10800.0,2141.8669196710466
mask_010,2025-02-01,21459.954562406016,0.0,3194.363226466774,1597.181613233387,-1597.181613233387,3.073013665755297e-11,19862.77294917266,37817.44438078235,32945.9246516616,0.0,4871.51972912075,5.639932965095795e-12,10800.0,2141.0368269848454
mask_011,2025-02-01,21459.954562406016,0.0,3616.516857444247,1808.2584287221234,-1808.2584287221234,2.4161042055936833e-11,19651.69613368392,37817.44438078235,32223.72716446689,0.0,5593.717216315457,4.367173289665516e-12,10800.0,2141.8669196710466
mask_100,2025-02-01,21459.954562406016,0.0,399.0509819341238,199.5254909670619,-199.5254909670619,2.3093352119474275e-11,21260.429071438975,37817.44438078235,37345.9418492684,0.0,471.50253151395384,4.196643033083092e-12,10800.0,2069.7091478432935
mask_101,2025-02-01,21459.954562406016,0.0,3683.668455685625,1841.8342278428124,-1841.8342278428124,2.433638623955403e-11,19618.12033456323,37817.44438078235,32155.697989873257,0.0,5661.746390909093,4.402700426453521e-12,10800.0,2069.7091478432935
mask_110,2025-02-01,21459.954562406016,0.0,3260.7773786666576,1630.3886893333288,-1630.3886893333288,3.090548084117017e-11,19829.565873072715,37817.44438078235,32878.64256048555,0.0,4938.801820296804,5.6754601018838e-12,10800.0,2069.7091478432935
mask_111,2025-02-01,21459.954562406016,0.0,3683.668455685625,1841.8342278428124,-1841.8342278428124,2.433638623955403e-11,19618.12033456323,37817.44438078235,32155.697989873257,0.0,5661.746390909093,4.402700426453521e-12,10800.0,2069.7091478432935
forecast_only,2025-02-01,21459.954562406016,0.0,0.0,0.0,0.0,2.3380358982194593e-11,21459.954562406037,37817.44438078235,37817.44438078235,0.0,0.0,4.220623850414995e-12,10800.0,2554.7046785041457
mask_000,2025-02-02,57064.45068912812,0.0,0.0,0.0,0.0,246.549847276468,57311.00053640459,89512.89052835727,89512.89052835727,0.0,0.0,35.34258131830313,2554.7046785041457,1346.3360609692118
mask_001,2025-02-02,57262.195270930664,0.0,4044.854717024354,2022.427358512177,-2022.427358512177,1542.3531627267807,56782.12107514527,89971.59914928293,84520.59306880846,0.0,5451.006080474483,264.5445387733029,2141.8669196710466,1207.6262177861954
mask_010,2025-02-02,57262.59288532735,0.0,3598.5203234993883,1799.2601617496941,-1799.2601617496941,1428.9811595419849,56892.313883119634,89972.52147448983,84905.18382432245,0.0,5067.337650167372,247.6233442681096,2141.0368269848454,1207.6262177861954
mask_011,2025-02-02,57262.195270930664,159.85391449787554,4652.047969872278,2326.023984936139,-2166.1700704382633,1428.981159541984,56525.006360034386,89971.59914928293,83658.07839840546,123.64746940569171,6437.168220283178,247.62334426810943,2141.8669196710466,1207.6262177861954
mask_100,2025-02-02,57296.758843636155,0.0,345.06098232959846,172.53049116479923,-172.53049116479923,1363.0552140056113,58487.28356647697,90051.77445131377,89666.71307978698,0.0,385.061371526784,237.7836509044715,2069.7091478432935,1207.6262177861954
mask_101,2025-02-02,57296.758843636155,0.0,4044.854717024354,2022.427358512177,-2022.427358512177,1542.3531627267807,56816.68464785076,90051.77445131377,84600.7683708393,0.0,5451.006080474483,264.5445387733029,2069.7091478432935,1207.6262177861954
mask_110,2025-02-02,57296.758843636155,0.0,3598.5203234993883,1799.2601617496941,-1799.2601617496941,1428.9811595419849,56926.47984142844,90051.77445131377,84984.4368011464,0.0,5067.337650167372,247.6233442681096,2069.7091478432935,1207.6262177861954
mask_111,2025-02-02,57296.758843636155,159.85391449787554,4652.047969872278,2326.023984936139,-2166.1700704382633,1428.981159541984,56559.569932739876,90051.77445131377,83738.2537004363,123.64746940569171,6437.168220283178,247.62334426810943,2069.7091478432935,1207.6262177861954
forecast_only,2025-02-02,57064.45068912812,0.0,0.0,0.0,0.0,246.549847276468,57311.00053640459,89512.89052835727,89512.89052835727,0.0,0.0,35.34258131830313,2554.7046785041457,1346.3360609692118
mask_000,2025-02-03,60608.642338064994,0.0,0.0,0.0,0.0,3.586604352401323e-11,60608.64233806503,95359.56732359497,95359.56732359497,0.0,0.0,6.610823000130495e-12,1346.3360609692118,2157.6769579323636
mask_001,2025-02-03,60675.08435294966,0.0,5290.308051167279,2645.1540255836394,-2645.1540255836394,4.634348643728359e-11,58029.93032736606,95513.6893715761,88459.63437015198,0.0,7054.055001424129,9.202749673420385e-12,1207.6262177861954,1753.6999321229216
mask_010,2025-02-03,60675.08435294966,0.0,4761.471614927233,2380.7358074636163,-2380.7358074636163,4.346645321451348e-11,58294.348545486086,95513.6893715761,88876.17621088133,0.0,6637.513160694787,8.191225475684405e-12,1207.6262177861954,1741.0541193761676
mask_011,2025-02-03,60675.08435294966,51.66172870030952,5834.768991927106,2917.384495963553,-2865.722767263244,4.634348643728359e-11,57809.36158568646,95513.6893715761,87727.27324737719,43.63912982507168,7830.055254024002,9.202749673420385e-12,1207.6262177861954,1753.6999321229216
mask_100,2025-02-03,60675.08435294966,0.0,330.3528731925439,165.17643659627194,-165.17643659627194,3.7805855446215726e-11,60509.907916353426,95513.6893715761,95149.3775794736,0.0,364.3117921024976,6.95221658020273e-12,1207.6262177861954,1837.4718468445828
mask_101,2025-02-03,60675.08435294966,0.0,5290.308051167279,2645.1540255836394,-2645.1540255836394,4.634348643728359e-11,58029.93032736606,95513.6893715761,88459.63437015198,0.0,7054.055001424129,9.202749673420385e-12,1207.6262177861954,1753.6999321229216
mask_110,2025-02-03,60675.08435294966,0.0,4761.471614927233,2380.7358074636163,-2380.7358074636163,4.346645321451348e-11,58294.348545486086,95513.6893715761,88876.17621088133,0.0,6637.513160694787,8.191225475684405e-12,1207.6262177861954,1741.0541193761676
mask_111,2025-02-03,60675.08435294966,51.66172870030952,5834.768991927106,2917.384495963553,-2865.722767263244,4.634348643728359e-11,57809.36158568646,95513.6893715761,87727.27324737719,43.63912982507168,7830.055254024002,9.202749673420385e-12,1207.6262177861954,1753.6999321229216
forecast_only,2025-02-03,60608.642338064994,0.0,0.0,0.0,0.0,3.586604352401323e-11,60608.64233806503,95359.56732359497,95359.56732359497,0.0,0.0,6.610823000130495e-12,1346.3360609692118,2157.6769579323636
mask_000,2025-02-04,60811.00178595441,0.0,0.0,0.0,0.0,1.858126608134114e-11,60811.00178595443,94771.24303114068,94771.24303114068,0.0,0.0,3.4519054281645367e-12,2157.6769579323636,1905.339605438247
mask_001,2025-02-04,61004.50678131713,0.0,4710.229849129455,2355.1149245647275,-2355.1149245647275,3.611671761660773e-11,58649.39185675244,95220.10639315117,89212.09046375587,0.0,6008.015929395296,7.136069513080656e-12,1753.6999321229216,1543.9122453698346
mask_010,2025-02-04,61010.56412562283,0.0,5469.2338911248935,2734.6169455624467,-2734.6169455624467,3.93741643733847e-11,58275.947180060415,95234.15729620312,87979.41051544293,0.0,7254.746780760204,8.107292615022743e-12,1741.0541193761676,1496.129927424552
mask_011,2025-02-04,61004.50678131713,0.0,5900.776478593823,2950.3882392969117,-2950.3882392969117,4.0650974142408813e-11,58054.11854202027,95220.10639315117,87513.61060793113,0.0,7706.495785220048,8.43591863031179e-12,1753.6999321229216,1496.129927424552
mask_100,2025-02-04,60964.38003416546,0.0,334.37239111473104,167.18619555736552,-167.18619555736552,1.8267755308443154e-11,60797.19383860811,95127.02648790489,94758.28198794225,0.0,368.7444999626367,3.296918293926865e-12,1837.4718468445828,1576.0798438956444
mask_101,2025-02-04,61004.50678131713,0.0,4710.229849129455,2355.1149245647275,-2355.1149245647275,3.611671761660773e-11,58649.39185675244,95220.10639315117,89212.09046375587,0.0,6008.015929395296,7.136069513080656e-12,1753.6999321229216,1543.9122453698346
mask_110,2025-02-04,61010.56412562283,0.0,5469.2338911248935,2734.6169455624467,-2734.6169455624467,3.93741643733847e-11,58275.947180060415,95234.15729620312,87979.41051544293,0.0,7254.746780760204,8.107292615022743e-12,1741.0541193761676,1496.129927424552
mask_111,2025-02-04,61004.50678131713,0.0,5900.776478593823,2950.3882392969117,-2950.3882392969117,4.0650974142408813e-11,58054.11854202027,95220.10639315117,87513.61060793113,0.0,7706.495785220048,8.43591863031179e-12,1753.6999321229216,1496.129927424552
forecast_only,2025-02-04,60811.00178595441,0.0,0.0,0.0,0.0,1.858126608134114e-11,60811.00178595443,94771.24303114068,94771.24303114068,0.0,0.0,3.4519054281645367e-12,2157.6769579323636,1905.339605438247
mask_000,2025-02-05,55942.41146372476,0.0,0.0,0.0,0.0,153.80665979169493,56096.21812351645,88172.65784811706,88172.65784811706,0.0,0.0,26.479583333338997,1905.339605438247,1616.2432113287157
mask_001,2025-02-05,56115.53516919753,0.0,1397.2438366675037,698.6219183337519,-698.6219183337519,1035.956553390445,56452.869804254224,88574.24380374863,86980.85394244501,0.0,1593.3898613036004,155.67891910429773,1543.9122453698346,1276.4901560648846
mask_010,2025-02-05,56138.42289949332,0.0,2255.8592687273763,1127.9296343636881,-1127.9296343636881,1084.2646078197113,56094.75787294935,88627.33526813227,85898.98477627755,0.0,2728.350491854726,162.88907648179958,1496.129927424552,1276.4901560648846
mask_011,2025-02-05,56138.42289949332,0.0,2263.4498286760745,1131.7249143380373,-1131.7249143380373,1084.2646078197206,56090.96259297501,88627.33526813227,85908.87870886123,0.0,2718.456559271037,162.88907648180174,1496.129927424552,1276.4901560648846
mask_100,2025-02-05,56100.12688950366,0.0,335.14622546292986,167.57311273146493,-167.57311273146493,360.9570400343596,56293.510816806556,88538.50202760883,88167.42220020448,0.0,371.07982740434375,56.174305271794154,1576.0798438956444,1276.4901560648846
mask_101,2025-02-05,56115.53516919753,0.0,1397.2438366675037,698.6219183337519,-698.6219183337519,1035.956553390445,56452.869804254224,88574.24380374863,86980.85394244501,0.0,1593.3898613036004,155.67891910429773,1543.9122453698346,1276.4901560648846
mask_110,2025-02-05,56138.42289949332,0.0,2255.8592687273763,1127.9296343636881,-1127.9296343636881,1084.2646078197113,56094.75787294935,88627.33526813227,85898.98477627755,0.0,2728.350491854726,162.88907648179958,1496.129927424552,1276.4901560648846
mask_111,2025-02-05,56138.42289949332,0.0,2263.4498286760745,1131.7249143380373,-1131.7249143380373,1084.2646078197206,56090.96259297501,88627.33526813227,85908.87870886123,0.0,2718.456559271037,162.88907648180174,1496.129927424552,1276.4901560648846
forecast_only,2025-02-05,55942.41146372476,0.0,0.0,0.0,0.0,153.80665979169493,56096.21812351645,88172.65784811706,88172.65784811706,0.0,0.0,26.479583333338997,1905.339605438247,1616.2432113287157
mask_000,2025-02-06,60385.92848792552,0.0,0.0,0.0,0.0,100.27720747011841,60486.20569539564,94608.4011642602,94608.4011642602,0.0,0.0,17.166345539693477,1616.2432113287157,1626.608847864226
mask_001,2025-02-06,60548.6702013969,0.0,5587.575154208695,2793.7875771043473,-2793.7875771043473,617.9939010849067,58372.876525377455,94985.90455899779,87705.89235306591,0.0,7280.0122059318965,132.3023686898518,1276.4901560648846,1258.554744552206
mask_010,2025-02-06,60548.6702013969,0.0,6586.573810328985,3293.2869051644925,-3293.2869051644925,2294.625329126859,59550.00862535927,94985.90455899779,86164.37228355257,0.0,8821.532275445226,445.10601505496476,1276.4901560648846,1258.554744552206
mask_011,2025-02-06,60548.6702013969,0.0,7258.378140603205,3629.1890703016024,-3629.1890703016024,2503.3568574140886,59422.83798850938,94985.90455899779,85283.93420421233,0.0,9701.970354785475,481.7729187466408,1276.4901560648846,1258.554744552206
mask_100,2025-02-06,60548.6702013969,0.0,331.2295829415847,165.61479147079234,-165.61479147079234,100.27720747012033,60483.33261739623,94985.90455899779,94620.6259349839,0.0,365.2786240139047,17.16634553969391,1276.4901560648846,1292.8444789981509
mask_101,2025-02-06,60548.6702013969,289.30272722934103,5587.575154208695,2793.7875771043473,-2504.484849875006,309.0087357573533,58353.19408727924,94985.90455899779,87855.6233404268,149.73098736088866,7280.0122059318965,53.83324923137064,1276.4901560648846,1337.7345977771033
mask_110,2025-02-06,60548.6702013969,508.8283489716439,6586.573810328985,3293.2869051644925,-2784.4585561928484,1205.3941517402513,58969.6057969443,94985.90455899779,86427.72054790659,263.3482643540325,8821.532275445226,253.01961860333967,1276.4901560648846,1337.7345977771033
mask_111,2025-02-06,60548.6702013969,508.8283489716439,7258.378140603205,3629.1890703016024,-3120.3607213299583,1414.125680027481,58842.435160094414,94985.90455899779,85547.28246856635,263.3482643540325,9701.970354785475,289.6865222950157,1276.4901560648846,1337.7345977771033
forecast_only,2025-02-06,60385.92848792552,0.0,0.0,0.0,0.0,100.27720747011841,60486.20569539564,94608.4011642602,94608.4011642602,0.0,0.0,17.166345539693477,1616.2432113287157,1626.608847864226
mask_000,2025-02-07,24567.713601478292,0.0,0.0,0.0,0.0,3.09022851752161e-11,24567.71360147832,46567.83004833085,46567.83004833085,0.0,0.0,5.9117155615240335e-12,1626.608847864226,2129.213888343482
mask_001,2025-02-07,24744.011516964747,0.0,2497.905924111172,1248.952962055586,-1248.952962055586,2.1769437363872154e-11,23495.058554909185,46976.77905201087,42922.40088642975,0.0,4054.3781655811226,4.473754700029531e-12,1258.554744552206,1650.8836397022476
mask_010,2025-02-07,24744.011516964747,0.0,2915.560664737299,1457.7803323686494,-1457.7803323686494,2.0393109867455906e-11,23286.23118459612,46976.77905201087,42452.5029524196,0.0,4524.276099591272,4.281019982954604e-12,1258.554744552206,1652.1227958493234
mask_011,2025-02-07,24744.011516964747,1.796987069807178,3254.282583648483,1627.1412918242415,-1625.3443047544345,2.0393109867455906e-11,23118.667212210334,46976.77905201087,41705.20400478877,1.1152405323696257,5272.6902877544735,4.281019982954604e-12,1258.554744552206,1652.1227958493234
mask_100,2025-02-07,24727.58673416514,0.0,411.732188130654,205.866094065327,-205.866094065327,3.1222725294099975e-11,24521.720640099848,46938.67934707094,46441.798283864206,0.0,496.8810632067275,5.980105299840943e-12,1292.8444789981509,1618.800924193615
mask_101,2025-02-07,24706.08436727002,0.0,2528.2115464021103,1264.1057732010552,-1264.1057732010552,2.1769437363872154e-11,23441.978594068987,46888.80143731654,42803.72159785137,0.0,4085.079839465165,4.473754700029531e-12,1337.7345977771033,1618.8009241936122
mask_110,2025-02-07,24706.08436727002,0.0,2946.9671409577377,1473.4835704788688,-1473.4835704788688,2.0393109867455906e-11,23232.600796791172,46888.80143731654,42332.70842330886,0.0,4556.0930140076825,4.281019982954604e-12,1337.7345977771033,1618.8009241936122
mask_111,2025-02-07,24706.08436727002,1.796987069807178,3285.6890598689224,1642.8445299344612,-1641.0475428646541,2.0393109867455906e-11,23065.03682440539,46888.80143731654,41585.409475678025,1.1152405323696257,5304.507202170884,4.281019982954604e-12,1337.7345977771033,1618.8009241936122
forecast_only,2025-02-07,24567.713601478292,0.0,0.0,0.0,0.0,3.09022851752161e-11,24567.71360147832,46567.83004833085,46567.83004833085,0.0,0.0,5.9117155615240335e-12,1626.608847864226,2129.213888343482
mask_000,2025-02-08,19365.209466209628,0.0,0.0,0.0,0.0,3.485716271178774e-11,19365.209466209664,36917.167610984034,36917.167610984034,0.0,0.0,7.475353669406104e-12,2129.213888343482,1926.616303455832
mask_001,2025-02-08,19593.798177254732,0.0,369.83735533354593,184.91867766677296,-184.91867766677296,382.8031938143187,19791.68269340228,37448.64566502985,36989.88114883242,0.0,458.7645161974266,62.62116699072922,1650.8836397022476,1557.5100639524787
mask_010,2025-02-08,19593.205998300447,0.0,553.5234245109638,276.7617122554819,-276.7617122554819,1467.117157624197,20783.56144366916,37447.268824866434,36809.381586033196,0.0,637.887238833233,239.99953502767946,1652.1227958493234,1557.5100639524787
mask_011,2025-02-08,19593.205998300447,0.0,553.5234245109637,276.7617122554818,-276.7617122554818,1467.117157624197,20783.56144366916,37447.268824866434,36809.381586033196,0.0,637.8872388332331,239.99953502767946,1652.1227958493234,1557.5100639524787
mask_100,2025-02-08,19609.13015052169,0.0,375.9223072453175,187.96115362265874,-187.96115362265874,3.051406205489826e-11,19421.16899689906,37484.29312670611,37022.575433501435,0.0,461.71769320467064,6.41731112693833e-12,1618.800924193615,1454.7471582302508
mask_101,2025-02-08,19609.13015052169,0.0,400.3699153782964,200.1849576891482,-200.1849576891482,382.8031938143187,19791.748386646857,37484.29312670611,36994.59703311556,0.0,489.69609359054834,62.62116699072922,1618.8009241936122,1524.326232664387
mask_110,2025-02-08,19609.13015052169,268.5687693617216,553.5234245109638,276.7617122554819,-8.19294289376029,571.8879264184583,20172.825134046387,37484.29312670611,36992.85267851671,146.44679064383098,637.887238833233,93.55274438384846,1618.8009241936122,1557.5100639524787
mask_111,2025-02-08,19609.13015052169,268.5687693617216,553.5234245109637,276.7617122554818,-8.192942893760232,571.8879264184583,20172.825134046387,37484.29312670611,36992.85267851671,146.44679064383098,637.8872388332331,93.55274438384846,1618.8009241936122,1557.5100639524787
forecast_only,2025-02-08,19365.209466209628,0.0,0.0,0.0,0.0,3.485716271178774e-11,19365.209466209664,36917.167610984034,36917.167610984034,0.0,0.0,7.475353669406104e-12,2129.213888343482,1926.616303455832
mask_000,2025-02-09,55971.30705710533,0.0,0.0,0.0,0.0,2.8842713550858437e-11,55971.30705710536,88341.14849255007,88341.14849255007,0.0,0.0,5.547562409446982e-12,1926.616303455832,1423.1010953068542
mask_001,2025-02-09,56148.108945827444,0.0,2219.6976018669316,1109.8488009334658,-1109.8488009334658,1561.7497422533243,56600.00988714731,88751.2665364427,86183.22077315566,0.0,2568.045763287041,270.76487219054786,1557.5100639524787,1245.2620645575903
mask_010,2025-02-09,56148.108945827444,0.0,2250.3323789764286,1125.1661894882143,-1125.1661894882143,1632.7247284772764,56655.667484816506,88751.2665364427,85299.09267594172,0.0,3452.1738605009778,281.3581537165107,1557.5100639524787,1245.2620645575903
mask_011,2025-02-09,56148.108945827444,17.735914894328626,3095.5518997455824,1547.7759498727912,-1530.0400349784625,1632.7247284772811,56250.793639326264,88751.2665364427,84944.74367175084,11.070769588526218,3817.5936342803707,281.35815371651177,1557.5100639524787,1245.2620645575903
mask_100,2025-02-09,56197.33237766839,0.0,319.5540296838671,159.77701484193355,-159.77701484193355,915.7082225281868,56953.263585354645,88865.44754280071,88509.59613384336,0.0,355.8514089573614,174.3407647688849,1454.7471582302508,1245.2620645575903
mask_101,2025-02-09,56164.00400101444,181.67748199852238,2219.6976018669316,1109.8488009334658,-928.1713189349434,915.7082225281966,56151.5409046077,88788.13746009613,86316.51580423074,96.42410742166089,2568.045763287041,174.34076476888706,1524.326232664387,1245.2620645575903
mask_110,2025-02-09,56148.108945827444,202.0830196881703,2250.3323789764286,1125.1661894882143,-923.0831698000441,915.7082225281949,56140.733998555595,88751.2665364427,85406.11006488935,107.01738894762445,3452.173860500978,174.34076476888654,1557.5100639524787,1245.2620645575903
mask_111,2025-02-09,56148.108945827444,219.81893458249894,3095.5518997455824,1547.7759498727912,-1327.9570152902922,915.7082225281999,55735.860153065354,88751.2665364427,85051.76106069847,118.08815853615067,3817.5936342803707,174.34076476888765,1557.5100639524787,1245.2620645575903
forecast_only,2025-02-09,55971.30705710533,0.0,0.0,0.0,0.0,2.8842713550858437e-11,55971.30705710536,88341.14849255007,88341.14849255007,0.0,0.0,5.547562409446982e-12,1926.616303455832,1423.1010953068542
mask_000,2025-02-10,53996.73384630775,0.0,0.0,0.0,0.0,2.2418105372068454e-11,53996.73384630777,85863.46260362936,85863.46260362936,0.0,0.0,4.312550316853958e-12,1423.1010953068542,1412.7850291418902
mask_001,2025-02-10,54081.918742036636,0.0,5586.013684340649,2793.0068421703245,-2793.0068421703245,4962.40157076857,56251.31347063488,86061.06152668409,78175.90666265896,0.0,7885.154864025139,869.1829216189112,1245.2620645575903,1263.2544870617853
mask_010,2025-02-10,54081.918742036636,0.0,3738.0124043972487,1869.0062021986244,-1869.0062021986244,629.6170662736859,52842.5296061117,86061.06152668409,80312.0350380491,0.0,5749.026488635001,159.8927974394673,1245.2620645575903,1200.0
mask_011,2025-02-10,54081.918742036636,1086.236094790941,5804.775282836885,2902.3876414184424,-1816.1515466275014,583.3858562200057,52849.15305162914,86061.06152668409,78992.94978492551,1176.2693669646187,8244.381108723219,218.18908166479594,1245.2620645575903,1200.0
mask_100,2025-02-10,54081.918742036636,0.0,322.36681519584937,161.18340759792468,-161.18340759792468,253.9044035035463,54174.63973794226,86061.06152668409,85705.00265522726,0.0,356.0588714568422,90.98479617339366,1245.2620645575903,1200.0
mask_101,2025-02-10,54081.918742036636,1219.6461210419964,5706.476312973863,2853.2381564869315,-1633.592035444935,1426.8698909002137,53875.19659749191,86061.06152668409,78608.58477610163,630.4885975853605,8082.965348167827,361.27107319070353,1245.2620645575903,1200.0
mask_110,2025-02-10,54081.918742036636,211.70974614263744,3738.0124043972487,1869.0062021986244,-1657.296456055987,110.07671898663584,52534.69900496729,86061.06152668409,80421.99719544439,109.96215739528873,5749.026488635002,52.36347883898567,1245.2620645575903,1200.0
mask_111,2025-02-10,54081.918742036636,1086.236094790941,5804.775282836885,2902.3876414184424,-1816.1515466275014,583.3858562200057,52849.15305162914,86061.06152668409,78992.94978492551,1176.2693669646187,8244.381108723219,218.18908166479594,1245.2620645575903,1200.0
forecast_only,2025-02-10,53996.73384630775,0.0,0.0,0.0,0.0,2.2418105372068454e-11,53996.73384630777,85863.46260362936,85863.46260362936,0.0,0.0,4.312550316853958e-12,1423.1010953068542,1412.7850291418902
mask_000,2025-02-11,54798.06736569712,0.0,0.0,0.0,0.0,16.683178755136588,54814.750544452254,86655.35052389918,86655.35052389918,0.0,0.0,3.5617375651446124,1412.7850291418902,1523.6702814945343
mask_001,2025-02-11,54869.69249535349,0.0,3881.870392542638,1940.935196271319,-1940.935196271319,63.144055877986915,52991.90135496016,86821.49557065485,81783.40112110655,0.0,5038.094449548299,13.480797582832658,1263.2544870617853,1523.6702814945343
mask_010,2025-02-11,54899.991394656085,0.0,5088.006739687248,2544.003369843624,-2544.003369843624,1678.3499820552229,54034.338006867685,86891.77833405683,80309.63389729685,0.0,6582.144436759978,272.4177478369314,1200.0,1389.0266765825938
mask_011,2025-02-11,54899.991394656085,0.0,5133.453043197723,2566.7265215988614,-2566.7265215988614,1724.8108591780706,54058.07573223529,86891.77833405683,80360.2256187328,0.0,6531.55271532402,282.33680785461894,1200.0,1389.0266765825938
mask_100,2025-02-11,54899.991394656085,0.0,308.568723531186,154.284361765593,-154.284361765593,904.2895265506618,55649.996559441155,86891.77833405683,86550.62820539041,0.0,341.1501286664047,157.11888265167767,1200.0,1389.0266765825938
mask_101,2025-02-11,54899.991394656085,0.0,4190.439116073823,2095.2195580369116,-2095.2195580369116,950.7504036735121,53755.52224029268,86891.77833405683,81512.53375584213,0.0,5379.244578214702,167.03794266936572,1200.0,1389.0266765825938
mask_110,2025-02-11,54899.991394656085,221.60248994676576,5088.006739687248,2544.003369843624,-2322.4008798968584,904.2895265506755,53481.8800413099,86891.77833405683,80424.9327624821,115.29886518525166,6582.144436759976,157.11888265168017,1200.0,1389.0266765825938
mask_111,2025-02-11,54899.991394656085,221.60248994676576,5133.453043197723,2566.7265215988614,-2345.1240316520957,950.7504036735234,53505.61776667751,86891.77833405683,80475.52448391807,115.29886518525166,6531.55271532402,167.03794266936768,1200.0,1389.0266765825938
forecast_only,2025-02-11,54798.06736569712,0.0,0.0,0.0,0.0,16.683178755136588,54814.750544452254,86655.35052389918,86655.35052389918,0.0,0.0,3.5617375651446124,1412.7850291418902,1523.6702814945343
mask_000,2025-02-12,54786.440380105174,0.0,0.0,0.0,0.0,2.8648534811798187e-11,54786.4403801052,86874.72149761762,86874.72149761762,0.0,0.0,6.341016253741394e-12,1523.6702814945343,1619.7095945559568
mask_001,2025-02-12,54786.440380105174,0.0,4365.487718761034,2182.743859380517,-2182.743859380517,137.52432310498847,52741.22084382965,86874.72149761762,80839.59598355697,0.0,6035.125514060655,31.02152875303858,1523.6702814945343,1581.9838629936849
mask_010,2025-02-12,54850.934666858,0.0,4209.125633816408,2104.562816908204,-2104.562816908204,2313.4765501236056,55059.848400073395,87024.32550307534,80831.31316706141,0.0,6193.012336013924,410.6254265009054,1389.0266765825938,1303.913280537448
mask_011,2025-02-12,54850.934666858,0.0,4365.487718761034,2182.743859380517,-2182.743859380517,137.52432310498847,52805.715130582474,87024.32550307534,80989.19998901468,0.0,6035.125514060655,31.02152875303858,1389.0266765825938,1581.9838629936849
mask_100,2025-02-12,54850.934666858,0.0,0.0,0.0,0.0,2.8648534811798187e-11,54850.934666858026,87024.32550307534,87024.32550307534,0.0,0.0,6.341016253741394e-12,1389.0266765825938,1619.7095945559568
mask_101,2025-02-12,54850.934666858,0.0,4365.487718761034,2182.743859380517,-2182.743859380517,137.52432310498847,52805.715130582474,87024.32550307534,80989.19998901468,0.0,6035.125514060655,31.02152875303858,1389.0266765825938,1581.9838629936849
mask_110,2025-02-12,54850.934666858,393.0546722716347,4209.125633816408,2104.562816908204,-1711.5081446365693,977.0737852715945,54116.50030749302,87024.32550307534,81034.7418202569,203.42865319547377,6193.012336013924,207.19677330543175,1389.0266765825938,1303.913280537448
mask_111,2025-02-12,54850.934666858,0.0,4365.487718761034,2182.743859380517,-2182.743859380517,137.52432310498847,52805.715130582474,87024.32550307534,80989.19998901468,0.0,6035.125514060655,31.02152875303858,1389.0266765825938,1581.9838629936849
forecast_only,2025-02-12,54786.440380105174,0.0,0.0,0.0,0.0,2.8648534811798187e-11,54786.4403801052,86874.72149761762,86874.72149761762,0.0,0.0,6.341016253741394e-12,1523.6702814945343,1619.7095945559568
mask_000,2025-02-13,50548.291045939404,0.0,0.0,0.0,0.0,48.87645085068031,50597.16749679008,81153.38885082197,81153.38885082197,0.0,0.0,11.16028104821998,1619.7095945559568,1630.4409106752128
mask_001,2025-02-13,50566.36167135773,0.0,3228.8957765637683,1614.4478882818842,-1614.4478882818842,165.24886855542803,49117.162651631275,81195.30633033562,76614.94211187011,0.0,4580.364218465495,37.73235952858247,1581.9838629936849,1630.4409106752128
mask_010,2025-02-13,50699.55748035427,0.0,2192.7230167570447,1096.3615083785223,-1096.3615083785223,151.84878049596512,49755.04475247171,81504.27364417588,77959.47675888595,0.0,3544.7968852899257,30.144033601418045,1303.913280537448,1311.70631943802
mask_011,2025-02-13,50566.36167135773,0.0,3228.8957765637683,1614.4478882818842,-1614.4478882818842,165.24886855542803,49117.162651631275,81195.30633033562,76614.94211187011,0.0,4580.364218465495,37.73235952858247,1581.9838629936849,1630.4409106752128
mask_100,2025-02-13,50548.291045939404,0.0,0.0,0.0,0.0,48.87645085068031,50597.16749679008,81153.38885082197,81153.38885082197,0.0,0.0,11.16028104821998,1619.7095945559568,1630.4409106752128
mask_101,2025-02-13,50566.36167135773,0.0,3228.8957765637683,1614.4478882818842,-1614.4478882818842,165.24886855542803,49117.162651631275,81195.30633033562,76614.94211187011,0.0,4580.364218465495,37.73235952858247,1581.9838629936849,1630.4409106752128
mask_110,2025-02-13,50699.55748035427,137.51449337191548,2192.7230167570447,1096.3615083785223,-958.8470150066071,48.876450850687846,49789.58691619834,81504.27364417588,78030.64850713113,71.17174824517531,3544.7968852899257,11.160281048221394,1303.913280537448,1369.692981317996
mask_111,2025-02-13,50566.36167135773,0.0,3228.8957765637683,1614.4478882818842,-1614.4478882818842,165.24886855542803,49117.162651631275,81195.30633033562,76614.94211187011,0.0,4580.364218465495,37.73235952858247,1581.9838629936849,1630.4409106752128
forecast_only,2025-02-13,50548.291045939404,0.0,0.0,0.0,0.0,48.87645085068031,50597.16749679008,81153.38885082197,81153.38885082197,0.0,0.0,11.16028104821998,1619.7095945559568,1630.4409106752128
mask_000,2025-02-14,19916.848425488104,0.0,0.0,0.0,0.0,3.037150886342488e-11,19916.848425488133,38230.45313958141,38230.45313958141,0.0,0.0,6.268763286243484e-12,1630.4409106752128,1904.6808888583726
mask_001,2025-02-14,19916.848425488104,0.0,369.76635594911386,184.88317797455693,-184.88317797455693,3.399221837341315e-11,19731.96524751358,38230.45313958141,37583.561930431184,0.0,646.8912091502302,7.117861855476804e-12,1630.4409106752128,1592.51112510865
mask_010,2025-02-14,20069.203560099482,0.0,397.0450598463774,198.5225299231887,-198.5225299231887,3.8091971799048e-11,19870.681030176333,38584.60268540052,37908.99642831925,0.0,675.606257081259,7.94564414263732e-12,1311.70631943802,1594.3383514772804
mask_011,2025-02-14,19916.848425488104,0.0,369.76635594911386,184.88317797455693,-184.88317797455693,3.399221837341315e-11,19731.96524751358,38230.45313958141,37583.561930431184,0.0,646.8912091502302,7.117861855476804e-12,1630.4409106752128,1592.51112510865
mask_100,2025-02-14,19916.848425488104,0.0,285.1287311043484,142.5643655521742,-142.5643655521742,3.084690991528305e-11,19774.28405993596,38230.45313958141,37867.48094716446,0.0,362.9721924169544,6.45439257596081e-12,1630.4409106752128,1530.1516737587142
mask_101,2025-02-14,19916.848425488104,0.0,369.76635594911386,184.88317797455693,-184.88317797455693,3.399221837341315e-11,19731.96524751358,38230.45313958141,37583.561930431184,0.0,646.8912091502302,7.117861855476804e-12,1630.4409106752128,1592.51112510865
mask_110,2025-02-14,20041.485935720855,0.0,397.0450598463774,198.5225299231887,-198.5225299231887,3.8091971799048e-11,19842.963405797705,38520.17306108943,37844.56680400817,0.0,675.606257081259,7.94564414263732e-12,1369.692981317996,1594.3383514772804
mask_111,2025-02-14,19916.848425488104,0.0,369.76635594911386,184.88317797455693,-184.88317797455693,3.399221837341315e-11,19731.96524751358,38230.45313958141,37583.561930431184,0.0,646.8912091502302,7.117861855476804e-12,1630.4409106752128,1592.51112510865
forecast_only,2025-02-14,19916.848425488104,0.0,0.0,0.0,0.0,3.037150886342488e-11,19916.848425488133,38230.45313958141,38230.45313958141,0.0,0.0,6.268763286243484e-12,1630.4409106752128,1904.6808888583726
mask_000,2025-02-15,20280.32395906438,0.0,0.0,0.0,0.0,1.8253835332160406e-11,20280.323959064397,38303.62028374629,38303.62028374629,0.0,0.0,3.5271785492341223e-12,1904.6808888583726,1756.6773882666923
mask_001,2025-02-15,20429.506420607442,0.0,1045.9282393191647,522.9641196595824,-522.9641196595824,2.2321081871723433e-11,19906.542300947884,38650.47557680154,37166.3120128625,0.0,1484.163563939041,4.589884028405322e-12,1592.51112510865,1643.9963182458825
mask_010,2025-02-15,20428.633209428386,0.0,914.9973271282678,457.4986635641339,-457.4986635641339,1.9934627282225393e-11,19971.134545864268,38648.44532528084,37331.07890124155,0.0,1317.36642403929,3.879341292645222e-12,1594.3383514772804,1626.7835514286664
mask_011,2025-02-15,20429.506420607442,0.0,1045.9282393191647,522.9641196595824,-522.9641196595824,2.2321081871723433e-11,19906.542300947884,38650.47557680154,37166.3120128625,0.0,1484.163563939041,4.589884028405322e-12,1592.51112510865,1643.9963182458825
mask_100,2025-02-15,20459.307309524782,0.0,351.8377814759393,175.91889073796966,-175.91889073796966,84.82771646524176,20368.216135252052,38719.76385607924,38292.09836337196,0.0,427.6654927072804,17.187258933287723,1530.1516737587142,1323.1664752489512
mask_101,2025-02-15,20429.506420607442,0.0,1297.6612849993169,648.8306424996584,-648.8306424996584,84.8277164652461,19865.50349457303,38650.47557680154,36840.05948317394,0.0,1810.416093627592,17.18725893328884,1592.51112510865,1323.1664752489512
mask_110,2025-02-15,20428.633209428386,0.0,1151.4387228956737,575.7193614478368,-575.7193614478368,84.82771646524385,19937.741564445794,38648.44532528084,37020.31786168849,0.0,1628.1274635923469,17.187258933288163,1594.3383514772804,1323.1664752489512
mask_111,2025-02-15,20429.506420607442,0.0,1297.6612849993169,648.8306424996584,-648.8306424996584,84.8277164652461,19865.50349457303,38650.47557680154,36840.05948317394,0.0,1810.416093627592,17.18725893328884,1592.51112510865,1323.1664752489512
forecast_only,2025-02-15,20280.32395906438,0.0,0.0,0.0,0.0,1.8253835332160406e-11,20280.323959064397,38303.62028374629,38303.62028374629,0.0,0.0,3.5271785492341223e-12,1904.6808888583726,1756.6773882666923
mask_000,2025-02-16,54110.86919058914,0.0,0.0,0.0,0.0,59.004553171943996,54169.87374376108,86151.83881542945,86151.83881542945,0.0,0.0,12.969458879424865,1756.6773882666923,1423.7674016043936
mask_001,2025-02-16,54164.8434231291,0.0,5094.913776939675,2547.4568884698374,-2547.4568884698374,3226.631621621168,54844.018156280436,86277.04000434146,79155.98731872618,0.0,7121.052685615278,570.9791211334925,1643.9963182458825,1347.3641559066311
mask_010,2025-02-16,54173.08833843455,0.0,4611.6256415602875,2305.8128207801437,-2305.8128207801437,2533.559970884661,54400.83548853907,86296.16530080503,79824.95159029917,0.0,6471.213710505857,423.0013685138192,1626.7835514286664,1347.3641559066311
mask_011,2025-02-16,54164.8434231291,0.0,5094.913776939675,2547.4568884698374,-2547.4568884698374,3311.318279895724,54928.70481455499,86277.04000434146,79155.98731872618,0.0,7121.052685615278,570.9791211334926,1643.9963182458825,1347.3641559066311
mask_100,2025-02-16,54318.52091792464,0.0,0.0,0.0,0.0,59.004553171943996,54377.52547109658,86633.51760767138,86633.51760767138,0.0,0.0,12.969458879424865,1323.1664752489512,1423.7674016043936
mask_101,2025-02-16,54318.52091792464,437.6748035086226,5202.499615025497,2601.2498075127487,-2163.5750040041257,1785.257052626156,53940.20296654667,86633.51760767138,79562.32145381992,226.52216624414388,7297.718320095593,381.4305695688387,1323.1664752489512,1216.517470159067
mask_110,2025-02-16,54318.52091792464,426.5911082949325,4719.21147964611,2359.605739823055,-1933.0146315281227,1130.619663169427,53516.12594956594,86633.51760767138,80206.42397202192,220.78570933671426,6647.879344986171,239.18927385659487,1323.1664752489512,1216.517470159067
mask_111,2025-02-16,54318.52091792464,516.7982690720575,5202.499615025497,2601.2498075127487,-2084.4515384406914,1595.5720424096457,53829.6414218936,86633.51760767138,79603.2724491171,267.47316154131795,7297.718320095593,340.4795742716646,1323.1664752489512,1216.517470159067
forecast_only,2025-02-16,54110.86919058914,0.0,0.0,0.0,0.0,59.004553171943996,54169.87374376108,86151.83881542945,86151.83881542945,0.0,0.0,12.969458879424865,1756.6773882666923,1423.7674016043936
mask_000,2025-02-17,54495.098497587154,0.0,0.0,0.0,0.0,2.7545439235110433e-11,54495.09849758718,87458.71544974856,87458.71544974856,0.0,0.0,5.974276628961661e-12,1423.7674016043936,1482.5829753031176
mask_001,2025-02-17,54531.69565227638,19.204297425987665,5206.5570381606985,2603.2785190803493,-2584.0742216543617,26.33762395836263,51973.95905458038,87543.6079449683,79722.15810546669,16.993449629225438,7838.443289130834,6.013842666597019,1347.3641559066311,1482.5829753031176
mask_010,2025-02-17,54531.69565227638,0.0,5261.3927121059905,2630.6963560529953,-2630.6963560529953,3.118275135327586e-11,51900.99929622342,87543.6079449683,78621.03028635026,0.0,8922.577658618033,6.906530902739405e-12,1347.3641559066311,1482.5829753031176
mask_011,2025-02-17,54531.69565227638,19.204297425987665,7115.4248418201,3557.71242091005,-3538.5081234840623,26.33762395836627,51019.525152750684,87543.6079449683,76694.23938103358,16.993449629225438,10866.362013563947,6.013842666597951,1347.3641559066311,1482.5829753031176
mask_100,2025-02-17,54495.098497587154,0.0,0.0,0.0,0.0,2.7545439235110433e-11,54495.09849758718,87458.71544974856,87458.71544974856,0.0,0.0,5.974276628961661e-12,1423.7674016043936,1482.5829753031176
mask_101,2025-02-17,54594.371214749466,19.204297425987665,5206.5570381606985,2603.2785190803493,-2584.0742216543617,26.33762395836263,52036.63461705347,87688.99315135449,79867.54331185287,16.993449629225438,7838.443289130834,6.013842666597019,1216.517470159067,1482.5829753031176
mask_110,2025-02-17,54594.371214749466,0.0,5261.3927121059905,2630.6963560529953,-2630.6963560529953,3.118275135327586e-11,51963.674858696504,87688.99315135449,78766.41549273644,0.0,8922.577658618033,6.906530902739405e-12,1216.517470159067,1482.5829753031176
mask_111,2025-02-17,54594.371214749466,19.204297425987665,7115.4248418201,3557.71242091005,-3538.5081234840623,26.33762395836627,51082.20071522377,87688.99315135449,76839.62458741976,16.993449629225438,10866.362013563947,6.013842666597951,1216.517470159067,1482.5829753031176
forecast_only,2025-02-17,54495.098497587154,0.0,0.0,0.0,0.0,2.7545439235110433e-11,54495.09849758718,87458.71544974856,87458.71544974856,0.0,0.0,5.974276628961661e-12,1423.7674016043936,1482.5829753031176
mask_000,2025-02-18,48641.259483802925,0.0,0.0,0.0,0.0,65.10407831782257,48706.36356212075,78194.94918714682,78194.94918714682,0.0,0.0,14.702415284971451,1482.5829753031176,1777.7190765530172
mask_001,2025-02-18,48641.259483802925,0.0,0.0,0.0,0.0,65.10407831782257,48706.36356212075,78194.94918714682,78194.94918714682,0.0,0.0,14.702415284971451,1482.5829753031176,1777.7190765530172
mask_010,2025-02-18,48641.259483802925,0.0,650.8490770153385,325.42453850766924,-325.42453850766924,65.10407831782545,48380.939023613086,78194.94918714682,77322.4567310331,0.0,872.492456113723,14.70241528497204,1482.5829753031176,1655.03322124559
mask_011,2025-02-18,48641.259483802925,0.0,650.8490770153385,325.42453850766924,-325.42453850766924,65.10407831782545,48380.939023613086,78194.94918714682,77322.4567310331,0.0,872.492456113723,14.70241528497204,1482.5829753031176,1655.03322124559
mask_100,2025-02-18,48641.259483802925,0.0,0.0,0.0,0.0,65.10407831782257,48706.36356212075,78194.94918714682,78194.94918714682,0.0,0.0,14.702415284971451,1482.5829753031176,1777.7190765530172
mask_101,2025-02-18,48641.259483802925,0.0,0.0,0.0,0.0,65.10407831782257,48706.36356212075,78194.94918714682,78194.94918714682,0.0,0.0,14.702415284971451,1482.5829753031176,1777.7190765530172
mask_110,2025-02-18,48641.259483802925,22.94714285034396,756.3939157325595,378.1969578662798,-355.2498150159358,65.10407831782581,48351.11374710482,78194.94918714682,77161.01908235716,11.876481044610387,1045.8065858342738,14.702415284972085,1482.5829753031176,1509.7632393778458
mask_111,2025-02-18,48641.259483802925,22.94714285034396,756.3939157325595,378.1969578662798,-355.2498150159358,65.10407831782581,48351.11374710482,78194.94918714682,77161.01908235716,11.876481044610387,1045.8065858342738,14.702415284972085,1482.5829753031176,1509.7632393778458
forecast_only,2025-02-18,48641.259483802925,0.0,0.0,0.0,0.0,65.10407831782257,48706.36356212075,78194.94918714682,78194.94918714682,0.0,0.0,14.702415284971451,1482.5829753031176,1777.7190765530172
mask_000,2025-02-19,48753.112800143965,0.0,0.0,0.0,0.0,336.56961532532773,49089.682415469295,78168.3414812535,78168.3414812535,0.0,0.0,76.85115089058762,1777.7190765530172,1232.1239831618525
mask_001,2025-02-19,48753.112800143965,0.0,619.8491109605291,309.92455548026453,-309.92455548026453,340.390424470226,48783.57866913392,78168.3414812535,77326.61613888692,0.0,841.7253423665844,77.72358133810404,1777.7190765530172,1232.1239831618525
mask_010,2025-02-19,48811.87932483622,0.0,0.0,0.0,0.0,336.56961532532773,49148.44894016155,78304.65909826176,78304.65909826176,0.0,0.0,76.85115089058762,1655.03322124559,1232.1239831618525
mask_011,2025-02-19,48811.87932483622,413.48475176262525,718.7781002636216,359.3890501318108,54.09570163081446,602.7043269373049,49468.67935340434,78304.65909826176,77769.04915462084,468.5657079363018,1004.1756515772195,201.53638980032758,1655.03322124559,1200.0
mask_100,2025-02-19,48753.112800143965,0.0,0.0,0.0,0.0,336.56961532532773,49089.682415469295,78168.3414812535,78168.3414812535,0.0,0.0,76.85115089058762,1777.7190765530172,1232.1239831618525
mask_101,2025-02-19,48753.112800143965,0.0,619.8491109605291,309.92455548026453,-309.92455548026453,340.390424470226,48783.57866913392,78168.3414812535,77326.61613888692,0.0,841.7253423665844,77.72358133810404,1777.7190765530172,1232.1239831618525
mask_110,2025-02-19,48881.46364615088,0.0,0.0,0.0,0.0,336.56961532532773,49218.03326147621,78466.07018922592,78466.07018922592,0.0,0.0,76.85115089058762,1509.7632393778458,1232.1239831618525
mask_111,2025-02-19,48881.46364615088,413.48475176262525,718.7781002636216,359.3890501318108,54.09570163081446,602.7043269373049,49538.263674719,78466.07018922592,77930.460245585,468.5657079363018,1004.1756515772195,201.53638980032758,1509.7632393778458,1200.0
forecast_only,2025-02-19,48753.112800143965,0.0,0.0,0.0,0.0,336.56961532532773,49089.682415469295,78168.3414812535,78168.3414812535,0.0,0.0,76.85115089058762,1777.7190765530172,1232.1239831618525
mask_000,2025-02-20,50682.80977130777,0.0,0.0,0.0,0.0,85.12047932190016,50767.93025062967,81943.45078244896,81943.45078244896,0.0,0.0,18.172604466673857,1232.1239831618525,1724.7040272073932
mask_001,2025-02-20,50682.80977130777,413.0635179056836,2605.3960465003242,1302.6980232501621,-889.6345053444786,392.3808540946335,50185.556120057925,81943.45078244896,78363.2927183753,362.5428349645752,3942.7008990382114,84.5468543919568,1232.1239831618525,1563.816949373628
mask_010,2025-02-20,50682.80977130777,0.0,1891.5389865013708,945.7694932506854,-945.7694932506854,85.12047932190968,49822.160757378995,81943.45078244896,78806.41017509876,0.0,3137.040607350202,18.172604466675523,1232.1239831618525,1661.1752436667189
mask_011,2025-02-20,50698.1971592423,567.6567879882346,3024.9623389136004,1512.4811694568002,-944.8243814685657,392.38085409463633,50145.75363186836,81979.14409707324,78033.37790700249,531.7802155928946,4477.546405663636,84.54685439195725,1200.0,1655.0033857136327
mask_100,2025-02-20,50682.80977130777,0.0,0.0,0.0,0.0,85.12047932190016,50767.93025062967,81943.45078244896,81943.45078244896,0.0,0.0,18.172604466673857,1232.1239831618525,1724.7040272073932
mask_101,2025-02-20,50682.80977130777,413.0635179056836,2605.3960465003242,1302.6980232501621,-889.6345053444786,392.3808540946335,50185.556120057925,81943.45078244896,78363.2927183753,362.5428349645752,3942.7008990382114,84.5468543919568,1232.1239831618525,1563.816949373628
mask_110,2025-02-20,50682.80977130777,0.0,1891.5389865013708,945.7694932506854,-945.7694932506854,85.12047932190968,49822.160757378995,81943.45078244896,78806.41017509876,0.0,3137.040607350202,18.172604466675523,1232.1239831618525,1661.1752436667189
mask_111,2025-02-20,50698.1971592423,567.6567879882346,3024.9623389136004,1512.4811694568002,-944.8243814685657,392.38085409463633,50145.75363186836,81979.14409707324,78033.37790700249,531.7802155928946,4477.546405663636,84.54685439195725,1200.0,1655.0033857136327
forecast_only,2025-02-20,50682.80977130777,0.0,0.0,0.0,0.0,85.12047932190016,50767.93025062967,81943.45078244896,81943.45078244896,0.0,0.0,18.172604466673857,1232.1239831618525,1724.7040272073932
mask_000,2025-02-21,18661.390405187813,0.0,0.0,0.0,0.0,1.899822343887081e-11,18661.39040518783,35986.111310487984,35986.111310487984,0.0,0.0,3.3386626796527707e-12,1724.7040272073932,1919.3845942498565
mask_001,2025-02-21,18738.159592490847,0.0,117.18491229968123,58.592456149840615,-58.592456149840615,2.126824938386562e-11,18679.567136341026,36164.87473030327,36042.5493060311,0.0,122.32542427217754,4.246381024586299e-12,1563.816949373628,1855.3327462100451
mask_010,2025-02-21,18691.693634936713,0.0,115.37779193738598,57.68889596869299,-57.68889596869299,2.4015978539182466e-11,18634.004738968044,36056.6988477554,35939.36421775586,0.0,117.33462999953903,4.4861891979053325e-12,1661.1752436667189,1836.8051493474077
mask_011,2025-02-21,18694.637611180333,0.0,117.18491229968123,58.592456149840615,-58.592456149840615,1.8997013739863175e-11,18636.045155030508,36063.55646770327,35941.23104343109,0.0,122.32542427217754,3.4505731605349865e-12,1655.0033857136327,1855.3327462100451
mask_100,2025-02-21,18661.390405187813,0.0,0.6023095186941828,0.3011547593470914,-0.3011547593470914,1.899822343887081e-11,18661.089250428486,35986.111310487984,35985.5011296363,0.0,0.610180851680866,3.3386626796527707e-12,1724.7040272073932,1918.835431483344
mask_101,2025-02-21,18738.159592490847,0.0,117.18491229968123,58.592456149840615,-58.592456149840615,2.126824938386562e-11,18679.567136341026,36164.87473030327,36042.5493060311,0.0,122.32542427217754,4.246381024586299e-12,1563.816949373628,1855.3327462100451
mask_110,2025-02-21,18691.693634936713,0.0,115.37779193738598,57.68889596869299,-57.68889596869299,2.4015978539182466e-11,18634.004738968044,36056.6988477554,35939.36421775586,0.0,117.33462999953903,4.4861891979053325e-12,1661.1752436667189,1836.8051493474077
mask_111,2025-02-21,18694.637611180333,0.0,117.18491229968123,58.592456149840615,-58.592456149840615,1.8997013739863175e-11,18636.045155030508,36063.55646770327,35941.23104343109,0.0,122.32542427217754,3.4505731605349865e-12,1655.0033857136327,1855.3327462100451
forecast_only,2025-02-21,18661.390405187813,0.0,0.0,0.0,0.0,1.899822343887081e-11,18661.39040518783,35986.111310487984,35986.111310487984,0.0,0.0,3.3386626796527707e-12,1724.7040272073932,1919.3845942498565
mask_000,2025-02-22,18941.462725421203,0.0,0.0,0.0,0.0,2.2271702260212575e-11,18941.462725421225,35816.0458628319,35816.0458628319,0.0,0.0,4.9400483703720965e-12,1919.3845942498565,1904.3588506944059
mask_001,2025-02-22,18971.958521960158,0.0,0.0,0.0,0.0,2.2271702260212575e-11,18971.95852196018,35887.214582876135,35887.214582876135,0.0,0.0,4.9400483703720965e-12,1855.3327462100451,1904.3588506944059
mask_010,2025-02-22,18980.779716688645,0.0,495.8803673979737,247.94018369898686,-247.94018369898686,2.5996928609828274e-11,18732.83953298968,35907.80080161239,35300.138049055226,0.0,607.6627525571682,5.718092666029406e-12,1836.8051493474077,1761.3039909349197
mask_011,2025-02-22,18971.958521960158,0.0,495.8803673979737,247.94018369898686,-247.94018369898686,2.5996928609828274e-11,18724.018338261194,35887.214582876135,35279.55183031897,0.0,607.6627525571682,5.718092666029406e-12,1855.3327462100451,1761.3039909349197
mask_100,2025-02-22,18941.724187916145,0.0,0.0,0.0,0.0,2.2271702260212575e-11,18941.724187916167,35816.65604368358,35816.65604368358,0.0,0.0,4.9400483703720965e-12,1918.835431483344,1904.3588506944059
mask_101,2025-02-22,18971.958521960158,0.0,0.0,0.0,0.0,2.2271702260212575e-11,18971.95852196018,35887.214582876135,35887.214582876135,0.0,0.0,4.9400483703720965e-12,1855.3327462100451,1904.3588506944059
mask_110,2025-02-22,18980.779716688645,23.33056756965577,587.9280197951316,293.9640098975658,-270.6334423279101,2.673097698746574e-11,18710.146274360763,35907.80080161239,35153.24453047081,12.721831926307743,767.2781030678917,5.851319428984425e-12,1836.8051493474077,1623.6857153218768
mask_111,2025-02-22,18971.958521960158,23.33056756965577,587.9280197951316,293.9640098975658,-270.6334423279101,2.673097698746574e-11,18701.325079632275,35887.214582876135,35132.65831173455,12.721831926307743,767.2781030678917,5.851319428984425e-12,1855.3327462100451,1623.6857153218768
forecast_only,2025-02-22,18941.462725421203,0.0,0.0,0.0,0.0,2.2271702260212575e-11,18941.462725421225,35816.0458628319,35816.0458628319,0.0,0.0,4.9400483703720965e-12,1919.3845942498565,1904.3588506944059
mask_000,2025-02-23,49768.48282380447,0.0,0.0,0.0,0.0,109.54154885696357,49878.024372661435,80190.84359760438,80190.84359760438,0.0,0.0,24.041977872963816,1904.3588506944059,1464.4071101158677
mask_001,2025-02-23,49768.48282380447,0.0,0.0,0.0,0.0,109.54154885696357,49878.024372661435,80190.84359760438,80190.84359760438,0.0,0.0,24.041977872963816,1904.3588506944059,1464.4071101158677
mask_010,2025-02-23,49837.006101629275,0.0,2639.7294475331832,1319.8647237665916,-1319.8647237665916,109.54154885696732,48626.68292671966,80349.7934417816,76649.96050289297,0.0,3699.8329388886336,24.041977872964697,1761.3039909349197,1448.20590773058
mask_011,2025-02-23,49837.006101629275,0.0,2639.7294475331832,1319.8647237665916,-1319.8647237665916,109.54154885696732,48626.68292671966,80349.7934417816,76649.96050289297,0.0,3699.8329388886336,24.041977872964697,1761.3039909349197,1448.20590773058
mask_100,2025-02-23,49768.48282380447,0.0,0.0,0.0,0.0,109.54154885696357,49878.024372661435,80190.84359760438,80190.84359760438,0.0,0.0,24.041977872963816,1904.3588506944059,1464.4071101158677
mask_101,2025-02-23,49768.48282380447,0.0,0.0,0.0,0.0,109.54154885696357,49878.024372661435,80190.84359760438,80190.84359760438,0.0,0.0,24.041977872963816,1904.3588506944059,1464.4071101158677
mask_110,2025-02-23,49902.92525564792,0.0,2639.7294475331832,1319.8647237665916,-1319.8647237665916,109.54154885696732,48692.6020807383,80502.7026369072,76802.86969801856,0.0,3699.8329388886336,24.041977872964697,1623.6857153218768,1448.20590773058
mask_111,2025-02-23,49902.92525564792,0.0,2639.7294475331832,1319.8647237665916,-1319.8647237665916,109.54154885696732,48692.6020807383,80502.7026369072,76802.86969801856,0.0,3699.8329388886336,24.041977872964697,1623.6857153218768,1448.20590773058
forecast_only,2025-02-23,49768.48282380447,0.0,0.0,0.0,0.0,109.54154885696357,49878.024372661435,80190.84359760438,80190.84359760438,0.0,0.0,24.041977872963816,1904.3588506944059,1464.4071101158677
mask_000,2025-02-24,48368.78568342881,0.0,0.0,0.0,0.0,187.59197313059988,48556.37765655941,77514.51825086825,77514.51825086825,0.0,0.0,41.75513810431266,1464.4071101158677,1570.1593650516547
mask_001,2025-02-24,48368.78568342881,0.0,0.0,0.0,0.0,187.59197313059988,48556.37765655941,77514.51825086825,77514.51825086825,0.0,0.0,41.75513810431266,1464.4071101158677,1570.1593650516547
mask_010,2025-02-24,48376.546059371365,0.0,2180.2519621529345,1090.1259810764673,-1090.1259810764673,187.59197313060864,47474.0120514255,77532.5195868519,74353.0138297287,0.0,3179.5057571231923,41.755138104314426,1448.20590773058,1472.750178723219
mask_011,2025-02-24,48376.546059371365,0.0,2180.2519621529345,1090.1259810764673,-1090.1259810764673,187.59197313060864,47474.0120514255,77532.5195868519,74353.0138297287,0.0,3179.5057571231923,41.755138104314426,1448.20590773058,1472.750178723219
mask_100,2025-02-24,48368.78568342881,0.0,0.0,0.0,0.0,187.59197313059988,48556.37765655941,77514.51825086825,77514.51825086825,0.0,0.0,41.75513810431266,1464.4071101158677,1570.1593650516547
mask_101,2025-02-24,48368.78568342881,0.0,0.0,0.0,0.0,187.59197313059988,48556.37765655941,77514.51825086825,77514.51825086825,0.0,0.0,41.75513810431266,1464.4071101158677,1570.1593650516547
mask_110,2025-02-24,48376.546059371365,26.15132483139463,2283.5183897673346,1141.7591948836673,-1115.6078700522728,187.59197313060838,47448.5301624497,77532.5195868519,74196.9758877919,13.53483157694518,3349.0785306369366,41.755138104314426,1448.20590773058,1321.6879693134638
mask_111,2025-02-24,48376.546059371365,26.15132483139463,2283.5183897673346,1141.7591948836673,-1115.6078700522728,187.59197313060838,47448.5301624497,77532.5195868519,74196.9758877919,13.53483157694518,3349.0785306369366,41.755138104314426,1448.20590773058,1321.6879693134638
forecast_only,2025-02-24,48368.78568342881,0.0,0.0,0.0,0.0,187.59197313059988,48556.37765655941,77514.51825086825,77514.51825086825,0.0,0.0,41.75513810431266,1464.4071101158677,1570.1593650516547
mask_000,2025-02-25,49391.22215221751,0.0,0.0,0.0,0.0,365.33128500002636,49756.55343721754,79731.97874032953,79731.97874032953,0.0,0.0,81.46333333333897,1570.1593650516547,1480.050640696719
mask_001,2025-02-25,49391.22215221751,0.0,3561.9272501713353,1780.9636250856677,-1780.9636250856677,989.6726678225536,48599.9311949544,79731.97874032953,75070.241092651,0.0,4661.73764767852,228.73616747274605,1570.1593650516547,1259.7324158402314
mask_010,2025-02-25,49437.881152468835,0.0,3223.001815411159,1611.5009077055795,-1611.5009077055795,365.33128500003596,48191.71152976329,79840.21116958334,74050.78722141139,0.0,5789.4239481719505,81.46333333334101,1472.750178723219,1480.050640696719
mask_011,2025-02-25,49437.881152468835,560.8439368499852,5629.57730163776,2814.78865081888,-2253.944713968895,467.7452321084024,47651.68167060835,79840.21116958334,72259.6181241048,397.9522771255788,7978.545322604125,104.09841387882207,1472.750178723219,1480.050640696719
mask_100,2025-02-25,49391.22215221751,0.0,0.0,0.0,0.0,365.33128500002636,49756.55343721754,79731.97874032953,79731.97874032953,0.0,0.0,81.46333333333897,1570.1593650516547,1480.050640696719
mask_101,2025-02-25,49391.22215221751,169.5338396587695,3561.9272501713353,1780.9636250856677,-1611.4297854268982,540.6229895779383,48320.415356368554,79731.97874032953,75157.98471486397,87.7436222129594,4661.73764767852,140.99254525978668,1570.1593650516547,1259.7324158402314
mask_110,2025-02-25,49510.23995077611,0.0,3223.001815411159,1611.5009077055795,-1611.5009077055795,365.33128500003596,48264.070328070564,80008.05806892752,74218.63412075557,0.0,5789.4239481719505,81.46333333334101,1321.6879693134638,1480.050640696719
mask_111,2025-02-25,49510.23995077611,560.8439368499852,5629.57730163776,2814.78865081888,-2253.944713968895,467.7452321084024,47724.04046891562,80008.05806892752,72427.46502344897,397.9522771255788,7978.545322604125,104.09841387882207,1321.6879693134638,1480.050640696719
forecast_only,2025-02-25,49391.22215221751,0.0,0.0,0.0,0.0,365.33128500002636,49756.55343721754,79731.97874032953,79731.97874032953,0.0,0.0,81.46333333333897,1570.1593650516547,1480.050640696719
mask_000,2025-02-26,45029.41100542797,0.0,0.0,0.0,0.0,1891.6090698599978,46921.02007528797,73467.14476399848,73467.14476399848,0.0,0.0,313.07285434801685,1480.050640696719,1650.6808142015054
mask_001,2025-02-26,45134.94343513422,0.0,0.0,0.0,0.0,1780.3143571968214,46915.257792331045,73711.94279161679,73711.94279161679,0.0,0.0,313.0728543480161,1259.7324158402314,1650.6808142015054
mask_010,2025-02-26,45029.41100542797,932.4030996045159,108.59449309729172,54.29724654864586,878.1058530558699,190.18601240327564,46097.70287088712,73467.14476399848,74417.64835765511,1128.8255304974066,178.32193684076935,43.428218559017886,1480.050640696719,1702.5037379699404
mask_011,2025-02-26,45029.41100542797,932.4030996045159,108.59449309729172,54.29724654864586,878.1058530558699,190.18601240327564,46097.70287088712,73467.14476399848,74417.64835765511,1128.8255304974066,178.32193684076935,43.428218559017886,1480.050640696719,1702.5037379699404
mask_100,2025-02-26,45029.41100542797,573.1111543515568,108.59449309729172,54.29724654864586,518.813907802911,486.644218833097,46034.869132063985,73467.14476399848,73585.44118202227,296.61835486455857,178.32193684076935,102.27319281648667,1480.050640696719,1582.1793680297521
mask_101,2025-02-26,45134.94343513422,490.7819203175278,108.59449309729172,54.29724654864586,436.484673768882,660.8376246017165,46232.26573350482,73711.94279161679,73787.62904271047,254.00818793443977,178.32193684076935,144.88335974660475,1259.7324158402314,1582.1793680297521
mask_110,2025-02-26,45029.41100542797,932.4030996045159,108.59449309729172,54.29724654864586,878.1058530558699,190.18601240327564,46097.70287088712,73467.14476399848,74417.64835765511,1128.8255304974066,178.32193684076935,43.428218559017886,1480.050640696719,1702.5037379699404
mask_111,2025-02-26,45029.41100542797,932.4030996045159,108.59449309729172,54.29724654864586,878.1058530558699,190.18601240327564,46097.70287088712,73467.14476399848,74417.64835765511,1128.8255304974066,178.32193684076935,43.428218559017886,1480.050640696719,1702.5037379699404
forecast_only,2025-02-26,45029.41100542797,0.0,0.0,0.0,0.0,1573.394854050863,46602.80585947884,73467.14476399848,73467.14476399848,0.0,0.0,313.07285434801565,1480.050640696719,1650.6808142015054
mask_000,2025-02-27,45939.77866641203,0.0,0.0,0.0,0.0,34.44195890250995,45974.22062531454,74302.95779130308,74302.95779130308,0.0,0.0,7.865256657342313,1650.6808142015054,1731.8963526475789
mask_001,2025-02-27,45939.77866641203,0.0,0.0,0.0,0.0,34.44195890250995,45974.22062531454,74302.95779130308,74302.95779130308,0.0,0.0,7.865256657342313,1650.6808142015054,1731.8963526475789
mask_010,2025-02-27,45914.95548592695,0.0,0.0,0.0,0.0,34.44195890250995,45949.39744482946,74245.37676489372,74245.37676489372,0.0,0.0,7.865256657342313,1702.5037379699404,1731.8963526475789
mask_011,2025-02-27,45914.95548592695,0.0,0.0,0.0,0.0,34.44195890250995,45949.39744482946,74245.37676489372,74245.37676489372,0.0,0.0,7.865256657342313,1702.5037379699404,1731.8963526475789
mask_100,2025-02-27,45972.5908591283,0.0,0.0,0.0,0.0,34.44195890250995,46007.03281803081,74379.0705092717,74379.0705092717,0.0,0.0,7.865256657342313,1582.1793680297521,1731.8963526475789
mask_101,2025-02-27,45972.5908591283,0.0,0.0,0.0,0.0,34.44195890250995,46007.03281803081,74379.0705092717,74379.0705092717,0.0,0.0,7.865256657342313,1582.1793680297521,1731.8963526475789
mask_110,2025-02-27,45914.95548592695,0.0,0.0,0.0,0.0,34.44195890250995,45949.39744482946,74245.37676489372,74245.37676489372,0.0,0.0,7.865256657342313,1702.5037379699404,1731.8963526475789
mask_111,2025-02-27,45914.95548592695,0.0,0.0,0.0,0.0,34.44195890250995,45949.39744482946,74245.37676489372,74245.37676489372,0.0,0.0,7.865256657342313,1702.5037379699404,1731.8963526475789
forecast_only,2025-02-27,45939.77866641203,0.0,0.0,0.0,0.0,34.44195890250995,45974.22062531454,74302.95779130308,74302.95779130308,0.0,0.0,7.865256657342313,1650.6808142015054,1731.8963526475789
mask_000,2025-02-28,18196.216447775572,0.0,0.0,0.0,0.0,2.5226431610292364e-11,18196.216447775598,34582.95757621419,34582.95757621419,0.0,0.0,4.5639048096290935e-12,1731.8963526475789,2000.8612459004355
mask_001,2025-02-28,18196.216447775572,0.0,593.1141809439122,296.5570904719561,-296.5570904719561,3.0753006363681835e-11,17899.659357303648,34582.95757621419,33928.41985010858,0.0,654.5377261056184,5.516032075547628e-12,1731.8963526475789,1937.8681031149238
mask_010,2025-02-28,18196.216447775572,0.0,401.54144363643474,200.77072181821737,-200.77072181821737,3.120451630422849e-11,17995.44572595739,34582.95757621419,34158.2378458283,0.0,424.71973038589255,5.60396173909794e-12,1731.8963526475789,1933.535095692255
mask_011,2025-02-28,18196.216447775572,0.0,593.1141809439122,296.5570904719561,-296.5570904719561,3.0753006363681835e-11,17899.659357303648,34582.95757621419,33928.41985010858,0.0,654.5377261056184,5.516032075547628e-12,1731.8963526475789,1937.8681031149238
mask_100,2025-02-28,18196.216447775572,0.0,78.83117466456405,39.41558733228202,-39.41558733228202,2.5226431610292364e-11,18156.800860443316,34582.95757621419,34503.09618966312,0.0,79.86138655107288,4.5639048096290935e-12,1731.8963526475789,1912.126371954799
mask_101,2025-02-28,18196.216447775572,0.0,615.9828774892538,307.9914387446269,-307.9914387446269,3.0753006363681835e-11,17888.225009030975,34582.95757621419,33905.25229206446,0.0,677.7052841497291,5.516032075547628e-12,1731.8963526475789,1912.1263719548008
mask_110,2025-02-28,18196.216447775572,0.0,420.5607397175517,210.28036985877586,-210.28036985877586,3.120451630422849e-11,17985.936077916827,34582.95757621419,34138.96999446459,0.0,443.98758174960136,5.60396173909794e-12,1731.8963526475789,1912.1263719548008
mask_111,2025-02-28,18196.216447775572,0.0,615.9828774892538,307.9914387446269,-307.9914387446269,3.0753006363681835e-11,17888.225009030975,34582.95757621419,33905.25229206446,0.0,677.7052841497291,5.516032075547628e-12,1731.8963526475789,1912.1263719548008
forecast_only,2025-02-28,18196.216447775572,0.0,0.0,0.0,0.0,2.5226431610292364e-11,18196.216447775598,34582.95757621419,34582.95757621419,0.0,0.0,4.5639048096290935e-12,1731.8963526475789,2000.8612459004355
mask_000,2025-03-01,20091.996921634374,0.0,0.0,0.0,0.0,2.0592593408252924e-11,20091.996921634396,38589.325172814955,38589.325172814955,0.0,0.0,3.714362151185924e-12,2000.8612459004355,1982.8633637882313
mask_001,2025-03-01,20122.107643885847,0.0,825.0750141957527,412.53750709787636,-412.53750709787636,1.9088800762290246e-11,19709.57013678799,38659.317553687746,37414.15088855082,0.0,1245.1666651369237,3.4869884757426917e-12,1937.8681031149238,1934.662170607985
mask_010,2025-03-01,20124.178821433885,0.0,904.8694837213848,452.4347418606924,-452.4347418606924,2.1203203637298882e-11,19671.744079573215,38664.1320063796,37336.882979207905,0.0,1327.249027171695,3.9186431877169525e-12,1933.535095692255,1882.7633379152767
mask_011,2025-03-01,20122.107643885847,0.0,901.541330805957,450.7706654029785,-450.7706654029785,2.1203203637298882e-11,19671.33697848289,38659.317553687746,37333.1188547376,0.0,1326.1986989501463,3.9186431877169525e-12,1937.8681031149238,1890.326938889305
mask_100,2025-03-01,20134.41219138039,0.0,127.74938037862239,63.874690189311195,-63.874690189311195,2.0592593408252924e-11,20070.5375011911,38687.91947719899,38558.500593217,0.0,129.41888398199006,3.714362151185924e-12,1912.126371954799,1843.2471658068503
mask_101,2025-03-01,20134.412191380387,0.0,910.0029365649762,455.0014682824881,-455.0014682824881,1.9088800762290246e-11,19679.410723097917,38687.91947719899,37356.7150019423,0.0,1331.2044752566921,3.4869884757426917e-12,1912.1263719548008,1843.2471658068503
mask_110,2025-03-01,20134.412191380387,0.0,943.691002114733,471.8455010573665,-471.8455010573665,2.1203203637298882e-11,19662.56669032304,38687.91947719899,37321.34158933097,0.0,1366.5778878680258,3.9186431877169525e-12,1912.1263719548008,1843.2471658068503
mask_111,2025-03-01,20134.412191380387,0.0,947.0822766686223,473.54113833431114,-473.54113833431114,2.1203203637298882e-11,19660.8710530461,38687.91947719899,37315.58467667589,0.0,1372.3348005231028,3.9186431877169525e-12,1912.1263719548008,1843.2471658068503
forecast_only,2025-03-01,20091.996921634374,0.0,0.0,0.0,0.0,2.0592593408252924e-11,20091.996921634396,38589.325172814955,38589.325172814955,0.0,0.0,3.714362151185924e-12,2000.8612459004355,1982.8633637882313
mask_000,2025-03-02,50733.92975327029,0.0,0.0,0.0,0.0,1126.081647958781,51860.01140122907,81438.9835151963,81438.9835151963,0.0,0.0,218.50777590017222,1982.8633637882313,1200.3041014722824
mask_001,2025-03-02,50757.018124803624,1250.9367571289863,320.932079876579,160.4660399382895,1090.4707171906969,1475.2646094963156,53322.75345149064,81492.54039650768,82030.32574309266,980.3105494540088,442.5252028690445,270.28077041978594,1934.662170607985,1200.3041014722824
mask_010,2025-03-02,50781.877665663436,0.0,2223.51283482187,1111.756417410935,-1111.756417410935,1578.5842420319425,51248.70549028445,81550.20576616625,78176.50402286733,0.0,3373.7017432989155,285.6829756041022,1882.7633379152767,1200.3041014722824
mask_011,2025-03-02,50778.254700796875,1250.9367571289863,2707.8496496453195,1353.9248248226597,-102.98806769367343,1578.3330767451498,52253.59970984834,81541.801765084,78056.47174844728,980.3105494540088,4465.640566090729,285.64548824786425,1890.326938889305,1200.3041014722824
mask_100,2025-03-02,50800.80591210337,0.0,0.0,0.0,0.0,1126.081647958781,51926.887560062154,81594.1126240645,81594.1126240645,0.0,0.0,218.50777590017222,1843.2471658068503,1200.3041014722824
mask_101,2025-03-02,50800.80591210337,1315.0692609009757,428.25312722217035,214.12656361108517,1100.9426972898905,1736.3636379609593,53638.11224735423,81594.1126240645,81988.8594470964,1013.5028501408029,618.7560271089073,402.13507159454497,1843.2471658068503,1200.0
mask_110,2025-03-02,50800.80591210337,93.89187451886708,2330.8338821674615,1165.4169410837308,-1071.5250665648637,1736.3636379609557,51465.644483499455,81594.1126240645,78092.77456239684,48.59450587111098,3549.932567538779,402.1350715945446,1843.2471658068503,1200.0
mask_111,2025-03-02,50800.80591210337,1344.7562004524991,2815.170696990911,1407.5853484954555,-62.829148042956376,1736.363637960953,52474.34040202137,81594.1126240645,77981.1088017028,1028.8675679688822,4641.871390330593,402.13507159454406,1843.2471658068503,1200.0
forecast_only,2025-03-02,50733.92975327029,0.0,0.0,0.0,0.0,1126.081647958781,51860.01140122907,81438.9835151963,81438.9835151963,0.0,0.0,218.50777590017222,1982.8633637882313,1200.3041014722824
mask_000,2025-03-03,52870.44650273032,0.0,0.0,0.0,0.0,589.7412432758545,53460.18774600618,85090.2994826313,85090.2994826313,0.0,0.0,123.22950248947191,1200.3041014722824,1352.7359073272546
mask_001,2025-03-03,52870.44650273032,1183.265527086627,4088.2287313208326,2044.1143656604163,-860.8488385737892,3.0927965966043304e-11,52009.59766415656,85090.2994826313,79663.05125338181,905.7314133160469,6332.979642565524,6.087574888624658e-12,1200.3041014722824,1458.1662804144999
mask_010,2025-03-03,52870.44650273032,816.0106454789321,3382.5281287551566,1691.2640643775783,-875.2534188986463,3.790029384775906e-11,51995.19308383172,85090.2994826313,80157.17960925677,631.4640326591453,5564.58390603366,7.645772903686066e-12,1200.3041014722824,1458.1662804144999
mask_011,2025-03-03,52870.44650273032,1183.2655270866267,4542.91235042351,2271.456175211755,-1088.1906481251285,3.4482100730315324e-11,51782.255854605224,85090.2994826313,79000.48970626868,905.7314133160469,6995.541189678662,6.815881192778761e-12,1200.3041014722824,1458.1662804144999
mask_100,2025-03-03,52870.44650273032,245.9361971482372,102.17402412974955,51.08701206487478,194.84918508336244,283.33482097052166,53348.630508784205,85090.2994826313,85049.80681983329,127.28628582058184,167.7789486185908,74.44120972588271,1200.3041014722824,1270.069572738805
mask_101,2025-03-03,52870.59216733555,1183.265527086627,4088.2287313208326,2044.1143656604163,-860.8488385737892,3.0927965966043304e-11,52009.74332876178,85090.63737315606,79663.38914390656,905.7314133160469,6332.979642565524,6.087574888624658e-12,1200.0,1458.1662804144999
mask_110,2025-03-03,52870.59216733555,816.0106454789321,3382.5281287551566,1691.2640643775783,-875.2534188986463,3.790029384775906e-11,51995.338748436945,85090.63737315606,80157.51749978153,631.4640326591453,5564.58390603366,7.645772903686066e-12,1200.0,1458.1662804144999
mask_111,2025-03-03,52870.59216733555,1183.2655270866267,4542.91235042351,2271.456175211755,-1088.1906481251285,3.4482100730315324e-11,51782.40151921045,85090.63737315606,79000.82759679345,905.7314133160469,6995.541189678662,6.815881192778761e-12,1200.0,1458.1662804144999
forecast_only,2025-03-03,52870.44650273032,0.0,0.0,0.0,0.0,565.070078322987,53435.51658105331,85090.2994826313,85090.2994826313,0.0,0.0,123.22950248947039,1200.3041014722824,1352.7359073272546
mask_000,2025-03-04,46247.475395679125,0.0,0.0,0.0,0.0,2.7857661066832408e-11,46247.475395679154,74932.77717603956,74932.77717603956,0.0,0.0,5.649702927712497e-12,1352.7359073272546,1588.4089837376694
mask_001,2025-03-04,46196.974246970334,0.0,0.0,0.0,0.0,2.7857661066832408e-11,46196.97424697036,74815.63231705374,74815.63231705374,0.0,0.0,5.649702927712497e-12,1458.1662804144999,1588.4089837376694
mask_010,2025-03-04,46196.974246970334,0.0,0.0,0.0,0.0,2.7857661066832408e-11,46196.97424697036,74815.63231705374,74815.63231705374,0.0,0.0,5.649702927712497e-12,1458.1662804144999,1588.4089837376694
mask_011,2025-03-04,46196.974246970334,0.0,0.0,0.0,0.0,2.7857661066832408e-11,46196.97424697036,74815.63231705374,74815.63231705374,0.0,0.0,5.649702927712497e-12,1458.1662804144999,1588.4089837376694
mask_100,2025-03-04,46287.07256994699,0.0,0.0,0.0,0.0,2.7857661066832408e-11,46287.07256994702,75024.62865891562,75024.62865891562,0.0,0.0,5.649702927712497e-12,1270.069572738805,1588.4089837376694
mask_101,2025-03-04,46196.974246970334,0.0,0.0,0.0,0.0,2.7857661066832408e-11,46196.97424697036,74815.63231705374,74815.63231705374,0.0,0.0,5.649702927712497e-12,1458.1662804144999,1588.4089837376694
mask_110,2025-03-04,46196.974246970334,0.0,0.0,0.0,0.0,2.7857661066832408e-11,46196.97424697036,74815.63231705374,74815.63231705374,0.0,0.0,5.649702927712497e-12,1458.1662804144999,1588.4089837376694
mask_111,2025-03-04,46196.974246970334,0.0,0.0,0.0,0.0,2.7857661066832408e-11,46196.97424697036,74815.63231705374,74815.63231705374,0.0,0.0,5.649702927712497e-12,1458.1662804144999,1588.4089837376694
forecast_only,2025-03-04,46247.475395679125,0.0,0.0,0.0,0.0,2.7857661066832408e-11,46247.475395679154,74932.77717603956,74932.77717603956,0.0,0.0,5.649702927712497e-12,1352.7359073272546,1588.4089837376694
mask_000,2025-03-05,48371.39680897903,0.0,0.0,0.0,0.0,30.558060533363754,48401.954869512396,78535.73828064714,78535.73828064714,0.0,0.0,6.6183000000057985,1588.4089837376694,1620.4454821216682
mask_001,2025-03-05,48371.39680897903,226.4640471855252,2287.2666832584955,1143.6333416292478,-917.1692944437227,30.55806053336047,47484.785575068665,78535.73828064714,75352.51834651019,163.04182320021232,3346.2617573371854,6.61830000000524,1588.4089837376694,1620.4454821216682
mask_010,2025-03-05,48371.39680897903,0.0,3783.289995468066,1891.644997734033,-1891.644997734033,30.558060533367176,46510.30987177836,78535.73828064714,72440.30330814054,0.0,6095.4349725065995,6.618300000006592,1588.4089837376694,1620.4454821216682
mask_011,2025-03-05,48371.39680897903,226.46404718552526,4478.029076888792,2239.014538444396,-2012.5504912588704,30.558060533364674,46389.40437825352,78535.73828064714,71904.48982489386,163.04182320021232,6794.2902789535,6.61830000000608,1588.4089837376694,1620.4454821216682
mask_100,2025-03-05,48371.39680897903,0.0,0.0,0.0,0.0,30.558060533363754,48401.954869512396,78535.73828064714,78535.73828064714,0.0,0.0,6.6183000000057985,1588.4089837376694,1620.4454821216682
mask_101,2025-03-05,48371.39680897903,226.4640471855252,2287.2666832584955,1143.6333416292478,-917.1692944437227,30.55806053336047,47484.785575068665,78535.73828064714,75352.51834651019,163.04182320021232,3346.2617573371854,6.61830000000524,1588.4089837376694,1620.4454821216682
mask_110,2025-03-05,48371.39680897903,0.0,3783.289995468066,1891.644997734033,-1891.644997734033,30.558060533367176,46510.30987177836,78535.73828064714,72440.30330814054,0.0,6095.4349725065995,6.618300000006592,1588.4089837376694,1620.4454821216682
mask_111,2025-03-05,48371.39680897903,226.46404718552526,4478.029076888792,2239.014538444396,-2012.5504912588704,30.558060533364674,46389.40437825352,78535.73828064714,71904.48982489386,163.04182320021232,6794.2902789535,6.61830000000608,1588.4089837376694,1620.4454821216682
forecast_only,2025-03-05,48371.39680897903,0.0,0.0,0.0,0.0,30.558060533363754,48401.954869512396,78535.73828064714,78535.73828064714,0.0,0.0,6.6183000000057985,1588.4089837376694,1620.4454821216682
mask_000,2025-03-06,44904.147455732455,0.0,0.0,0.0,0.0,3.848656771054948e-11,44904.14745573249,73182.40917671281,73182.40917671281,0.0,0.0,7.525313705514236e-12,1620.4454821216682,1531.3182225876012
mask_001,2025-03-06,44904.147455732455,0.0,0.0,0.0,0.0,3.848656771054948e-11,44904.14745573249,73182.40917671281,73182.40917671281,0.0,0.0,7.525313705514236e-12,1620.4454821216682,1531.3182225876012
mask_010,2025-03-06,44904.147455732455,0.0,775.8842171510903,387.94210857554515,-387.94210857554515,4.3897862234132385e-11,44516.20534715695,73182.40917671281,72088.56258999242,0.0,1093.8465867203763,8.633760373299992e-12,1620.4454821216682,1482.3923934812487
mask_011,2025-03-06,44904.147455732455,0.0,775.8842171510903,387.94210857554515,-387.94210857554515,4.3897862234132385e-11,44516.20534715695,73182.40917671281,72088.56258999242,0.0,1093.8465867203763,8.633760373299992e-12,1620.4454821216682,1482.3923934812487
mask_100,2025-03-06,44904.147455732455,0.0,0.0,0.0,0.0,3.848656771054948e-11,44904.14745573249,73182.40917671281,73182.40917671281,0.0,0.0,7.525313705514236e-12,1620.4454821216682,1531.3182225876012
mask_101,2025-03-06,44904.147455732455,0.0,0.0,0.0,0.0,3.848656771054948e-11,44904.14745573249,73182.40917671281,73182.40917671281,0.0,0.0,7.525313705514236e-12,1620.4454821216682,1531.3182225876012
mask_110,2025-03-06,44904.147455732455,0.0,775.8842171510903,387.94210857554515,-387.94210857554515,4.3897862234132385e-11,44516.20534715695,73182.40917671281,72088.56258999242,0.0,1093.8465867203763,8.633760373299992e-12,1620.4454821216682,1482.3923934812487
mask_111,2025-03-06,44904.147455732455,0.0,775.8842171510903,387.94210857554515,-387.94210857554515,4.3897862234132385e-11,44516.20534715695,73182.40917671281,72088.56258999242,0.0,1093.8465867203763,8.633760373299992e-12,1620.4454821216682,1482.3923934812487
forecast_only,2025-03-06,44904.147455732455,0.0,0.0,0.0,0.0,3.848656771054948e-11,44904.14745573249,73182.40917671281,73182.40917671281,0.0,0.0,7.525313705514236e-12,1620.4454821216682,1531.3182225876012
mask_000,2025-03-07,19096.772194414985,0.0,0.0,0.0,0.0,1.3314682245635367e-11,19096.772194415,35768.16254382,35768.16254382,0.0,0.0,2.4278357102502923e-12,1531.3182225876012,2255.165173704785
mask_001,2025-03-07,19096.772194414985,0.0,1017.8408771546981,508.92043857734905,-508.92043857734905,1.0376111969634395e-11,18587.851755837648,35768.16254382,34489.46757180673,0.0,1278.694972013277,1.880717803715015e-12,1531.3182225876012,2244.40341314382
mask_010,2025-03-07,19120.06632527284,0.0,1188.85282089234,594.42641044617,-594.42641044617,1.1451794623695833e-11,18525.63991482668,35822.524576160395,34358.76950846202,0.0,1463.7550676983806,2.0956569812824455e-12,1482.3923934812487,2223.0818145295525
mask_011,2025-03-07,19120.06632527284,0.0,1188.747664435709,594.3738322178546,-594.3738322178546,1.1451794623695833e-11,18525.692493054998,35822.524576160395,34358.88563860605,0.0,1463.6389375543506,2.0956569812824455e-12,1482.3923934812487,2223.0818145295525
mask_100,2025-03-07,19096.772194414985,0.0,83.44494847197242,41.72247423598621,-41.72247423598621,1.3314682245635367e-11,19055.049720179013,35768.16254382,35683.627087967536,0.0,84.53545585246928,2.4278357102502923e-12,1531.3182225876012,2161.2368894242636
mask_101,2025-03-07,19096.772194414985,0.0,1091.7251851619149,545.8625925809574,-545.8625925809574,1.0376111969634395e-11,18550.90960183404,35768.16254382,34414.61770045913,0.0,1353.544843360878,1.880717803715015e-12,1531.3182225876012,2161.2368894242636
mask_110,2025-03-07,19120.06632527284,0.0,1243.7952339066276,621.8976169533138,-621.8976169533138,1.1451794623695833e-11,18498.168708319536,35822.524576160395,34303.10907586725,0.0,1519.4155002931407,2.0956569812824455e-12,1482.3923934812487,2161.2368894242636
mask_111,2025-03-07,19120.06632527284,0.0,1243.690077449997,621.8450387249985,-621.8450387249985,1.1451794623695833e-11,18498.221286547854,35822.524576160395,34303.22520601129,0.0,1519.2993701491105,2.0956569812824455e-12,1482.3923934812487,2161.2368894242636
forecast_only,2025-03-07,19096.772194414985,0.0,0.0,0.0,0.0,1.3314682245635367e-11,19096.772194415,35768.16254382,35768.16254382,0.0,0.0,2.4278357102502923e-12,1531.3182225876012,2255.165173704785
mask_000,2025-03-08,16399.04418514645,0.0,0.0,0.0,0.0,1.900253632225457e-11,16399.044185146467,30997.666762487876,30997.666762487876,0.0,0.0,4.866551606141911e-12,2255.165173704785,2026.7266705069237
mask_001,2025-03-08,16404.151238408216,143.95330020712174,125.79381429017478,62.89690714508739,81.05639306203435,2.6349192050467705e-11,16485.20763147028,31009.624274222282,31003.469305317718,139.10547442346402,145.2604433280271,6.0673688295764805e-12,2244.40341314382,2026.5394144801908
mask_010,2025-03-08,16414.26952148394,0.0,138.4370818320285,69.21854091601425,-69.21854091601425,2.1845315223423258e-11,16345.050980567948,31033.314939349242,30886.24685568537,0.0,147.06808366386875,5.242695166884914e-12,2223.0818145295525,2003.3408481440533
mask_011,2025-03-08,16414.26952148394,152.18829222475992,125.79381429017478,62.89690714508739,89.29138507967252,2.54538775612545e-11,16503.56090656364,31033.314939349242,31035.1176377565,147.06314173528523,145.2604433280271,5.658362667304573e-12,2223.0818145295525,2026.5394144801908
mask_100,2025-03-08,16443.623838889715,0.0,55.50757729978725,27.753788649893625,-27.753788649893625,1.8107221833041363e-11,16415.87005023984,31102.031522799567,31045.798540021948,0.0,56.23298277761853,4.4575454438700035e-12,2161.2368894242636,1964.245578531792
mask_101,2025-03-08,16443.623838889715,165.14594242925006,181.13503520837276,90.56751760418638,74.57842482506368,2.54538775612545e-11,16518.202263714807,31102.031522799567,31059.166826902532,158.46019978455234,201.32489568158596,5.658362667304573e-12,2161.2368894242636,1964.245578531792
mask_110,2025-03-08,16443.623838889715,0.0,173.16892840286533,86.58446420143267,-86.58446420143267,2.1845315223423258e-11,16357.039374688304,31102.031522799567,30919.777696484663,0.0,182.25382631490393,5.242695166884914e-12,2161.2368894242636,1964.245578531792
mask_111,2025-03-08,16443.623838889715,165.14594242925006,181.13503520837276,90.56751760418638,74.57842482506368,2.54538775612545e-11,16518.202263714807,31102.031522799567,31059.166826902532,158.46019978455234,201.32489568158596,5.658362667304573e-12,2161.2368894242636,1964.245578531792
forecast_only,2025-03-08,16399.04418514645,0.0,0.0,0.0,0.0,1.900253632225457e-11,16399.044185146467,30997.666762487876,30997.666762487876,0.0,0.0,4.866551606141911e-12,2255.165173704785,2026.7266705069237
mask_000,2025-03-09,46264.40067019375,0.0,0.0,0.0,0.0,2.3912157643533916,46266.7918859581,75563.90666837807,75563.90666837807,0.0,0.0,1.2392929589720216,2026.7266705069237,1367.495412650251
mask_001,2025-03-09,46264.490365830556,4.7952127013742265,5411.6634608345,2705.83173041725,-2701.036517715876,2733.971455885621,46297.42530400031,75564.11473062998,66847.490625434,2.596287231042652,8719.220392427023,528.1460969442456,2026.5394144801908,1367.495412650251
mask_010,2025-03-09,46275.60247910557,0.0,3382.5487186709624,1691.2743593354812,-1691.2743593354812,2.3912157643533916,44586.719335534435,75589.89091544792,69853.12758030328,0.0,5736.763335144638,1.2392929589720216,2003.3408481440533,1367.495412650251
mask_011,2025-03-09,46264.490365830556,1076.5561676458633,5615.096123100766,2807.548061550383,-1730.9918939045192,192.39304334758663,44725.891515273615,75564.11473062998,67491.51865165067,1039.4756816270212,9112.071760606335,80.1260647770375,2026.5394144801908,1287.198511318728
mask_100,2025-03-09,46294.32911324984,0.0,0.0,0.0,0.0,2.3912157643533916,46296.72032901419,75633.33010390599,75633.33010390599,0.0,0.0,1.2392929589720216,1964.245578531792,1367.495412650251
mask_101,2025-03-09,46294.32911324984,469.96286796825194,5510.319796295222,2755.159898147611,-2285.197030179359,1410.310474046239,45419.442557116716,75633.33010390599,66995.45472769137,243.34760326079072,8881.2229794754,355.27673931944844,1964.245578531792,1287.198511318728
mask_110,2025-03-09,46294.32911324984,0.0,3382.5487186709624,1691.2743593354812,-1691.2743593354812,2.3912157643533916,44605.44596967871,75633.33010390599,69896.56676876135,0.0,5736.763335144638,1.2392929589720216,1964.245578531792,1367.495412650251
mask_111,2025-03-09,46294.32911324984,1076.5561676458633,5615.096123100766,2807.548061550383,-1730.9918939045192,192.39304334758663,44755.7302626929,75633.33010390599,67560.73402492667,1039.4756816270212,9112.071760606335,80.1260647770375,1964.245578531792,1287.198511318728
forecast_only,2025-03-09,46264.40067019375,0.0,0.0,0.0,0.0,2.3912157643533916,46266.7918859581,75563.90666837807,75563.90666837807,0.0,0.0,1.2392929589720216,2026.7266705069237,1367.495412650251
mask_000,2025-03-10,44938.20240886675,0.0,0.0,0.0,0.0,2012.9320843086248,46951.13449317538,74101.01821265373,74101.01821265373,0.0,0.0,415.8916149721128,1367.495412650251,1470.9278648659586
mask_001,2025-03-10,44938.20240886675,1245.6229604467944,639.5468017244353,319.77340086221767,925.8495595845768,3.288269745382876e-11,45864.05196845137,74101.01821265373,74307.95477474143,1067.7673799880572,860.8308179003634,6.798839269350765e-12,1367.495412650251,1453.893744003468
mask_010,2025-03-10,44938.20240886675,0.0,231.59664834636862,115.79832417318431,-115.79832417318431,2012.9320843086243,46835.33616900219,74101.01821265373,73786.51795136114,0.0,314.5002612925931,415.8916149721127,1367.495412650251,1441.1187011047643
mask_011,2025-03-10,44976.66462460456,1245.6229604467944,639.5468017244353,319.77340086221767,925.8495595845768,3.288269745382876e-11,45902.514184189175,74190.23699191098,74397.17355399867,1067.7673799880572,860.8308179003634,6.798839269350765e-12,1287.198511318728,1453.893744003468
mask_100,2025-03-10,44938.20240886675,0.0,0.0,0.0,0.0,2012.9320843086248,46951.13449317538,74101.01821265373,74101.01821265373,0.0,0.0,415.8916149721128,1367.495412650251,1470.9278648659586
mask_101,2025-03-10,44976.66462460456,1245.6229604467944,639.5468017244353,319.77340086221767,925.8495595845768,3.288269745382876e-11,45902.514184189175,74190.23699191098,74397.17355399867,1067.7673799880572,860.8308179003634,6.798839269350765e-12,1287.198511318728,1453.893744003468
mask_110,2025-03-10,44938.20240886675,0.0,231.59664834636862,115.79832417318431,-115.79832417318431,2012.9320843086243,46835.33616900219,74101.01821265373,73786.51795136114,0.0,314.5002612925931,415.8916149721127,1367.495412650251,1441.1187011047643
mask_111,2025-03-10,44976.66462460456,1245.6229604467944,639.5468017244353,319.77340086221767,925.8495595845768,3.288269745382876e-11,45902.514184189175,74190.23699191098,74397.17355399867,1067.7673799880572,860.8308179003634,6.798839269350765e-12,1287.198511318728,1453.893744003468
forecast_only,2025-03-10,44938.20240886675,0.0,0.0,0.0,0.0,1995.169834009075,46933.37224287583,74101.01821265373,74101.01821265373,0.0,0.0,415.8916149721128,1367.495412650251,1470.9278648659586
mask_000,2025-03-11,40132.74837553255,0.0,0.0,0.0,0.0,18235.40121769567,58368.14959322823,65320.01985336191,65320.01985336191,0.0,0.0,3027.0582265258554,1470.9278648659586,1627.904492658841
mask_001,2025-03-11,40140.90771942568,5830.936517925547,97.69887505042335,48.84943752521168,5782.087080400336,3.3213808592336135e-11,45922.994799826054,65338.946654320236,72136.96307585825,6958.4467723712405,160.4303508332349,6.213696224222076e-12,1453.893744003468,1814.0847537410523
mask_010,2025-03-11,40147.02696497417,3686.6370336062814,97.69887505042333,48.84943752521166,3637.7875960810698,2731.8278566061854,46516.642417661424,65353.14114642991,69186.56589994095,3993.855104344271,160.4303508332349,533.3119893492203,1441.1187011047643,1777.68819695518
mask_011,2025-03-11,40140.90771942568,5977.484830501184,1302.225357604323,651.1126788021616,5326.372151699023,3.7270832198288415e-11,45467.279871124745,65338.946654320236,70623.8214665046,7118.877123204475,1834.002311020111,7.286615755219827e-12,1453.893744003468,1966.2089759609125
mask_100,2025-03-11,40132.74837553255,4093.085663914313,97.69887505042337,48.849437525211684,4044.2362263891014,6003.047351473722,50180.03195339538,65320.01985336191,67211.95260938525,2052.363106856581,160.4303508332349,1185.447632467448,1470.9278648659586,1695.4054433754477
mask_101,2025-03-11,40140.90771942568,5830.936517925547,97.69887505042335,48.84943752521168,5782.087080400336,3.3213808592336135e-11,45922.994799826054,65338.946654320236,72136.96307585825,6958.4467723712405,160.4303508332349,6.213696224222076e-12,1453.893744003468,1814.0847537410523
mask_110,2025-03-11,40147.02696497417,3686.6370336062814,97.69887505042333,48.84943752521166,3637.7875960810698,2731.8278566061854,46516.642417661424,65353.14114642991,69186.56589994095,3993.855104344271,160.4303508332349,533.3119893492203,1441.1187011047643,1777.68819695518
mask_111,2025-03-11,40140.90771942568,5977.484830501184,1302.225357604323,651.1126788021616,5326.372151699023,3.7270832198288415e-11,45467.279871124745,65338.946654320236,70623.8214665046,7118.877123204475,1834.002311020111,7.286615755219827e-12,1453.893744003468,1966.2089759609125
forecast_only,2025-03-11,40132.74837553255,0.0,0.0,0.0,0.0,15162.213509168258,55294.96188470081,65320.01985336191,65320.01985336191,0.0,0.0,3595.0870835758114,1470.9278648659586,1968.6326583770685
mask_000,2025-03-12,45927.37385523752,0.0,0.0,0.0,0.0,2.7737182162201886e-11,45927.37385523755,74736.28947854364,74736.28947854364,0.0,0.0,6.898148718903485e-12,1627.904492658841,1524.5568456882536
mask_001,2025-03-12,45838.19351017914,20.300698403052728,5117.82908022359,2558.914540111795,-2538.6138417087423,1183.167135764084,44482.74680423447,74529.42252178561,66651.6593960542,10.991471562875404,7888.7545972942935,187.41735982586468,1814.0847537410523,1334.986135615831
mask_010,2025-03-12,45855.62746087957,0.0,3508.60997285491,1754.304986427455,-1754.304986427455,2.8638341309505927e-11,44101.32247445215,74569.86314043659,68657.88610061907,0.0,5911.977039817508,6.852851619498779e-12,1777.68819695518,1503.6020218073352
mask_011,2025-03-12,45765.32600773583,760.4023710452727,5396.198057235897,2698.0990286179485,-1937.6966575726756,3.357301134321311e-11,43827.629350163195,74360.395608208,66626.51774972165,710.135432749087,8444.013291235431,7.882416941384918e-12,1966.2089759609125,1355.2838822855076
mask_100,2025-03-12,45895.040899844265,0.0,0.0,0.0,0.0,2.7737182162201886e-11,45895.040899844294,74661.28842219185,74661.28842219185,0.0,0.0,6.898148718903485e-12,1695.4054433754477,1524.5568456882536
mask_101,2025-03-12,45838.19351017914,436.6282258397264,5219.42103846057,2609.710519230285,-2173.0822933905592,210.13954908189038,43875.25076587047,74529.42252178561,66700.30996135442,226.46518086943735,8055.577741300632,42.71920728117111,1814.0847537410523,1245.4199450653061
mask_110,2025-03-12,45855.62746087957,0.0,3508.60997285491,1754.304986427455,-1754.304986427455,2.8638341309505927e-11,44101.32247445215,74569.86314043659,68657.88610061907,0.0,5911.977039817508,6.852851619498779e-12,1777.68819695518,1503.6020218073352
mask_111,2025-03-12,45765.32600773583,760.4023710452727,5396.198057235897,2698.0990286179485,-1937.6966575726756,3.357301134321311e-11,43827.629350163195,74360.395608208,66626.51774972165,710.135432749087,8444.013291235431,7.882416941384918e-12,1966.2089759609125,1355.2838822855076
forecast_only,2025-03-12,45764.16506385849,0.0,0.0,0.0,0.0,2.6856322332680088e-11,45764.16506385852,74357.7026277456,74357.7026277456,0.0,0.0,6.4895866458414275e-12,1968.6326583770685,1524.5568456882536
mask_000,2025-03-13,45910.698095352775,0.0,0.0,0.0,0.0,29.38170187706538,45940.07979722984,75177.10905906119,75177.10905906119,0.0,0.0,5.685484661639312,1524.5568456882536,1431.2952743804713
mask_001,2025-03-13,46001.50246547746,1430.9834522809836,576.0474678322257,288.02373391611286,1142.9597183648707,29.381701877062305,47173.84388571939,75387.74318136388,75862.72902225143,1267.5492234563649,792.5633825688119,5.685484661638766,1334.986135615831,1431.2952743804713
mask_010,2025-03-13,45920.73545599173,188.85642379079724,896.2783501885145,448.13917509425727,-259.28275130346,118.15783731503238,45779.610542003305,75200.39219670664,73619.89265474159,186.28162938692304,1766.7811713519745,22.15753873677948,1503.6020218073352,1286.9900072203839
mask_011,2025-03-13,45991.7798448227,1430.9834522809833,1445.9480057925446,722.9740028962723,708.009449384711,29.381701877064778,46729.17099608447,75365.19012950867,74525.72755322768,1267.5492234563649,2107.011799737355,5.685484661639288,1355.2838822855076,1431.2952743804713
mask_100,2025-03-13,45910.698095352775,0.0,0.0,0.0,0.0,29.38170187706538,45940.07979722984,75177.10905906119,75177.10905906119,0.0,0.0,5.685484661639312,1524.5568456882536,1431.2952743804713
mask_101,2025-03-13,46044.40467075117,1430.9834522809836,576.0474678322257,288.02373391611286,1142.9597183648707,29.381701877062305,47216.7460909931,75487.26117086445,75962.24701175201,1267.5492234563649,792.5633825688119,5.685484661638766,1245.4199450653061,1431.2952743804713
mask_110,2025-03-13,45920.73545599173,188.85642379079724,896.2783501885145,448.13917509425727,-259.28275130346,118.15783731503238,45779.610542003305,75200.39219670664,73619.89265474159,186.28162938692304,1766.7811713519745,22.15753873677948,1503.6020218073352,1286.9900072203839
mask_111,2025-03-13,45991.7798448227,1430.9834522809833,1445.9480057925446,722.9740028962723,708.009449384711,29.381701877064778,46729.17099608447,75365.19012950867,74525.72755322768,1267.5492234563649,2107.011799737355,5.685484661639288,1355.2838822855076,1431.2952743804713
forecast_only,2025-03-13,45910.698095352775,0.0,0.0,0.0,0.0,29.38170187706538,45940.07979722984,75177.10905906119,75177.10905906119,0.0,0.0,5.685484661639312,1524.5568456882536,1431.2952743804713
mask_000,2025-03-14,16951.826949898954,0.0,0.0,0.0,0.0,1.9277559326624786e-11,16951.826949898972,32565.63390738362,32565.63390738362,0.0,0.0,3.980371587886111e-12,1431.2952743804713,2201.4294267523437
mask_001,2025-03-14,16951.826949898954,177.881739143485,92.24702671832421,46.123513359162104,131.7582257843229,1.9350762991976468e-11,17083.585175683296,32565.63390738362,32557.410360587764,151.7375290139601,159.96107580981652,4.015010546254416e-12,1431.2952743804713,2054.4362049069014
mask_010,2025-03-14,17020.436087474285,0.0,0.0,0.0,0.0,1.9277559326624786e-11,17020.436087474303,32725.973093117056,32725.973093117056,0.0,0.0,3.980371587886111e-12,1286.9900072203839,2201.4294267523437
mask_011,2025-03-14,16951.826949898954,177.881739143485,92.24702671832421,46.123513359162104,131.7582257843229,1.9350762991976468e-11,17083.585175683296,32565.63390738362,32557.410360587764,151.7375290139601,159.96107580981652,4.015010546254416e-12,1431.2952743804713,2054.4362049069014
mask_100,2025-03-14,16951.826949898954,0.0,0.0,0.0,0.0,1.9277559326624786e-11,16951.826949898972,32565.63390738362,32565.63390738362,0.0,0.0,3.980371587886111e-12,1431.2952743804713,2201.4294267523437
mask_101,2025-03-14,16951.826949898954,177.881739143485,92.24702671832421,46.123513359162104,131.7582257843229,1.9350762991976468e-11,17083.585175683296,32565.63390738362,32557.410360587764,151.7375290139601,159.96107580981652,4.015010546254416e-12,1431.2952743804713,2054.4362049069014
mask_110,2025-03-14,17020.436087474285,0.0,0.0,0.0,0.0,1.9277559326624786e-11,17020.436087474303,32725.973093117056,32725.973093117056,0.0,0.0,3.980371587886111e-12,1286.9900072203839,2201.4294267523437
mask_111,2025-03-14,16951.826949898954,177.881739143485,92.24702671832421,46.123513359162104,131.7582257843229,1.9350762991976468e-11,17083.585175683296,32565.63390738362,32557.410360587764,151.7375290139601,159.96107580981652,4.015010546254416e-12,1431.2952743804713,2054.4362049069014
forecast_only,2025-03-14,16951.826949898954,0.0,0.0,0.0,0.0,1.9277559326624786e-11,16951.826949898972,32565.63390738362,32565.63390738362,0.0,0.0,3.980371587886111e-12,1431.2952743804713,2201.4294267523437
mask_000,2025-03-15,16203.712784826057,0.0,0.0,0.0,0.0,2.2054461812359708e-11,16203.712784826079,31146.379365011733,31146.379365011733,0.0,0.0,4.568567746332519e-12,2201.4294267523437,1535.7433950483132
mask_001,2025-03-15,16273.485567462027,373.82280887551684,92.2696916631226,46.1348458315613,327.6879630439555,2.1361190039037584e-11,16601.173530506007,31309.70516706222,31456.095013264377,306.3902241887745,160.00037798661396,4.329314684525798e-12,2054.4362049069014,1377.388795803445
mask_010,2025-03-15,16203.712784826057,0.0,0.0,0.0,0.0,2.2054461812359708e-11,16203.712784826079,31146.379365011733,31146.379365011733,0.0,0.0,4.568567746332519e-12,2201.4294267523437,1535.7433950483132
mask_011,2025-03-15,16273.485567462027,373.82280887551684,92.2696916631226,46.1348458315613,327.6879630439555,2.1361190039037584e-11,16601.173530506007,31309.70516706222,31456.095013264377,306.3902241887745,160.00037798661396,4.329314684525798e-12,2054.4362049069014,1377.388795803445
mask_100,2025-03-15,16203.712784826057,0.0,92.89068142187365,46.445340710936826,-46.445340710936826,2.2054461812359708e-11,16157.267444115143,31146.379365011733,31052.274733847844,0.0,94.1046311638878,4.568567746332519e-12,2201.4294267523437,1431.1826937551045
mask_101,2025-03-15,16273.485567462027,373.82280887551684,92.2696916631226,46.1348458315613,327.6879630439555,2.1361190039037584e-11,16601.173530506007,31309.70516706222,31456.095013264377,306.3902241887745,160.00037798661396,4.329314684525798e-12,2054.4362049069014,1377.388795803445
mask_110,2025-03-15,16203.712784826057,0.0,92.89068142187365,46.445340710936826,-46.445340710936826,2.2054461812359708e-11,16157.267444115143,31146.379365011733,31052.274733847844,0.0,94.1046311638878,4.568567746332519e-12,2201.4294267523437,1431.1826937551045
mask_111,2025-03-15,16273.485567462027,373.82280887551684,92.2696916631226,46.1348458315613,327.6879630439555,2.1361190039037584e-11,16601.173530506007,31309.70516706222,31456.095013264377,306.3902241887745,160.00037798661396,4.329314684525798e-12,2054.4362049069014,1377.388795803445
forecast_only,2025-03-15,16203.712784826057,0.0,0.0,0.0,0.0,2.2054461812359708e-11,16203.712784826079,31146.379365011733,31146.379365011733,0.0,0.0,4.568567746332519e-12,2201.4294267523437,1535.7433950483132
mask_000,2025-03-16,43915.77651435318,0.0,0.0,0.0,0.0,7.461180000032948,43923.237694353214,71442.52491620093,71442.52491620093,0.0,0.0,1.6400000000066601,1535.7433950483132,1577.2527487646987
mask_001,2025-03-16,43991.62836739147,234.1023257767362,208.03987126429615,104.01993563214808,130.08239014458812,7.4611800000338775,44129.1719375361,71618.47447091744,71652.26608959441,360.7988466934215,327.00722801645134,1.6400000000070478,1377.388795803445,1404.0161771264961
mask_010,2025-03-16,43915.77651435318,0.0,1634.8716964472571,817.4358482236286,-817.4358482236286,7.461180000032948,43105.80184612959,71442.52491620093,69228.50542915412,0.0,2214.0194870468054,1.6400000000066601,1535.7433950483132,1577.2527487646987
mask_011,2025-03-16,43991.62836739147,387.7345408205058,1868.2292367228729,934.1146183614364,-546.3800775409306,7.461180000032948,43452.709469850575,71618.47447091744,69497.57917114999,528.9841347091967,2649.879434476644,1.6400000000066601,1377.388795803445,1577.252748764698
mask_100,2025-03-16,43965.86109027263,0.0,0.0,0.0,0.0,7.461180000032948,43973.32227027266,71558.70347319338,71558.70347319338,0.0,0.0,1.6400000000066601,1431.1826937551045,1577.2527487646987
mask_101,2025-03-16,43991.62836739147,234.1023257767362,208.03987126429615,104.01993563214808,130.08239014458812,7.4611800000338775,44129.1719375361,71618.47447091744,71652.26608959441,360.7988466934215,327.00722801645134,1.6400000000070478,1377.388795803445,1404.0161771264961
mask_110,2025-03-16,43965.86109027263,0.0,1634.8716964472571,817.4358482236286,-817.4358482236286,7.461180000032948,43155.886422049036,71558.70347319338,69344.68398614657,0.0,2214.0194870468054,1.6400000000066601,1431.1826937551045,1577.2527487646987
mask_111,2025-03-16,43991.62836739147,387.7345408205058,1868.2292367228729,934.1146183614364,-546.3800775409306,7.461180000032948,43452.709469850575,71618.47447091744,69497.57917114999,528.9841347091967,2649.879434476644,1.6400000000066601,1377.388795803445,1577.252748764698
forecast_only,2025-03-16,43915.77651435318,0.0,0.0,0.0,0.0,7.461180000032948,43923.237694353214,71442.52491620093,71442.52491620093,0.0,0.0,1.6400000000066601,1535.7433950483132,1577.2527487646987
mask_000,2025-03-17,41035.07652748312,0.0,0.0,0.0,0.0,2.694146949977494e-11,41035.07652748315,68506.9916005223,68506.9916005223,0.0,0.0,5.4152238249116635e-12,1577.2527487646987,2054.6526867131997
mask_001,2025-03-17,41118.05684529783,17.92305264212465,3130.1540437890044,1565.0770218945022,-1547.1539692523775,2074.40399179046,41645.30686783591,68699.47668012031,62765.04707619173,10.025145948721502,5944.454749877308,419.4632982203045,1404.0161771264961,1826.6816170614368
mask_010,2025-03-17,41035.07652748312,0.0,1753.148578063794,876.574289031897,-876.574289031897,3.7013063725055415e-11,40158.502238451256,68506.9916005223,65139.1671260746,0.0,3367.8244744477174,7.050804384789444e-12,1577.2527487646987,1862.6454666968855
mask_011,2025-03-17,41035.07652748312,1122.7238191731278,3236.38718775467,1618.193593877335,-495.46977470420734,2.6517892465216523e-11,40539.60675277894,68506.9916005223,63619.804820521684,1231.712358798591,6118.899138799219,5.259515045707985e-12,1577.252748764698,1894.580146059561
mask_100,2025-03-17,41035.07652748312,0.0,0.0,0.0,0.0,2.694146949977494e-11,41035.07652748315,68506.9916005223,68506.9916005223,0.0,0.0,5.4152238249116635e-12,1577.2527487646987,2054.6526867131997
mask_101,2025-03-17,41118.05684529783,462.3914255871804,3236.3871877546703,1618.1935938773352,-1155.8021682901547,1231.8987200185309,41194.15339702621,68699.47668012031,62820.64092081538,240.06337949428251,6118.899138799219,296.189675991536,1404.0161771264961,1785.2364223153452
mask_110,2025-03-17,41035.07652748312,0.0,1753.148578063794,876.574289031897,-876.574289031897,3.7013063725055415e-11,40158.502238451256,68506.9916005223,65139.1671260746,0.0,3367.8244744477174,7.050804384789444e-12,1577.2527487646987,1862.6454666968855
mask_111,2025-03-17,41035.07652748312,1122.7238191731278,3236.38718775467,1618.193593877335,-495.46977470420734,2.6517892465216523e-11,40539.60675277894,68506.9916005223,63619.804820521684,1231.712358798591,6118.899138799219,5.259515045707985e-12,1577.252748764698,1894.580146059561
forecast_only,2025-03-17,41035.07652748312,0.0,0.0,0.0,0.0,2.694146949977494e-11,41035.07652748315,68506.9916005223,68506.9916005223,0.0,0.0,5.4152238249116635e-12,1577.2527487646987,2054.6526867131997
mask_000,2025-03-18,47259.59735397065,0.0,0.0,0.0,0.0,2.8126655352012085e-11,47259.597353970676,76515.02888952885,76515.02888952885,0.0,0.0,5.315567430663748e-12,2054.6526867131997,1863.4358160567706
mask_001,2025-03-18,47368.79549633384,441.69305010433527,3286.4671056091674,1643.2335528045837,-1201.5405027002485,2.8948405131345997e-11,46167.25499363362,76768.33007803082,72310.74174926605,373.07435710227895,4830.662685867054,5.571362815537384e-12,1826.6816170614368,1863.4358160567706
mask_010,2025-03-18,47351.56881235847,0.0,3394.2125261213137,1697.1062630606568,-1697.1062630606568,2.8126655352012085e-11,45654.46254929784,76728.37024510253,70713.68061692594,0.0,6014.689628176617,5.315567430663748e-12,1862.6454666968855,1863.4358160567706
mask_011,2025-03-18,47336.27210094374,441.69305010433527,5956.371291763289,2978.1856458816446,-2536.4925957773094,2.8948405131345997e-11,44799.779505166465,76692.8872680329,67895.70375335542,373.07435710227895,9170.257871779768,5.571362815537384e-12,1894.580146059561,1863.4358160567706
mask_100,2025-03-18,47259.59735397065,0.0,0.0,0.0,0.0,2.8126655352012085e-11,47259.597353970676,76515.02888952885,76515.02888952885,0.0,0.0,5.315567430663748e-12,2054.6526867131997,1863.4358160567706
mask_101,2025-03-18,47388.64774461722,441.69305010433527,3286.4671056091674,1643.2335528045837,-1201.5405027002485,2.8948405131345997e-11,46187.107241917,76814.38029441536,72356.7919656506,373.07435710227895,4830.662685867054,5.571362815537384e-12,1785.2364223153452,1863.4358160567706
mask_110,2025-03-18,47351.56881235847,0.0,3394.2125261213137,1697.1062630606568,-1697.1062630606568,2.8126655352012085e-11,45654.46254929784,76728.37024510253,70713.68061692594,0.0,6014.689628176617,5.315567430663748e-12,1862.6454666968855,1863.4358160567706
mask_111,2025-03-18,47336.27210094374,441.69305010433527,5956.371291763289,2978.1856458816446,-2536.4925957773094,2.8948405131345997e-11,44799.779505166465,76692.8872680329,67895.70375335542,373.07435710227895,9170.257871779768,5.571362815537384e-12,1894.580146059561,1863.4358160567706
forecast_only,2025-03-18,47259.59735397065,0.0,0.0,0.0,0.0,2.8126655352012085e-11,47259.597353970676,76515.02888952885,76515.02888952885,0.0,0.0,5.315567430663748e-12,2054.6526867131997,1863.4358160567706
mask_000,2025-03-19,38979.92879565385,0.0,0.0,0.0,0.0,3795.879675795115,42775.80847144896,63172.729979916265,63172.729979916265,0.0,0.0,658.9294548708638,1863.4358160567706,1680.4730333545267
mask_001,2025-03-19,38979.92879565385,3261.8677382040496,101.98960663226731,50.994803316133655,3210.872934887916,3.4225035250301516e-11,42190.801730541796,63172.729979916265,66806.22331318868,3800.9694517529297,167.47611848052043,6.259881502046483e-12,1863.4358160567706,1901.347285930005
mask_010,2025-03-19,38979.92879565385,2817.3666276210397,101.98960663226734,50.99480331613367,2766.371824304906,3.256696956555061e-11,41746.30061995878,63172.729979916265,66044.75138901842,3039.4975275826755,167.47611848052043,5.8619775700208265e-12,1863.4358160567706,1901.347285930005
mask_011,2025-03-19,38979.92879565385,3261.8677382040496,101.98960663226731,50.994803316133655,3210.872934887916,3.4225035250301516e-11,42190.801730541796,63172.729979916265,66806.22331318868,3800.9694517529297,167.47611848052043,6.259881502046483e-12,1863.4358160567706,1901.347285930005
mask_100,2025-03-19,38979.92879565385,1290.101291472798,101.98960663226732,50.99480331613366,1239.1064881566642,1556.2940261635395,41775.32930997405,63172.729979916265,63665.372966194496,660.1191047587455,167.47611848052043,313.6359123718482,1863.4358160567706,1874.2176867141993
mask_101,2025-03-19,38979.92879565385,3261.8677382040496,101.98960663226731,50.994803316133655,3210.872934887916,3.4225035250301516e-11,42190.801730541796,63172.729979916265,66806.22331318868,3800.9694517529297,167.47611848052043,6.259881502046483e-12,1863.4358160567706,1901.347285930005
mask_110,2025-03-19,38979.92879565385,2817.3666276210397,101.98960663226734,50.99480331613367,2766.371824304906,3.256696956555061e-11,41746.30061995878,63172.729979916265,66044.75138901842,3039.4975275826755,167.47611848052043,5.8619775700208265e-12,1863.4358160567706,1901.347285930005
mask_111,2025-03-19,38979.92879565385,3261.8677382040496,101.98960663226731,50.994803316133655,3210.872934887916,3.4225035250301516e-11,42190.801730541796,63172.729979916265,66806.22331318868,3800.9694517529297,167.47611848052043,6.259881502046483e-12,1863.4358160567706,1901.347285930005
forecast_only,2025-03-19,38979.92879565385,0.0,0.0,0.0,0.0,3368.9475628597615,42348.87635851361,63172.729979916265,63172.729979916265,0.0,0.0,742.7496377710493,1863.4358160567706,1773.6065699102892
mask_000,2025-03-20,44002.301863013825,0.0,0.0,0.0,0.0,1252.1728811251235,45254.47474413895,71696.66192233874,71696.66192233874,0.0,0.0,257.1664739686469,1680.4730333545267,1624.790599105588
mask_001,2025-03-20,43896.503096030174,542.7475619706065,4749.225173719815,2374.6125868599074,-1831.865024889301,8943.184999838733,51007.823070979604,71451.24608614377,64529.134620710676,453.7645682121503,7375.876033645235,1472.7914532096565,1901.347285930005,1540.1101024339348
mask_010,2025-03-20,43896.503096030174,0.0,3360.9449577513415,1680.4724788756707,-1680.4724788756707,1252.1728811251241,43468.203498279625,71451.24608614377,66788.82694232685,0.0,4662.419143816911,257.1664739686472,1901.347285930005,1624.790599105588
mask_011,2025-03-20,43896.503096030174,2027.9165650256994,4854.161200019197,2427.0806000095986,-399.16403498389946,1717.7113499236525,45215.050410969925,71451.24608614377,66052.80837019376,2149.752722600775,7548.190438550788,291.52870388953585,1901.347285930005,1403.3510408247791
mask_100,2025-03-20,43909.49817405455,0.0,0.0,0.0,0.0,1252.1728811251241,45161.67105517967,71481.39008527245,71481.39008527245,0.0,0.0,257.1664739686472,1874.2176867141993,1624.790599105588
mask_101,2025-03-20,43896.503096030174,2706.9704449177934,4854.161200019196,2427.080600009598,279.8898449081953,1836.1631191597774,46012.55606009815,71451.24608614377,65453.64880272843,1550.593155135448,7548.190438550788,401.5909505724555,1901.347285930005,1403.3510408247791
mask_110,2025-03-20,43896.503096030174,0.0,3360.9449577513415,1680.4724788756707,-1680.4724788756707,1252.1728811251241,43468.203498279625,71451.24608614377,66788.82694232685,0.0,4662.419143816911,257.1664739686472,1901.347285930005,1624.790599105588
mask_111,2025-03-20,43896.503096030174,2412.654924011487,4854.161200019197,2427.0806000095986,-14.425675998111728,382.1361618783824,44264.213581910444,71451.24608614377,66251.93284758204,2348.8771999890664,7548.190438550788,92.40422650124452,1901.347285930005,1403.3510408247791
forecast_only,2025-03-20,43957.69089900362,0.0,0.0,0.0,0.0,1252.1728811251235,45209.86378012874,71593.18021505457,71593.18021505457,0.0,0.0,257.1664739686469,1773.6065699102892,1624.790599105588
mask_000,2025-03-21,16470.606391424226,0.0,0.0,0.0,0.0,1.9613349777625187e-11,16470.606391424244,31341.948125778697,31341.948125778697,0.0,0.0,3.8223868514819515e-12,1624.790599105588,2032.0702730406167
mask_001,2025-03-21,16510.801400511034,8.809545531240067,589.3092374659959,294.65461873299796,-285.84507320175794,2.2763214146959142e-11,16224.9563273093,31436.03756652498,30766.15522597798,5.467352778030204,675.3496933250315,4.52049508936625e-12,1540.1101024339348,2032.0702730406167
mask_010,2025-03-21,16470.606391424226,0.0,462.70071527125515,231.35035763562757,-231.35035763562757,1.463079674079992e-11,16239.256033788612,31341.948125778697,30811.865816411562,0.0,530.0823093671326,3.0265789874306392e-12,1624.790599105588,2030.2947628563645
mask_011,2025-03-21,16575.716368421512,8.809545531240067,589.3092374659959,294.65461873299796,-285.84507320175794,2.2763214146959142e-11,16289.871295219778,31587.99207942404,30918.10973887704,5.467352778030204,675.3496933250315,4.52049508936625e-12,1403.3510408247791,2032.0702730406167
mask_100,2025-03-21,16470.606391424226,0.0,327.9027759942288,163.9513879971144,-163.9513879971144,1.9660410799371418e-11,16306.655003427131,31341.948125778697,30938.075910679036,0.0,403.8722150996614,3.806399639927349e-12,1624.790599105588,1613.1220851827534
mask_101,2025-03-21,16575.716368421512,8.809545531240067,917.2120134602246,458.6060067301123,-449.7964611988723,2.2810275168705373e-11,16125.919907222664,31587.99207942404,30514.23752377738,5.467352778030204,1079.221908424693,4.504507877811648e-12,1403.3510408247791,1613.1220851827534
mask_110,2025-03-21,16470.606391424226,0.0,789.0261457728978,394.5130728864489,-394.5130728864489,1.4818133109439913e-11,16076.093318537793,31341.948125778697,30409.591560477726,0.0,932.3565653009687,3.039013485306441e-12,1624.790599105588,1613.1220851827516
mask_111,2025-03-21,16575.716368421512,8.809545531240067,917.2120134602246,458.6060067301123,-449.7964611988723,2.2810275168705373e-11,16125.919907222664,31587.99207942404,30514.23752377738,5.467352778030204,1079.221908424693,4.504507877811648e-12,1403.3510408247791,1613.1220851827534
forecast_only,2025-03-21,16470.606391424226,0.0,0.0,0.0,0.0,1.9613349777625187e-11,16470.606391424244,31341.948125778697,31341.948125778697,0.0,0.0,3.8223868514819515e-12,1624.790599105588,2032.0702730406167
mask_000,2025-03-22,16842.096737875403,0.0,0.0,0.0,0.0,1.679534022969165e-11,16842.09673787542,31767.511273821267,31767.511273821267,0.0,0.0,3.5562663924793014e-12,2032.0702730406167,2254.7627092148505
mask_001,2025-03-22,16842.096737875403,29.284955680208082,237.62768048013882,118.81384024006941,-89.52888455986134,1.679534022969165e-11,16752.56785331556,31767.511273821267,31504.226122769134,18.367867022068026,281.6530180742013,3.5562663924793014e-12,2032.0702730406167,2254.7627092148505
mask_010,2025-03-22,16842.939316097287,0.0,526.9503337858881,263.47516689294406,-263.47516689294406,1.679534022969165e-11,16579.464149204363,31769.48406291488,31178.90592959171,0.0,590.5781333231687,3.5562663924793014e-12,2030.2947628563645,2254.7627092148505
mask_011,2025-03-22,16842.096737875403,29.284955680208082,546.4736375726934,273.2368187863467,-243.9518631061386,1.679534022969165e-11,16598.14487476928,31767.511273821267,31176.9331404981,18.367867022068026,608.9460003452367,3.5562663924793014e-12,2032.0702730406167,2254.7627092148505
mask_100,2025-03-22,17040.947795119137,0.0,341.2200711297863,170.61003556489314,-170.61003556489314,1.6411889403045165e-11,16870.337759554262,32233.00926033,31812.37125858215,0.0,420.63800174785086,3.374855950255551e-12,1613.1220851827534,1826.372509783991
mask_101,2025-03-22,17040.947795119137,29.284955680208082,578.8477516099251,289.42387580496256,-260.13892012475446,1.6411889403045165e-11,16780.808874994396,32233.00926033,31549.086107530016,18.367867022068026,702.2910198220521,3.374855950255551e-12,1613.1220851827534,1826.372509783991
mask_110,2025-03-22,17040.94779511914,0.0,868.1704049156743,434.08520245783717,-434.08520245783717,1.6411889403045165e-11,16606.86259266132,32233.009260330004,31221.793125258984,0.0,1011.2161350710196,3.374855950255551e-12,1613.1220851827516,1826.372509783991
mask_111,2025-03-22,17040.947795119137,29.284955680208082,887.69370870248,443.84685435124,-414.5618986710319,1.6411889403045165e-11,16626.385896448122,32233.00926033,31221.79312525898,18.367867022068026,1029.5840020930875,3.374855950255551e-12,1613.1220851827534,1826.372509783991
forecast_only,2025-03-22,16842.096737875403,0.0,0.0,0.0,0.0,1.679534022969165e-11,16842.09673787542,31767.511273821267,31767.511273821267,0.0,0.0,3.5562663924793014e-12,2032.0702730406167,2254.7627092148505
mask_000,2025-03-23,44518.45609516379,0.0,0.0,0.0,0.0,2.0374192555294714e-11,44518.45609516381,72550.89322305837,72550.89322305837,0.0,0.0,4.063416270128073e-12,2254.7627092148505,1710.1881759649036
mask_001,2025-03-23,44518.45609516379,112.83253553660722,2748.170364166035,1374.0851820830176,-1261.2526465464102,2.0907383824209092e-11,43257.2034486174,72550.89322305837,68909.01211243338,72.73273562377892,3714.613846248781,4.233946526710497e-12,2254.7627092148505,1710.1881759649036
mask_010,2025-03-23,44518.45609516379,0.0,4094.9558689951573,2047.4779344975786,-2047.4779344975786,2.3492473300024128e-11,42470.97816066623,72550.89322305837,65822.42287535581,0.0,6728.470347702569,4.695799304954562e-12,2254.7627092148505,1710.14597843404
mask_011,2025-03-23,44518.45609516379,112.83253553660722,4877.509286032784,2438.754643016392,-2325.922107479785,2.402566456893851e-11,42192.53398768403,72550.89322305837,65206.165943205284,72.73273562377892,7417.460015476876,4.866329561536986e-12,2254.7627092148505,1710.14597843404
mask_100,2025-03-23,44723.65500069117,0.0,0.8989532222221182,0.4494766111110591,-0.4494766111110591,1.8677018598367567e-11,44723.205524080084,73026.88233353711,73026.16566687045,0.0,0.7166666666665833,3.836042594684841e-12,1826.372509783991,1710.13508954515
mask_101,2025-03-23,44723.65500069117,112.83253553660722,2749.0693173882573,1374.5346586941287,-1261.7021231575213,1.9210209867281946e-11,43461.95287753367,73026.88233353711,69384.28455624545,72.73273562377892,3715.330512915448,4.006572851267265e-12,1826.372509783991,1710.13508954515
mask_110,2025-03-23,44723.65500069117,0.0,4094.9558689951573,2047.4779344975786,-2047.4779344975786,2.3492473300024128e-11,42676.17706619361,73026.88233353711,66298.41198583454,0.0,6728.470347702569,4.695799304954562e-12,1826.372509783991,1710.14597843404
mask_111,2025-03-23,44723.65500069117,112.83253553660722,4877.509286032784,2438.754643016392,-2325.922107479785,2.402566456893851e-11,42397.73289321141,73026.88233353711,65682.15505368402,72.73273562377892,7417.460015476876,4.866329561536986e-12,1826.372509783991,1710.14597843404
forecast_only,2025-03-23,44518.45609516379,0.0,0.0,0.0,0.0,2.0374192555294714e-11,44518.45609516381,72550.89322305837,72550.89322305837,0.0,0.0,4.063416270128073e-12,2254.7627092148505,1710.1881759649036
mask_000,2025-03-24,41826.20843286694,0.0,0.0,0.0,0.0,2.9877371132691615e-11,41826.208432866966,68900.97158498297,68900.97158498297,0.0,0.0,6.749267811301252e-12,1710.1881759649036,1934.2110584521388
mask_001,2025-03-24,41826.20843286694,202.3731255842227,2522.0769841684423,1261.0384920842212,-1058.6653664999985,519.0997736629836,41286.64284002992,68900.97158498297,64883.68946246934,180.46647116234692,4197.748593675973,107.4321741676264,1710.1881759649036,1751.3363260151768
mask_010,2025-03-24,41826.228645484225,2.4967267395166735,1453.4440931769655,726.7220465884827,-724.2253198489661,3.0661711725166185e-11,41102.00332563529,68901.01847112837,65908.89576973737,2.30633849662064,2994.4290398876055,7.077893826590298e-12,1710.14597843404,1751.3363260151768
mask_011,2025-03-24,41826.228645484225,202.3731255842227,3250.0477340928364,1625.0238670464182,-1422.6507414621956,519.0997736629926,40922.677677685024,68901.01847112837,63683.22657895339,180.46647116234692,5398.258363337314,107.4321741676279,1710.14597843404,1629.2098594480726
mask_100,2025-03-24,41826.233861262,0.0,0.0,0.0,0.0,2.9877371132691615e-11,41826.23386126203,68901.0305698938,68901.0305698938,0.0,0.0,6.749267811301252e-12,1710.13508954515,1934.2110584521388
mask_101,2025-03-24,41826.233861262,202.3731255842227,2522.0769841684423,1261.0384920842212,-1058.6653664999985,519.0997736629836,41286.66826842498,68901.0305698938,64883.748447380174,180.46647116234692,4197.748593675973,107.4321741676264,1710.13508954515,1751.3363260151768
mask_110,2025-03-24,41826.228645484225,2.4967267395166735,1453.4440931769655,726.7220465884827,-724.2253198489661,3.0661711725166185e-11,41102.00332563529,68901.01847112837,65908.89576973737,2.30633849662064,2994.4290398876055,7.077893826590298e-12,1710.14597843404,1751.3363260151768
mask_111,2025-03-24,41826.228645484225,202.3731255842227,3250.0477340928364,1625.0238670464182,-1422.6507414621956,519.0997736629926,40922.677677685024,68901.01847112837,63683.22657895339,180.46647116234692,5398.258363337314,107.4321741676279,1710.14597843404,1629.2098594480726
forecast_only,2025-03-24,41826.20843286694,0.0,0.0,0.0,0.0,2.9877371132691615e-11,41826.208432866966,68900.97158498297,68900.97158498297,0.0,0.0,6.749267811301252e-12,1710.1881759649036,1934.2110584521388
mask_000,2025-03-25,46879.353079859255,0.0,0.0,0.0,0.0,2.266392051808452e-11,46879.35307985928,76338.659167507,76338.659167507,0.0,0.0,4.1602277178753866e-12,1934.2110584521388,1613.100694274205
mask_001,2025-03-25,46966.95007669655,48.018119846642534,7072.268648908465,3536.1343244542327,-3488.11620460759,3.099302503528634e-11,43478.83387208899,76541.85331465918,65629.5603757463,27.08177649879167,10939.374715411666,6.235012506294879e-12,1751.3363260151768,1486.59668737865
mask_010,2025-03-25,46966.95007669655,4.971551039583326,4220.83958091304,2110.41979045652,-2105.4482394169363,2.503517215757256e-11,44861.50183727964,76541.85331465918,69386.0977595268,2.642291666666665,7158.397846799038,4.637179529254354e-12,1751.3363260151768,1613.296419582847
mask_011,2025-03-25,47025.4486541822,130.63200293940773,7367.287843888015,3683.6439219440076,-3553.0119190046003,3.0395878036770794e-11,43472.43673517762,76677.54938862263,65262.001935274384,106.63690844664819,11522.184361794883,5.907718758635383e-12,1629.2098594480726,1377.8542597928893
mask_100,2025-03-25,46879.353079859255,0.0,0.0,0.0,0.0,2.266392051808452e-11,46879.35307985928,76338.659167507,76338.659167507,0.0,0.0,4.1602277178753866e-12,1934.2110584521388,1613.100694274205
mask_101,2025-03-25,46966.95007669655,154.39045471603438,7190.132971887573,3595.0664859437866,-3440.676031227752,2.7534089008796057e-11,43526.27404546883,76541.85331465918,65491.07041344439,82.13564647234023,11132.918547687128,5.630607091688944e-12,1751.3363260151768,1359.5286663404543
mask_110,2025-03-25,46966.95007669655,4.971551039583326,4222.424978996928,2111.212489498464,-2106.2409384588805,2.174027180501525e-11,44860.7091382377,76541.85331465918,69384.83384286014,2.642291666666665,7159.661763465705,4.125588759507082e-12,1751.3363260151768,1613.2027961260562
mask_111,2025-03-25,47025.4486541822,130.63200293940773,7367.287843888015,3683.6439219440076,-3553.0119190046003,3.0395878036770794e-11,43472.43673517762,76677.54938862263,65262.001935274384,106.63690844664819,11522.184361794883,5.907718758635383e-12,1629.2098594480726,1377.8542597928893
forecast_only,2025-03-25,46879.353079859255,0.0,0.0,0.0,0.0,2.266392051808452e-11,46879.35307985928,76338.659167507,76338.659167507,0.0,0.0,4.1602277178753866e-12,1934.2110584521388,1613.100694274205
mask_000,2025-03-26,40482.16546731451,0.0,0.0,0.0,0.0,2.3511773861173426e-11,40482.16546731453,66345.3493961784,66345.3493961784,0.0,0.0,5.3588244952607056e-12,1613.100694274205,1759.6666321691102
mask_001,2025-03-26,40542.76088661748,0.0,0.0,0.0,0.0,2.3511773861173426e-11,40542.7608866175,66485.90940384012,66485.90940384012,0.0,0.0,5.3588244952607056e-12,1486.59668737865,1759.6666321691102
mask_010,2025-03-26,40482.07171489167,0.0,2881.8482038654392,1440.9241019327196,-1440.9241019327196,1.9850773469443084e-11,39041.147612958965,66345.13192361323,61684.83358442987,0.0,4660.298339183364,4.7903903066526254e-12,1613.296419582847,1759.6584006876276
mask_011,2025-03-26,40594.84850943106,0.0,2881.8482038654392,1440.9241019327196,-1440.9241019327196,1.9850773469443084e-11,39153.92440749836,66606.73432337985,61946.43598419649,0.0,4660.298339183364,4.7903903066526254e-12,1377.8542597928893,1759.6584006876276
mask_100,2025-03-26,40482.16546731451,0.0,1.060346684444142,0.530173342222071,-0.530173342222071,2.131517362613522e-11,40481.63529397231,66345.3493961784,66344.50406284507,0.0,0.8453333333330875,5.0177639820958575e-12,1613.100694274205,1759.6040148851591
mask_101,2025-03-26,40603.62646869477,0.0,1.060346684444142,0.530173342222071,-0.530173342222071,2.131517362613522e-11,40603.09629535257,66627.09609388256,66626.25076054923,0.0,0.8453333333330875,5.0177639820958575e-12,1359.5286663404543,1759.6040148851591
mask_110,2025-03-26,40482.11656052747,0.0,2882.7691605357168,1441.3845802678584,-1441.3845802678584,2.131517362613522e-11,39040.73198025963,66345.23594967634,61684.20340215964,0.0,4661.032547516697,5.0177639820958575e-12,1613.2027961260562,1759.6040148851591
mask_111,2025-03-26,40594.84850943106,0.0,2882.7691605357168,1441.3845802678584,-1441.3845802678584,2.131517362613522e-11,39153.46392916322,66606.73432337985,61945.701775863155,0.0,4661.032547516697,5.0177639820958575e-12,1377.8542597928893,1759.6040148851591
forecast_only,2025-03-26,40482.16546731451,0.0,0.0,0.0,0.0,2.3511773861173426e-11,40482.16546731453,66345.3493961784,66345.3493961784,0.0,0.0,5.3588244952607056e-12,1613.100694274205,1759.6666321691102
mask_000,2025-03-27,42624.661316291036,0.0,0.0,0.0,0.0,2.8824983067110567e-11,42624.661316291065,69672.41565643279,69672.41565643279,0.0,0.0,5.472511332982322e-12,1759.6666321691102,1573.888106240436
mask_001,2025-03-27,42624.661316291036,1452.6352114329002,2202.8836124197996,1101.4418062098998,351.19340522300035,2.8498268411780713e-11,42975.854721514064,69672.41565643279,67641.14930641538,1111.4709304599883,3142.7372804773854,5.52935475184313e-12,1759.6666321691102,1574.3696494503126
mask_010,2025-03-27,42624.665259170666,0.0,2711.4574662660525,1355.7287331330263,-1355.7287331330263,2.5696821115417376e-11,41268.936526037665,69672.42480252332,64892.17752312787,0.0,4780.247279395447,5.17808018685173e-12,1759.6584006876276,1573.7682790799406
mask_011,2025-03-27,42624.665259170666,1452.6352114329002,4824.465347338664,2412.232673669332,-959.597462236432,2.5370106460087526e-11,41665.06779693426,69672.42480252332,63863.02434254762,1111.4709304599883,6920.871390435682,5.234923605712538e-12,1759.6584006876276,1573.7682790799406
mask_100,2025-03-27,42624.69130997005,0.0,0.9094584313885002,0.4547292156942501,-0.4547292156942501,2.479788263620719e-11,42624.236580754376,69672.48523119272,69671.76018952607,0.0,0.7250416666663568,4.8472337255134335e-12,1759.6040148851591,1573.8343994503118
mask_101,2025-03-27,42624.69130997005,1452.6352114329002,2211.9474128122997,1105.9737064061499,346.6615050267503,2.447116798087734e-11,42971.35281499682,69672.48523119272,67633.99300617534,1111.4709304599883,3149.9631554773855,4.9040771443742415e-12,1759.6040148851591,1573.8343994503118
mask_110,2025-03-27,42624.69130997005,0.0,2711.4574662660525,1355.7287331330263,-1355.7287331330263,2.5696821115417376e-11,41268.962576837046,69672.48523119272,64892.23795179729,0.0,4780.247279395447,5.17808018685173e-12,1759.6040148851591,1573.7682790799406
mask_111,2025-03-27,42624.69130997005,1452.6352114329002,4824.465347338664,2412.232673669332,-959.597462236432,2.5370106460087526e-11,41665.09384773364,69672.48523119272,63863.084771217036,1111.4709304599883,6920.871390435682,5.234923605712538e-12,1759.6040148851591,1573.7682790799406
forecast_only,2025-03-27,42624.661316291036,0.0,0.0,0.0,0.0,2.8824983067110567e-11,42624.661316291065,69672.41565643279,69672.41565643279,0.0,0.0,5.472511332982322e-12,1759.6666321691102,1573.888106240436
mask_000,2025-03-28,16115.23362661871,0.0,0.0,0.0,0.0,1.465376642251215e-11,16115.233626618725,31358.434784648838,31358.434784648838,0.0,0.0,3.4368063950296346e-12,1573.888106240436,2005.7514678813684
mask_001,2025-03-28,16115.004679574815,0.0,0.0,0.0,0.0,1.465376642251215e-11,16115.00467957483,31357.89973663786,31357.89973663786,0.0,0.0,3.4368063950296346e-12,1574.3696494503126,2005.7514678813684
mask_010,2025-03-28,16115.290597776462,0.0,185.58145929922145,92.79072964961073,-92.79072964961073,1.434846041981075e-11,16022.499868126866,31358.567925938274,31166.144327515183,0.0,192.42359842309412,3.3799629761688266e-12,1573.7682790799406,1971.4505639492043
mask_011,2025-03-28,16115.290597776462,0.0,185.58145929922145,92.79072964961073,-92.79072964961073,1.434846041981075e-11,16022.499868126866,31358.567925938274,31166.144327515183,0.0,192.42359842309412,3.3799629761688266e-12,1573.7682790799406,1971.4505639492043
mask_100,2025-03-28,16115.259161213704,0.0,335.42400985922376,167.71200492961188,-167.71200492961188,1.5150124266227752e-11,15947.547156284107,31358.494458860085,30942.758555592314,0.0,415.73590326777185,3.6044500717480332e-12,1573.8343994503118,1571.1208883073032
mask_101,2025-03-28,16115.259161213704,0.0,335.42400985922376,167.71200492961188,-167.71200492961188,1.5150124266227752e-11,15947.547156284107,31358.494458860085,30942.758555592314,0.0,415.73590326777185,3.6044500717480332e-12,1573.8343994503118,1571.1208883073032
mask_110,2025-03-28,16115.290597776462,0.0,490.5328891141499,245.26644455707495,-245.26644455707495,1.4844818263526353e-11,15870.024153219401,31358.567925938274,30781.27923778636,0.0,577.2886881519182,3.5476066528872252e-12,1573.7682790799406,1571.1208883073032
mask_111,2025-03-28,16115.290597776462,0.0,490.5328891141499,245.26644455707495,-245.26644455707495,1.4844818263526353e-11,15870.024153219401,31358.567925938274,30781.27923778636,0.0,577.2886881519182,3.5476066528872252e-12,1573.7682790799406,1571.1208883073032
forecast_only,2025-03-28,16115.23362661871,0.0,0.0,0.0,0.0,1.465376642251215e-11,16115.233626618725,31358.434784648838,31358.434784648838,0.0,0.0,3.4368063950296346e-12,1573.888106240436,2005.7514678813684
mask_000,2025-03-29,15046.975634550998,0.0,0.0,0.0,0.0,2.6611636907980516e-11,15046.975634551025,29425.124259925222,29425.124259925222,0.0,0.0,4.9263648715935915e-12,2005.7514678813684,1685.1326739786566
mask_001,2025-03-29,15046.975634550998,399.53687349119946,99.46555886494592,49.73277943247296,349.8040940587265,2.810457074009509e-11,15396.779728609752,29425.124259925222,29553.181302083507,300.53542295904873,172.4783808007641,5.326211693912342e-12,2005.7514678813684,1813.9862849299757
mask_010,2025-03-29,15063.253319072584,2.75366112801078,99.46555886494592,49.73277943247296,-46.97911830446218,2.7898879276233577e-11,15016.27420076815,29463.236375405402,29292.977525598882,2.2195309942455808,172.4783808007641,5.276473702409135e-12,1971.4505639492043,1529.5917305544285
mask_011,2025-03-29,15063.253319072584,399.53687349119946,99.46555886494592,49.73277943247296,349.8040940587265,2.810457074009509e-11,15413.057413131339,29463.236375405402,29591.293417563687,300.53542295904873,172.4783808007641,5.326211693912342e-12,1971.4505639492043,1813.9862849299757
mask_100,2025-03-29,15253.231990702201,0.0,109.7872821136164,54.8936410568082,-54.8936410568082,2.864605049002211e-11,15198.33834964542,29908.047126118625,29725.11213175422,0.0,182.93499436440555,5.404371394845953e-12,1571.1208883073032,1517.7146327979888
mask_101,2025-03-29,15253.231990702201,399.53687349119946,364.63145931972906,182.31572965986453,217.22114383133493,2.9968352757703263e-11,15470.453134533564,29908.047126118625,29767.472924781032,300.53542295904873,441.1096242966441,5.724115625937998e-12,1571.1208883073032,1520.2504010036648
mask_110,2025-03-29,15253.231990702201,2.75366112801078,99.46555886494592,49.73277943247296,-46.97911830446218,2.976266129384175e-11,15206.252872397768,29908.047126118625,29737.788276312105,2.2195309942455808,172.4783808007641,5.674377634434791e-12,1571.1208883073032,1529.5917305544285
mask_111,2025-03-29,15253.231990702201,399.53687349119946,364.63145931972906,182.31572965986453,217.22114383133493,2.9968352757703263e-11,15470.453134533564,29908.047126118625,29767.472924781032,300.53542295904873,441.1096242966441,5.724115625937998e-12,1571.1208883073032,1520.2504010036648
forecast_only,2025-03-29,15046.975634550998,0.0,0.0,0.0,0.0,2.6611636907980516e-11,15046.975634551025,29425.124259925222,29425.124259925222,0.0,0.0,4.9263648715935915e-12,2005.7514678813684,1685.1326739786566
mask_000,2025-03-30,41330.30147080878,0.0,0.0,0.0,0.0,3.568957884780843e-11,41330.301470808816,68515.82259384767,68515.82259384767,0.0,0.0,7.344347352500336e-12,1685.1326739786566,1866.8931273338885
mask_001,2025-03-30,41268.5805911631,102.82294476812626,3662.5048264210673,1831.2524132105336,-1728.4294684424076,2.7364309040933675e-11,39540.15112272072,68372.65191501287,61846.026060612276,59.94052574622958,6586.566380146829,6.158629162200668e-12,1813.9862849299757,1870.3142975807996
mask_010,2025-03-30,41404.805582708985,0.0,2499.7395039028197,1249.8697519514099,-1249.8697519514099,3.1078115636518074e-11,40154.935830757604,68688.64586431903,64376.12713200089,0.0,4312.518732318143,7.037037619284092e-12,1529.5917305544285,1862.855615790676
mask_011,2025-03-30,41268.5805911631,102.82294476812626,5201.1749319652845,2600.5874659826422,-2497.764521214516,3.130979875365369e-11,38770.816069948625,68372.65191501287,59470.546351031466,59.94052574622958,8962.046089727643,7.2022388053483155e-12,1813.9862849299757,1732.2148822837125
mask_100,2025-03-30,41410.49471253432,0.0,0.0,0.0,0.0,3.568957884780843e-11,41410.49471253435,68701.84263960397,68701.84263960397,0.0,0.0,7.344347352500336e-12,1517.7146327979888,1866.8931273338885
mask_101,2025-03-30,41409.2800795638,102.82294476812626,3663.2120203774566,1831.6060101887283,-1728.7830654206023,2.2991122783366792e-11,39680.49701414323,68699.02511937544,62171.83547330817,59.94052574622958,6587.130171813496,5.465849994834571e-12,1520.2504010036648,1869.7037320869704
mask_110,2025-03-30,41404.805582708985,0.0,2499.7395039028197,1249.8697519514099,-1249.8697519514099,3.1078115636518074e-11,40154.935830757604,68688.64586431903,64376.12713200089,0.0,4312.518732318143,7.037037619284092e-12,1529.5917305544285,1862.855615790676
mask_111,2025-03-30,41409.2800795638,102.82294476812626,5340.1919855514,2670.0959927757,-2567.273048007574,3.233407053215842e-11,38842.00703155626,68699.02511937544,59591.429640254006,59.94052574622958,9167.536004867656,7.427836123952147e-12,1520.2504010036648,1539.5757270168237
forecast_only,2025-03-30,41330.30147080878,0.0,0.0,0.0,0.0,3.568957884780843e-11,41330.301470808816,68515.82259384767,68515.82259384767,0.0,0.0,7.344347352500336e-12,1685.1326739786566,1866.8931273338885
mask_000,2025-03-31,36133.99776237765,0.0,0.0,0.0,0.0,8297.269414480925,44431.26717685857,59332.540037939456,59332.540037939456,0.0,0.0,1394.4317081140389,1866.8931273338885,1644.220502738086
mask_001,2025-03-31,36132.35902182938,6285.872718596091,115.19733043859858,57.59866521929929,6228.274053376792,3.019718852748099e-11,42360.633075206206,59328.73873766511,66290.57840775917,7151.0040604494125,189.1643903553463,6.104894367808811e-12,1870.3142975807996,1745.3594016670581
mask_010,2025-03-31,36135.93173040685,1365.8506701364686,115.19733043859858,57.59866521929929,1308.2520049171694,1388.4921464930858,38832.675881817115,59337.02616187636,60761.430008207535,1613.5682366865262,189.1643903553463,221.73567388637096,1862.855615790676,1470.1758888811544
mask_011,2025-03-31,36198.50864175669,6285.872718596091,3790.088115500455,1895.0440577502275,4390.828660845863,1108.6621442822943,41697.99944688485,59482.18253243965,60990.5986924554,7151.0040604494125,5642.5879004336575,215.44421150549195,1732.2148822837125,1470.1758888811544
mask_100,2025-03-31,36133.99776237765,2154.498386877355,115.19733043859858,57.59866521929929,2096.899721658056,2228.2395967202997,40459.13708075601,59332.540037939456,60236.67868780118,1093.3030402170662,189.1643903553463,468.13072318876993,1866.8931273338885,1646.6789132850108
mask_101,2025-03-31,36132.65148270093,6285.872718596091,115.19733043859858,57.59866521929929,6228.274053376792,3.019718852748099e-11,42360.92553607775,59329.417143769366,66291.25681386342,7151.0040604494125,189.1643903553463,6.104894367808811e-12,1869.7037320869704,1745.3594016670581
mask_110,2025-03-31,36135.93173040685,2047.0206084142046,115.19733043859858,57.59866521929929,1989.4219431949055,135.62944077962393,38260.983114381386,59337.02616187636,61113.97506851742,1966.113296996407,189.1643903553463,33.776711347095414,1862.855615790676,1653.0493308484934
mask_111,2025-03-31,36290.782797129534,6715.064857210134,3790.088115500455,1895.0440577502275,4820.020799459906,715.1395888927051,41825.94318548215,59696.226038291745,61426.77409211184,7373.135954253746,5642.5879004336575,156.35248890227595,1539.5757270168237,1651.3316346601737
forecast_only,2025-03-31,36133.99776237765,0.0,0.0,0.0,0.0,8000.232609186436,44134.23037156409,59332.540037939456,59332.540037939456,0.0,0.0,2001.8113296382605,1866.8931273338885,1913.8423519989115
mask_000,2025-04-01,43779.35087694016,0.0,0.0,0.0,0.0,3.462899123007901e-11,43779.350876940196,73095.88769895647,73095.88769895647,0.0,0.0,8.997247391562269e-12,1644.220502738086,1839.861955421088
mask_001,2025-04-01,43730.90534435319,78.953510497106,2763.564672894442,1381.782336447221,-1302.828825950115,2.6239622634427473e-11,42428.076518403104,72983.51114459094,68709.80557091403,72.93289963244746,4346.638473309367,6.996445089946235e-12,1745.3594016670581,1651.9226933635452
mask_010,2025-04-01,43862.71824697763,11.998832301007214,2631.0628961010534,1315.5314480505267,-1303.5326157495197,3.007269278043623e-11,42559.18563122814,73289.27060324195,67993.0154278154,11.083859684085922,5307.3390351106445,7.744915819785092e-12,1470.1758888811544,1839.861955421088
mask_011,2025-04-01,43862.71824697763,78.953510497106,5195.652865924828,2597.826432962414,-2518.8729224653075,501.61387752930784,41845.45920204163,73289.27060324195,64962.390449356324,72.93289963244746,8399.813053518075,83.06800517730453,1470.1758888811544,1493.8842570893983
mask_100,2025-04-01,43778.17329828818,0.0,10.107857122375918,5.053928561187959,-5.053928561187959,3.462899123007901e-11,43773.11936972703,73093.15613168212,73085.09721991431,0.0,8.05891176779619,8.997247391562269e-12,1646.6789132850108,1839.861955421088
mask_101,2025-04-01,43730.90534435319,78.953510497106,2763.564672894442,1381.782336447221,-1302.828825950115,2.6239622634427473e-11,42428.076518403104,72983.51114459094,68709.80557091403,72.93289963244746,4346.638473309367,6.996445089946235e-12,1745.3594016670581,1651.9226933635452
mask_110,2025-04-01,43775.12186827527,11.998832301007214,2641.1707532234295,1320.5853766117148,-1308.5865443107077,3.007269278043623e-11,42466.53532396459,73086.0778899449,67781.76380275056,11.083859684085922,5315.397946878441,7.744915819785092e-12,1653.0493308484934,1839.861955421088
mask_111,2025-04-01,43775.944644749485,273.89296766840073,5195.652865924828,2597.826432962414,-2323.933465294013,2.967619810306799e-11,41452.0111794555,73087.98644126527,64862.05922614627,173.88583839908637,8399.813053518075,8.206144097577805e-12,1651.3316346601737,1513.4642277442233
forecast_only,2025-04-01,43650.202011144225,0.0,0.0,0.0,0.0,3.462899123007901e-11,43650.20201114426,72796.30786644445,72796.30786644445,0.0,0.0,8.997247391562269e-12,1913.8423519989115,1839.861955421088
mask_000,2025-04-02,41727.45362965712,0.0,0.0,0.0,0.0,4.069168507703224e-11,41727.45362965716,69217.27915527686,69217.27915527686,0.0,0.0,8.949119223444768e-12,1839.861955421088,1645.2658005086676
mask_001,2025-04-02,41817.47653618268,973.4881639796106,1098.660338824677,549.3301694123385,424.1579945672721,3.3136665522626174e-11,42241.63453074998,69426.10055756303,68712.57829190805,868.419678096293,1581.9419437512518,7.246037103669778e-12,1651.9226933635452,1459.4685666963567
mask_010,2025-04-02,41727.45362965712,20.323664646261445,1174.8362939467129,587.4181469733564,-567.094482327095,3.352169924975002e-11,41160.35914733006,69217.27915527686,66558.05016988993,19.04663547391762,2678.275620860853,7.819911385098521e-12,1839.861955421088,1647.0947356938511
mask_011,2025-04-02,41893.176947158,973.4881639796106,3237.6159854745893,1618.8079927372946,-645.3198287576843,1822.9238826175426,43070.78100101786,69601.69882008985,65437.67372793499,868.419678096293,5032.444770251147,269.5943632414271,1493.8842570893983,1434.3407809816827
mask_100,2025-04-02,41727.45362965712,0.0,0.0,0.0,0.0,4.069168507703224e-11,41727.45362965716,69217.27915527686,69217.27915527686,0.0,0.0,8.949119223444768e-12,1839.861955421088,1645.2658005086676
mask_101,2025-04-02,41817.47653618268,973.4881639796106,1098.660338824677,549.3301694123385,424.1579945672721,3.3136665522626174e-11,42241.63453074998,69426.10055756303,68712.57829190805,868.419678096293,1581.9419437512518,7.246037103669778e-12,1651.9226933635452,1459.4685666963567
mask_110,2025-04-02,41727.45362965712,20.323664646261445,1174.8362939467129,587.4181469733564,-567.094482327095,3.352169924975002e-11,41160.35914733006,69217.27915527686,66558.05016988993,19.04663547391762,2678.275620860853,7.819911385098521e-12,1839.861955421088,1647.0947356938511
mask_111,2025-04-02,41883.798141214334,1253.713499621817,3237.6159854745893,1618.8079927372946,-365.0944931154777,848.4049096113615,42367.10855771021,69579.94329714004,65561.11232307456,1013.6137961856612,5032.444770251148,124.40024515205695,1513.4642277442233,1434.3407809816827
forecast_only,2025-04-02,41727.45362965712,0.0,0.0,0.0,0.0,4.069168507703224e-11,41727.45362965716,69217.27915527686,69217.27915527686,0.0,0.0,8.949119223444768e-12,1839.861955421088,1645.2658005086676
mask_000,2025-04-03,43260.70008834514,0.0,0.0,0.0,0.0,1.8661394207697414e-11,43260.70008834516,70562.04268918445,70562.04268918445,0.0,0.0,4.0323300254385686e-12,1645.2658005086676,1657.8799695397172
mask_001,2025-04-03,43349.69696334124,0.0,3938.6515773637284,1969.3257886818642,-1969.3257886818642,1.590603737611218e-11,41380.37117465938,70768.48406008702,65062.686233273256,0.0,5705.797826813764,3.5207392556912964e-12,1459.4685666963567,1655.8735825888732
mask_010,2025-04-03,43259.824028391435,0.0,3067.675134038268,1533.837567019134,-1533.837567019134,2.4262335474034558e-11,41725.98646137232,70560.0105389787,65582.05789079121,0.0,4977.952648187476,4.919176177509144e-12,1647.0947356938511,1656.7002010211997
mask_011,2025-04-03,43361.733172698565,0.8237773443604548,5009.659602674567,2504.8298013372837,-2504.006023992923,2.1506978642449325e-11,40857.727148705664,70796.40382199222,62910.75092545262,1.3069348051330962,7886.95983134472,4.4075854077618715e-12,1434.3407809816827,1656.8841399937737
mask_100,2025-04-03,43260.70008834514,0.0,24.280805262707187,12.140402631353593,-12.140402631353593,2.188039283090859e-11,43248.55968571381,70562.04268918445,70541.93957419248,0.0,20.103114991972404,4.526601316001688e-12,1645.2658005086676,1654.215756531366
mask_101,2025-04-03,43349.69696334124,0.25820529344304977,3956.761825229892,1978.380912614946,-1978.122707321503,1.912503599932336e-11,41371.574256019754,70768.48406008702,65048.668724986615,0.409646474475835,5720.22498157488,4.015010546254416e-12,1459.4685666963567,1654.2734104796264
mask_110,2025-04-03,43259.824028391435,0.0,3071.9780105551436,1535.9890052775718,-1535.9890052775718,2.188039283090859e-11,41723.83502311388,70560.0105389787,65577.88165079925,0.0,4982.128888179448,4.526601316001688e-12,1647.0947356938511,1654.215756531366
mask_111,2025-04-03,43361.733172698565,0.8237773443604548,5014.227049374489,2507.1135246872445,-2506.289747342884,1.912503599932336e-11,40855.443425355705,70796.40382199222,62906.58269295347,1.3069348051330962,7891.128063843878,4.015010546254416e-12,1434.3407809816827,1654.2734104796264
forecast_only,2025-04-03,43260.70008834514,0.0,0.0,0.0,0.0,1.8661394207697414e-11,43260.70008834516,70562.04268918445,70562.04268918445,0.0,0.0,4.0323300254385686e-12,1645.2658005086676,1657.8799695397172
mask_000,2025-04-04,14967.402969069713,0.0,0.0,0.0,0.0,1.4585936014555045e-11,14967.402969069728,29436.432698076107,29436.432698076107,0.0,0.0,2.4868995751603507e-12,1657.8799695397172,2056.1281754705337
mask_001,2025-04-04,14968.355111143832,0.0,740.8755082925725,370.43775414628624,-370.43775414628624,2.5391602154201106e-11,14597.91735699757,29438.66201691038,28591.7105611194,0.0,846.9514557909813,4.803712982948127e-12,1655.8735825888732,1607.4366467618518
mask_010,2025-04-04,14967.962834774447,0.0,509.0616332707801,254.53081663539004,-254.53081663539004,1.4866486708342563e-11,14713.432018139072,29437.743551985575,28843.800286088222,0.0,593.9432658973526,2.5437429940211587e-12,1656.7002010211997,1619.227538306354
mask_011,2025-04-04,14967.875545513129,347.72081253268846,740.8755082925725,370.43775414628624,-22.716941613597783,1.4866486708342563e-11,14945.158603899545,29437.53917534938,28843.595909452026,253.0081898936287,846.9514557909813,2.5437429940211587e-12,1656.8841399937737,1619.227538306354
mask_100,2025-04-04,14969.141841709567,0.0,384.20300713612534,192.10150356806267,-192.10150356806267,1.4866486708342563e-11,14777.040338141518,29440.504045863167,28971.758400470448,0.0,468.74564539271677,2.5437429940211587e-12,1654.215756531366,1575.9428365442561
mask_101,2025-04-04,14969.11448170812,0.0,740.8755082925725,370.43775414628624,-370.43775414628624,2.5391602154201106e-11,14598.676727561859,29440.439985920657,28593.488530129674,0.0,846.9514557909813,4.803712982948127e-12,1654.2734104796264,1607.4366467618518
mask_110,2025-04-04,14969.141841709567,0.0,509.0616332707801,254.53081663539004,-254.53081663539004,1.4866486708342563e-11,14714.611025074191,29440.504045863167,28846.560779965814,0.0,593.9432658973526,2.5437429940211587e-12,1654.215756531366,1619.227538306354
mask_111,2025-04-04,14969.11448170812,347.72081253268846,740.8755082925725,370.43775414628624,-22.716941613597783,1.4866486708342563e-11,14946.397540094536,29440.439985920657,28846.496720023304,253.0081898936287,846.9514557909813,2.5437429940211587e-12,1654.2734104796264,1619.227538306354
forecast_only,2025-04-04,14967.402969069713,0.0,0.0,0.0,0.0,1.4585936014555045e-11,14967.402969069728,29436.432698076107,29436.432698076107,0.0,0.0,2.4868995751603507e-12,1657.8799695397172,2056.1281754705337
mask_000,2025-04-05,14319.906003766828,0.0,0.0,0.0,0.0,2.4477318838478373e-11,14319.906003766851,28179.250692628615,28179.250692628615,0.0,0.0,4.772182649048773e-12,2056.1281754705337,1691.915672120306
mask_001,2025-04-05,14532.735352217645,0.0,377.60588565661044,188.80294282830522,-188.80294282830522,46.79348757932048,14390.725896968659,28677.79683563826,28221.48421051984,0.0,456.31262511841646,11.31496770450146,1607.4366467618518,1254.2944377240988
mask_010,2025-04-05,14527.142539328372,0.0,480.2837677578642,240.1418838789321,-240.1418838789321,506.1522673528141,14793.152922802254,28664.695845033257,28102.391865071284,0.0,562.3039799619719,100.49653932635692,1619.227538306354,1254.2944377240988
mask_011,2025-04-05,14527.142539328372,0.0,377.60588565661044,188.80294282830522,-188.80294282830522,46.79348757932048,14385.133084079385,28664.695845033257,28208.38321991484,0.0,456.31262511841646,11.31496770450146,1619.227538306354,1254.2944377240988
mask_100,2025-04-05,14547.673916197526,0.0,273.0045744500552,136.5022872250276,-136.5022872250276,2.465582316091286e-11,14411.171628972525,28712.789958102254,28355.46094023919,0.0,357.32901786306223,4.742872761198669e-12,1575.9428365442561,1330.2382272474565
mask_101,2025-04-05,14532.735352217645,0.0,377.60588565661044,188.80294282830522,-188.80294282830522,46.79348757932048,14390.725896968659,28677.79683563826,28221.48421051984,0.0,456.31262511841646,11.31496770450146,1607.4366467618518,1254.2944377240988
mask_110,2025-04-05,14527.142539328372,259.6310555051886,480.28376775786415,240.14188387893208,19.489171626256535,1.8065248852394692e-11,14546.631710954645,28664.695845033257,28271.260721143513,168.86885607222808,562.303979961972,3.5202951664814464e-12,1619.227538306354,1327.0940791036487
mask_111,2025-04-05,14527.142539328372,0.0,377.60588565661044,188.80294282830522,-188.80294282830522,46.79348757932048,14385.133084079385,28664.695845033257,28208.38321991484,0.0,456.31262511841646,11.31496770450146,1619.227538306354,1254.2944377240988
forecast_only,2025-04-05,14319.906003766828,0.0,0.0,0.0,0.0,2.4477318838478373e-11,14319.906003766851,28179.250692628615,28179.250692628615,0.0,0.0,4.772182649048773e-12,2056.1281754705337,1691.915672120306
mask_000,2025-04-06,39328.50753976498,0.0,0.0,0.0,0.0,1.4595943453876717e-11,39328.50753976499,66240.14973199333,66240.14973199333,0.0,0.0,3.7625458304546555e-12,1691.915672120306,1596.2181001378565
mask_001,2025-04-06,39538.128111040765,0.0,3812.90153069923,1906.450765349615,-1906.450765349615,2.3820486361181278e-11,37631.677345691176,66726.39554798912,59703.20710378258,0.0,7023.188444206527,5.78137537843304e-12,1254.2944377240988,1395.084645215248
mask_010,2025-04-06,39538.128111040765,148.3485830978542,1774.9062683601533,887.4531341800766,-739.1045510822223,1.4467640752080516e-11,38799.02355995856,66726.39554798912,63271.900591147896,112.87408009855449,3567.369036939768,3.719025087889349e-12,1254.2944377240988,1400.9991717734106
mask_011,2025-04-06,39538.128111040765,644.3105277769648,3893.315300389025,1946.6576501945126,-1302.3471224175476,1.8562902659446934e-11,38235.780988623235,66726.39554798912,60079.06712475259,552.5547467221401,7199.883169958659,4.417133325773648e-12,1254.2944377240988,1396.6079422519108
mask_100,2025-04-06,39501.75103585907,0.0,0.0,0.0,0.0,1.4595943453876717e-11,39501.75103585909,66642.01355962982,66642.01355962982,0.0,0.0,3.7625458304546555e-12,1330.2382272474565,1596.2181001378565
mask_101,2025-04-06,39538.128111040765,0.0,3812.90153069923,1906.450765349615,-1906.450765349615,2.3820486361181278e-11,37631.677345691176,66726.39554798912,59703.20710378258,0.0,7023.188444206527,5.78137537843304e-12,1254.2944377240988,1395.084645215248
mask_110,2025-04-06,39503.25708281996,148.3485830978542,1774.9062683601533,887.4531341800766,-739.1045510822223,1.4467640752080516e-11,38764.15253173775,66645.50705756739,63191.01210072617,112.87408009855449,3567.369036939768,3.719025087889349e-12,1327.0940791036487,1400.9991717734106
mask_111,2025-04-06,39538.128111040765,644.3105277769648,3893.315300389025,1946.6576501945126,-1302.3471224175476,1.8562902659446934e-11,38235.780988623235,66726.39554798912,60079.06712475259,552.5547467221401,7199.883169958659,4.417133325773648e-12,1254.2944377240988,1396.6079422519108
forecast_only,2025-04-06,39328.50753976498,0.0,0.0,0.0,0.0,1.4595943453876717e-11,39328.50753976499,66240.14973199333,66240.14973199333,0.0,0.0,3.7625458304546555e-12,1691.915672120306,1596.2181001378565
mask_000,2025-04-07,35207.98471932786,0.0,0.0,0.0,0.0,1850.2045869987228,37058.18930632658,59088.31078391259,59088.31078391259,0.0,0.0,325.12785796176763,1596.2181001378565,1453.4105541655354
mask_001,2025-04-07,35304.32764423579,2211.670704113788,387.2698055532339,193.63490277661694,2018.0358013371708,3.1756649754299816e-11,37322.36344557299,59311.792400493265,60622.16888328658,1977.4985827496919,667.1220999563711,5.9117155615240335e-12,1395.084645215248,1532.432691363968
mask_010,2025-04-07,35301.494586014436,769.9355262358725,831.4524381464586,415.7262190732293,354.20930716264326,3.3607595817386486e-11,35655.70389317712,59305.22070431753,58227.12110702015,720.8471136895862,1798.9467109869634,6.345146630337695e-12,1400.9991717734106,1532.432691363968
mask_011,2025-04-07,35303.59798495523,2211.670704113788,1954.2854203873178,977.1427101936589,1234.5279939201291,3.1993121929474455e-11,36538.12597887538,59310.099848230304,58268.042857670276,1977.4985827496919,3019.555573309721,5.95790083934844e-12,1396.6079422519108,1328.541439971631
mask_100,2025-04-07,35207.98471932786,568.1974197824997,122.92367355258554,61.46183677629277,506.73558300620687,544.3136216161809,36259.03392395025,59088.31078391259,59180.534253829064,294.07521143932905,201.8517415228506,126.2695209250231,1596.2181001378565,1362.1467167418132
mask_101,2025-04-07,35304.32764423579,2211.670704113788,387.2698055532339,193.63490277661694,2018.0358013371708,3.1756649754299816e-11,37322.36344557299,59311.792400493265,60622.16888328658,1977.4985827496919,667.1220999563711,5.9117155615240335e-12,1395.084645215248,1532.432691363968
mask_110,2025-04-07,35301.494586014436,769.9355262358725,831.4524381464586,415.7262190732293,354.20930716264326,3.3607595817386486e-11,35655.70389317712,59305.22070431753,58227.12110702015,720.8471136895862,1798.9467109869634,6.345146630337695e-12,1400.9991717734106,1532.432691363968
mask_111,2025-04-07,35303.59798495523,2255.446501863249,1954.3074286786236,977.1537143393118,1278.2927875239372,4.228857974908351e-11,36581.890772479215,59310.099848230304,58290.73978444221,2000.2316491178476,3019.5917129059408,7.51931850118126e-12,1396.6079422519108,1353.7644437046793
forecast_only,2025-04-07,35207.98471932786,0.0,0.0,0.0,0.0,1249.3311511281167,36457.315870455976,59088.31078391259,59088.31078391259,0.0,0.0,325.1278579617684,1596.2181001378565,1453.4105541655354
mask_000,2025-04-08,41252.83226118186,0.0,0.0,0.0,0.0,2.986594815901355e-11,41252.83226118189,68330.96384371741,68330.96384371741,0.0,0.0,5.73324721031554e-12,1453.4105541655354,1588.8078126336343
mask_001,2025-04-08,41214.980657463806,0.0,4009.802509346371,2004.9012546731856,-2004.9012546731856,2.932306758518521e-11,39210.079402790645,68243.16146905249,61613.668285384905,0.0,6629.493183667573,5.608902231557522e-12,1532.432691363968,1320.9585851819745
mask_010,2025-04-08,41214.980657463806,1.6604502250003095,2786.188623984707,1393.0943119923536,-1391.4338617673534,4.2891628249108746e-11,39823.54679569649,68243.16146905249,63480.664161392444,0.8825000000001637,4763.379807660038,8.742395696259564e-12,1532.432691363968,1589.788368189192
mask_011,2025-04-08,41312.64456688074,0.0,5486.634794380718,2743.317397190359,-2743.317397190359,1150.1620317169147,39719.4892014073,68469.70730393285,59533.46118134082,0.0,8936.24612259203,177.24642514948164,1328.541439971631,1257.6148689972954
mask_100,2025-04-08,41296.54763930783,0.0,0.0,0.0,0.0,2.986594815901355e-11,41296.54763930786,68432.36810752154,68432.36810752154,0.0,0.0,5.73324721031554e-12,1362.1467167418132,1588.8078126336343
mask_101,2025-04-08,41214.980657463806,0.0,4009.802509346371,2004.9012546731856,-2004.9012546731856,2.932306758518521e-11,39210.079402790645,68243.16146905249,61613.668285384905,0.0,6629.493183667573,5.608902231557522e-12,1532.432691363968,1320.9585851819745
mask_110,2025-04-08,41214.980657463806,1.6604502250003095,2786.188623984707,1393.0943119923536,-1391.4338617673534,4.2891628249108746e-11,39823.54679569649,68243.16146905249,63480.664161392444,0.8825000000001637,4763.379807660038,8.742395696259564e-12,1532.432691363968,1589.788368189192
mask_111,2025-04-08,41300.562748092605,234.87025695502143,5487.682207724485,2743.8411038622426,-2508.970846907221,338.1650224751478,39129.756923660534,68441.68174422946,59625.389093036945,121.67341843187495,8937.966069624395,55.97031448208421,1353.7644437046793,1256.3449747717323
forecast_only,2025-04-08,41252.83226118186,0.0,0.0,0.0,0.0,2.986594815901355e-11,41252.83226118189,68330.96384371741,68330.96384371741,0.0,0.0,5.73324721031554e-12,1453.4105541655354,1588.8078126336343
mask_000,2025-04-09,40248.05709689394,0.0,0.0,0.0,0.0,2.383882247158908e-11,40248.057096893965,66838.64534881002,66838.64534881002,0.0,0.0,4.491962357633383e-12,1588.8078126336343,1811.9593719690602
mask_001,2025-04-09,40376.35687684329,0.0,288.045703681358,144.022851840679,-144.022851840679,2.394005926831255e-11,40232.33402500263,67136.2556015341,66748.00338460357,0.0,388.2522169305322,4.560796185160143e-12,1320.9585851819745,1558.9508139722639
mask_010,2025-04-09,40247.58741078283,12.166138982723297,866.9419313734367,433.47096568671833,-421.30482670399505,3.057225717029155e-11,39826.28258407886,66837.55584263719,65740.81001808369,7.120280048849679,1103.8661046023535,6.006306563222097e-12,1589.788368189192,1819.501461841515
mask_011,2025-04-09,40406.69851689575,0.0,1689.583938133676,844.791969066838,-844.791969066838,3.5879530901894444e-11,39561.90654782894,67206.63750840595,65104.34308363458,0.0,2102.2944247713813,7.056577544517495e-12,1257.6148689972954,1421.1637289701393
mask_100,2025-04-09,40248.05709689394,0.0,0.0,0.0,0.0,2.383882247158908e-11,40248.057096893965,66838.64534881002,66838.64534881002,0.0,0.0,4.491962357633383e-12,1588.8078126336343,1811.9593719690602
mask_101,2025-04-09,40376.35687684329,0.0,288.045703681358,144.022851840679,-144.022851840679,2.394005926831255e-11,40232.33402500263,67136.2556015341,66748.00338460357,0.0,388.2522169305322,4.560796185160143e-12,1320.9585851819745,1558.9508139722639
mask_110,2025-04-09,40247.58741078283,12.166138982723297,870.6254967309368,435.3127483654684,-423.1466093827451,2.6632161809203583e-11,39824.44080140011,66837.55584263719,65737.87339308369,7.120280048849679,1106.8027296023538,5.3650417441986065e-12,1589.788368189192,1816.3212057304024
mask_111,2025-04-09,40407.306796229794,0.0,1689.583938133676,844.791969066838,-844.791969066838,3.5879530901894444e-11,39562.51482716299,67208.04850198992,65105.754077218546,0.0,2102.2944247713813,7.056577544517495e-12,1256.3449747717323,1421.1637289701393
forecast_only,2025-04-09,40248.05709689394,0.0,0.0,0.0,0.0,2.383882247158908e-11,40248.057096893965,66838.64534881002,66838.64534881002,0.0,0.0,4.491962357633383e-12,1588.8078126336343,1811.9593719690602
mask_000,2025-04-10,39375.28900568285,0.0,0.0,0.0,0.0,2.7630678189893846e-11,39375.28900568288,64419.736719971974,64419.736719971974,0.0,0.0,5.128342195348523e-12,1811.9593719690602,1945.2021780750754
mask_001,2025-04-10,39496.48010496331,0.0,0.0,0.0,0.0,2.7630678189893846e-11,39496.48010496334,64700.85733996842,64700.85733996842,0.0,0.0,5.128342195348523e-12,1558.9508139722639,1945.2021780750754
mask_010,2025-04-10,39371.67634463395,0.0,2786.0821217124635,1393.0410608562318,-1393.0410608562318,2.5299407013790186e-11,37978.63528377774,64411.35662011369,60292.6295995549,0.0,4118.727020558792,5.3228532692628505e-12,1819.501461841515,1890.5935794112363
mask_011,2025-04-10,39562.480118679334,0.0,2786.0821217124635,1393.0410608562318,-1393.0410608562318,2.5299407013790186e-11,38169.439057823125,64853.95410108189,60735.227080523095,0.0,4118.727020558792,5.3228532692628505e-12,1421.1637289701393,1890.5935794112363
mask_100,2025-04-10,39375.28900568285,0.0,40.22371419305549,20.111857096527746,-20.111857096527746,2.023168210740778e-11,39355.17714858634,64419.736719971974,64387.66942830531,0.0,32.06729166666662,3.957723038183758e-12,1811.9593719690602,1911.8284411923566
mask_101,2025-04-10,39496.48010496331,0.0,40.22371419305549,20.111857096527746,-20.111857096527746,2.023168210740778e-11,39476.368247866805,64700.85733996842,64668.79004830175,0.0,32.06729166666662,3.957723038183758e-12,1558.9508139722639,1911.8284411923566
mask_110,2025-04-10,39373.199687311164,0.0,2786.0821217124635,1393.0410608562318,-1393.0410608562318,2.5299407013790186e-11,37980.158626454955,64414.89023801493,60296.16321745614,0.0,4118.727020558792,5.3228532692628505e-12,1816.3212057304024,1890.5935794112363
mask_111,2025-04-10,39562.480118679334,0.0,2786.0821217124635,1393.0410608562318,-1393.0410608562318,2.5299407013790186e-11,38169.439057823125,64853.95410108189,60735.227080523095,0.0,4118.727020558792,5.3228532692628505e-12,1421.1637289701393,1890.5935794112363
forecast_only,2025-04-10,39375.28900568285,0.0,0.0,0.0,0.0,2.7630678189893846e-11,39375.28900568288,64419.736719971974,64419.736719971974,0.0,0.0,5.128342195348523e-12,1811.9593719690602,1945.2021780750754
mask_000,2025-04-11,14194.750858490675,0.0,0.0,0.0,0.0,1.8705238247207492e-11,14194.750858490694,28013.985600182128,28013.985600182128,0.0,0.0,3.410605131648481e-12,1945.2021780750754,2171.8531453212
mask_001,2025-04-11,14194.750858490675,0.0,0.0,0.0,0.0,1.8705238247207492e-11,14194.750858490694,28013.985600182128,28013.985600182128,0.0,0.0,3.410605131648481e-12,1945.2021780750754,2171.8531453212
mask_010,2025-04-11,14220.52611706001,0.0,540.0815695673357,270.04078478366785,-270.04078478366785,2.051323466645272e-11,13950.485332276363,28074.66182091973,27451.684115509015,0.0,622.9777054107157,3.90176779774265e-12,1890.5935794112363,1598.4677889784282
mask_011,2025-04-11,14220.52611706001,0.0,540.0815695673357,270.04078478366785,-270.04078478366785,2.051323466645272e-11,13950.485332276363,28074.66182091973,27451.684115509015,0.0,622.9777054107157,3.90176779774265e-12,1890.5935794112363,1598.4677889784282
mask_100,2025-04-11,14210.50326229932,0.0,331.5257267944329,165.76286339721645,-165.76286339721645,1.8871409324106025e-11,14044.740398902122,28051.067530051816,27630.923671255496,0.0,420.1438587963207,3.4505731605349865e-12,1911.8284411923566,1752.411103514413
mask_101,2025-04-11,14210.50326229932,0.0,331.5257267944329,165.76286339721645,-165.76286339721645,1.8871409324106025e-11,14044.740398902122,28051.067530051816,27630.923671255496,0.0,420.1438587963207,3.4505731605349865e-12,1911.8284411923566,1752.411103514413
mask_110,2025-04-11,14220.52611706001,235.33521105580766,540.1275109512939,270.06375547564693,-34.72854441983924,2.0860716709592e-11,14185.797572640191,28074.66182091973,27590.21774979071,138.63644921454556,623.0805203435633,3.957723038183758e-12,1890.5935794112363,1742.9799042855009
mask_111,2025-04-11,14220.52611706001,235.33521105580766,540.1275109512939,270.06375547564693,-34.72854441983924,2.0860716709592e-11,14185.797572640191,28074.66182091973,27590.21774979071,138.63644921454556,623.0805203435633,3.957723038183758e-12,1890.5935794112363,1742.9799042855009
forecast_only,2025-04-11,14194.750858490675,0.0,0.0,0.0,0.0,1.8705238247207492e-11,14194.750858490694,28013.985600182128,28013.985600182128,0.0,0.0,3.410605131648481e-12,1945.2021780750754,2171.8531453212
mask_000,2025-04-12,14879.599838424787,0.0,0.0,0.0,0.0,2.0199408368171133e-11,14879.599838424807,28602.76709096356,28602.76709096356,0.0,0.0,3.296918293926865e-12,2171.8531453212,2107.4888295906067
mask_001,2025-04-12,14879.599838424787,0.0,1417.695027659418,708.847513829709,-708.847513829709,1.8997969419842773e-11,14170.752324595096,28602.76709096356,26991.000966699015,0.0,1611.7661242645463,3.176126028847648e-12,2171.8531453212,1508.116488431123
mask_010,2025-04-12,15150.51829871607,0.0,1316.531983955117,658.2659919775585,-658.2659919775585,2.0559204505499195e-11,14492.25230673853,29239.861931344418,27737.034643231484,0.0,1502.827288112936,3.662486980360313e-12,1598.4677889784282,1622.5803911138673
mask_011,2025-04-12,15150.51829871607,0.0,1417.695027659418,708.847513829709,-708.847513829709,1.943345573351962e-11,14441.67078488638,29239.861931344418,27628.095807079873,0.0,1611.7661242645463,3.3786307085392764e-12,1598.4677889784282,1508.116488431123
mask_100,2025-04-12,15077.57648215759,0.0,342.7732442937757,171.38662214688785,-171.38662214688785,2.0634894681847983e-11,14906.189860010722,29068.813804082212,28636.494473912462,0.0,432.31933016975245,3.4994229736184934e-12,1752.411103514413,1669.9638836302033
mask_101,2025-04-12,15077.57648215759,0.0,1417.695027659418,708.847513829709,-708.847513829709,1.943345573351962e-11,14368.728968327901,29068.813804082212,27457.047679817668,0.0,1611.7661242645463,3.3786307085392764e-12,1752.411103514413,1508.116488431123
mask_110,2025-04-12,15082.028008193636,0.0,1316.531983955117,658.2659919775585,-658.2659919775585,2.0559204505499195e-11,14423.762016216097,29079.292914336558,27576.465626223624,0.0,1502.827288112936,3.662486980360313e-12,1742.9799042855009,1622.5803911138673
mask_111,2025-04-12,15082.028008193636,0.0,1417.695027659418,708.847513829709,-708.847513829709,1.943345573351962e-11,14373.180494363947,29079.292914336558,27467.526790072014,0.0,1611.7661242645463,3.3786307085392764e-12,1742.9799042855009,1508.116488431123
forecast_only,2025-04-12,14879.599838424787,0.0,0.0,0.0,0.0,2.0199408368171133e-11,14879.599838424807,28602.76709096356,28602.76709096356,0.0,0.0,3.296918293926865e-12,2171.8531453212,2107.4888295906067
mask_000,2025-04-13,36642.217220372375,0.0,0.0,0.0,0.0,2.8498742699056833e-11,36642.217220372404,61175.149881566875,61175.149881566875,0.0,0.0,6.612266290062507e-12,2107.4888295906067,1894.1274185965135
mask_001,2025-04-13,36929.316571787764,0.0,2261.972514827794,1130.986257413897,-1130.986257413897,3878.2703113059506,39676.600625679814,61841.119149521866,58669.131223851604,0.0,3171.9879256702598,707.3578696531455,1508.116488431123,1438.256074792163
mask_010,2025-04-13,36874.48836240273,0.0,733.296461465099,366.6482307325495,-366.6482307325495,3.1343490691781993e-11,36507.84013167021,61713.93703542992,60152.50886519887,0.0,1561.4281702310477,7.066125462529271e-12,1622.5803911138673,1885.2736567066927
mask_011,2025-04-13,36929.316571787764,892.9545474995897,2393.6303808353623,1196.8151904176812,-303.86064291809134,571.8798394797482,37197.335768349425,61841.119149521866,59027.2994074987,650.7050418041513,3464.5247838273126,98.36837340216536,1508.116488431123,1438.256074792163
mask_100,2025-04-13,36851.79166948741,0.0,48.4232059101636,24.2116029550818,-24.2116029550818,2.6417647125409618e-11,36827.580066532355,61661.28871041177,61622.20609631526,0.0,39.0826140965147,6.271094754595197e-12,1669.9638836302033,1879.840288910197
mask_101,2025-04-13,36929.316571787764,711.4000394145834,2261.972514827794,1130.986257413897,-419.5862179993137,1811.077961136357,38320.808314924805,61841.119149521866,59038.51101551827,369.3797916666667,3171.9879256702598,379.2019209533489,1508.116488431123,1484.0603447553517
mask_110,2025-04-13,36874.48836240273,0.0,741.2441531019293,370.62207655096466,-370.62207655096466,2.6417647125409618e-11,36503.86628585179,61713.93703542992,60145.756412213465,0.0,1568.1806232164515,6.271094754595197e-12,1622.5803911138673,1879.840288910197
mask_111,2025-04-13,36929.316571787764,1163.506720742368,2393.6303808353623,1196.8151904176812,-33.30846967531306,3.7890402870832676e-11,36896.008102112486,61841.119149521866,59167.325892628105,790.7315269335555,3464.5247838273126,8.476497281861839e-12,1508.116488431123,1484.5428656002155
forecast_only,2025-04-13,36642.217220372375,0.0,0.0,0.0,0.0,2.8498742699056833e-11,36642.217220372404,61175.149881566875,61175.149881566875,0.0,0.0,6.612266290062507e-12,2107.4888295906067,1894.1274185965135
mask_000,2025-04-14,39264.75291597306,0.0,0.0,0.0,0.0,2.9714789184787094e-11,39264.75291597309,64808.52455876827,64808.52455876827,0.0,0.0,5.930145263732811e-12,1894.1274185965135,1726.292679843518
mask_001,2025-04-14,39483.115289655354,0.0,6923.478913326408,3461.739456663204,-3461.739456663204,10048.611245348768,46069.98707834092,65315.04827410643,54740.472680735824,0.0,10574.575593370608,1710.5733318185485,1438.256074792163,1418.9926342979286
mask_010,2025-04-14,39268.99386791829,1.3594800166031247,4085.8797740301115,2042.9398870150558,-2041.5804069984529,3.739229259558386e-11,37227.41346091987,64818.36207197918,58896.14804128821,2.156834929662864,5924.370865620642,7.960521131167297e-12,1885.2736567066927,1669.0904041221618
mask_011,2025-04-14,39483.115289655354,641.7364663293905,6923.478913326408,3461.739456663204,-2820.0029903338136,5130.00548151233,41793.117780833876,65315.04827410643,55693.785306303726,953.3126255678964,10574.575593370608,926.8956847445365,1438.256074792163,1418.9926342979286
mask_100,2025-04-14,39271.59645109281,1.1183859893870136,57.23946074500596,28.61973037250298,-27.501344383115963,2.8036970078915147e-11,39244.09510670973,64824.39914730862,64780.462446163234,1.7743357293200006,45.71103687469656,5.659472890329198e-12,1879.840288910197,1677.9554835006647
mask_101,2025-04-14,39461.175044342985,2296.5562725971663,6923.478913326408,3461.739456663204,-1165.183184066037,2449.1268818174767,40745.11874209443,65264.15464081401,55858.766782424296,1169.187734980898,10574.575593370608,541.3855968376515,1484.0603447553517,1418.9926342979286
mask_110,2025-04-14,39271.59645109281,1.3594800166031247,4085.8797740301115,2042.9398870150558,-2041.5804069984529,3.739229259558386e-11,37230.016044094395,64824.39914730862,58902.185116617635,2.156834929662864,5924.370865620642,7.960521131167297e-12,1879.840288910197,1669.0904041221618
mask_111,2025-04-14,39460.94391685829,1503.175593800826,6923.478913326408,3461.739456663204,-1958.5638628623774,2237.730152135777,39740.1102061317,65263.61850654194,56088.3625759304,1399.3196627590748,10574.575593370608,480.88864755335993,1484.5428656002155,1418.9926342979286
forecast_only,2025-04-14,39264.75291597306,0.0,0.0,0.0,0.0,2.9714789184787094e-11,39264.75291597309,64808.52455876827,64808.52455876827,0.0,0.0,5.930145263732811e-12,1894.1274185965135,1726.292679843518
mask_000,2025-04-15,33761.429928918034,0.0,0.0,0.0,0.0,3847.3937487147477,37608.82367763278,56606.57076361509,56606.57076361509,0.0,0.0,622.5757737927739,1726.292679843518,1615.7152606199115
mask_001,2025-04-15,33908.626650734375,2145.0403117995625,131.1474857092953,65.57374285464765,2079.466568944915,3.0123417871230626e-11,35988.093219679315,56948.01525866575,58841.03566197658,2108.3763849675292,215.35598165669694,5.765832256088288e-12,1418.9926342979286,1485.4024788019442
mask_010,2025-04-15,33788.82981898857,359.81347024595885,772.2161261628414,386.1080630814207,-26.294592835461856,2069.9110494571096,35832.44627561021,56670.12884774993,55324.97876659066,342.0329267780454,1687.183007937319,336.51709163087776,1669.0904041221618,1468.6383631027159
mask_011,2025-04-15,33908.626650734375,2400.4033846544503,1521.565086888344,760.782543444172,1639.6208412102783,3.2885762113465946e-11,35548.24749194468,56948.01525866575,56496.54241126422,2358.2976147493173,2809.7704621508497,6.7363892242156e-12,1418.9926342979286,1726.4179783919592
mask_100,2025-04-15,33784.583445966266,905.4736351556548,131.14748570929527,65.57374285464763,839.8998923010072,1013.4786601984538,35637.961998465726,56660.2787595516,56913.958345969644,469.03556807474126,215.35598165669694,207.51872820516684,1677.9554835006647,1468.867424462905
mask_101,2025-04-15,33908.626650734375,2145.0403117995625,131.1474857092953,65.57374285464765,2079.466568944915,3.0123417871230626e-11,35988.093219679315,56948.01525866575,58841.03566197658,2108.3763849675292,215.35598165669694,5.765832256088288e-12,1418.9926342979286,1485.4024788019442
mask_110,2025-04-15,33788.82981898857,770.5172132769346,772.2161261628416,386.1080630814208,384.4091501955138,643.2119928236989,34816.45096200778,56670.12884774993,55538.1614944224,555.2156546097826,1687.183007937319,123.59190180875109,1669.0904041221618,1468.867424462905
mask_111,2025-04-15,33908.626650734375,2400.4033846544503,1521.565086888344,760.782543444172,1639.6208412102783,3.2885762113465946e-11,35548.24749194468,56948.01525866575,56496.54241126422,2358.2976147493173,2809.7704621508497,6.7363892242156e-12,1418.9926342979286,1726.4179783919592
forecast_only,2025-04-15,33761.429928918034,0.0,0.0,0.0,0.0,3334.3654256495497,37095.795354567585,56606.57076361509,56606.57076361509,0.0,0.0,622.5757737927732,1726.292679843518,1615.7152606199115
mask_000,2025-04-16,37219.891779107274,0.0,0.0,0.0,0.0,3.5746014148685384e-11,37219.89177910731,63233.14349990625,63233.14349990625,0.0,0.0,8.456402245116124e-12,1615.7152606199115,1518.658823783195
mask_001,2025-04-16,37282.31160159808,1950.6281184719187,922.5488598270541,461.27442991352706,1489.3536885583917,2.6245293383020396e-11,38771.6652901565,63377.93547970399,63403.3477987047,1744.0891703625184,1718.6768513618194,6.070532965196662e-12,1485.4024788019442,1390.9714588709578
mask_010,2025-04-16,37290.34161301801,331.5321706317837,1200.0876781331483,600.0438390665742,-268.5116684347905,2.960320155676044e-11,37021.82994458325,63396.56227492535,61053.27380601026,302.6889610699509,2645.977429985046,6.812383990251192e-12,1468.6383631027159,1389.9806395115477
mask_011,2025-04-16,37166.86517729446,1950.6281184719187,2667.2177060000245,1333.6088530000122,617.0192654719065,2.88816427440608e-11,37783.88444276639,63110.14048015953,60309.00396695824,1744.0891703625184,4545.225683563815,6.721789791441779e-12,1726.4179783919592,1267.547953025932
mask_100,2025-04-16,37290.23189262648,0.0,0.0,0.0,0.0,3.5746014148685384e-11,37290.231892626514,63396.307762302924,63396.307762302924,0.0,0.0,8.456402245116124e-12,1468.867424462905,1518.658823783195
mask_101,2025-04-16,37282.31160159808,1950.6281184719187,922.5488598270541,461.27442991352706,1489.3536885583917,2.6245293383020396e-11,38771.6652901565,63377.93547970399,63403.3477987047,1744.0891703625184,1718.6768513618194,6.070532965196662e-12,1485.4024788019442,1390.9714588709578
mask_110,2025-04-16,37290.23189262648,331.5321706317837,1200.0876781331483,600.0438390665742,-268.5116684347905,2.960320155676044e-11,37021.72022419172,63396.307762302924,61053.01929338783,302.6889610699509,2645.977429985046,6.812383990251192e-12,1468.867424462905,1389.9806395115477
mask_111,2025-04-16,37166.86517729446,1950.6281184719187,2667.2177060000245,1333.6088530000122,617.0192654719065,2.88816427440608e-11,37783.88444276639,63110.14048015953,60309.00396695824,1744.0891703625184,4545.225683563815,6.721789791441779e-12,1726.4179783919592,1267.547953025932
forecast_only,2025-04-16,37219.891779107274,0.0,0.0,0.0,0.0,236.4914216682231,37456.3832007755,63233.14349990625,63233.14349990625,0.0,0.0,66.40815786212838,1615.7152606199115,1592.4456658522179
mask_000,2025-04-17,34699.40706843127,0.0,0.0,0.0,0.0,2216.4182089692617,36915.82527740053,56744.32040760224,56744.32040760224,0.0,0.0,345.0367277178193,1518.658823783195,1727.141259776812
mask_001,2025-04-17,34760.56931622423,2132.3636569913956,136.56590878600738,68.28295439300369,2064.080702598392,2.1119267612501605e-11,36824.65001882265,56886.195257504725,59811.09634648536,3149.1546092703175,224.25352028967706,4.925060359539657e-12,1390.9714588709578,1679.4849300449139
mask_010,2025-04-17,34761.04391869739,336.1290418195686,137.5587071256604,68.7793535628302,267.34968825673843,2.1076588196944357e-11,35028.39360695415,56887.29616790407,57174.163583958536,512.7512006215527,225.88378456708,4.903299988257004e-12,1389.9806395115477,1542.7499856695263
mask_011,2025-04-17,34819.68917552399,2384.824908776879,1205.9220818505844,602.9610409252922,1781.8638678515867,2.7371297700584663e-11,36601.55304337561,57023.33248622142,58519.62538847071,3427.9508899275334,1931.6579876782391,6.098843652324604e-12,1267.547953025932,1871.574900904455
mask_100,2025-04-17,34699.40706843127,485.89040387439445,136.56590878600738,68.28295439300369,417.60744948139074,544.8884288073041,35661.902946719965,56744.32040760224,56771.543430994156,251.47654368159533,224.25352028967706,93.56018403622426,1518.658823783195,1519.6997304374297
mask_101,2025-04-17,34760.56931622423,2132.3636569913956,136.56590878600738,68.28295439300369,2064.080702598392,2.1119267612501605e-11,36824.65001882265,56886.195257504725,59811.09634648536,3149.1546092703175,224.25352028967706,4.925060359539657e-12,1390.9714588709578,1679.4849300449139
mask_110,2025-04-17,34761.04391869739,336.1290418195686,137.5587071256604,68.7793535628302,267.34968825673843,2.1076588196944357e-11,35028.39360695415,56887.29616790407,57174.163583958536,512.7512006215527,225.88378456708,4.903299988257004e-12,1389.9806395115477,1542.7499856695263
mask_111,2025-04-17,34819.68917552399,2384.824908776879,1205.9220818505844,602.9610409252922,1781.8638678515867,2.7371297700584663e-11,36601.55304337561,57023.33248622142,58519.62538847071,3427.9508899275334,1931.6579876782391,6.098843652324604e-12,1267.547953025932,1871.574900904455
forecast_only,2025-04-17,34664.06317108021,0.0,0.0,0.0,0.0,2717.374439914734,37381.437610994944,56662.33502752554,56662.33502752554,0.0,0.0,715.9162552575009,1592.4456658522179,1886.9264593842963
mask_000,2025-04-18,13870.752858461887,0.0,0.0,0.0,0.0,1.5279788281863382e-11,13870.752858461901,27558.977592864336,27558.977592864336,0.0,0.0,2.655299591314275e-12,1727.141259776812,2322.4486102241576
mask_001,2025-04-18,13893.246646095342,0.0,784.1292333330767,392.06461666653837,-392.06461666653837,2.015757889772818e-11,13501.182029428825,27611.929070344224,26708.736903824247,0.0,903.1921665199793,3.4226857459351834e-12,1679.4849300449139,1775.4519802601262
mask_010,2025-04-18,13957.899335809925,0.0,645.548691716506,322.774345858253,-322.774345858253,2.0089118105137693e-11,13635.124989951693,27763.85678631688,27005.51390562232,0.0,758.3428806945586,3.428014816453384e-12,1542.7499856695263,1813.374767551727
mask_011,2025-04-18,13802.58017984964,208.77773775285988,784.6877790577513,392.34388952887565,-183.56615177601572,2.0089118105137693e-11,13619.014028073645,27398.495769389177,26640.22074596891,146.16714552077013,904.4421689410424,3.428014816453384e-12,1871.574900904455,1813.374767551727
mask_100,2025-04-18,13968.83284020835,0.0,490.9977564797826,245.4988782398913,-245.4988782398913,1.5279788281863382e-11,13723.333961968472,27789.468181019205,27200.741368683197,0.0,588.7268123360086,2.655299591314275e-12,1519.6997304374297,1713.1536583666257
mask_101,2025-04-18,13893.246646095342,0.0,784.1292333330767,392.06461666653837,-392.06461666653837,2.015757889772818e-11,13501.182029428825,27611.929070344224,26708.736903824247,0.0,903.1921665199793,3.4226857459351834e-12,1679.4849300449139,1775.4519802601262
mask_110,2025-04-18,13957.899335809925,0.0,645.548691716506,322.774345858253,-322.774345858253,2.0089118105137693e-11,13635.124989951693,27763.85678631688,27005.51390562232,0.0,758.3428806945586,3.428014816453384e-12,1542.7499856695263,1813.374767551727
mask_111,2025-04-18,13802.58017984964,208.77773775285988,784.6877790577513,392.34388952887565,-183.56615177601572,2.0089118105137693e-11,13619.014028073645,27398.495769389177,26640.22074596891,146.16714552077013,904.4421689410424,3.428014816453384e-12,1871.574900904455,1813.374767551727
forecast_only,2025-04-18,13795.334244247155,0.0,0.0,0.0,0.0,1.5279788281863382e-11,13795.33424424717,27381.438482189355,27381.438482189355,0.0,0.0,2.655299591314275e-12,1886.9264593842963,2322.4486102241576
mask_000,2025-04-19,13172.82541229671,0.0,0.0,0.0,0.0,1.2476614852374723e-11,13172.825412296723,26651.15990369701,26651.15990369701,0.0,0.0,2.3989699116100383e-12,2322.4486102241576,1975.222078609813
mask_001,2025-04-19,13431.124686932179,0.0,689.701073056298,344.850536528149,-344.850536528149,592.105484382001,13678.37963478603,27258.93393699038,26462.233659742476,0.0,796.7002772479009,131.7692411484561,1775.4519802601262,1388.9073927473094
mask_010,2025-04-19,13413.136644826864,93.17545691983142,71.61603420860737,35.80801710430369,57.36743981552773,1.2406782712304221e-11,13470.504084642404,27216.797506666375,27128.007192040568,71.48343234423733,160.27374697004382,2.3669954885008337e-12,1813.374767551727,1823.7252273071763
mask_011,2025-04-19,13413.136644826864,993.057300527244,690.2596187809725,345.12980939048623,647.9274911367578,9.24251253309194e-12,14061.06413596363,27216.797506666375,27119.374474479337,700.5272474819251,797.9502796689636,1.708855279503041e-12,1813.374767551727,1605.2944084409378
mask_100,2025-04-19,13460.674857616996,0.0,334.74443342766006,167.37221671383003,-167.37221671383003,1.286524975441239e-11,13293.302640903177,27328.154294649823,26899.302584329133,0.0,428.85171032068973,2.5126567493316543e-12,1713.1536583666257,1534.689834758618
mask_101,2025-04-19,13431.124686932179,389.37162239409827,689.701073056298,344.850536528149,44.52108586594926,1.635087087947795e-11,13475.645772798145,27258.93393699038,26725.20709870111,262.97343895863185,796.7002772479009,3.311129148642067e-12,1775.4519802601262,1534.6898347586193
mask_110,2025-04-19,13413.136644826864,93.17545691983142,71.61603420860737,35.80801710430369,57.36743981552773,1.2406782712304221e-11,13470.504084642404,27216.797506666375,27128.007192040568,71.48343234423733,160.27374697004382,2.3669954885008337e-12,1813.374767551727,1823.7252273071763
mask_111,2025-04-19,13413.136644826864,993.057300527244,690.2596187809725,345.12980939048623,647.9274911367578,9.24251253309194e-12,14061.06413596363,27216.797506666375,27119.374474479337,700.5272474819251,797.9502796689636,1.708855279503041e-12,1813.374767551727,1605.2944084409378
forecast_only,2025-04-19,13172.82541229671,0.0,0.0,0.0,0.0,1.2476614852374723e-11,13172.825412296723,26651.15990369701,26651.15990369701,0.0,0.0,2.3989699116100383e-12,2322.4486102241576,1975.222078609813
mask_000,2025-04-20,34969.05023377329,0.0,0.0,0.0,0.0,3.30902831802149e-11,34969.05023377333,58004.90835916088,58004.90835916088,0.0,0.0,6.901590410279823e-12,1975.222078609813,2042.5588556812422
mask_001,2025-04-20,35249.89496830143,0.0,0.0,0.0,0.0,3.30902831802149e-11,35249.894968301465,58656.36912123033,58656.36912123033,0.0,0.0,6.901590410279823e-12,1388.9073927473094,2042.5588556812422
mask_010,2025-04-20,35041.61722554725,0.0,0.0,0.0,0.0,3.30902831802149e-11,35041.617225547285,58173.23819394159,58173.23819394159,0.0,0.0,6.901590410279823e-12,1823.7252273071763,2042.5588556812422
mask_011,2025-04-20,35146.245587784186,0.0,0.0,0.0,0.0,3.30902831802149e-11,35146.24558778422,58415.93910379297,58415.93910379297,0.0,0.0,6.901590410279823e-12,1605.2944084409378,2042.5588556812422
mask_100,2025-04-20,35180.065178578014,0.0,0.0,0.0,0.0,3.30902831802149e-11,35180.06517857805,58494.38863010665,58494.38863010665,0.0,0.0,6.901590410279823e-12,1534.689834758618,2042.5588556812422
mask_101,2025-04-20,35180.065178578014,0.0,0.0,0.0,0.0,3.30902831802149e-11,35180.06517857805,58494.38863010665,58494.38863010665,0.0,0.0,6.901590410279823e-12,1534.6898347586193,2042.5588556812422
mask_110,2025-04-20,35041.61722554725,0.0,0.0,0.0,0.0,3.30902831802149e-11,35041.617225547285,58173.23819394159,58173.23819394159,0.0,0.0,6.901590410279823e-12,1823.7252273071763,2042.5588556812422
mask_111,2025-04-20,35146.245587784186,0.0,0.0,0.0,0.0,3.30902831802149e-11,35146.24558778422,58415.93910379297,58415.93910379297,0.0,0.0,6.901590410279823e-12,1605.2944084409378,2042.5588556812422
forecast_only,2025-04-20,34969.05023377329,0.0,0.0,0.0,0.0,3.30902831802149e-11,34969.05023377333,58004.90835916088,58004.90835916088,0.0,0.0,6.901590410279823e-12,1975.222078609813,2042.5588556812422
mask_000,2025-04-21,36680.86481454029,0.0,0.0,0.0,0.0,2.3206086607885367e-11,36680.86481454031,61403.022941021816,61403.022941021816,0.0,0.0,5.548894677076532e-12,2042.5588556812422,1519.3865640390654
mask_001,2025-04-21,36680.86481454029,0.9335536439482234,4201.163862615585,2100.5819313077923,-2099.648377663844,4.2918020859428197e-11,34581.21643687649,61403.022941021816,54306.3660966126,1.481096509982308,7098.137940919212,9.77273817426294e-12,2042.5588556812422,1454.8301843873696
mask_010,2025-04-21,36680.86481454029,0.8390625262714769,3036.6536323742143,1518.3268161871072,-1517.4877536608358,2.978269475484296e-11,35163.37706087949,61403.022941021816,56552.03577873004,1.3311849697911384,4852.318347261569,6.66533495063959e-12,2042.5588556812422,1480.773494192676
mask_011,2025-04-21,36680.86481454029,0.9335536439482234,4201.163862615585,2100.5819313077923,-2099.648377663844,4.2918020859428197e-11,34581.21643687649,61403.022941021816,54306.3660966126,1.481096509982308,7098.137940919212,9.77273817426294e-12,2042.5588556812422,1454.8301843873696
mask_100,2025-04-21,36680.86481454029,0.8390625262714768,56.588876098221064,28.294438049110532,-27.455375522839056,2.3448906150136392e-11,36653.40943901747,61403.022941021816,61359.181329264524,1.3311849697911384,45.172796727082755,5.6634696932178485e-12,2042.5588556812422,1473.7822315383514
mask_101,2025-04-21,36680.86481454029,0.9335536439482234,4201.163862615585,2100.5819313077923,-2099.648377663844,4.2918020859428197e-11,34581.21643687649,61403.022941021816,54306.3660966126,1.481096509982308,7098.137940919212,9.77273817426294e-12,2042.5588556812422,1454.8301843873696
mask_110,2025-04-21,36680.86481454029,0.8390625262714769,3045.079855420325,1522.5399277101626,-1521.7008651838912,2.3448906150136392e-11,35159.163949356414,61403.022941021816,56545.31819539671,1.3311849697911384,4859.035930594902,5.6634696932178485e-12,2042.5588556812422,1473.7822315383514
mask_111,2025-04-21,36680.86481454029,0.9335536439482234,4201.163862615585,2100.5819313077923,-2099.648377663844,4.2918020859428197e-11,34581.21643687649,61403.022941021816,54306.3660966126,1.481096509982308,7098.137940919212,9.77273817426294e-12,2042.5588556812422,1454.8301843873696
forecast_only,2025-04-21,36680.86481454029,0.0,0.0,0.0,0.0,2.3206086607885367e-11,36680.86481454031,61403.022941021816,61403.022941021816,0.0,0.0,5.548894677076532e-12,2042.5588556812422,1519.3865640390654
mask_000,2025-04-22,33206.89008058998,0.0,0.0,0.0,0.0,3394.712388797243,36601.602469387224,55321.402862375384,55321.402862375384,0.0,0.0,629.4246050488327,1519.3865640390654,1374.167293427176
mask_001,2025-04-22,33237.81258644315,2790.650217019005,133.89682044647319,66.94841022323659,2723.701806795769,3.3451961201080847e-11,35961.514393238955,55393.13217309948,58766.04075308932,3592.7792168686683,219.87063687883574,6.619149672815183e-12,1454.8301843873696,1387.5453096262784
mask_010,2025-04-22,33225.3857410464,626.9847680774501,134.32616407048704,67.16308203524352,559.8216860422066,347.27393008839147,34132.48135717699,55364.306273315815,56036.263118602714,892.5325030597068,220.57565777281206,95.53230902497482,1480.773494192676,1386.8512557239867
mask_011,2025-04-22,33237.81258644315,2790.650217019005,1602.570800634012,801.285400317006,1989.3648167019992,347.27393008839283,35574.45133323354,55393.13217309948,56122.41586392529,3592.7792168686683,2863.495526042868,95.53230902497502,1454.8301843873696,1280.1004260254724
mask_100,2025-04-22,33228.73455585782,897.1245832205453,134.32616407048704,67.16308203524352,829.9615011853018,958.5121033954082,35017.20816043853,55372.07434293173,55616.21824897552,464.71956381660465,220.57565777281206,251.54891156057363,1473.7822315383514,1257.5760470504958
mask_101,2025-04-22,33237.81258644315,2790.650217019005,133.89682044647319,66.94841022323659,2723.701806795769,3.3451961201080847e-11,35961.514393238955,55393.13217309948,58766.04075308932,3592.7792168686683,219.87063687883574,6.619149672815183e-12,1454.8301843873696,1387.5453096262784
mask_110,2025-04-22,33228.73455585782,626.9847680774501,134.32616407048704,67.16308203524352,559.8216860422066,347.27393008839147,34135.83017198842,55372.07434293173,56044.03118821862,892.5325030597068,220.57565777281206,95.53230902497482,1473.7822315383514,1386.8512557239867
mask_111,2025-04-22,33237.81258644315,2790.650217019005,1602.570800634012,801.285400317006,1989.3648167019992,347.27393008839283,35574.45133323354,55393.13217309948,56122.41586392529,3592.7792168686683,2863.495526042868,95.53230902497502,1454.8301843873696,1280.1004260254724
forecast_only,2025-04-22,33206.89008058998,0.0,0.0,0.0,0.0,3201.799541317858,36408.68962190784,55321.402862375384,55321.402862375384,0.0,0.0,858.5436960605741,1519.3865640390654,1599.9170680789994
mask_000,2025-04-23,32346.103212112743,0.0,0.0,0.0,0.0,9734.344440791632,42080.447652904375,53524.29224818552,53524.29224818552,0.0,0.0,1548.036069180757,1374.167293427176,1608.5939800328701
mask_001,2025-04-23,32339.70852036957,2151.9452991250714,132.86227502351736,66.43113751175868,2085.514161613313,2.834994594635987e-11,34425.222681982916,53509.427785742075,56504.24758268392,3212.991617073083,218.17182013123113,6.0258464884555e-12,1387.5453096262784,1691.5623063385185
mask_010,2025-04-23,32340.040278134868,1848.9095454485148,135.0689197287143,67.53445986435715,1781.3750855841577,2.771199048012818e-11,34121.415363719054,53510.19895674462,55905.64337568513,2617.239748390929,221.79532945041626,5.81845682745552e-12,1386.8512557239867,1688.0716590277036
mask_011,2025-04-23,32391.067174730757,2151.9452991250714,132.86227502351736,66.43113751175868,2085.514161613313,2.834994594635987e-11,34476.581336344105,53628.81098974297,56623.63078668482,3212.991617073083,218.17182013123113,6.0258464884555e-12,1280.1004260254724,1691.5623063385185
mask_100,2025-04-23,32401.833827880797,2990.572481617236,134.69450025116,67.34725012558,2923.225231491656,509.0118684866842,35834.07092785914,53653.83807749294,54938.04102149719,1505.3834429552103,221.18049895096692,148.02379441204184,1257.5760470504958,1513.621375173348
mask_101,2025-04-23,32339.70852036957,2151.9452991250714,132.86227502351736,66.43113751175868,2085.514161613313,2.834994594635987e-11,34425.222681982916,53509.427785742075,56504.24758268392,3212.991617073083,218.17182013123113,6.0258464884555e-12,1387.5453096262784,1691.5623063385185
mask_110,2025-04-23,32340.040278134868,1848.9095454485148,135.0689197287143,67.53445986435715,1781.3750855841577,2.771199048012818e-11,34121.415363719054,53510.19895674462,55905.64337568513,2617.239748390929,221.79532945041626,5.81845682745552e-12,1386.8512557239867,1688.0716590277036
mask_111,2025-04-23,32391.067174730757,2151.9452991250714,132.86227502351736,66.43113751175868,2085.514161613313,2.834994594635987e-11,34476.581336344105,53628.81098974297,56623.63078668482,3212.991617073083,218.17182013123113,6.0258464884555e-12,1280.1004260254724,1691.5623063385185
forecast_only,2025-04-23,32238.194819829172,0.0,0.0,0.0,0.0,7081.400740456602,39319.59556028577,53273.45916523905,53273.45916523905,0.0,0.0,1548.0360691807591,1599.9170680789994,1608.5939800328701
mask_000,2025-04-24,33471.39052218849,0.0,0.0,0.0,0.0,2.931747911105731e-11,33471.39052218852,55533.271533411404,55533.271533411404,0.0,0.0,5.307754236127948e-12,1608.5939800328701,1760.8231218043081
mask_001,2025-04-24,33431.648693888084,55.71082388012884,342.6634472590481,171.33172362952405,-115.62089974939522,2.5971012895809052e-11,33316.027794138725,55441.0845041829,54920.0867178483,34.287790344861946,555.2855766794692,4.7553072590744705e-12,1691.5623063385185,1797.3364537929892
mask_010,2025-04-24,33433.32071394996,0.0,0.0,0.0,0.0,2.931747911105731e-11,33433.32071394999,55444.96300119492,55444.96300119492,0.0,0.0,5.307754236127948e-12,1688.0716590277036,1760.8231218043081
mask_011,2025-04-24,33431.648693888084,163.7276319851565,484.67582133506414,242.33791066753207,-78.61027868237557,2.7338319164016414e-11,33353.038415205745,55441.0845041829,54781.03210938646,128.4302886451857,788.4826834416228,5.071498776487715e-12,1691.5623063385185,1575.7957330073991
mask_100,2025-04-24,33516.8823999162,0.0,0.0,0.0,0.0,2.931747911105731e-11,33516.88239991623,55638.796649921984,55638.796649921984,0.0,0.0,5.307754236127948e-12,1513.621375173348,1760.8231218043081
mask_101,2025-04-24,33431.648693888084,55.71082388012885,375.7396612029904,187.8698306014952,-132.15900672136638,3.1691731905425514e-11,33299.489687166744,55441.0845041829,54889.37325585702,34.287790344861946,585.9990386707486,5.718092666029406e-12,1691.5623063385185,1764.681450483343
mask_110,2025-04-24,33433.32071394996,0.0,0.0,0.0,0.0,2.931747911105731e-11,33433.32071394999,55444.96300119492,55444.96300119492,0.0,0.0,5.307754236127948e-12,1688.0716590277036,1760.8231218043081
mask_111,2025-04-24,33431.648693888084,163.7276319851565,484.67582133506414,242.33791066753207,-78.61027868237557,2.7338319164016414e-11,33353.038415205745,55441.0845041829,54781.03210938646,128.4302886451857,788.4826834416228,5.071498776487715e-12,1691.5623063385185,1575.7957330073991
forecast_only,2025-04-24,33471.39052218849,0.0,0.0,0.0,0.0,2.931747911105731e-11,33471.39052218852,55533.271533411404,55533.271533411404,0.0,0.0,5.307754236127948e-12,1608.5939800328701,1760.8231218043081
mask_000,2025-04-25,13624.79014634389,0.0,0.0,0.0,0.0,1.9268236006730886e-11,13624.79014634391,26820.069799842022,26820.069799842022,0.0,0.0,3.2793767701377874e-12,1760.8231218043081,1898.0389974871935
mask_001,2025-04-25,13607.568024755896,0.0,367.63412173483357,183.81706086741679,-183.81706086741679,1.9408511353624643e-11,13423.750963888499,26779.499430965712,26386.993036418615,0.0,392.5063945470963,3.3077984795681914e-12,1797.3364537929892,1876.7721024720843
mask_010,2025-04-25,13624.79014634389,0.0,947.0996236219491,473.5498118109746,-473.5498118109746,1.9268236006730886e-11,13151.240334532937,26820.069799842022,25819.106175508958,0.0,1000.9636243330642,3.2793767701377874e-12,1760.8231218043081,1702.071990056815
mask_011,2025-04-25,13712.086003543642,0.0,947.0996236219493,473.54981181097463,-473.54981181097463,1.9268236006730886e-11,13238.536191732688,27025.655787394142,26024.692163061078,0.0,1000.9636243330642,3.2793767701377874e-12,1575.7957330073991,1702.071990056815
mask_100,2025-04-25,13624.79014634389,0.0,224.1190312889954,112.0595156444977,-112.0595156444977,1.9622807156949305e-11,13512.730630699412,26820.069799842022,26591.552215061678,0.0,228.51758478034316,3.3706371027619753e-12,1760.8231218043081,1644.7196784806877
mask_101,2025-04-25,13622.970301316946,0.0,572.8598561613561,286.42992808067805,-286.42992808067805,1.9622807156949305e-11,13336.540373236287,26815.78276797643,26213.89899416259,0.0,601.8837738138412,3.3706371027619753e-12,1764.681450483343,1644.7196784806877
mask_110,2025-04-25,13624.79014634389,0.0,997.1235251798705,498.56176258993526,-498.56176258993526,1.9622807156949305e-11,13126.228383753976,26820.069799842022,25766.958897415956,0.0,1053.1109024260668,3.3706371027619753e-12,1760.8231218043081,1644.7196784806877
mask_111,2025-04-25,13712.086003543642,0.0,997.1235251798706,498.5617625899353,-498.5617625899353,1.9622807156949305e-11,13213.524240953728,27025.655787394142,25972.544884968076,0.0,1053.1109024260666,3.3706371027619753e-12,1575.7957330073991,1644.7196784806877
forecast_only,2025-04-25,13624.79014634389,0.0,0.0,0.0,0.0,1.9268236006730886e-11,13624.79014634391,26820.069799842022,26820.069799842022,0.0,0.0,3.2793767701377874e-12,1760.8231218043081,1898.0389974871935
mask_000,2025-04-26,13394.512216015446,0.0,0.0,0.0,0.0,1.976411567738978e-11,13394.512216015466,26514.960391142573,26514.960391142573,0.0,0.0,3.304023721284466e-12,1898.0389974871935,1718.649150190545
mask_001,2025-04-26,13404.543101497573,0.0,1043.325131315018,521.662565657509,-521.662565657509,716.0698717225401,13598.950407562605,26538.590274492693,25364.9624668286,0.0,1173.6278076640917,150.2570405092672,1876.7721024720843,1219.155325047028
mask_010,2025-04-26,13486.943321186773,0.0,269.28727786590065,134.64363893295032,-134.64363893295032,2.04951504656492e-11,13352.299682253843,26732.701510509658,26454.403864258962,0.0,278.29764625069663,3.47455397786689e-12,1702.071990056815,1628.525147193845
mask_011,2025-04-26,13486.943321186773,439.3293251873915,1043.325131315018,521.662565657509,-82.33324047011752,162.86708374284137,13567.477164459497,26732.701510509658,25870.796617124717,311.72291427914973,1173.6278076640917,36.89038754764907,1702.071990056815,1220.8643218478007
mask_100,2025-04-26,13513.995268406405,0.0,192.2629932449224,96.1314966224612,-96.1314966224612,1.9762062208883435e-11,13417.863771783965,26796.4263011498,26601.650702684678,0.0,194.77559846512247,3.2933655802480644e-12,1644.7196784806877,1502.2318185626311
mask_101,2025-04-26,13513.995268406405,19.624587138565147,1043.325131315018,521.662565657509,-502.0379785189439,650.6545812606556,13662.611871148118,26796.4263011498,25636.052528631466,13.25403514575703,1173.6278076640917,137.00300536351,1644.7196784806877,1219.155325047028
mask_110,2025-04-26,13513.995268406405,0.0,381.4850080885848,190.7425040442924,-190.7425040442924,1.9762062208883435e-11,13323.252764362132,26796.4263011498,26404.464659131012,0.0,391.9616420187891,3.2933655802480644e-12,1644.7196784806877,1502.2318185626311
mask_111,2025-04-26,13513.995268406405,439.3293251873915,1043.325131315018,521.662565657509,-82.33324047011752,162.86708374284063,13594.529111679127,26796.4263011498,25934.52140776486,311.72291427914973,1173.6278076640917,36.89038754764889,1644.7196784806877,1220.8643218478007
forecast_only,2025-04-26,13394.512216015446,0.0,0.0,0.0,0.0,1.976411567738978e-11,13394.512216015466,26514.960391142573,26514.960391142573,0.0,0.0,3.304023721284466e-12,1898.0389974871935,1718.649150190545
mask_000,2025-04-27,32883.25738023134,0.0,0.0,0.0,0.0,2.762921787191619e-11,32883.25738023137,54339.1580929441,54339.1580929441,0.0,0.0,5.4015403261331585e-12,1718.649150190545,1602.5058818986247
mask_001,2025-04-27,33122.05563565019,566.3381181554171,148.72529699738965,74.36264849869482,491.9754696567222,2.8700126566971742e-11,33614.03110530694,54894.151231992444,55433.8653457254,794.7633347039781,255.04922097102246,5.5649651553579815e-12,1219.155325047028,1394.5952744113367
mask_010,2025-04-27,32926.33665366376,179.40453910211548,555.899677606732,277.949838803366,-98.54529970125054,3.4620002711815975e-11,32827.791353962544,54439.29587405154,53602.1919556972,95.38492922802175,932.4888475823607,6.993378098840708e-12,1628.525147193845,1692.01981912074
mask_011,2025-04-27,33121.23702618262,948.2492356761737,881.925736542056,440.962868271028,507.2863674051457,3.564658064558745e-11,33628.5233935878,54892.25234665825,54416.85424017203,1111.8376225520324,1587.2357290382497,7.135486645992728e-12,1220.8643218478007,1692.01981912074
mask_100,2025-04-27,32986.70486474948,0.0,0.0,0.0,0.0,2.762921787191619e-11,32986.70486474951,54579.621794752886,54579.621794752886,0.0,0.0,5.4015403261331585e-12,1502.2318185626311,1602.5058818986247
mask_101,2025-04-27,33122.05563565019,566.3381181554171,148.72529699738965,74.36264849869482,491.9754696567222,2.8700126566971742e-11,33614.03110530694,54894.151231992444,55433.8653457254,794.7633347039781,255.04922097102246,5.5649651553579815e-12,1219.155325047028,1394.5952744113367
mask_110,2025-04-27,32986.70486474948,179.40453910211548,555.899677606732,277.949838803366,-98.54529970125054,3.4620002711815975e-11,32888.15956504826,54579.621794752886,53742.517876398546,95.38492922802175,932.4888475823607,6.993378098840708e-12,1502.2318185626311,1692.01981912074
mask_111,2025-04-27,33121.23702618262,948.2492356761737,881.925736542056,440.962868271028,507.2863674051457,3.564658064558745e-11,33628.5233935878,54892.25234665825,54416.85424017203,1111.8376225520324,1587.2357290382497,7.135486645992728e-12,1220.8643218478007,1692.01981912074
forecast_only,2025-04-27,32883.25738023134,0.0,0.0,0.0,0.0,2.762921787191619e-11,32883.25738023137,54339.1580929441,54339.1580929441,0.0,0.0,5.4015403261331585e-12,1718.649150190545,1602.5058818986247
mask_000,2025-04-28,39092.579535357494,0.0,0.0,0.0,0.0,2.8912427119109904e-11,39092.57953535752,66202.13378065155,66202.13378065155,0.0,0.0,5.842437644787424e-12,1602.5058818986247,1817.7527720784628
mask_001,2025-04-28,39192.168716343906,0.0,0.0,0.0,0.0,2.8912427119109904e-11,39192.168716343935,66433.14556674854,66433.14556674854,0.0,0.0,5.842437644787424e-12,1394.5952744113367,1817.7527720784628
mask_010,2025-04-28,39049.702359428105,59.317300092769514,2049.145478084939,1024.5727390424695,-965.2554389497,2.773790530596898e-11,38084.44692047844,66102.67385040477,62801.2281784236,31.554938893332178,3333.0006108744915,5.659472890329198e-12,1692.01981912074,1850.1491056337825
mask_011,2025-04-28,39049.702359428105,59.317300092769514,2049.145478084939,1024.5727390424695,-965.2554389497,2.773790530596898e-11,38084.44692047844,66102.67385040477,62801.2281784236,31.554938893332178,3333.0006108744915,5.659472890329198e-12,1692.01981912074,1850.1491056337825
mask_100,2025-04-28,39092.579535357494,0.0,0.0,0.0,0.0,2.8912427119109904e-11,39092.57953535752,66202.13378065155,66202.13378065155,0.0,0.0,5.842437644787424e-12,1602.5058818986247,1817.7527720784628
mask_101,2025-04-28,39192.168716343906,0.0,0.0,0.0,0.0,2.8912427119109904e-11,39192.168716343935,66433.14556674854,66433.14556674854,0.0,0.0,5.842437644787424e-12,1394.5952744113367,1817.7527720784628
mask_110,2025-04-28,39049.702359428105,59.317300092769514,2049.145478084939,1024.5727390424695,-965.2554389497,2.773790530596898e-11,38084.44692047844,66102.67385040477,62801.2281784236,31.554938893332178,3333.0006108744915,5.659472890329198e-12,1692.01981912074,1850.1491056337825
mask_111,2025-04-28,39049.702359428105,59.317300092769514,2049.145478084939,1024.5727390424695,-965.2554389497,2.773790530596898e-11,38084.44692047844,66102.67385040477,62801.2281784236,31.554938893332178,3333.0006108744915,5.659472890329198e-12,1692.01981912074,1850.1491056337825
forecast_only,2025-04-28,39092.579535357494,0.0,0.0,0.0,0.0,2.8912427119109904e-11,39092.57953535752,66202.13378065155,66202.13378065155,0.0,0.0,5.842437644787424e-12,1602.5058818986247,1817.7527720784628
mask_000,2025-04-29,33923.56433989321,0.0,0.0,0.0,0.0,3.409589161007531e-11,33923.564339893244,56343.818228865304,56343.818228865304,0.0,0.0,6.899869564591654e-12,1817.7527720784628,1846.5092654688008
mask_001,2025-04-29,33923.56433989321,0.0,0.0,0.0,0.0,3.409589161007531e-11,33923.564339893244,56343.818228865304,56343.818228865304,0.0,0.0,6.899869564591654e-12,1817.7527720784628,1846.5092654688008
mask_010,2025-04-29,33908.04649612021,0.0,0.0,0.0,0.0,3.409589161007531e-11,33908.046496120245,56307.82230269273,56307.82230269273,0.0,0.0,6.899869564591654e-12,1850.1491056337825,1846.5092654688008
mask_011,2025-04-29,33908.04649612021,0.0,0.0,0.0,0.0,3.409589161007531e-11,33908.046496120245,56307.82230269273,56307.82230269273,0.0,0.0,6.899869564591654e-12,1850.1491056337825,1846.5092654688008
mask_100,2025-04-29,33923.56433989321,0.0,0.0,0.0,0.0,3.409589161007531e-11,33923.564339893244,56343.818228865304,56343.818228865304,0.0,0.0,6.899869564591654e-12,1817.7527720784628,1846.5092654688008
mask_101,2025-04-29,33923.56433989321,0.0,0.0,0.0,0.0,3.409589161007531e-11,33923.564339893244,56343.818228865304,56343.818228865304,0.0,0.0,6.899869564591654e-12,1817.7527720784628,1846.5092654688008
mask_110,2025-04-29,33908.04649612021,0.0,0.0,0.0,0.0,3.409589161007531e-11,33908.046496120245,56307.82230269273,56307.82230269273,0.0,0.0,6.899869564591654e-12,1850.1491056337825,1846.5092654688008
mask_111,2025-04-29,33908.04649612021,0.0,0.0,0.0,0.0,3.409589161007531e-11,33908.046496120245,56307.82230269273,56307.82230269273,0.0,0.0,6.899869564591654e-12,1850.1491056337825,1846.5092654688008
forecast_only,2025-04-29,33923.56433989321,0.0,0.0,0.0,0.0,3.409589161007531e-11,33923.564339893244,56343.818228865304,56343.818228865304,0.0,0.0,6.899869564591654e-12,1817.7527720784628,1846.5092654688008
mask_000,2025-04-30,32579.338277705458,0.0,0.0,0.0,0.0,1.826260120907364e-11,32579.338277705476,53197.369666744504,53197.369666744504,0.0,0.0,3.669065051781217e-12,1846.5092654688008,1736.19401879711
mask_001,2025-04-30,32579.338277705458,0.0,0.0,0.0,0.0,1.826260120907364e-11,32579.338277705476,53197.369666744504,53197.369666744504,0.0,0.0,3.669065051781217e-12,1846.5092654688008,1736.19401879711
mask_010,2025-04-30,32579.338277705458,0.0,625.0594827947366,312.5297413973683,-312.5297413973683,2.199346305076233e-11,32266.80853630811,53197.369666744504,52605.733501582356,0.0,591.6361651621525,4.259703700881801e-12,1846.5092654688008,1675.9151444081776
mask_011,2025-04-30,32579.338277705458,0.0,625.0594827947366,312.5297413973683,-312.5297413973683,2.199346305076233e-11,32266.80853630811,53197.369666744504,52605.733501582356,0.0,591.6361651621525,4.259703700881801e-12,1846.5092654688008,1675.9151444081776
mask_100,2025-04-30,32579.338277705458,0.7610134663528085,58.25831294630331,29.129156473151657,-28.36814300679885,2.079256322673473e-11,32550.97013469868,53197.369666744504,53152.07878539529,1.207358994709466,46.498240343915654,4.119371510569181e-12,1846.5092654688008,1709.2719445673974
mask_101,2025-04-30,32579.338277705458,0.7610134663528085,58.25831294630331,29.129156473151657,-28.36814300679885,2.079256322673473e-11,32550.97013469868,53197.369666744504,53152.07878539529,1.207358994709466,46.498240343915654,4.119371510569181e-12,1846.5092654688008,1709.2719445673974
mask_110,2025-04-30,32579.338277705458,0.0,625.0594827947366,312.5297413973683,-312.5297413973683,2.199346305076233e-11,32266.80853630811,53197.369666744504,52605.733501582356,0.0,591.6361651621525,4.259703700881801e-12,1846.5092654688008,1675.9151444081776
mask_111,2025-04-30,32579.338277705458,0.0,625.0594827947366,312.5297413973683,-312.5297413973683,2.199346305076233e-11,32266.80853630811,53197.369666744504,52605.733501582356,0.0,591.6361651621525,4.259703700881801e-12,1846.5092654688008,1675.9151444081776
forecast_only,2025-04-30,32579.338277705458,0.0,0.0,0.0,0.0,1.826260120907364e-11,32579.338277705476,53197.369666744504,53197.369666744504,0.0,0.0,3.669065051781217e-12,1846.5092654688008,1736.19401879711
mask_000,2025-05-01,34331.023780131,0.0,0.0,0.0,0.0,9298.657238737876,43629.681018868876,56419.351517770396,56419.351517770396,0.0,0.0,1821.159076023362,1736.19401879711,1200.0
mask_001,2025-05-01,34331.023780131,86.05891345050243,636.0142698313626,318.0071349156813,-231.94822146517885,9559.615796596005,43658.69135526182,56419.351517770396,55443.64808685899,65.08342078718476,1040.7868516985848,1859.0317684952668,1736.19401879711,1200.0
mask_010,2025-05-01,34359.897360963296,0.0,839.8723462942353,419.93617314711764,-419.93617314711764,10720.628214831686,44660.58940264786,56486.32804486921,55299.70531660227,0.0,1186.6227282669433,2046.840284870871,1675.9151444081776,1200.0
mask_011,2025-05-01,34359.897360963296,86.05891345050244,765.9706837777007,382.98534188885037,-296.9264284383479,10273.280148019425,44336.251080544374,56486.32804486921,55394.462580479034,65.08342078718476,1156.948885177359,1975.1327865698051,1675.9151444081776,1200.0
mask_100,2025-05-01,34343.91945368703,0.0,0.0,0.0,0.0,9298.657238737876,43642.576692424904,56449.26493358119,56449.26493358119,0.0,0.0,1821.159076023362,1709.2719445673974,1200.0
mask_101,2025-05-01,34343.91945368703,86.05891345050243,636.0142698313626,318.0071349156813,-231.94822146517885,9559.615796596005,43671.58702881784,56449.26493358119,55473.561502669785,65.08342078718476,1040.7868516985848,1859.0317684952668,1709.2719445673974,1200.0
mask_110,2025-05-01,34359.897360963296,151.1272264457818,979.1434776561832,489.5717388280916,-338.44451238230977,10910.234335521178,44931.687184102164,56486.32804486921,55149.2267065672,78.21712933560116,1415.3184676376093,2197.090815078154,1675.9151444081776,1200.0
mask_111,2025-05-01,34359.897360963296,98.63649705387925,905.2418151396492,452.6209075698246,-353.9844105159454,10913.209195235759,44919.12214568311,56486.32804486921,55172.276472142905,71.59305182171977,1385.6446245480254,2197.0908150781534,1675.9151444081776,1200.0
forecast_only,2025-05-01,34331.023780131,0.0,0.0,0.0,0.0,9298.657238737876,43629.681018868876,56419.351517770396,56419.351517770396,0.0,0.0,1821.159076023362,1736.19401879711,1200.0
mask_000,2025-05-02,15208.388588999995,0.0,0.0,0.0,0.0,4660.700780025324,19869.089369025318,29521.12583416768,29521.12583416768,0.0,0.0,956.4994328651317,1200.0,1200.0
mask_001,2025-05-02,15208.388588999995,0.0,316.16707018315185,158.08353509157592,-158.08353509157592,5409.593792465617,20459.89884637404,29521.12583416768,29195.086358325425,0.0,326.03947584225114,1070.8566175545118,1200.0,1200.0
mask_010,2025-05-02,15208.388588999995,0.0,730.5228091990155,365.2614045995077,-365.2614045995077,7309.5348365217205,22152.662020922206,29521.12583416768,28760.395844869454,0.0,760.7299892982255,1353.264410424658,1200.0,1200.0
mask_011,2025-05-02,15208.388588999995,0.0,730.4557365275451,365.22786826377256,-365.22786826377256,7309.0071965881525,22152.167917324376,29521.12583416768,28760.395844869454,0.0,760.7299892982232,1353.2590178181993,1200.0,1200.0
mask_100,2025-05-02,15208.388588999995,0.0,187.32146458866677,93.66073229433339,-93.66073229433339,5596.584142589175,20711.311999294834,29521.12583416768,29328.260309772057,0.0,192.8655243956236,1149.0671037550533,1200.0,1200.0
mask_101,2025-05-02,15208.388588999995,0.0,390.65656499400603,195.32828249700302,-195.32828249700302,5781.3304133670845,20794.390719870076,29521.12583416768,29116.58341122564,0.0,404.5424229420378,1149.067103755053,1200.0,1200.0
mask_110,2025-05-02,15208.388588999995,0.0,730.5228091990155,365.2614045995077,-365.2614045995077,7309.5348365217205,22152.662020922206,29521.12583416768,28760.395844869454,0.0,760.7299892982255,1353.264410424658,1200.0,1200.0
mask_111,2025-05-02,15208.388588999995,0.0,730.4557365275451,365.22786826377256,-365.22786826377256,7309.0071965881525,22152.167917324376,29521.12583416768,28760.395844869454,0.0,760.7299892982232,1353.2590178181993,1200.0,1200.0
forecast_only,2025-05-02,15208.388588999995,0.0,0.0,0.0,0.0,4660.700780025324,19869.089369025318,29521.12583416768,29521.12583416768,0.0,0.0,956.4994328651317,1200.0,1200.0
mask_000,2025-05-03,14496.321359849684,0.0,0.0,0.0,0.0,6038.02913770376,20534.350497553445,28729.54146420499,28729.54146420499,0.0,0.0,1076.4064730991172,1200.0,1273.8594779923571
mask_001,2025-05-03,14496.321359849684,0.0,525.15139535365,262.575697676825,-262.575697676825,7044.827058345551,21278.57272051841,28729.54146420499,28164.896561657373,0.0,564.6449025476182,1241.1235489438247,1200.0,1271.1630276946544
mask_010,2025-05-03,14496.321359849684,0.0,513.1066847180908,256.5533423590454,-256.5533423590454,7173.486739224468,21413.25475671511,28729.54146420499,28178.876624546407,0.0,550.6648396585839,1269.5137319267203,1200.0,1267.9537922313832
mask_011,2025-05-03,14496.321359849684,0.0,525.15139535365,262.575697676825,-262.575697676825,7044.827058345551,21278.57272051841,28729.54146420499,28164.896561657373,0.0,564.6449025476182,1241.1235489438247,1200.0,1271.1630276946544
mask_100,2025-05-03,14496.321359849684,0.0,158.044239471491,79.0221197357455,-79.0221197357455,6815.590249784505,21232.889489898444,28729.54146420499,28565.47750698493,0.0,164.06395722005902,1234.4637474423569,1200.0,1267.9537922313832
mask_101,2025-05-03,14496.321359849684,0.0,525.15139535365,262.575697676825,-262.575697676825,7044.827058345551,21278.57272051841,28729.54146420499,28164.896561657373,0.0,564.6449025476182,1241.1235489438247,1200.0,1271.1630276946544
mask_110,2025-05-03,14496.321359849684,0.0,513.1066847180908,256.5533423590454,-256.5533423590454,7173.486739224468,21413.25475671511,28729.54146420499,28178.876624546407,0.0,550.6648396585839,1269.5137319267203,1200.0,1267.9537922313832
mask_111,2025-05-03,14496.321359849684,0.0,525.15139535365,262.575697676825,-262.575697676825,7044.827058345551,21278.57272051841,28729.54146420499,28164.896561657373,0.0,564.6449025476182,1241.1235489438247,1200.0,1271.1630276946544
forecast_only,2025-05-03,14496.321359849684,0.0,0.0,0.0,0.0,6038.02913770376,20534.350497553445,28729.54146420499,28729.54146420499,0.0,0.0,1076.4064730991172,1200.0,1273.8594779923571
mask_000,2025-05-04,36151.57277088244,0.0,0.0,0.0,0.0,8915.1149006159,45066.68767149834,60802.15213273681,60802.15213273681,0.0,0.0,1636.4504061971975,1273.8594779923571,1236.3306423684328
mask_001,2025-05-04,36152.86437057504,0.11164842082927699,2194.0555175121626,1097.0277587560813,-1096.9161103352521,9217.787854660237,44273.73611490003,60805.14818862315,56503.12138654187,0.1771318525799188,4302.203933933863,1681.5461258128892,1271.1630276946544,1236.3837819242065
mask_010,2025-05-04,36154.401594361945,0.0,3292.2567775788034,1646.1283887894017,-1646.1283887894017,13358.054157924678,47866.32736349722,60808.71400580456,55606.14772822801,0.0,5202.566277576545,2394.2940726688207,1267.9537922313832,1235.6748988187348
mask_011,2025-05-04,36152.86437057504,0.11164842082927698,3691.557482751841,1845.7787413759204,-1845.6670929550912,13358.054157924678,47665.251435544626,60805.14818862315,54715.79814245025,0.1771318525799188,6089.527178025469,2394.2940726688207,1271.1630276946544,1235.6748988187348
mask_100,2025-05-04,36154.401594361945,0.0,0.0,0.0,0.0,8915.1149006159,45069.51649497784,60808.71400580456,60808.71400580456,0.0,0.0,1636.4504061971975,1267.9537922313832,1236.3306423684328
mask_101,2025-05-04,36152.86437057504,0.11164842082927699,2194.0555175121626,1097.0277587560813,-1096.9161103352521,9217.787854660237,44273.73611490003,60805.14818862315,56503.12138654187,0.1771318525799188,4302.203933933863,1681.5461258128892,1271.1630276946544,1236.3837819242065
mask_110,2025-05-04,36154.401594361945,886.135324429494,3293.1258402735775,1646.5629201367888,-760.4275957072946,10419.50106440889,45813.475063063546,60808.71400580456,56064.15988338521,459.4392343630452,5203.993356782387,1935.9829444179948,1267.9537922313832,1235.4180245616835
mask_111,2025-05-04,36152.86437057504,886.2469728503232,3692.426545446615,1846.2132727233075,-959.9662998729841,10419.50106440889,45612.39913511094,60805.14818862315,55173.81029760746,459.61636621562513,6090.954257231311,1935.9829444179948,1271.1630276946544,1235.4180245616835
forecast_only,2025-05-04,36151.57277088244,0.0,0.0,0.0,0.0,8915.1149006159,45066.68767149834,60802.15213273681,60802.15213273681,0.0,0.0,1636.4504061971975,1273.8594779923571,1236.3306423684328
mask_000,2025-05-05,40145.98825515128,0.0,0.0,0.0,0.0,364.5510474078682,40510.53930255915,65210.98294630907,65210.98294630907,0.0,0.0,67.1388318344091,1236.3306423684328,1536.7778760585088
mask_001,2025-05-05,40145.962801304064,3.112130496412825,1840.2879882936643,920.1439941468321,-917.0318636504193,3262.0983307860774,42491.02926843973,65210.923902358205,63322.25685271973,2.3892392008997376,1891.0562888393763,533.3239592294295,1236.3837819242065,1537.9365286172244
mask_010,2025-05-05,40146.302356311586,0.0,3348.2507400430222,1674.1253700215111,-1674.1253700215111,2674.068589787303,41146.24557607738,65211.71155025318,60679.68425959523,0.0,4532.027290657939,420.00491525824435,1235.6748988187348,1530.0298349558425
mask_011,2025-05-05,40146.302356311586,211.2863992520317,3485.687673659899,1742.8438368299494,-1531.5574375779179,2702.2174367152043,41316.962355448864,65211.71155025318,60681.04288066579,142.4386817574209,4673.1073513448155,419.8791567924171,1235.6748988187348,1530.0298349558425
mask_100,2025-05-05,40145.98825515128,0.0,0.0,0.0,0.0,364.5510474078682,40510.53930255915,65210.98294630907,65210.98294630907,0.0,0.0,67.1388318344091,1236.3306423684328,1536.7778760585088
mask_101,2025-05-05,40145.962801304064,536.5132966437957,1845.3872671306156,922.6936335653078,-386.1803369215121,1491.9579878851162,41251.740452267666,65210.923902358205,63583.35263615477,271.8584976875828,1899.429763891022,265.4498477400843,1236.3837819242065,1531.6424665367383
mask_110,2025-05-05,40146.42539908071,497.52202391642686,3348.2507400430222,1674.1253700215111,-1176.6033461050843,1022.5372515802746,39992.3593045559,65211.996966094346,60930.818445607874,250.848770171468,4532.02729065794,170.8928527560469,1235.4180245616835,1531.6424665367383
mask_111,2025-05-05,40146.42539908071,753.2850484618585,3485.6876736598997,1742.8438368299499,-989.5587883680914,912.3666816005523,40069.23329231317,65211.996966094346,60954.62724468384,415.73762993431626,4673.1073513448155,148.31691628479237,1235.4180245616835,1531.6424665367383
forecast_only,2025-05-05,40145.98825515128,0.0,0.0,0.0,0.0,364.5510474078682,40510.53930255915,65210.98294630907,65210.98294630907,0.0,0.0,67.1388318344091,1236.3306423684328,1536.7778760585088
mask_000,2025-05-06,34707.90854887671,0.0,0.0,0.0,0.0,3632.080523960526,38339.989072837234,56335.87692065957,56335.87692065957,0.0,0.0,759.9856960205752,1536.7778760585088,1456.3123174191105
mask_001,2025-05-06,34707.354712953646,1365.560771813311,204.79375419331814,102.39687709665907,1263.163894716652,1424.5482844144392,37395.06689208474,56334.58952892767,57616.58408808836,1618.2843456780229,336.28978651732064,400.63232903169785,1537.9365286172244,1356.4015519857094
mask_010,2025-05-06,34711.13411252378,0.0,0.0,0.0,0.0,3632.080523960526,38343.21463648431,56343.37474410697,56343.37474410697,0.0,0.0,759.9856960205752,1530.0298349558425,1456.3123174191105
mask_011,2025-05-06,34711.13411252378,1365.560771813311,204.79375419331814,102.39687709665907,1263.163894716652,1424.5482844144392,37398.846291654874,56343.37474410697,57625.369303267675,1618.2843456780229,336.28978651732064,400.63232903169785,1530.0298349558425,1356.4015519857094
mask_100,2025-05-06,34707.90854887671,0.0,0.0,0.0,0.0,3632.080523960526,38339.989072837234,56335.87692065957,56335.87692065957,0.0,0.0,759.9856960205752,1536.7778760585088,1456.3123174191105
mask_101,2025-05-06,34710.36327462812,1365.560771813311,204.79375419331814,102.39687709665907,1263.163894716652,1424.5482844144392,37398.075453759215,56341.58293123932,57623.57749040001,1618.2843456780229,336.28978651732064,400.63232903169785,1531.6424665367383,1356.4015519857094
mask_110,2025-05-06,34710.36327462812,0.0,0.0,0.0,0.0,3632.080523960526,38342.44379858865,56341.58293123932,56341.58293123932,0.0,0.0,759.9856960205752,1531.6424665367383,1456.3123174191105
mask_111,2025-05-06,34710.36327462812,1365.560771813311,204.79375419331814,102.39687709665907,1263.163894716652,1424.5482844144392,37398.075453759215,56341.58293123932,57623.57749040001,1618.2843456780229,336.28978651732064,400.63232903169785,1531.6424665367383,1356.4015519857094
forecast_only,2025-05-06,34707.90854887671,0.0,0.0,0.0,0.0,3267.9778521607154,37975.886401037424,56335.87692065957,56335.87692065957,0.0,0.0,759.9856960205752,1536.7778760585088,1456.3123174191105
mask_000,2025-05-07,37510.26172929614,0.0,0.0,0.0,0.0,2.429444001528225e-11,37510.26172929616,60598.209180972044,60598.209180972044,0.0,0.0,4.252209695465581e-12,1456.3123174191105,1661.2393330444238
mask_001,2025-05-07,37558.11898593874,619.9177065683564,202.68671508818227,101.34335754409113,518.5743490242653,317.9791249616213,38394.67245992463,60709.22114256471,61313.92514707858,937.5338430770164,332.82983856314206,71.73432234401403,1356.4015519857094,1421.3298786764651
mask_010,2025-05-07,37510.26172929614,0.0,0.0,0.0,0.0,2.429444001528225e-11,37510.26172929616,60598.209180972044,60598.209180972044,0.0,0.0,4.252209695465581e-12,1456.3123174191105,1661.2393330444238
mask_011,2025-05-07,37558.11898593874,619.9177065683564,202.68671508818227,101.34335754409113,518.5743490242653,317.9791249616213,38394.67245992463,60709.22114256471,61313.92514707858,937.5338430770164,332.82983856314206,71.73432234401403,1356.4015519857094,1421.3298786764651
mask_100,2025-05-07,37510.26172929614,0.0,0.0,0.0,0.0,2.429444001528225e-11,37510.26172929616,60598.209180972044,60598.209180972044,0.0,0.0,4.252209695465581e-12,1456.3123174191105,1661.2393330444238
mask_101,2025-05-07,37558.11898593874,619.9177065683564,202.68671508818227,101.34335754409113,518.5743490242653,317.9791249616213,38394.67245992463,60709.22114256471,61313.92514707858,937.5338430770164,332.82983856314206,71.73432234401403,1356.4015519857094,1421.3298786764651
mask_110,2025-05-07,37510.26172929614,0.0,0.0,0.0,0.0,2.429444001528225e-11,37510.26172929616,60598.209180972044,60598.209180972044,0.0,0.0,4.252209695465581e-12,1456.3123174191105,1661.2393330444238
mask_111,2025-05-07,37558.11898593874,619.9177065683564,202.68671508818227,101.34335754409113,518.5743490242653,317.9791249616213,38394.67245992463,60709.22114256471,61313.92514707858,937.5338430770164,332.82983856314206,71.73432234401403,1356.4015519857094,1421.3298786764651
forecast_only,2025-05-07,37510.26172929614,0.0,0.0,0.0,0.0,2.429444001528225e-11,37510.26172929616,60598.209180972044,60598.209180972044,0.0,0.0,4.252209695465581e-12,1456.3123174191105,1661.2393330444238
mask_000,2025-05-08,40542.65571651883,0.0,0.0,0.0,0.0,243.22893262503288,40785.88464914386,67549.41393332067,67549.41393332067,0.0,0.0,35.99925000000686,1661.2393330444238,2194.821625041528
mask_001,2025-05-08,40657.57234516108,247.66817167953377,2584.692439659593,1292.3462198297966,-1044.6780481502628,243.22893262503382,39856.12322963585,67815.9799937295,63162.026590276655,133.72203055501927,4787.675434007873,35.99925000000715,1421.3298786764651,2194.1562757588154
mask_010,2025-05-08,40542.65571651883,76.28192616194792,1652.5288560602296,826.2644280301148,-749.9825018681669,243.22893262503462,40035.902147275694,67549.41393332067,64316.35010114149,40.66511100824562,3273.728943187414,35.99925000000724,1661.2393330444238,2172.9015149018123
mask_011,2025-05-08,40657.57234516108,644.8652855281896,3139.088157907169,1569.5440789535844,-924.678793425395,243.2289326250312,39976.12248436072,67815.9799937295,62307.36268278685,501.2116259716795,6009.82893691434,35.99925000000647,1421.3298786764651,2172.9015149018123
mask_100,2025-05-08,40542.65571651883,152.8154246840903,23.19780486944445,11.598902434722225,141.21652224936807,243.22893262502976,40927.10117139323,67549.41393332067,67592.4165757393,81.09552702805303,38.092884609420366,35.99925000000637,1661.2393330444238,2167.6571494926666
mask_101,2025-05-08,40657.57234516108,247.66817167953377,2584.692439659593,1292.3462198297966,-1044.6780481502628,243.22893262503382,39856.12322963585,67815.9799937295,63162.026590276655,133.72203055501927,4787.675434007873,35.99925000000715,1421.3298786764651,2194.1562757588154
mask_110,2025-05-08,40542.65571651883,255.4947047606696,1657.651933572549,828.8259667862745,-573.331262025605,243.2289326250338,40212.553387118256,67549.41393332067,64399.45218148515,132.1797459716248,3282.1414978071384,35.99925000000714,1661.2393330444238,2224.4173927633024
mask_111,2025-05-08,40657.57234516108,644.8652855281896,3139.088157907169,1569.5440789535844,-924.678793425395,243.2289326250312,39976.12248436072,67815.9799937295,62307.36268278685,501.2116259716795,6009.82893691434,35.99925000000647,1421.3298786764651,2172.9015149018123
forecast_only,2025-05-08,40542.65571651883,0.0,0.0,0.0,0.0,243.22893262503288,40785.88464914386,67549.41393332067,67549.41393332067,0.0,0.0,35.99925000000686,1661.2393330444238,2194.821625041528
mask_000,2025-05-09,17432.893339613278,0.0,0.0,0.0,0.0,1.5673542463900958e-11,17432.893339613292,31933.12815312011,31933.12815312011,0.0,0.0,2.660982545421575e-12,2194.821625041528,3316.1136415205424
mask_001,2025-05-09,17433.20738447472,310.6146412852239,176.18827463430148,88.09413731715074,222.52050396807317,1.6354867682366602e-11,17655.727888442812,31933.867430100898,31911.013504959334,187.13551190598233,209.98943704754552,2.8883562208648073e-12,2194.1562757588154,3401.5285887351943
mask_010,2025-05-09,17443.239631599226,160.08539155496706,332.00502722490535,166.00251361245267,-5.917122057485614,1.6204189989821315e-11,17437.322509541755,31957.483831053127,31660.871528677802,85.7424233710758,382.3547257463972,2.7462476737127872e-12,2172.9015149018123,3390.2909458641966
mask_011,2025-05-09,17443.239631599226,310.6146412852239,176.18827463430148,88.09413731715074,222.52050396807317,1.4612247412060242e-11,17665.760135567318,31957.483831053127,31934.629905911563,187.13551190598233,209.98943704754552,2.490452288839151e-12,2172.9015149018123,3401.5285887351943
mask_100,2025-05-09,17445.714972072343,116.71421887297616,20.784351409908815,10.392175704954408,106.32204316802176,1.4612247412060242e-11,17552.03701524038,31963.310903729955,31991.693764017644,62.512636979714614,34.12977669202394,2.490452288839151e-12,2167.6571494926666,3354.855328030737
mask_101,2025-05-09,17433.20738447472,310.6146412852239,176.18827463430148,88.09413731715074,222.52050396807317,1.6354867682366602e-11,17655.727888442812,31933.867430100898,31911.013504959334,187.13551190598233,209.98943704754552,2.8883562208648073e-12,2194.1562757588154,3401.5285887351943
mask_110,2025-05-09,17418.924137248603,160.08539155496706,332.00502722490535,166.00251361245267,-5.917122057485614,1.6204189989821315e-11,17413.00701519113,31900.243966762584,31603.631664387263,85.7424233710758,382.3547257463972,2.7462476737127872e-12,2224.4173927633024,3390.2909458641966
mask_111,2025-05-09,17443.239631599226,310.6146412852239,176.18827463430148,88.09413731715074,222.52050396807317,1.4612247412060242e-11,17665.760135567318,31957.483831053127,31934.629905911563,187.13551190598233,209.98943704754552,2.490452288839151e-12,2172.9015149018123,3401.5285887351943
forecast_only,2025-05-09,17432.893339613278,0.0,0.0,0.0,0.0,1.5673542463900958e-11,17432.893339613292,31933.12815312011,31933.12815312011,0.0,0.0,2.660982545421575e-12,2194.821625041528,3316.1136415205424
mask_000,2025-05-10,15192.857833351878,0.0,0.0,0.0,0.0,2.2318026871026573e-11,15192.8578333519,28058.63427064548,28058.63427064548,0.0,0.0,4.397870956296401e-12,3316.1136415205424,2154.4275735301076
mask_001,2025-05-10,15157.619422350988,1076.0706666847518,0.951115553000324,0.475557776500162,1075.5951089082516,1.7406973640277103e-11,16233.214531259258,27963.728773740317,28729.880346727263,767.7133903750399,1.561817388092095,3.1956659540810506e-12,3401.5285887351943,2152.890051079164
mask_010,2025-05-10,15162.255574348768,0.0,0.0,0.0,0.0,2.2180504877233885e-11,15162.25557434879,27976.215043596978,27976.215043596978,0.0,0.0,4.333922110077992e-12,3390.2909458641966,2154.4275735301076
mask_011,2025-05-10,15157.619422350988,1076.0706666847518,0.951115553000324,0.475557776500162,1075.5951089082516,1.7406973640277103e-11,16233.214531259258,27963.728773740317,28729.880346727263,767.7133903750399,1.561817388092095,3.1956659540810506e-12,3401.5285887351943,2152.890051079164
mask_100,2025-05-10,15176.874735350506,0.0,0.0,0.0,0.0,2.2180504877233885e-11,15176.874735350528,28015.587952300823,28015.587952300823,0.0,0.0,4.333922110077992e-12,3354.855328030737,2154.4275735301076
mask_101,2025-05-10,15157.619422350988,1076.0706666847518,0.951115553000324,0.475557776500162,1075.5951089082516,1.7406973640277103e-11,16233.214531259258,27963.728773740317,28729.880346727263,767.7133903750399,1.561817388092095,3.1956659540810506e-12,3401.5285887351943,2152.890051079164
mask_110,2025-05-10,15162.255574348768,0.0,0.0,0.0,0.0,2.2180504877233885e-11,15162.25557434879,27976.215043596978,27976.215043596978,0.0,0.0,4.333922110077992e-12,3390.2909458641966,2154.4275735301076
mask_111,2025-05-10,15157.619422350988,1076.0706666847518,0.951115553000324,0.475557776500162,1075.5951089082516,1.7406973640277103e-11,16233.214531259258,27963.728773740317,28729.880346727263,767.7133903750399,1.561817388092095,3.1956659540810506e-12,3401.5285887351943,2152.890051079164
forecast_only,2025-05-10,15192.857833351878,0.0,0.0,0.0,0.0,2.2318026871026573e-11,15192.8578333519,28058.63427064548,28058.63427064548,0.0,0.0,4.397870956296401e-12,3316.1136415205424,2154.4275735301076
mask_000,2025-05-11,38410.74472794305,0.0,0.0,0.0,0.0,832.8835544780353,39243.62828242109,63664.25275755605,63664.25275755605,0.0,0.0,122.16946938538409,2154.4275735301076,1647.6278285157855
mask_001,2025-05-11,38411.48120119705,1028.2441144027052,800.0649570657755,400.03247853288775,628.2116358698174,832.8835544780334,39872.57639154489,63665.96111583487,63007.22277074883,978.9464483543652,1637.6847934404136,122.1694693853836,2152.890051079164,1626.2832020694746
mask_010,2025-05-11,38410.74472794305,122.26533678213795,1245.9005099461647,622.9502549730823,-500.6849181909445,418.2208750166157,38328.280684768724,63664.25275755605,61165.03363868882,65.16379845773827,2564.3829173249665,61.372780250139414,2154.4275735301076,1610.7462924262386
mask_011,2025-05-11,38411.48120119705,1150.5094511848433,2727.385184551551,1363.6925922757755,-213.18314109093217,418.2208750166126,38616.51893512272,63665.96111583487,59545.69088223687,1044.1102468121035,5164.380480410107,61.37278025013869,2152.890051079164,1610.7462924262386
mask_100,2025-05-11,38410.74472794305,0.0,0.0,0.0,0.0,832.8835544780353,39243.62828242109,63664.25275755605,63664.25275755605,0.0,0.0,122.16946938538409,2154.4275735301076,1647.6278285157855
mask_101,2025-05-11,38411.48120119705,1028.2441144027052,800.0649570657755,400.03247853288775,628.2116358698174,832.8835544780334,39872.57639154489,63665.96111583487,63007.22277074883,978.9464483543652,1637.6847934404136,122.1694693853836,2152.890051079164,1626.2832020694746
mask_110,2025-05-11,38410.74472794305,122.26533678213795,1245.9005099461647,622.9502549730823,-500.6849181909445,418.2208750166157,38328.280684768724,63664.25275755605,61165.03363868882,65.16379845773827,2564.3829173249665,61.372780250139414,2154.4275735301076,1610.7462924262386
mask_111,2025-05-11,38411.48120119705,1150.5094511848433,2727.385184551551,1363.6925922757755,-213.18314109093217,418.2208750166126,38616.51893512272,63665.96111583487,59545.69088223687,1044.1102468121035,5164.380480410107,61.37278025013869,2152.890051079164,1610.7462924262386
forecast_only,2025-05-11,38410.74472794305,0.0,0.0,0.0,0.0,832.8835544780353,39243.62828242109,63664.25275755605,63664.25275755605,0.0,0.0,122.16946938538409,2154.4275735301076,1647.6278285157855
mask_000,2025-05-12,35525.2945527329,0.0,0.0,0.0,0.0,4.919840962402944e-11,35525.29455273295,57389.99034642687,57389.99034642687,0.0,0.0,9.441669668319719e-12,1647.6278285157855,2579.9859777991846
mask_001,2025-05-12,35535.49728417424,2773.565112813507,235.539753584242,117.769876792121,2655.795236021386,4.2878096628840006e-11,38191.29252019567,57413.70659803388,60399.623762683266,3372.6946509120544,386.777486262672,7.894129794294713e-12,1626.2832020694746,2299.8139768138467
mask_010,2025-05-12,35542.923926983705,873.8796756126309,79.36075153562896,39.68037576781448,834.1992998448163,4.73383328092325e-11,36377.123226828575,57430.96983097081,57944.4538019468,696.5766616295368,183.09269065354255,8.850697952311748e-12,1610.7462924262386,2805.020669724068
mask_011,2025-05-12,35542.923926983705,3406.0883502596266,1666.2148283935562,833.1074141967781,2572.9809360628487,4.73383328092325e-11,38115.904863046606,57430.96983097081,58142.989574701365,3936.7229422071787,3224.7031984766318,8.850697952311748e-12,1610.7462924262386,2805.020669724068
mask_100,2025-05-12,35525.2945527329,542.7938705402837,16.612721545867966,8.306360772933983,534.4875097673497,4.347842691432291e-11,36059.78206250029,57389.99034642687,57637.01750879898,274.30674716285085,27.279584790744934,8.574807530692397e-12,1647.6278285157855,2853.235442469333
mask_101,2025-05-12,35535.49728417424,3515.1611796880675,235.53975358424202,117.76987679212101,3397.3913028959464,3.658258851402252e-11,38932.88858707022,57413.70659803388,60968.95659454029,3942.027482769081,386.777486262672,6.934897101018578e-12,1626.2832020694746,2853.235442469333
mask_110,2025-05-12,35542.923926983705,873.8796756126309,79.36075153562896,39.68037576781448,834.1992998448163,4.73383328092325e-11,36377.123226828575,57430.96983097081,57944.4538019468,696.5766616295368,183.09269065354255,8.850697952311748e-12,1610.7462924262386,2805.020669724068
mask_111,2025-05-12,35542.923926983705,3406.0883502596266,1666.2148283935562,833.1074141967781,2572.9809360628487,4.73383328092325e-11,38115.904863046606,57430.96983097081,58142.989574701365,3936.7229422071787,3224.7031984766318,8.850697952311748e-12,1610.7462924262386,2805.020669724068
forecast_only,2025-05-12,35525.2945527329,0.0,0.0,0.0,0.0,1450.9803001541338,36976.274852887036,57389.99034642687,57389.99034642687,0.0,0.0,365.60336797330785,1647.6278285157855,2596.348186499938
mask_000,2025-05-13,40063.18061651949,0.0,0.0,0.0,0.0,2.4036149182116163e-11,40063.18061651951,65916.0160569615,65916.0160569615,0.0,0.0,4.952704912852823e-12,2579.9859777991846,2362.7627241150576
mask_001,2025-05-13,40197.353019013666,887.0328725605704,3782.9418505272442,1891.4709252636221,-1004.4380527030517,2.2412045552755445e-11,39192.914966310644,66227.31828027853,60092.554759632476,701.9304183870402,6836.693939033096,4.793498931121576e-12,2299.8139768138467,2358.4462681443392
mask_010,2025-05-13,39955.61403377939,458.54170848792694,1105.3663329044634,552.6831664522317,-94.14145796430478,2.1288556695253646e-11,39861.47257581511,65665.97751037829,63587.08741766763,393.5759338030783,2472.466026513739,4.509281836817536e-12,2805.020669724068,2347.2562293430447
mask_011,2025-05-13,39955.61403377939,887.0328725605704,3782.9418505272442,1891.4709252636221,-1004.4380527030517,2.2412045552755445e-11,38951.17598107637,65665.97751037829,59531.213989732234,701.9304183870402,6836.693939033096,4.793498931121576e-12,2805.020669724068,2358.4462681443392
mask_100,2025-05-13,39932.56737240716,0.0,0.0,0.0,0.0,2.4036149182116163e-11,39932.56737240718,65612.40554066133,65612.40554066133,0.0,0.0,4.952704912852823e-12,2853.235442469333,2362.7627241150576
mask_101,2025-05-13,39932.56737240716,887.0328725605704,3782.9418505272442,1891.4709252636221,-1004.4380527030517,2.2412045552755445e-11,38928.12931970413,65612.40554066133,59477.64202001527,701.9304183870402,6836.693939033096,4.793498931121576e-12,2853.235442469333,2358.4462681443392
mask_110,2025-05-13,39955.61403377939,458.54170848792694,1105.3663329044634,552.6831664522317,-94.14145796430478,2.1288556695253646e-11,39861.47257581511,65665.97751037829,63587.08741766763,393.5759338030783,2472.466026513739,4.509281836817536e-12,2805.020669724068,2347.2562293430447
mask_111,2025-05-13,39955.61403377939,887.0328725605704,3782.9418505272442,1891.4709252636221,-1004.4380527030517,2.2412045552755445e-11,38951.17598107637,65665.97751037829,59531.213989732234,701.9304183870402,6836.693939033096,4.793498931121576e-12,2805.020669724068,2358.4462681443392
forecast_only,2025-05-13,40055.359480760526,0.0,0.0,0.0,0.0,2.4036149182116163e-11,40055.35948076055,65897.83582507177,65897.83582507177,0.0,0.0,4.952704912852823e-12,2596.348186499938,2362.7627241150576
mask_000,2025-05-14,39473.51322651879,0.0,0.0,0.0,0.0,1.6755214458930023e-11,39473.51322651881,63543.13097110932,63543.13097110932,0.0,0.0,3.839636941727065e-12,2362.7627241150576,2214.4766950001776
mask_001,2025-05-14,39475.58080892877,0.0,0.0,0.0,0.0,1.6755214458930023e-11,39475.58080892878,63547.927033299005,63547.927033299005,0.0,0.0,3.839636941727065e-12,2358.4462681443392,2214.4766950001776
mask_010,2025-05-14,39480.94083751459,0.0,3730.415324384878,1865.207662192439,-1865.207662192439,2.26363321420564e-11,37615.73317532217,63560.360409744884,57845.20077479767,0.0,5715.159634947218,4.89608353859694e-12,2347.2562293430447,2174.55707913782
mask_011,2025-05-14,39475.58080892877,0.0,3730.415324384878,1865.207662192439,-1865.207662192439,2.26363321420564e-11,37610.373146736354,63547.927033299005,57832.76739835179,0.0,5715.159634947218,4.89608353859694e-12,2358.4462681443392,2174.55707913782
mask_100,2025-05-14,39473.51322651879,0.0,0.0,0.0,0.0,1.6755214458930023e-11,39473.51322651881,63543.13097110932,63543.13097110932,0.0,0.0,3.839636941727065e-12,2362.7627241150576,2214.4766950001776
mask_101,2025-05-14,39475.58080892877,0.0,0.0,0.0,0.0,1.6755214458930023e-11,39475.58080892878,63547.927033299005,63547.927033299005,0.0,0.0,3.839636941727065e-12,2358.4462681443392,2214.4766950001776
mask_110,2025-05-14,39480.94083751459,0.0,3730.415324384878,1865.207662192439,-1865.207662192439,2.26363321420564e-11,37615.73317532217,63560.360409744884,57845.20077479767,0.0,5715.159634947218,4.89608353859694e-12,2347.2562293430447,2174.55707913782
mask_111,2025-05-14,39475.58080892877,0.0,3730.415324384878,1865.207662192439,-1865.207662192439,2.26363321420564e-11,37610.373146736354,63547.927033299005,57832.76739835179,0.0,5715.159634947218,4.89608353859694e-12,2358.4462681443392,2174.55707913782
forecast_only,2025-05-14,39473.51322651879,0.0,0.0,0.0,0.0,1.6755214458930023e-11,39473.51322651881,63543.13097110932,63543.13097110932,0.0,0.0,3.839636941727065e-12,2362.7627241150576,2214.4766950001776
mask_000,2025-05-15,39759.96681207619,0.0,0.0,0.0,0.0,1.7295088472479846e-11,39759.96681207621,62803.59429957128,62803.59429957128,0.0,0.0,3.663958025867942e-12,2214.4766950001776,2974.0483475108913
mask_001,2025-05-15,39759.96681207619,0.0,0.0,0.0,0.0,1.7295088472479846e-11,39759.96681207621,62803.59429957128,62803.59429957128,0.0,0.0,3.663958025867942e-12,2214.4766950001776,2974.0483475108913
mask_010,2025-05-15,39779.08830807425,0.0,2840.1383359391875,1420.0691679695938,-1420.0691679695938,2.6970105260204487e-11,38359.01914010468,62847.949428307234,59209.01719456581,0.0,3638.9322337414296,5.227818178354937e-12,2174.55707913782,2935.4952656916903
mask_011,2025-05-15,39779.08830807425,0.0,2840.1383359391875,1420.0691679695938,-1420.0691679695938,2.6970105260204487e-11,38359.01914010468,62847.949428307234,59209.01719456581,0.0,3638.9322337414296,5.227818178354937e-12,2174.55707913782,2935.4952656916903
mask_100,2025-05-15,39759.96681207619,0.0,0.0,0.0,0.0,1.7295088472479846e-11,39759.96681207621,62803.59429957128,62803.59429957128,0.0,0.0,3.663958025867942e-12,2214.4766950001776,2974.0483475108913
mask_101,2025-05-15,39759.96681207619,0.0,0.0,0.0,0.0,1.7295088472479846e-11,39759.96681207621,62803.59429957128,62803.59429957128,0.0,0.0,3.663958025867942e-12,2214.4766950001776,2974.0483475108913
mask_110,2025-05-15,39779.08830807425,0.0,2840.1383359391875,1420.0691679695938,-1420.0691679695938,2.6970105260204487e-11,38359.01914010468,62847.949428307234,59209.01719456581,0.0,3638.9322337414296,5.227818178354937e-12,2174.55707913782,2935.4952656916903
mask_111,2025-05-15,39779.08830807425,0.0,2840.1383359391875,1420.0691679695938,-1420.0691679695938,2.6970105260204487e-11,38359.01914010468,62847.949428307234,59209.01719456581,0.0,3638.9322337414296,5.227818178354937e-12,2174.55707913782,2935.4952656916903
forecast_only,2025-05-15,39759.96681207619,0.0,0.0,0.0,0.0,1.7295088472479846e-11,39759.96681207621,62803.59429957128,62803.59429957128,0.0,0.0,3.663958025867942e-12,2214.4766950001776,2974.0483475108913
mask_000,2025-05-16,15645.895488426366,0.0,0.0,0.0,0.0,1.5680511000759625e-11,15645.895488426382,28049.695868046438,28049.695868046438,0.0,0.0,2.9884983376859964e-12,2974.0483475108913,2470.347033021942
mask_001,2025-05-16,15645.895488426366,0.0,879.4353900211861,439.71769501059305,-439.71769501059305,1.477859878917798e-11,15206.177793415787,28049.695868046438,27165.4384153455,0.0,884.2574527009414,2.6485480475457734e-12,2974.0483475108913,2412.7975158762683
mask_010,2025-05-16,15661.800776514665,0.0,1190.738282593089,595.3691412965445,-595.3691412965445,1.9349004398705463e-11,15066.43163521814,28092.53262562333,26893.18242683602,0.0,1199.3501987873083,3.773426016095982e-12,2935.4952656916903,2333.5393936549603
mask_011,2025-05-16,15661.800776514665,0.0,879.4353900211861,439.71769501059305,-439.71769501059305,1.477859878917798e-11,15222.083081504086,28092.53262562333,27208.27517292239,0.0,884.2574527009414,2.6485480475457734e-12,2935.4952656916903,2412.7975158762683
mask_100,2025-05-16,15645.895488426366,0.0,0.0,0.0,0.0,1.5680511000759625e-11,15645.895488426382,28049.695868046438,28049.695868046438,0.0,0.0,2.9884983376859964e-12,2974.0483475108913,2470.347033021942
mask_101,2025-05-16,15645.895488426366,0.0,879.4353900211861,439.71769501059305,-439.71769501059305,1.477859878917798e-11,15206.177793415787,28049.695868046438,27165.4384153455,0.0,884.2574527009414,2.6485480475457734e-12,2974.0483475108913,2412.7975158762683
mask_110,2025-05-16,15661.800776514665,0.0,1190.738282593089,595.3691412965445,-595.3691412965445,1.9349004398705463e-11,15066.43163521814,28092.53262562333,26893.18242683602,0.0,1199.3501987873083,3.773426016095982e-12,2935.4952656916903,2333.5393936549603
mask_111,2025-05-16,15661.800776514665,0.0,879.4353900211861,439.71769501059305,-439.71769501059305,1.477859878917798e-11,15222.083081504086,28092.53262562333,27208.27517292239,0.0,884.2574527009414,2.6485480475457734e-12,2935.4952656916903,2412.7975158762683
forecast_only,2025-05-16,15645.895488426366,0.0,0.0,0.0,0.0,1.5680511000759625e-11,15645.895488426382,28049.695868046438,28049.695868046438,0.0,0.0,2.9884983376859964e-12,2974.0483475108913,2470.347033021942
mask_000,2025-05-17,15760.017919435142,0.0,0.0,0.0,0.0,1.7010361674785202e-11,15760.017919435159,28690.281152532603,28690.281152532603,0.0,0.0,3.208711074620396e-12,2470.347033021942,2222.469063649309
mask_001,2025-05-17,15783.76029245313,0.0,680.4770510867924,340.2385255433962,-340.2385255433962,1.7863800605422143e-11,15443.521766909751,28754.225060472236,28042.094939032744,0.0,712.1301214394923,3.2872038424613947e-12,2412.7975158762683,2167.8807840687746
mask_010,2025-05-17,15816.458671098431,0.0,674.0665775489422,337.0332887744711,-337.0332887744711,1.80555402296001e-11,15479.42538232398,28842.289640718136,28127.72417074509,0.0,714.5654699730474,3.4122149550341874e-12,2333.5393936549603,2173.8039454655886
mask_011,2025-05-17,15783.76029245313,52.60249524033773,709.1349077091675,354.56745385458373,-301.96495861424603,1.80555402296001e-11,15481.795333838903,28754.225060472236,28039.659590499192,28.480735937809754,743.0462059108575,3.4122149550341874e-12,2412.7975158762683,2173.8039454655886
mask_100,2025-05-17,15760.017919435142,0.0,0.0,0.0,0.0,1.7010361674785202e-11,15760.017919435159,28690.281152532603,28690.281152532603,0.0,0.0,3.208711074620396e-12,2470.347033021942,2222.469063649309
mask_101,2025-05-17,15783.76029245313,9.398828593482582,681.5443474081519,340.77217370407595,-331.3733451105934,2.093213358200785e-11,15452.386947342558,28754.225060472236,28045.376395328447,5.034052967774073,713.8827181115663,3.744060617094647e-12,2412.7975158762683,2171.8413403557097
mask_110,2025-05-17,15816.458671098431,0.0,674.0665775489422,337.0332887744711,-337.0332887744711,1.80555402296001e-11,15479.42538232398,28842.289640718136,28127.72417074509,0.0,714.5654699730474,3.4122149550341874e-12,2333.5393936549603,2173.8039454655886
mask_111,2025-05-17,15783.76029245313,52.60249524033773,709.1349077091675,354.56745385458373,-301.96495861424603,1.80555402296001e-11,15481.795333838903,28754.225060472236,28039.659590499192,28.480735937809754,743.0462059108575,3.4122149550341874e-12,2412.7975158762683,2173.8039454655886
forecast_only,2025-05-17,15760.017919435142,0.0,0.0,0.0,0.0,1.7010361674785202e-11,15760.017919435159,28690.281152532603,28690.281152532603,0.0,0.0,3.208711074620396e-12,2470.347033021942,2222.469063649309
mask_000,2025-05-18,40654.963572480134,0.0,0.0,0.0,0.0,25.437737236260833,40680.40130971639,67306.03036578119,67306.03036578119,0.0,0.0,3.7716268420611048,2222.469063649309,2450.184067459819
mask_001,2025-05-18,40681.11135839921,131.09360913746303,2369.6760195345987,1184.8380097672994,-1053.7444006298365,24.90316727365277,39652.270125043025,67366.68400975957,63226.075765535585,70.42644809778727,4211.034692321782,3.692366709714565,2167.8807840687746,2452.541616063043
mask_010,2025-05-18,40678.27416409014,45.04379878332888,2837.943220619911,1418.9716103099554,-1373.9278115266266,25.43773723626004,39329.78408979977,67360.10271931867,62390.11059013978,23.986621319086225,4993.9787504979795,3.7716268420607406,2173.8039454655886,2447.161920898779
mask_011,2025-05-18,40678.27416409014,131.09360913746306,4182.446518414041,2091.2232592070204,-1960.1296500695576,26.53162994542963,38744.676143966004,67360.10271931867,59809.340488137925,70.42644809778727,7621.188679278534,3.933817176283867,2173.8039454655886,2445.3598060740696
mask_100,2025-05-18,40654.963572480134,0.0,0.0,0.0,0.0,25.437737236260833,40680.40130971639,67306.03036578119,67306.03036578119,0.0,0.0,3.7716268420611048,2222.469063649309,2450.184067459819
mask_101,2025-05-18,40679.21425193777,131.09360913746303,2369.6760195345987,1184.8380097672994,-1053.7444006298365,24.90316727365277,39650.37301858158,67362.28339166299,63221.67514743899,70.42644809778727,4211.034692321782,3.692366709714565,2171.8413403557097,2452.541616063043
mask_110,2025-05-18,40678.27416409014,45.04379878332888,2837.943220619911,1418.9716103099554,-1373.9278115266266,25.43773723626004,39329.78408979977,67360.10271931867,62390.11059013978,23.986621319086225,4993.9787504979795,3.7716268420607406,2173.8039454655886,2447.161920898779
mask_111,2025-05-18,40678.27416409014,131.09360913746306,4182.446518414041,2091.2232592070204,-1960.1296500695576,26.53162994542963,38744.676143966004,67360.10271931867,59809.340488137925,70.42644809778727,7621.188679278534,3.933817176283867,2173.8039454655886,2445.3598060740696
forecast_only,2025-05-18,40654.963572480134,0.0,0.0,0.0,0.0,25.437737236260833,40680.40130971639,67306.03036578119,67306.03036578119,0.0,0.0,3.7716268420611048,2222.469063649309,2450.184067459819
mask_000,2025-05-19,36635.941485372365,0.0,0.0,0.0,0.0,437.1785602896415,37073.120045662006,60211.27129196112,60211.27129196112,0.0,0.0,64.82001042177325,2450.184067459819,2346.1133815613475
mask_001,2025-05-19,36634.81221959142,270.45822436612764,1473.434762066379,736.7173810331896,-466.2591566670618,436.467724104769,36605.02078702913,60208.6517935131,57149.436947622155,227.79490282631056,3287.0097487172557,64.71461547998773,2452.541616063043,2349.2037954654807
mask_010,2025-05-19,36637.3890935751,58.87237978642365,796.6387449887668,398.3193724943834,-339.4469927079598,437.1785602896415,36735.120661156776,60214.6292325845,58454.001782515596,54.5066431932122,1815.1340932621224,64.82001042177325,2447.161920898779,2344.1154865383023
mask_011,2025-05-19,36638.252306576134,270.45822436612764,1473.434762066379,736.7173810331896,-466.2591566670618,436.467724104769,36608.46087401384,60216.63158238973,57157.41673649879,227.79490282631056,3287.0097487172557,64.71461547998773,2445.3598060740696,2349.2037954654807
mask_100,2025-05-19,36635.941485372365,0.0,0.0,0.0,0.0,437.1785602896415,37073.120045662006,60211.27129196112,60211.27129196112,0.0,0.0,64.82001042177325,2450.184067459819,2346.1133815613475
mask_101,2025-05-19,36634.81221959142,270.45822436612764,1473.434762066379,736.7173810331896,-466.2591566670618,436.467724104769,36605.02078702913,60208.6517935131,57149.436947622155,227.79490282631056,3287.0097487172557,64.71461547998773,2452.541616063043,2349.2037954654807
mask_110,2025-05-19,36637.3890935751,58.87237978642365,796.6387449887668,398.3193724943834,-339.4469927079598,437.1785602896415,36735.120661156776,60214.6292325845,58454.001782515596,54.5066431932122,1815.1340932621224,64.82001042177325,2447.161920898779,2344.1154865383023
mask_111,2025-05-19,36638.252306576134,270.45822436612764,1473.434762066379,736.7173810331896,-466.2591566670618,436.467724104769,36608.46087401384,60216.63158238973,57157.41673649879,227.79490282631056,3287.0097487172557,64.71461547998773,2445.3598060740696,2349.2037954654807
forecast_only,2025-05-19,36635.941485372365,0.0,0.0,0.0,0.0,437.1785602896415,37073.120045662006,60211.27129196112,60211.27129196112,0.0,0.0,64.82001042177325,2450.184067459819,2346.1133815613475
mask_000,2025-05-20,36374.732214862925,0.0,0.0,0.0,0.0,2.173593963844533e-11,36374.73221486295,59441.27988797439,59441.27988797439,0.0,0.0,4.640995920901503e-12,2346.1133815613475,2010.5848299675183
mask_001,2025-05-20,36373.25190660284,585.6475898285706,229.96700670882072,114.98350335441036,470.6640864741603,1.8195243568774888e-11,36843.91599307702,59437.84609474758,59661.16284362723,600.9432829346576,377.62653405501135,3.7278374831473116e-12,2349.2037954654807,1656.096766109282
mask_010,2025-05-20,36375.68920657896,0.0,0.0,0.0,0.0,2.173593963844533e-11,36375.68920657898,59443.49977133333,59443.49977133333,0.0,0.0,4.640995920901503e-12,2344.1154865383023,2010.5848299675183
mask_011,2025-05-20,36373.25190660284,585.6475898285706,229.96700670882072,114.98350335441036,470.6640864741603,1.8195243568774888e-11,36843.91599307702,59437.84609474758,59661.16284362723,600.9432829346576,377.62653405501135,3.7278374831473116e-12,2349.2037954654807,1656.096766109282
mask_100,2025-05-20,36374.732214862925,0.0,0.0,0.0,0.0,2.173593963844533e-11,36374.73221486295,59441.27988797439,59441.27988797439,0.0,0.0,4.640995920901503e-12,2346.1133815613475,2010.5848299675183
mask_101,2025-05-20,36373.25190660284,585.6475898285706,229.96700670882072,114.98350335441036,470.6640864741603,1.8195243568774888e-11,36843.91599307702,59437.84609474758,59661.16284362723,600.9432829346576,377.62653405501135,3.7278374831473116e-12,2349.2037954654807,1656.096766109282
mask_110,2025-05-20,36375.68920657896,0.0,0.0,0.0,0.0,2.173593963844533e-11,36375.68920657898,59443.49977133333,59443.49977133333,0.0,0.0,4.640995920901503e-12,2344.1154865383023,2010.5848299675183
mask_111,2025-05-20,36373.25190660284,585.6475898285706,229.96700670882072,114.98350335441036,470.6640864741603,1.8195243568774888e-11,36843.91599307702,59437.84609474758,59661.16284362723,600.9432829346576,377.62653405501135,3.7278374831473116e-12,2349.2037954654807,1656.096766109282
forecast_only,2025-05-20,36374.732214862925,0.0,0.0,0.0,0.0,2.173593963844533e-11,36374.73221486295,59441.27988797439,59441.27988797439,0.0,0.0,4.640995920901503e-12,2346.1133815613475,2010.5848299675183
mask_000,2025-05-21,34976.465240570134,0.0,0.0,0.0,0.0,1.9419312824453527e-11,34976.465240570156,55943.0203035047,55943.0203035047,0.0,0.0,5.051514762044462e-12,2010.5848299675183,2038.5889958199125
mask_001,2025-05-21,35145.871147531725,2454.1425854259887,230.00372444937057,115.00186222468528,2339.1407232013034,1.6688442627810218e-11,37485.01187073304,56336.89593001385,59083.00450985376,3123.795407731415,377.6868278915081,3.8897773890766985e-12,1656.096766109282,1837.3174677880586
mask_010,2025-05-21,34976.465240570134,82.8580127072346,378.85870001291113,189.42935000645556,-106.57133729922097,1.92485209993265e-11,34869.89390327093,55943.0203035047,55284.75929951338,83.69496233054,741.9559663218625,5.050626583624762e-12,2010.5848299675183,1762.9424739110837
mask_011,2025-05-21,35145.871147531725,2823.432687824628,1127.8171893061535,563.9085946530768,2259.524093171551,1.5701425493119816e-11,37405.39524070329,56336.89593001385,57586.46786522026,3514.389027289589,2264.8170920831894,3.805844528415037e-12,1656.096766109282,2206.248916283978
mask_100,2025-05-21,34976.465240570134,452.6938433482827,1.54461677286969,0.772308386434845,451.9215349618479,1.7118922279735215e-11,35428.38677553199,55943.0203035047,56166.55104289488,226.06713922738965,2.536399837219733,4.666489417104458e-12,2010.5848299675183,2285.5173095294303
mask_101,2025-05-21,35145.871147531725,2454.1425854259887,230.00372444937057,115.00186222468528,2339.1407232013034,1.6688442627810218e-11,37485.01187073304,56336.89593001385,59083.00450985376,3123.795407731415,377.6868278915081,3.8897773890766985e-12,1656.096766109282,1837.3174677880586
mask_110,2025-05-21,34976.465240570134,82.8580127072346,378.85870001291113,189.42935000645556,-106.57133729922097,1.92485209993265e-11,34869.89390327093,55943.0203035047,55284.75929951338,83.69496233054,741.9559663218625,5.050626583624762e-12,2010.5848299675183,1762.9424739110837
mask_111,2025-05-21,35145.871147531725,2823.432687824628,1127.8171893061535,563.9085946530768,2259.524093171551,1.5701425493119816e-11,37405.39524070329,56336.89593001385,57586.46786522026,3514.389027289589,2264.8170920831894,3.805844528415037e-12,1656.096766109282,2206.248916283978
forecast_only,2025-05-21,34976.465240570134,0.0,0.0,0.0,0.0,268.845397422773,35245.31063799291,55943.0203035047,55943.0203035047,0.0,0.0,73.42539119214555,2010.5848299675183,2077.3957823296987
mask_000,2025-05-22,36741.86511372193,0.0,0.0,0.0,0.0,17.3333650000187,36759.19847872195,59103.74277852954,59103.74277852954,0.0,0.0,2.5700000000037946,2038.5889958199125,2738.027869166239
mask_001,2025-05-22,36838.27417564919,33.147051995756456,622.4430915947094,311.2215457973547,-278.07449380159824,17.33336500001516,36577.53304684761,59327.37780967604,58125.0215590883,17.65636601856022,1220.0126166062964,2.570000000003226,1837.3174677880586,2733.3983903121207
mask_010,2025-05-22,36873.89979771625,1.720727229613667,1477.0566290062281,738.5283145031141,-736.8075872735004,17.333365000022482,36154.42557544277,59410.01669176157,57381.10100795102,1.3210335992628757,2030.2367174098101,2.5700000000047005,1762.9424739110837,2703.6829753094776
mask_011,2025-05-22,36661.55601181964,39.56654594633865,1617.062265408735,808.5311327043675,-768.9645867580288,17.333365000022482,35909.92479006163,58917.45397801391,56629.5692269846,24.121265011287903,2312.006016040601,2.5700000000047005,2206.248916283978,2703.6829753094776
mask_100,2025-05-22,36623.58645145507,0.0,0.0,0.0,0.0,17.3333650000187,36640.91981645509,58829.377985518964,58829.377985518964,0.0,0.0,2.5700000000037946,2285.5173095294303,2738.027869166239
mask_101,2025-05-22,36838.27417564919,33.147051995756456,622.4430915947094,311.2215457973547,-278.07449380159824,17.33336500001516,36577.53304684761,59327.37780967604,58125.0215590883,17.65636601856022,1220.0126166062964,2.570000000003226,1837.3174677880586,2733.3983903121207
mask_110,2025-05-22,36873.89979771625,1.720727229613667,1477.0566290062281,738.5283145031141,-736.8075872735004,17.333365000022482,36154.42557544277,59410.01669176157,57381.10100795102,1.3210335992628757,2030.2367174098101,2.5700000000047005,1762.9424739110837,2703.6829753094776
mask_111,2025-05-22,36661.55601181964,39.56654594633865,1617.062265408735,808.5311327043675,-768.9645867580288,17.333365000022482,35909.92479006163,58917.45397801391,56629.5692269846,24.121265011287903,2312.006016040601,2.5700000000047005,2206.248916283978,2703.6829753094776
forecast_only,2025-05-22,36723.27666298374,0.0,0.0,0.0,0.0,17.3333650000187,36740.61002798376,59060.624126851995,59060.624126851995,0.0,0.0,2.5700000000037946,2077.3957823296987,2738.027869166239
mask_000,2025-05-23,15457.01615730637,0.0,0.0,0.0,0.0,1.95758644849775e-11,15457.01615730639,28482.34222561638,28482.34222561638,0.0,0.0,3.112177182629239e-12,2738.027869166239,3180.8833486354615
mask_001,2025-05-23,15458.926074526964,0.0,0.0,0.0,0.0,1.95758644849775e-11,15458.926074526984,28487.486091009843,28487.486091009843,0.0,0.0,3.112177182629239e-12,2733.3983903121207,3180.8833486354615
mask_010,2025-05-23,15471.257869468347,691.3379859125325,0.0,0.0,691.3379859125325,1.95758644849775e-11,16162.5958553809,28520.50321879056,29016.421187343127,495.91796855257127,0.0,3.112177182629239e-12,2703.6829753094776,3244.403707470539
mask_011,2025-05-23,15471.257869468347,691.3379859125325,0.0,0.0,691.3379859125325,1.95758644849775e-11,16162.5958553809,28520.50321879056,29016.421187343127,495.91796855257127,0.0,3.112177182629239e-12,2703.6829753094776,3244.403707470539
mask_100,2025-05-23,15457.01615730637,2.8581893204196196,0.1668160054659901,0.08340800273299505,2.7747813176866245,2.311351465777989e-11,15459.790938624079,28482.34222561638,28483.599157190754,1.530858477501738,0.27392690312638024,3.680611371237319e-12,2738.027869166239,3182.3377682865403
mask_101,2025-05-23,15458.926074526964,2.8581893204196196,0.1668160054659901,0.08340800273299505,2.7747813176866245,2.311351465777989e-11,15461.700855844672,28487.486091009843,28488.743022584218,1.530858477501738,0.27392690312638024,3.680611371237319e-12,2733.3983903121207,3182.3377682865403
mask_110,2025-05-23,15471.257869468347,691.3379859125325,0.0,0.0,691.3379859125325,1.95758644849775e-11,16162.5958553809,28520.50321879056,29016.421187343127,495.91796855257127,0.0,3.112177182629239e-12,2703.6829753094776,3244.403707470539
mask_111,2025-05-23,15471.257869468347,691.3379859125325,0.0,0.0,691.3379859125325,1.95758644849775e-11,16162.5958553809,28520.50321879056,29016.421187343127,495.91796855257127,0.0,3.112177182629239e-12,2703.6829753094776,3244.403707470539
forecast_only,2025-05-23,15457.01615730637,0.0,0.0,0.0,0.0,1.95758644849775e-11,15457.01615730639,28482.34222561638,28482.34222561638,0.0,0.0,3.112177182629239e-12,2738.027869166239,3180.8833486354615
mask_000,2025-05-24,15154.31639628227,0.0,0.0,0.0,0.0,1.651384273770873e-11,15154.316396282285,27503.990282273284,27503.990282273284,0.0,0.0,2.922107000813412e-12,3180.8833486354615,2743.935964481626
mask_001,2025-05-24,15154.31639628227,0.11543847002141654,807.38459121663,403.692295608315,-403.5768571382936,2.333198700910089e-11,14750.739539143999,27503.990282273284,26704.804345390683,0.19942726098543062,799.3853641435849,4.179767643108789e-12,3180.8833486354615,2680.1879813340756
mask_010,2025-05-24,15128.939377724068,0.279794090245955,800.1194744815318,400.0597372407659,-399.77994315052,1.8993894679297795e-11,14729.159434573567,27446.821959321715,26659.003648340193,0.4833619940329186,788.3016729755526,3.4094949086238557e-12,3244.403707470539,2674.9843270839683
mask_011,2025-05-24,15128.939377724068,0.11543847002141654,807.38459121663,403.692295608315,-403.5768571382936,2.333198700910089e-11,14725.362520585797,27446.821959321715,26647.636022439114,0.19942726098543062,799.3853641435849,4.179767643108789e-12,3244.403707470539,2680.1879813340756
mask_100,2025-05-24,15153.735341087468,0.0,0.0,0.0,0.0,1.651384273770873e-11,15153.735341087484,27502.681304587313,27502.681304587313,0.0,0.0,2.922107000813412e-12,3182.3377682865403,2743.935964481626
mask_101,2025-05-24,15153.735341087468,0.11543847002141654,807.38459121663,403.692295608315,-403.5768571382936,2.333198700910089e-11,14750.158483949197,27502.681304587313,26703.495367704712,0.19942726098543062,799.3853641435849,4.179767643108789e-12,3182.3377682865403,2680.1879813340756
mask_110,2025-05-24,15128.939377724068,0.279794090245955,800.1194744815318,400.0597372407659,-399.77994315052,1.8993894679297795e-11,14729.159434573567,27446.821959321715,26659.003648340193,0.4833619940329186,788.3016729755526,3.4094949086238557e-12,3244.403707470539,2674.9843270839683
mask_111,2025-05-24,15128.939377724068,0.11543847002141654,807.38459121663,403.692295608315,-403.5768571382936,2.333198700910089e-11,14725.362520585797,27446.821959321715,26647.636022439114,0.19942726098543062,799.3853641435849,4.179767643108789e-12,3244.403707470539,2680.1879813340756
forecast_only,2025-05-24,15154.31639628227,0.0,0.0,0.0,0.0,1.651384273770873e-11,15154.316396282285,27503.990282273284,27503.990282273284,0.0,0.0,2.922107000813412e-12,3180.8833486354615,2743.935964481626
mask_000,2025-05-25,36395.68848632868,0.0,0.0,0.0,0.0,1.726707787863546e-11,36395.6884863287,59691.214493677966,59691.214493677966,0.0,0.0,4.028555267154843e-12,2743.935964481626,2475.454483476635
mask_001,2025-05-25,36426.16002227321,291.7361595183705,921.3606108374534,460.6803054187267,-168.94414590035615,1.4961018202086504e-11,36257.215876372866,59762.04558606413,57968.033764479536,232.76329742689057,2026.7751190114923,3.674394122299418e-12,2680.1879813340756,2476.571654119959
mask_010,2025-05-25,36428.647369004764,44.22812804711489,1042.778156841471,521.3890784207355,-477.1609503736206,2.2341690719684948e-11,35951.48641863116,59767.82742411981,57508.21581213418,27.531288211610672,2287.142900197238,4.7974957340102264e-12,2674.9843270839683,2488.60437547416
mask_011,2025-05-25,36426.16002227321,307.538861498948,1653.8410063652802,826.9205031826401,-519.381641683692,2.3763344625393756e-11,35906.778380589545,59762.04558606413,56647.50518203099,244.85234768912295,3359.392751722273,5.0888182556718675e-12,2680.1879813340756,2488.60437547416
mask_100,2025-05-25,36395.68848632868,0.0,0.0,0.0,0.0,1.726707787863546e-11,36395.6884863287,59691.214493677966,59691.214493677966,0.0,0.0,4.028555267154843e-12,2743.935964481626,2475.454483476635
mask_101,2025-05-25,36426.16002227321,291.7361595183705,921.3606108374534,460.6803054187267,-168.94414590035615,1.4961018202086504e-11,36257.215876372866,59762.04558606413,57968.033764479536,232.76329742689057,2026.7751190114923,3.674394122299418e-12,2680.1879813340756,2476.571654119959
mask_110,2025-05-25,36428.647369004764,44.22812804711489,1042.778156841471,521.3890784207355,-477.1609503736206,2.2341690719684948e-11,35951.48641863116,59767.82742411981,57508.21581213418,27.531288211610672,2287.142900197238,4.7974957340102264e-12,2674.9843270839683,2488.60437547416
mask_111,2025-05-25,36426.16002227321,307.538861498948,1653.8410063652802,826.9205031826401,-519.381641683692,2.3763344625393756e-11,35906.778380589545,59762.04558606413,56647.50518203099,244.85234768912295,3359.392751722273,5.0888182556718675e-12,2680.1879813340756,2488.60437547416
forecast_only,2025-05-25,36395.68848632868,0.0,0.0,0.0,0.0,1.726707787863546e-11,36395.6884863287,59691.214493677966,59691.214493677966,0.0,0.0,4.028555267154843e-12,2743.935964481626,2475.454483476635
mask_000,2025-05-26,35978.39689872915,0.0,0.0,0.0,0.0,2999.862312540467,38978.25921126962,57826.9323548385,57826.9323548385,0.0,0.0,477.27946292772816,2475.454483476635,2043.4563085250788
mask_001,2025-05-26,35977.861773991,0.0,0.0,0.0,0.0,3001.077312540467,38978.93908653146,57825.6910541237,57825.6910541237,0.0,0.0,477.27946292772816,2476.571654119959,2043.4563085250788
mask_010,2025-05-26,35972.09810046233,1525.8093923050499,223.32331769001343,111.66165884500671,1414.1477334600431,2.6059434166114667e-11,37386.2458339224,57812.32136373014,59531.58746322246,2085.9830978995133,366.71699840719475,5.409894754393463e-12,2488.60437547416,2302.5937030654763
mask_011,2025-05-26,35972.09810046233,1525.8093923050499,223.32331769001343,111.66165884500671,1414.1477334600431,2.6059434166114667e-11,37386.2458339224,57812.32136373014,59531.58746322246,2085.9830978995133,366.71699840719475,5.409894754393463e-12,2488.60437547416,2302.5937030654763
mask_100,2025-05-26,35978.39689872915,2111.1305173866235,3.688046985235869,1.8440234926179344,2109.2864938940056,214.15074248328148,38301.83413510644,57826.9323548385,58868.97018748091,1048.0939379089773,6.05610526656983,64.43704543838928,2475.454483476635,2732.3536294579135
mask_101,2025-05-26,35977.861773991,2111.1305173866235,3.688046985235869,1.8440234926179344,2109.2864938940056,214.15074248328148,38301.29901036828,57825.6910541237,58867.72888676611,1048.0939379089773,6.05610526656983,64.43704543838928,2476.571654119959,2732.3536294579135
mask_110,2025-05-26,35972.09810046233,1525.8093923050499,223.32331769001343,111.66165884500671,1414.1477334600431,2.6059434166114667e-11,37386.2458339224,57812.32136373014,59531.58746322246,2085.9830978995133,366.71699840719475,5.409894754393463e-12,2488.60437547416,2302.5937030654763
mask_111,2025-05-26,35972.09810046233,1525.8093923050499,223.32331769001343,111.66165884500671,1414.1477334600431,2.6059434166114667e-11,37386.2458339224,57812.32136373014,59531.58746322246,2085.9830978995133,366.71699840719475,5.409894754393463e-12,2488.60437547416,2302.5937030654763
forecast_only,2025-05-26,35978.39689872915,0.0,0.0,0.0,0.0,2999.862312540467,38978.25921126962,57826.9323548385,57826.9323548385,0.0,0.0,477.27946292772816,2475.454483476635,2043.4563085250788
mask_000,2025-05-27,34333.508959510466,0.0,0.0,0.0,0.0,2.2815860756253416e-11,34333.50895951049,54866.31540489197,54866.31540489197,0.0,0.0,4.575451129085195e-12,2043.4563085250788,2183.0641517097956
mask_001,2025-05-27,34333.508959510466,2520.34164764663,226.41709496069294,113.20854748034647,2407.133100166284,2.3142013194643594e-11,36740.64205967677,54866.31540489197,57759.12113819948,3264.6029925946705,371.7972592871573,4.729994174113017e-12,2043.4563085250788,1835.4139091503932
mask_010,2025-05-27,34209.90042231469,0.0,0.0,0.0,0.0,2.2815860756253416e-11,34209.90042231471,54578.384966513746,54578.384966513746,0.0,0.0,4.575451129085195e-12,2302.5937030654763,2183.0641517097956
mask_011,2025-05-27,34209.90042231469,2870.098012383462,1746.1639515521142,873.0819757760571,1997.0160366074049,3.045297458648122e-11,36206.91645892212,54578.384966513746,55423.380239788676,3643.7203142357807,2798.7250409608505,6.302514066192089e-12,2302.5937030654763,2189.252315533093
mask_100,2025-05-27,34004.98412795043,0.552162835887795,3.688046985235819,1.8440234926179095,-1.2918606567301145,2.2571377211733078e-11,34003.69226729373,54100.873937188815,54095.113572708986,0.2957407867426127,6.056105266569716,4.461764291363579e-12,2732.3536294579135,2177.5497314142917
mask_101,2025-05-27,34004.98412795043,2480.1178667835975,226.41709496069296,113.20854748034648,2366.9093193032513,2.2897529650123263e-11,36371.89344725371,54100.873937188815,56936.15960634213,3207.082928440471,371.7972592871573,4.616307336391401e-12,2732.3536294579135,1835.4139091503932
mask_110,2025-05-27,34209.90042231469,0.552162835887795,3.688046985235819,1.8440234926179095,-1.2918606567301145,2.2815860756253416e-11,34208.60856165799,54578.384966513746,54572.62460203392,0.2957407867426127,6.056105266569716,4.575451129085195e-12,2302.5937030654763,2177.5497314142917
mask_111,2025-05-27,34209.90042231469,2870.098012383462,1746.1639515521142,873.0819757760571,1997.0160366074049,3.045297458648122e-11,36206.91645892212,54578.384966513746,55423.380239788676,3643.7203142357807,2798.7250409608505,6.302514066192089e-12,2302.5937030654763,2189.252315533093
forecast_only,2025-05-27,34333.508959510466,0.0,0.0,0.0,0.0,419.8007316205322,34753.309691131,54866.31540489197,54866.31540489197,0.0,0.0,119.6998452151213,2043.4563085250788,2183.0641517097956
mask_000,2025-05-28,38202.76194497902,0.0,0.0,0.0,0.0,2.9946667812197346e-11,38202.76194497905,63121.39987363466,63121.39987363466,0.0,0.0,6.120437490153563e-12,2183.0641517097956,2492.6455946845854
mask_001,2025-05-28,38369.28641116497,395.1030597486767,1212.3282641670176,606.1641320835088,-211.06107233483203,2.9095111209187505e-11,38158.22533883017,63507.677920922884,61437.594466765186,320.81276259424,2390.896216751937,6.233236149455479e-12,1835.4139091503932,2495.9460985388537
mask_010,2025-05-28,38202.76194497902,121.10102421933675,998.6180704162927,499.3090352081463,-378.2080109888096,2.919138930579379e-11,37824.553933990246,63121.39987363466,60944.73859963329,94.76411829793798,2271.425392299307,6.006750652431947e-12,2183.0641517097956,2509.4094967557808
mask_011,2025-05-28,38199.79781450766,413.14451941307084,2347.3211459777012,1173.6605729888506,-760.5160535757798,3.24155964293027e-11,37439.28176093192,63114.52413605322,58740.7716510951,334.6226453241021,4708.375130282216,7.279066238652376e-12,2189.252315533093,2509.4094967557808
mask_100,2025-05-28,38205.403352300564,0.0,0.0,0.0,0.0,2.9946667812197346e-11,38205.40335230059,63127.52700729633,63127.52700729633,0.0,0.0,6.120437490153563e-12,2177.5497314142917,2492.6455946845854
mask_101,2025-05-28,38369.28641116497,395.1030597486767,1212.3282641670176,606.1641320835088,-211.06107233483203,2.9095111209187505e-11,38158.22533883017,63507.677920922884,61437.594466765186,320.81276259424,2390.896216751937,6.233236149455479e-12,1835.4139091503932,2495.9460985388537
mask_110,2025-05-28,38205.403352300564,121.10102421933675,998.6180704162927,499.3090352081463,-378.2080109888096,2.919138930579379e-11,37827.19534131179,63127.52700729633,60950.865733294966,94.76411829793798,2271.425392299307,6.006750652431947e-12,2177.5497314142917,2509.4094967557808
mask_111,2025-05-28,38199.79781450766,413.14451941307084,2347.3211459777012,1173.6605729888506,-760.5160535757798,3.24155964293027e-11,37439.28176093192,63114.52413605322,58740.7716510951,334.6226453241021,4708.375130282216,7.279066238652376e-12,2189.252315533093,2509.4094967557808
forecast_only,2025-05-28,38202.76194497902,0.0,0.0,0.0,0.0,2.9946667812197346e-11,38202.76194497905,63121.39987363466,63121.39987363466,0.0,0.0,6.120437490153563e-12,2183.0641517097956,2492.6455946845854
mask_000,2025-05-29,37614.211773306946,0.0,0.0,0.0,0.0,119.77769558337103,37733.989468890315,61630.00246898221,61630.00246898221,0.0,0.0,17.817433333343025,2492.6455946845854,2691.865515444023
mask_001,2025-05-29,37612.630831960756,0.0,0.0,0.0,0.0,119.77769558337103,37732.408527544125,61626.335242477464,61626.335242477464,0.0,0.0,17.817433333343025,2495.9460985388537,2691.865515444023
mask_010,2025-05-29,37606.18186421484,31.51559825430771,1326.074404879722,663.037202439861,-631.5216041855533,119.77769558338308,37094.43795561267,61611.375911125324,59292.520899426745,24.132699162643007,2342.9877108612222,17.817433333345477,2509.4094967557808,2489.453559020293
mask_011,2025-05-29,37606.18186421484,31.51559825430771,1326.074404879722,663.037202439861,-631.5216041855533,119.77769558338308,37094.43795561267,61611.375911125324,59292.520899426745,24.132699162643007,2342.9877108612222,17.817433333345477,2509.4094967557808,2489.453559020293
mask_100,2025-05-29,37614.211773306946,0.0,0.0,0.0,0.0,119.77769558337103,37733.989468890315,61630.00246898221,61630.00246898221,0.0,0.0,17.817433333343025,2492.6455946845854,2691.865515444023
mask_101,2025-05-29,37612.630831960756,0.0,0.0,0.0,0.0,119.77769558337103,37732.408527544125,61626.335242477464,61626.335242477464,0.0,0.0,17.817433333343025,2495.9460985388537,2691.865515444023
mask_110,2025-05-29,37606.18186421484,31.51559825430771,1326.074404879722,663.037202439861,-631.5216041855533,119.77769558338308,37094.43795561267,61611.375911125324,59292.520899426745,24.132699162643007,2342.9877108612222,17.817433333345477,2509.4094967557808,2489.453559020293
mask_111,2025-05-29,37606.18186421484,31.51559825430771,1326.074404879722,663.037202439861,-631.5216041855533,119.77769558338308,37094.43795561267,61611.375911125324,59292.520899426745,24.132699162643007,2342.9877108612222,17.817433333345477,2509.4094967557808,2489.453559020293
forecast_only,2025-05-29,37614.211773306946,0.0,0.0,0.0,0.0,119.77769558337103,37733.989468890315,61630.00246898221,61630.00246898221,0.0,0.0,17.817433333343025,2492.6455946845854,2691.865515444023
mask_000,2025-05-30,15945.96132064711,0.0,0.0,0.0,0.0,2.4047793312220734e-11,15945.961320647133,28722.14368531535,28722.14368531535,0.0,0.0,4.291234034781155e-12,2691.865515444023,3253.202661039529
mask_001,2025-05-30,15945.96132064711,0.0,0.0,0.0,0.0,2.4047793312220734e-11,15945.961320647133,28722.14368531535,28722.14368531535,0.0,0.0,4.291234034781155e-12,2691.865515444023,3253.202661039529
mask_010,2025-05-30,16029.467497780588,0.0,0.0,0.0,0.0,2.339886884250575e-11,16029.467497780612,28947.04585911949,28947.04585911949,0.0,0.0,4.063860359337923e-12,2489.453559020293,3253.202661039529
mask_011,2025-05-30,16029.467497780588,0.0,0.0,0.0,0.0,2.339886884250575e-11,16029.467497780612,28947.04585911949,28947.04585911949,0.0,0.0,4.063860359337923e-12,2489.453559020293,3253.202661039529
mask_100,2025-05-30,15945.96132064711,0.0,0.0,0.0,0.0,2.4047793312220734e-11,15945.961320647133,28722.14368531535,28722.14368531535,0.0,0.0,4.291234034781155e-12,2691.865515444023,3253.202661039529
mask_101,2025-05-30,15945.96132064711,0.0,0.0,0.0,0.0,2.4047793312220734e-11,15945.961320647133,28722.14368531535,28722.14368531535,0.0,0.0,4.291234034781155e-12,2691.865515444023,3253.202661039529
mask_110,2025-05-30,16029.467497780588,0.0,0.0,0.0,0.0,2.339886884250575e-11,16029.467497780612,28947.04585911949,28947.04585911949,0.0,0.0,4.063860359337923e-12,2489.453559020293,3253.202661039529
mask_111,2025-05-30,16029.467497780588,0.0,0.0,0.0,0.0,2.339886884250575e-11,16029.467497780612,28947.04585911949,28947.04585911949,0.0,0.0,4.063860359337923e-12,2489.453559020293,3253.202661039529
forecast_only,2025-05-30,15945.96132064711,0.0,0.0,0.0,0.0,2.4047793312220734e-11,15945.961320647133,28722.14368531535,28722.14368531535,0.0,0.0,4.291234034781155e-12,2691.865515444023,3253.202661039529
mask_000,2025-05-31,16840.516448217713,0.0,0.0,0.0,0.0,1.0503301339781502e-11,16840.516448217724,30007.655457253717,30007.655457253717,0.0,0.0,2.042810365310288e-12,3253.202661039529,2939.2752862966718
mask_001,2025-05-31,16840.516448217713,0.1052342552794175,1657.450516877767,828.7252584388835,-828.6200241836042,1.0503301339781502e-11,16011.896424034121,30007.655457253717,28208.18439968682,0.18179883437750277,1799.6528564012774,2.042810365310288e-12,3253.202661039529,2859.266708912878
mask_010,2025-05-31,16840.516448217713,0.24430712378044603,1718.5195447610904,859.2597723805452,-859.0154652567649,1.0503301339781502e-11,15981.500982960959,30007.655457253717,28140.87256737046,0.42205601413223803,1867.2049458973868,2.042810365310288e-12,3253.202661039529,2870.8370428331714
mask_011,2025-05-31,16840.516448217713,0.1052342552794175,1657.450516877767,828.7252584388835,-828.6200241836042,1.0503301339781502e-11,16011.896424034121,30007.655457253717,28208.18439968682,0.18179883437750277,1799.6528564012774,2.042810365310288e-12,3253.202661039529,2859.266708912878
mask_100,2025-05-31,16840.516448217713,0.0,0.0,0.0,0.0,1.0503301339781502e-11,16840.516448217724,30007.655457253717,30007.655457253717,0.0,0.0,2.042810365310288e-12,3253.202661039529,2939.2752862966718
mask_101,2025-05-31,16840.516448217713,0.1052342552794175,1657.450516877767,828.7252584388835,-828.6200241836042,1.0503301339781502e-11,16011.896424034121,30007.655457253717,28208.18439968682,0.18179883437750277,1799.6528564012774,2.042810365310288e-12,3253.202661039529,2859.266708912878
mask_110,2025-05-31,16840.516448217713,0.24430712378044603,1718.5195447610904,859.2597723805452,-859.0154652567649,1.0503301339781502e-11,15981.500982960959,30007.655457253717,28140.87256737046,0.42205601413223803,1867.2049458973868,2.042810365310288e-12,3253.202661039529,2870.8370428331714
mask_111,2025-05-31,16840.516448217713,0.1052342552794175,1657.450516877767,828.7252584388835,-828.6200241836042,1.0503301339781502e-11,16011.896424034121,30007.655457253717,28208.18439968682,0.18179883437750277,1799.6528564012774,2.042810365310288e-12,3253.202661039529,2859.266708912878
forecast_only,2025-05-31,16840.516448217713,0.0,0.0,0.0,0.0,1.0503301339781502e-11,16840.516448217724,30007.655457253717,30007.655457253717,0.0,0.0,2.042810365310288e-12,3253.202661039529,2939.2752862966718
mask_000,2025-06-01,47268.88651387178,0.0,0.0,0.0,0.0,9373.501404960403,56642.38791883219,76662.48699795987,76662.48699795987,0.0,0.0,1990.5564061032403,2939.2752862966718,1200.0
mask_001,2025-06-01,47307.13061386124,699.4791925666614,4746.515014713434,2373.257507356717,-1673.7783147900554,18774.634367608538,64407.98666667973,76751.38541727519,71081.69830835135,568.8432330838594,6238.530342007707,3801.1158185521035,2859.266708912878,1200.0
mask_010,2025-06-01,47301.59999424734,29.332726437490365,4947.904392340013,2473.9521961700066,-2444.6194697325163,21182.86243396974,66039.84295848457,76738.52949069708,70369.89682531058,22.511825007266737,6391.14449039377,4199.7165982409215,2870.8370428331714,1200.0
mask_011,2025-06-01,47307.13061386124,1475.1715294760202,6101.598577778957,3050.7992888894787,-1575.627759413459,21161.942057337583,66893.44491178537,76751.38541727519,69743.72897067013,1156.6752120684778,8164.3316586735455,4193.991262545202,2859.266708912878,1200.0
mask_100,2025-06-01,47268.88651387178,14.456934101704345,69.80433614938075,34.90216807469037,-20.445233972986024,9545.075106000055,56793.516385898845,76662.48699795987,76617.98645295732,11.095183099761357,55.595728102295425,2012.308481271365,2939.2752862966718,1200.0
mask_101,2025-06-01,47307.13061386124,1584.5417760293703,4746.5150147134345,2373.2575073567173,-788.7157313273469,15938.943058295756,62457.35794082966,76751.38541727519,71525.40126927575,1012.5461940082587,6238.530342007708,3357.4128576277053,2859.266708912878,1200.0
mask_110,2025-06-01,47301.59999424734,1116.036975034065,5168.829858522147,2584.4149292610737,-1468.3779542270086,18781.34153856634,64614.56357858667,76738.52949069708,70547.58667381518,562.9811838112739,6753.924000693178,4022.1398913524354,2870.8370428331714,1200.0
mask_111,2025-06-01,47307.13061386124,2561.8757780725946,6322.52404396109,3161.262021980545,-599.3862439079503,18760.421161934173,65468.16553188747,76751.38541727519,69921.41881917472,1697.144570872485,8527.111168972953,4016.4145556567155,2859.266708912878,1200.0
forecast_only,2025-06-01,47268.88651387178,0.0,0.0,0.0,0.0,9373.501404960403,56642.38791883219,76662.48699795987,76662.48699795987,0.0,0.0,1990.5564061032403,2939.2752862966718,1200.0
mask_000,2025-06-02,49801.31888452989,0.0,0.0,0.0,0.0,9943.043825746829,59744.36271027671,80213.75663947259,80213.75663947259,0.0,0.0,2034.9174154909613,1200.0,1200.0
mask_001,2025-06-02,49801.31888452989,30.107134336049477,7279.584579292602,3639.792289646301,-3609.685155310252,17675.486561579444,63867.12029079908,80213.75663947259,69261.13344390546,19.498647006227145,10972.121842573346,3488.087029815128,1200.0,1200.0
mask_010,2025-06-02,49801.31888452989,31.57494066562975,5517.7432875847535,2758.8716437923767,-2727.296703126747,15875.904476829732,62949.92665823288,80213.75663947259,71536.7729810267,21.095802195883437,8698.079460641766,3165.317106397628,1200.0,1200.0
mask_011,2025-06-02,49801.31888452989,30.107134336049477,7279.584579292602,3639.792289646301,-3609.685155310252,17282.163324370496,63473.797053590126,80213.75663947259,69261.13344390546,19.498647006227145,10972.121842573346,3488.087029815126,1200.0,1200.0
mask_100,2025-06-02,49801.31888452989,223.08615891819954,224.48564955079502,112.24282477539751,110.84333414280204,10281.720098448694,60193.88231712139,80213.75663947259,79956.1191262447,110.98813876527339,368.62565199316055,2289.052985024914,1200.0,1200.0
mask_101,2025-06-02,49801.31888452989,1250.6380731527818,7508.585216827944,3754.292608413972,-2503.6545352611906,14819.4368646652,62117.10121393389,80213.75663947259,69491.40470410029,625.8095760495285,11348.161511421818,3254.2433927662382,1200.0,1200.0
mask_110,2025-06-02,49801.31888452989,969.3801862085982,5747.79873944226,2873.89936972113,-1904.5191835125315,13968.112965091912,61864.91266610927,80213.75663947259,71625.1222159351,487.21680605812304,9075.851229595599,3073.379039684164,1200.0,1200.0
mask_111,2025-06-02,49801.31888452989,968.0546406620238,7508.585216827944,3754.292608413972,-2786.237967751948,15368.301402425444,62383.38231920338,80213.75663947259,69351.28647799851,485.6913499477518,11348.161511421818,3394.361618868013,1200.0,1200.0
forecast_only,2025-06-02,49801.31888452989,0.0,0.0,0.0,0.0,9943.043825746829,59744.36271027671,80213.75663947259,80213.75663947259,0.0,0.0,2034.9174154909613,1200.0,1200.0
mask_000,2025-06-03,50255.79546337866,0.0,0.0,0.0,0.0,401.046888420403,50656.84235179906,80609.6485349221,80609.6485349221,0.0,0.0,59.4852877606162,1200.0,1945.5324973117913
mask_001,2025-06-03,50255.79546337866,677.2944586687566,1738.7608969810271,869.3804484905136,-192.0859898217568,401.0468884204033,50464.75636197731,80609.6485349221,78768.60266370438,575.5537102882229,2416.5995815059473,59.48528776061609,1200.0,1585.8746251744028
mask_010,2025-06-03,50255.79546337866,59.248607358756544,2272.404234362113,1136.2021171810566,-1076.9535098223,387.4936393406026,49566.33559289696,80609.6485349221,76346.79400640097,37.79858888919364,4300.653117410329,57.475016464294924,1200.0,1800.528643719846
mask_011,2025-06-03,50255.79546337866,1079.80660705695,4162.168669830147,2081.0843349150737,-1001.2777278581234,387.4936393406024,49642.01137486113,80609.6485349221,75008.99179767603,989.1320631865651,6589.788800432634,57.475016464294654,1200.0,1800.528643719846
mask_100,2025-06-03,50255.79546337866,0.0,0.0,0.0,0.0,401.046888420403,50656.84235179906,80609.6485349221,80609.6485349221,0.0,0.0,59.4852877606162,1200.0,1945.5324973117913
mask_101,2025-06-03,50255.79546337866,677.2944586687566,1738.7608969810271,869.3804484905136,-192.0859898217568,401.0468884204033,50464.75636197731,80609.6485349221,78768.60266370438,575.5537102882229,2416.5995815059473,59.48528776061609,1200.0,1585.8746251744028
mask_110,2025-06-03,50255.79546337866,59.248607358756544,2272.404234362113,1136.2021171810566,-1076.9535098223,387.4936393406026,49566.33559289696,80609.6485349221,76346.79400640097,37.79858888919364,4300.653117410329,57.475016464294924,1200.0,1800.528643719846
mask_111,2025-06-03,50255.79546337866,1079.80660705695,4162.168669830147,2081.0843349150737,-1001.2777278581234,387.4936393406024,49642.01137486113,80609.6485349221,75008.99179767603,989.1320631865651,6589.788800432634,57.475016464294654,1200.0,1800.528643719846
forecast_only,2025-06-03,50255.79546337866,0.0,0.0,0.0,0.0,401.046888420403,50656.84235179906,80609.6485349221,80609.6485349221,0.0,0.0,59.4852877606162,1200.0,1945.5324973117913
mask_000,2025-06-04,57240.855829607695,0.0,0.0,0.0,0.0,98.706489135138,57339.562318742835,90295.13484739991,90295.13484739991,0.0,0.0,14.48564226838891,1945.5324973117913,1917.1501558104703
mask_001,2025-06-04,57413.1319503615,32.01287314133333,12991.067681841858,6495.533840920929,-6463.520967779596,8348.145409156241,59297.75639173815,90694.75470533034,72276.50173745767,22.819809213237704,18441.07277708591,1527.6022604649927,1585.8746251744028,1545.2071440264972
mask_010,2025-06-04,57310.31267547823,49.081238600083346,6363.367172580297,3181.6835862901485,-3132.602347690065,87.49932192479898,54265.20964971296,90456.25024027984,80284.17462495854,33.7667672724823,10205.842382593783,12.854025568066772,1800.528643719846,1942.1159307328783
mask_011,2025-06-04,57310.31267547823,3219.4412311033248,13226.059669241768,6613.029834620884,-3393.588603517559,90.23572370100563,54006.95979566167,90456.25024027984,74772.16347097035,3142.864012636852,18826.95078194634,13.252409812101991,1800.528643719846,1448.0427410354444
mask_100,2025-06-04,57240.855829607695,0.0,0.0,0.0,0.0,98.706489135138,57339.562318742835,90295.13484739991,90295.13484739991,0.0,0.0,14.48564226838891,1945.5324973117913,1917.1501558104703
mask_101,2025-06-04,57413.1319503615,1893.9655217022662,13224.557263946484,6612.278631973242,-4718.313110270976,2871.248911243405,55566.067751333925,90694.75470533034,72817.29721251552,947.0262043417409,18824.483697156564,714.2834779746292,1585.8746251744028,1289.9215460070452
mask_110,2025-06-04,57310.31267547823,49.081238600083346,6363.367172580297,3181.6835862901485,-3132.602347690065,87.49932192479898,54265.20964971296,90456.25024027984,80284.17462495854,33.7667672724823,10205.842382593783,12.854025568066772,1800.528643719846,1942.1159307328783
mask_111,2025-06-04,57310.31267547823,3219.4412311033248,13226.059669241768,6613.029834620884,-3393.588603517559,90.23572370100563,54006.95979566167,90456.25024027984,74772.16347097035,3142.864012636852,18826.95078194634,13.252409812101991,1800.528643719846,1448.0427410354444
forecast_only,2025-06-04,57240.855829607695,0.0,0.0,0.0,0.0,98.706489135138,57339.562318742835,90295.13484739991,90295.13484739991,0.0,0.0,14.48564226838891,1945.5324973117913,1917.1501558104703
mask_000,2025-06-05,50135.08212199704,0.0,0.0,0.0,0.0,98.83259717648569,50233.914719173525,80137.45883252307,80137.45883252307,0.0,0.0,14.678835166568215,1917.1501558104703,2236.370918567378
mask_001,2025-06-05,50313.242824641566,0.0,2361.71804202931,1180.859021014655,-1180.859021014655,598.7040092785364,49731.087812905454,80550.72884561638,77234.74705456436,0.0,3315.9817910520087,106.08023095752111,1545.2071440264972,1660.6680503622058
mask_010,2025-06-05,50123.1235158092,19.542909283044516,1856.1331000358853,928.0665500179426,-908.5236407348981,98.83259717648968,49313.432472250795,80109.71908260928,76428.2781470633,17.709037743242675,3699.14997328922,14.678835166569002,1942.1159307328783,1909.7479696050611
mask_011,2025-06-05,50359.784573674275,387.12155923082685,2908.9059036011804,1454.4529518005902,-1067.3313925697635,221.90113913153667,49514.354320236045,80658.68929338422,76702.22867297768,310.81930697081765,4267.279927377342,32.95724626935323,1448.0427410354444,1902.5044254749007
mask_100,2025-06-05,50135.08212199704,145.075568741163,219.87282571788535,109.93641285894267,35.13915588222034,98.83259717648527,50269.053875055746,80137.45883252307,79848.58475252979,72.17689987122537,361.05097986450346,14.678835166568012,1917.1501558104703,1974.6194263914456
mask_101,2025-06-05,50435.52462609288,599.6128538009897,2361.7180420293093,1180.8590210146547,-581.2461672136649,596.5446269206412,50450.823085799864,80834.37951008244,77820.1803278416,301.782608811174,3315.9817910520087,105.75951473029778,1289.9215460070452,1993.8870603455987
mask_110,2025-06-05,50123.1235158092,19.542909283044516,1856.1331000358853,928.0665500179426,-908.5236407348981,98.83259717648968,49313.432472250795,80109.71908260928,76428.2781470633,17.709037743242675,3699.14997328922,14.678835166569002,1942.1159307328783,1909.7479696050611
mask_111,2025-06-05,50359.784573674275,387.12155923082685,2908.9059036011804,1454.4529518005902,-1067.3313925697635,221.90113913153667,49514.354320236045,80658.68929338422,76702.22867297768,310.81930697081765,4267.279927377342,32.95724626935323,1448.0427410354444,1902.5044254749007
forecast_only,2025-06-05,50135.08212199704,0.0,0.0,0.0,0.0,98.83259717648569,50233.914719173525,80137.45883252307,80137.45883252307,0.0,0.0,14.678835166568215,1917.1501558104703,2236.370918567378
mask_000,2025-06-06,24804.962684328064,0.0,0.0,0.0,0.0,1.1775094677091148e-11,24804.962684328075,42408.77503671611,42408.77503671611,0.0,0.0,2.369660023759934e-12,2236.370918567378,2558.924754920272
mask_001,2025-06-06,25078.333774646875,0.041833379774011414,1340.989123929847,670.4945619649235,-670.4527285851494,1.775506142109862e-11,24407.881046061742,43048.44489027742,41279.6404846492,0.07226981044141212,1768.8766754386618,3.8689051962137455e-12,1660.6680503622058,2530.168987544188
mask_010,2025-06-06,24959.999710768843,0.21555843457476176,1593.3912293795277,796.6956146897638,-796.480056255189,2.1145034168057463e-11,24163.519654513675,42771.68942445202,40746.24750858959,0.372390834542216,2025.8143066969737,4.261480057721201e-12,1909.7479696050611,2344.8780350974093
mask_011,2025-06-06,24963.43797971596,0.21555843457476176,1587.3982097857706,793.6991048928853,-793.4835464583105,2.130720666571051e-11,24169.954433257673,42779.73780681887,40759.47496058863,0.372390834542216,2020.6352370647837,4.344968829173013e-12,1902.5044254749007,2348.0252478932025
mask_100,2025-06-06,24929.20739261424,0.21555843457476176,35.48747171893882,17.74373585946941,-17.52817742489465,1.5619056492610642e-11,24911.67921518936,42699.610028022704,42671.60147306622,0.372390834542216,28.380945791025,2.9836133563776457e-12,1974.6194263914456,2530.77527173014
mask_101,2025-06-06,24920.06168903067,0.041833379774011414,1340.989123929847,670.4945619649235,-670.4527285851494,1.775506142109862e-11,24249.608960445537,42678.20154585142,40909.39714022321,0.07226981044141212,1768.8766754386618,3.8689051962137455e-12,1993.8870603455987,2530.168987544188
mask_110,2025-06-06,24959.999710768843,0.21555843457476176,1593.3912293795277,796.6956146897638,-796.480056255189,2.1145034168057463e-11,24163.519654513675,42771.68942445202,40746.24750858959,0.372390834542216,2025.8143066969737,4.261480057721201e-12,1909.7479696050611,2344.8780350974093
mask_111,2025-06-06,24963.43797971596,0.21555843457476176,1587.3982097857706,793.6991048928853,-793.4835464583105,2.130720666571051e-11,24169.954433257673,42779.73780681887,40759.47496058863,0.372390834542216,2020.6352370647837,4.344968829173013e-12,1902.5044254749007,2348.0252478932025
forecast_only,2025-06-06,24804.962684328064,0.0,0.0,0.0,0.0,1.1775094677091148e-11,24804.962684328075,42408.77503671611,42408.77503671611,0.0,0.0,2.369660023759934e-12,2236.370918567378,2558.924754920272
mask_000,2025-06-07,20600.503584502927,0.0,0.0,0.0,0.0,6274.828346396327,26875.331930899254,37935.18931999675,37935.18931999675,0.0,0.0,931.792786856003,2558.924754920272,1236.1794975459252
mask_001,2025-06-07,20614.19452485921,0.09668805410222985,1221.4460251712424,610.7230125856212,-610.6263245315189,10825.771881460103,30829.340081787795,37967.14017263685,36229.73871713312,0.16703473110862888,1737.5684902348341,1674.0574141541688,2530.168987544188,1236.3650916916013
mask_010,2025-06-07,20702.478738016573,348.32626972183874,582.0869145102367,291.04345725511837,57.28281246672037,5310.911596294827,26070.673146778117,38173.019008688825,37374.66266091314,231.27676530178704,1029.6331130774697,787.839453711123,2344.8780350974093,1254.3363893956691
mask_011,2025-06-07,20700.97751751298,348.70578179705694,1439.3878187099995,719.6939093549997,-370.9881275579428,9911.52307978748,30241.512469742516,38169.522105582386,36349.92047164218,275.90809516383507,2095.509729104046,1707.3244697205523,2348.0252478932025,1200.0
mask_100,2025-06-07,20613.905866221787,0.0,0.0,0.0,0.0,6274.828346396327,26888.734212618114,37966.46652354134,37966.46652354134,0.0,0.0,931.792786856003,2530.77527173014,1236.1794975459252
mask_101,2025-06-07,20614.19452485921,991.8602057255148,1435.3935131523335,717.6967565761668,274.163449149348,8172.5808565117295,29060.93883052029,37967.14017263685,36407.47049670774,529.2810437531772,2088.950719682282,1442.4227529608652,2530.168987544188,1200.0
mask_110,2025-06-07,20702.478738016573,348.32626972183874,582.0869145102367,291.04345725511837,57.28281246672037,5310.911596294827,26070.673146778117,38173.019008688825,37374.66266091314,231.27676530178704,1029.6331130774697,787.839453711123,2344.8780350974093,1254.3363893956691
mask_111,2025-06-07,20700.97751751298,940.7479578049682,1439.3878187099995,719.6939093549997,221.0540484499685,7899.126541253014,28821.15810721596,38169.522105582386,36669.59349008601,595.5811136076674,2095.5097291040456,1387.963004224254,2348.0252478932025,1200.0
forecast_only,2025-06-07,20600.503584502927,0.0,0.0,0.0,0.0,6274.828346396327,26875.331930899254,37935.18931999675,37935.18931999675,0.0,0.0,931.792786856003,2558.924754920272,1236.1794975459252
mask_000,2025-06-08,46192.921359174,0.0,0.0,0.0,0.0,5650.857752022526,51843.77911119652,75073.20094696363,75073.20094696363,0.0,0.0,977.4526368627787,1236.1794975459252,1428.01361013206
mask_001,2025-06-08,46192.83245957822,857.339124996861,3281.8331278854953,1640.9165639427476,-783.5774389458868,1724.6257481553964,47133.88076878773,75072.9947312462,69926.19202964295,823.2787858559392,5970.081487459209,331.32575266185785,1236.3650916916013,1200.0
mask_010,2025-06-08,46184.224207977975,481.3554593204615,1923.6034780204568,961.8017390102284,-480.4462796897669,3631.120163159141,49334.89809144734,75053.02662268613,71482.0419291684,456.92464980381726,4027.9093433215485,639.8863816682893,1254.3363893956691,1200.0
mask_011,2025-06-08,46210.2513384985,857.339124996861,3281.8331278854953,1640.9165639427476,-783.5774389458868,1724.6257481553964,47151.29964770801,75113.40038868133,69966.59768707806,823.2787858559392,5970.081487459209,331.32575266185785,1200.0,1200.0
mask_100,2025-06-08,46192.921359174,1453.901885936563,214.36985505295365,107.18492752647683,1346.7169584100861,1659.6851498659146,49199.32346745,75073.20094696363,75443.06712938209,721.8807888964307,352.0146064779692,385.0713970047308,1236.1794975459252,1216.040571045597
mask_101,2025-06-08,46210.2513384985,1524.4507639864157,3281.8331278854953,1640.9165639427476,-116.46579995633192,73.82708215578371,46167.612620697946,75113.40038868133,70301.85968288481,1158.5407816626912,5970.081487459207,10.926823378347555,1200.0,1216.0405710455952
mask_110,2025-06-08,46184.224207977975,1581.538889429437,1923.6034780204568,961.8017390102284,619.7371504192085,537.7837223409477,47341.745080738125,75053.02662268613,72031.00357941954,1005.886300054959,4027.9093433215485,105.66164196389815,1254.3363893956691,1216.0405710455952
mask_111,2025-06-08,46210.2513384985,1524.4507639864157,3281.8331278854953,1640.9165639427476,-116.46579995633192,73.82708215578371,46167.612620697946,75113.40038868133,70301.85968288481,1158.5407816626912,5970.081487459207,10.926823378347555,1200.0,1216.0405710455952
forecast_only,2025-06-08,46192.921359174,0.0,0.0,0.0,0.0,5462.971415089875,51655.89277426387,75073.20094696363,75073.20094696363,0.0,0.0,977.4526368627786,1236.1794975459252,1428.01361013206
mask_000,2025-06-09,55445.63808477651,0.0,0.0,0.0,0.0,29.6287971982002,55475.26688197471,87141.47384382048,87141.47384382048,0.0,0.0,4.39303094346714,1428.01361013206,2863.1568700358453
mask_001,2025-06-09,55554.85660402977,14.92054670471866,5338.398622066452,2669.199311033226,-2654.2787643285074,27.1487685303479,52927.72660823161,87394.82229952277,80237.90880282686,11.399049403754816,7168.31254609966,4.025319672379707,1200.0,2874.016609575337
mask_010,2025-06-09,55554.85660402977,33.72081343637581,4039.4728337081838,2019.7364168540919,-1986.015603417716,24.023869598646858,53592.8648702107,87394.82229952277,80816.28451871831,25.762140349353444,6604.29992115381,3.5619941580045373,1200.0,2887.7001564331863
mask_011,2025-06-09,55554.85660402977,14.92054670471866,5338.398622066452,2669.199311033226,-2654.2787643285074,27.1487685303479,52927.72660823161,87394.82229952277,80237.90880282686,11.399049403754816,7168.31254609966,4.025319672379707,1200.0,2874.016609575337
mask_100,2025-06-09,55547.17317049893,14.920546704718658,153.25328226395524,76.62664113197762,-61.706094427258975,27.148768530342124,55512.61584460202,87376.99944280543,87266.21438189797,11.399049403754816,122.18411031122241,4.025319672378389,1216.040571045597,2874.016609575337
mask_101,2025-06-09,55547.17317049893,14.92054670471866,5338.398622066452,2669.199311033226,-2654.2787643285074,27.1487685303479,52920.043174700775,87376.99944280545,80220.08594610954,11.399049403754816,7168.31254609966,4.025319672379707,1216.0405710455952,2874.016609575337
mask_110,2025-06-09,55547.17317049893,33.72081343637581,4039.4728337081838,2019.7364168540919,-1986.015603417716,24.023869598646858,53585.181436679864,87376.99944280545,80798.46166200098,25.762140349353444,6604.29992115381,3.5619941580045373,1216.0405710455952,2887.7001564331863
mask_111,2025-06-09,55547.17317049893,14.92054670471866,5338.398622066452,2669.199311033226,-2654.2787643285074,27.1487685303479,52920.043174700775,87376.99944280545,80220.08594610954,11.399049403754816,7168.31254609966,4.025319672379707,1216.0405710455952,2874.016609575337
forecast_only,2025-06-09,55445.63808477651,0.0,0.0,0.0,0.0,29.6287971982002,55475.26688197471,87141.47384382048,87141.47384382048,0.0,0.0,4.39303094346714,1428.01361013206,2863.1568700358453
mask_000,2025-06-10,50274.84342306696,0.0,0.0,0.0,0.0,2.6831588950670947e-11,50274.84342306699,79602.49443241312,79602.49443241312,0.0,0.0,5.609290809616141e-12,2863.1568700358453,2670.4912712305613
mask_001,2025-06-10,50269.65246756708,125.89554444210506,1107.4593434037074,553.7296717018537,-427.8341272597486,3.202895593190646e-11,49841.81834030736,79590.42805514703,77872.60994217091,69.7354107659661,1787.5535237420734,6.438849453616058e-12,2874.016609575337,2679.6199981867294
mask_010,2025-06-10,50263.111732169025,0.0,0.0,0.0,0.0,2.6831588950670947e-11,50263.111732169054,79575.22411419386,79575.22411419386,0.0,0.0,5.609290809616141e-12,2887.7001564331863,2670.4912712305613
mask_011,2025-06-10,50269.65246756708,614.8626446993665,1327.0509691881962,663.5254845940981,-48.66283989473163,3.294096506678557e-11,50220.98962767238,79590.42805514703,78075.60673887149,633.3214317177217,2148.142747993262,6.66444677221989e-12,2874.016609575337,2346.536520645865
mask_100,2025-06-10,50269.65246756708,0.0,0.0,0.0,0.0,2.6831588950670947e-11,50269.65246756711,79590.42805514703,79590.42805514703,0.0,0.0,5.609290809616141e-12,2874.016609575337,2670.4912712305613
mask_101,2025-06-10,50269.65246756708,133.37638618467267,1134.9038848016705,567.4519424008353,-434.07555621616257,2.3778131019724924e-11,49835.57691135094,79590.42805514703,77856.44224345963,75.45064937570362,1809.4364610630832,5.154543458729677e-12,2874.016609575337,2685.2307646928452
mask_110,2025-06-10,50263.111732169025,0.0,0.0,0.0,0.0,2.6831588950670947e-11,50263.111732169054,79575.22411419386,79575.22411419386,0.0,0.0,5.609290809616141e-12,2887.7001564331863,2670.4912712305613
mask_111,2025-06-10,50269.65246756708,614.8626446993665,1327.0509691881962,663.5254845940981,-48.66283989473163,3.294096506678557e-11,50220.98962767238,79590.42805514703,78075.60673887149,633.3214317177217,2148.142747993262,6.66444677221989e-12,2874.016609575337,2346.536520645865
forecast_only,2025-06-10,50274.84342306696,0.0,0.0,0.0,0.0,2.6831588950670947e-11,50274.84342306699,79602.49443241312,79602.49443241312,0.0,0.0,5.609290809616141e-12,2863.1568700358453,2670.4912712305613
mask_000,2025-06-11,55344.04541730962,0.0,0.0,0.0,0.0,763.9780648143769,56108.023482124,85590.19260248344,85590.19260248344,0.0,0.0,157.8654577106241,2670.4912712305613,2936.8931108378047
mask_001,2025-06-11,55339.681885824575,498.19779060772066,3581.308661076418,1790.654330538209,-1292.4565399304886,1667.5691265323521,55714.794472426445,85580.04957253214,82011.27111239698,408.9308885771329,3977.7093487122925,340.9733162121065,2679.6199981867294,2014.2956566101811
mask_010,2025-06-11,55344.04541730962,85.38373557442758,1325.9455928665502,662.9727964332751,-577.5890608588475,763.9780648143897,55530.43442126516,85590.19260248344,84185.52298128477,65.231753189193,1469.90137438786,157.86545771062626,2670.4912712305613,3000.4882250580954
mask_011,2025-06-11,55499.09925156846,1772.7372680644232,3749.09421240615,1874.547106203075,-101.80983813865168,3.310424431107739e-11,55397.289413429855,85950.14232535532,83044.9705975745,1289.958752596428,4195.130480377243,6.090061614727471e-12,2346.536520645865,2412.1314646743563
mask_100,2025-06-11,55344.04541730962,0.0,0.0,0.0,0.0,763.9780648143769,56108.023482124,85590.19260248344,85590.19260248344,0.0,0.0,157.8654577106241,2670.4912712305613,2936.8931108378047
mask_101,2025-06-11,55336.99993943465,1548.784945392366,3581.308661076418,1790.654330538209,-241.86938514584313,1667.5691265323494,56762.699680821155,85573.81538752535,82536.07132367782,939.9652848647685,3977.709348712293,340.973316212106,2685.2307646928452,2574.9936432748163
mask_110,2025-06-11,55344.04541730962,85.38373557442759,1350.5024509968978,675.2512254984489,-589.8674899240212,763.9780648143906,55518.15599219999,85590.19260248344,84158.92057356072,65.231753189193,1496.5037821119147,157.8654577106264,2670.4912712305613,2977.9379424420167
mask_111,2025-06-11,55499.09925156846,1772.7372680644232,3749.09421240615,1874.547106203075,-101.80983813865168,3.310424431107739e-11,55397.289413429855,85950.14232535532,83044.9705975745,1289.958752596428,4195.130480377243,6.090061614727471e-12,2346.536520645865,2412.1314646743563
forecast_only,2025-06-11,55344.04541730962,0.0,0.0,0.0,0.0,763.9780648143769,56108.023482124,85590.19260248344,85590.19260248344,0.0,0.0,157.8654577106241,2670.4912712305613,2936.8931108378047
mask_000,2025-06-12,52734.21949541657,0.0,0.0,0.0,0.0,3.035806894757798e-11,52734.2194954166,82737.6788374725,82737.6788374725,0.0,0.0,6.375344696607499e-12,2936.8931108378047,2880.4767205266053
mask_001,2025-06-12,53175.75678288076,267.8697883461428,695.2656877914476,347.6328438957238,-79.763055549581,3.1685654100499505e-11,53095.9937273312,83762.78711994764,83163.89632211621,242.2394805296954,841.1302783611161,6.6702199319479405e-12,2014.2956566101811,2903.2739364655
mask_010,2025-06-12,52703.821030819265,66.0841442968696,2122.8493490497895,1061.4246745248947,-995.3405302280253,3.486863914270444e-11,51708.48050059127,82667.01759944996,79286.83890218646,50.55049762260592,3430.7291948860843,7.380041022742034e-12,3000.4882250580954,2930.433183624507
mask_011,2025-06-12,52985.19343081802,303.86028480976995,2540.554004644687,1270.2770023223436,-966.4167175125738,3.42330799818491e-11,52018.77671330549,83320.74733320967,80091.53102134593,269.70742974058334,3498.923741604316,7.305434035487224e-12,2412.1314646743563,2930.433183624507
mask_100,2025-06-12,52734.21949541657,0.0,0.0,0.0,0.0,3.035806894757798e-11,52734.2194954166,82737.6788374725,82737.6788374725,0.0,0.0,6.375344696607499e-12,2936.8931108378047,2880.4767205266053
mask_101,2025-06-12,52907.207440911676,267.8697883461428,695.2656877914476,347.6328438957238,-79.763055549581,3.1685654100499505e-11,52827.44438536212,83139.78935698693,82540.8985591555,242.2394805296954,841.1302783611161,6.6702199319479405e-12,2574.9936432748163,2903.2739364655
mask_110,2025-06-12,52714.60006590975,66.0841442968696,2122.8493490497895,1061.4246745248947,-995.3405302280253,3.486863914270444e-11,51719.259535681755,82692.07346902337,79311.8947717599,50.55049762260592,3430.7291948860843,7.380041022742034e-12,2977.9379424420167,2930.433183624507
mask_111,2025-06-12,52985.19343081802,303.86028480976995,2540.554004644687,1270.2770023223436,-966.4167175125738,3.42330799818491e-11,52018.77671330549,83320.74733320967,80091.53102134593,269.70742974058334,3498.923741604316,7.305434035487224e-12,2412.1314646743563,2930.433183624507
forecast_only,2025-06-12,52734.21949541657,0.0,0.0,0.0,0.0,3.035806894757798e-11,52734.2194954166,82737.6788374725,82737.6788374725,0.0,0.0,6.375344696607499e-12,2936.8931108378047,2880.4767205266053
mask_000,2025-06-13,21963.328132635943,0.0,0.0,0.0,0.0,1.138609495576759e-11,21963.328132635954,36714.58183010797,36714.58183010797,0.0,0.0,2.2857271630982723e-12,2880.4767205266053,2467.0348742126034
mask_001,2025-06-13,21952.56784671278,18.847359511967927,1344.2640402936486,672.1320201468243,-653.2846606348564,2.0877029216492812e-11,21299.283186077948,36689.25159017586,35139.32890573182,22.167141333984887,1572.0898257780293,4.481304216596982e-12,2903.2739364655,2307.612642803604
mask_010,2025-06-13,21939.74868205373,197.69387173564945,561.1001624107336,280.5500812053668,-82.85620946971733,1.113717940093295e-11,21856.892472584022,36659.07464888808,36131.53811790045,132.05193447209388,659.5884654597248,2.2395418852738658e-12,2930.433183624507,2600.1044927044086
mask_011,2025-06-13,21939.74868205373,318.4419768649404,1566.2130666500148,783.1065333250074,-464.66455646006693,1.664638316078992e-11,21475.08412559368,36659.07464888808,34997.72321553966,276.73311433283857,1938.0845476812528,3.646416502078864e-12,2930.433183624507,2123.247197018114
mask_100,2025-06-13,21963.328132635943,0.0,0.0,0.0,0.0,1.138609495576759e-11,21963.328132635954,36714.58183010797,36714.58183010797,0.0,0.0,2.2857271630982723e-12,2880.4767205266053,2467.0348742126034
mask_101,2025-06-13,21952.56784671278,18.847359511967927,1344.2640402936486,672.1320201468243,-653.2846606348564,2.0877029216492812e-11,21299.283186077948,36689.25159017586,35139.32890573182,22.167141333984887,1572.0898257780293,4.481304216596982e-12,2903.2739364655,2307.612642803604
mask_110,2025-06-13,21939.74868205373,197.69387173564945,603.1567838485819,301.57839192429094,-103.88452018864149,1.106209635004518e-11,21835.864161865098,36659.07464888808,36088.02137070865,132.05193447209388,703.1052126515256,2.2857271630982723e-12,2930.433183624507,2556.3637013836546
mask_111,2025-06-13,21939.74868205373,318.4419768649404,1566.2130666500148,783.1065333250074,-464.66455646006693,1.664638316078992e-11,21475.08412559368,36659.07464888808,34997.72321553966,276.73311433283857,1938.0845476812528,3.646416502078864e-12,2930.433183624507,2123.247197018114
forecast_only,2025-06-13,21963.328132635943,0.0,0.0,0.0,0.0,1.138609495576759e-11,21963.328132635954,36714.58183010797,36714.58183010797,0.0,0.0,2.2857271630982723e-12,2880.4767205266053,2467.0348742126034
mask_000,2025-06-14,22211.94885071442,0.0,0.0,0.0,0.0,9.800167455331632e-12,22211.94885071443,37256.73653759356,37256.73653759356,0.0,0.0,2.466693516112173e-12,2467.0348742126034,2357.321034057472
mask_001,2025-06-14,22287.196143939465,15.0176914719036,638.4169364493655,319.20846822468275,-304.19077675277913,9.221412633486636e-12,21983.0053671867,37433.87235027023,36432.803653199255,19.806210759758073,1020.8749078307355,2.1940227412642344e-12,2307.612642803604,2376.1931593584923
mask_010,2025-06-14,22149.17599124526,21.92861625447867,1389.682700205064,694.841350102532,-672.9127338480534,1.2364690271660096e-11,21476.26325739722,37108.881405936,35281.72606844337,34.210509644889044,1861.3658471375184,3.1745717166131726e-12,2600.1044927044086,2390.2961325703664
mask_011,2025-06-14,22374.216634350218,26.104555328464397,1394.5244022226411,697.2622011113206,-671.1576457828562,1.1987392078971481e-11,21703.058988567373,37638.722845587436,35810.83286236462,37.342420389368954,1865.2324036121845,2.9969360326731476e-12,2123.247197018114,2389.634951413199
mask_100,2025-06-14,22211.94885071442,0.0,0.0,0.0,0.0,9.800167455331632e-12,22211.94885071443,37256.73653759356,37256.73653759356,0.0,0.0,2.466693516112173e-12,2467.0348742126034,2357.321034057472
mask_101,2025-06-14,22287.196143939465,15.0176914719036,638.4169364493655,319.20846822468275,-304.19077675277913,9.221412633486636e-12,21983.0053671867,37433.87235027023,36432.803653199255,19.806210759758073,1020.8749078307355,2.1940227412642344e-12,2307.612642803604,2376.1931593584923
mask_110,2025-06-14,22169.807064484885,21.92861625447867,1398.9019073759753,699.4509536879876,-677.522337433509,1.2229086743253958e-11,21492.28472705139,37157.48228518128,35314.76844451392,34.210509644889044,1876.9243503122566,3.1106228703947636e-12,2556.3637013836546,2375.490959139915
mask_111,2025-06-14,22374.216634350218,26.104555328464397,1403.72052815271,701.860264076355,-675.7557087478906,1.1851788550565346e-11,21698.46092560234,37638.722845587436,35795.27435918989,37.342420389368954,1880.7909067869205,2.9329871864547385e-12,2123.247197018114,2374.8297779827494
forecast_only,2025-06-14,22211.94885071442,0.0,0.0,0.0,0.0,9.800167455331632e-12,22211.94885071443,37256.73653759356,37256.73653759356,0.0,0.0,2.466693516112173e-12,2467.0348742126034,2357.321034057472
mask_000,2025-06-15,47985.91284074858,0.0,0.0,0.0,0.0,1010.1837141448732,48996.09655489345,76281.44076093182,76281.44076093182,0.0,0.0,231.46623903814032,2357.321034057472,2425.7324046860476
mask_001,2025-06-15,47976.87309272939,997.090041606417,360.7342352749546,180.3671176374773,816.7229239689398,4.446420387438366e-11,48793.59601669837,76260.47173281957,77133.7091890857,1446.7147747062766,573.477318440141,8.398615136684384e-12,2376.1931593584923,2365.3495795936715
mask_010,2025-06-15,47970.1177685609,1010.8232455532238,364.6398564645999,182.31992823229996,828.5033173209239,4.393685326675722e-11,48798.62108588187,76244.80176258415,76975.34923068015,1309.3825412772296,578.835073181228,8.284928298962768e-12,2390.2961325703664,2371.002939201685
mask_011,2025-06-15,47970.43447433518,997.090041606417,360.7342352749546,180.3671176374773,816.7229239689398,4.446420387438366e-11,48787.15739830417,76245.53640831434,77118.77386458046,1446.7147747062766,573.477318440141,8.398615136684384e-12,2389.634951413199,2365.3495795936715
mask_100,2025-06-15,47985.91284074858,0.0,0.0,0.0,0.0,1010.1837141448732,48996.09655489345,76281.44076093182,76281.44076093182,0.0,0.0,231.46623903814032,2357.321034057472,2425.7324046860476
mask_101,2025-06-15,47976.87309272939,997.090041606417,360.7342352749546,180.3671176374773,816.7229239689398,4.446420387438366e-11,48793.59601669837,76260.47173281957,77133.7091890857,1446.7147747062766,573.477318440141,8.398615136684384e-12,2376.1931593584923,2365.3495795936715
mask_110,2025-06-15,47977.209446634086,1010.8232455532238,364.6398564645999,182.31992823229996,828.5033173209239,4.393685326675722e-11,48805.71276395505,76261.25195528465,76991.79942338064,1309.3825412772296,578.835073181228,8.284928298962768e-12,2375.490959139915,2371.002939201685
mask_111,2025-06-15,47977.52615240837,997.090041606417,360.7342352749546,180.3671176374773,816.7229239689398,4.446420387438366e-11,48794.24907637735,76261.98660101483,77135.22405728097,1446.7147747062766,573.477318440141,8.398615136684384e-12,2374.8297779827494,2365.3495795936715
forecast_only,2025-06-15,47985.91284074858,0.0,0.0,0.0,0.0,91.80142240003244,48077.714263148606,76281.44076093182,76281.44076093182,0.0,0.0,32.31306666667294,2357.321034057472,2204.451102051083
mask_000,2025-06-16,50393.593564654264,0.0,0.0,0.0,0.0,2052.8395637252297,52446.433128379496,79850.37274605047,79850.37274605047,0.0,0.0,419.136581694002,2425.7324046860476,2469.0202298539075
mask_001,2025-06-16,50422.516937873515,0.0,0.0,0.0,0.0,2015.2778521934915,52437.794790067004,79917.46477393089,79917.46477393089,0.0,0.0,419.1365816940015,2365.3495795936715,2469.0202298539075
mask_010,2025-06-16,50419.80897862127,78.5127803513513,1185.168522445077,592.5842612225385,-514.0714808711873,2042.8584865358541,51948.595984285945,79911.18326325531,78537.80918679532,55.614941817279146,1428.989018277272,417.65932613426304,2371.002939201685,2512.9506773848743
mask_011,2025-06-16,50422.516937873515,78.5127803513513,1185.168522445077,592.5842612225385,-514.0714808711873,2005.2967750041157,51913.74223200644,79917.46477393089,78544.09069747088,55.614941817279146,1428.989018277272,417.6593261342625,2365.3495795936715,2512.9506773848743
mask_100,2025-06-16,50393.593564654264,0.0,0.0,0.0,0.0,2052.8395637252297,52446.433128379496,79850.37274605047,79850.37274605047,0.0,0.0,419.136581694002,2425.7324046860476,2469.0202298539075
mask_101,2025-06-16,50422.516937873515,0.0,0.0,0.0,0.0,2015.2778521934915,52437.794790067004,79917.46477393089,79917.46477393089,0.0,0.0,419.1365816940015,2365.3495795936715,2469.0202298539075
mask_110,2025-06-16,50419.80897862127,78.5127803513513,1185.168522445077,592.5842612225385,-514.0714808711873,2042.8584865358541,51948.595984285945,79911.18326325531,78537.80918679532,55.614941817279146,1428.989018277272,417.65932613426304,2371.002939201685,2512.9506773848743
mask_111,2025-06-16,50422.516937873515,78.5127803513513,1185.168522445077,592.5842612225385,-514.0714808711873,2005.2967750041157,51913.74223200644,79917.46477393089,78544.09069747088,55.614941817279146,1428.989018277272,417.6593261342625,2365.3495795936715,2512.9506773848743
forecast_only,2025-06-16,50499.587308616414,0.0,0.0,0.0,0.0,2015.2778521934915,52514.8651608099,80096.24086008931,80096.24086008931,0.0,0.0,419.1365816940015,2204.451102051083,2469.0202298539075
mask_000,2025-06-17,51917.93733453476,0.0,0.0,0.0,0.0,217.6378682022792,52135.57520273704,82027.32774815959,82027.32774815959,0.0,0.0,32.26056856544042,2469.0202298539075,2132.275758450658
mask_001,2025-06-17,51917.93733453476,873.5319587155328,260.70644040827796,130.35322020413898,743.1787385113939,217.63786820227446,52878.75394124843,82027.32774815959,82606.15664043002,1015.0212812090067,436.1923889385606,32.260568565439456,2469.0202298539075,1770.6389620865384
mask_010,2025-06-17,51896.89465016743,31.439346848391608,187.99583947887226,93.99791973943613,-62.55857289104452,204.4439686013016,52038.780045877684,81978.51613979184,81756.28793239332,24.237993114151664,246.46620051267814,30.318075276407157,2512.9506773848743,2154.0281885986233
mask_011,2025-06-17,51896.89465016743,1255.8506926403545,1180.6689420385926,590.3344710192963,665.5162216210582,204.4439686012981,52766.85484038979,81978.51613979184,81782.33646377141,1423.376308354303,1619.5559843747315,30.318075276406447,2512.9506773848743,2154.0281885986233
mask_100,2025-06-17,51917.93733453476,12.64816191601543,30.350261319150153,15.175130659575077,-2.5269687435596477,211.2429240447139,52126.65328983592,82027.32774815959,82012.95136366258,9.82415501645994,24.20053951347427,31.32347560685722,2469.0202298539075,2140.9097602118713
mask_101,2025-06-17,51917.93733453476,873.5319587155328,260.70644040827796,130.35322020413898,743.1787385113939,217.63786820227446,52878.75394124843,82027.32774815959,82606.15664043002,1015.0212812090067,436.1923889385606,32.260568565439456,2469.0202298539075,1770.6389620865384
mask_110,2025-06-17,51896.89465016743,31.439346848391608,187.99583947887226,93.99791973943613,-62.55857289104452,204.4439686013016,52038.780045877684,81978.51613979184,81756.28793239332,24.237993114151664,246.46620051267814,30.318075276407157,2512.9506773848743,2154.0281885986233
mask_111,2025-06-17,51896.89465016743,1255.8506926403545,1180.6689420385926,590.3344710192963,665.5162216210582,204.4439686012981,52766.85484038979,81978.51613979184,81782.33646377141,1423.376308354303,1619.5559843747315,30.318075276406447,2512.9506773848743,2154.0281885986233
forecast_only,2025-06-17,51917.93733453476,0.0,0.0,0.0,0.0,217.6378682022792,52135.57520273704,82027.32774815959,82027.32774815959,0.0,0.0,32.26056856544042,2469.0202298539075,2132.275758450658
mask_000,2025-06-18,52059.613973843414,0.0,0.0,0.0,0.0,3.0327691524778546e-11,52059.61397384344,82709.27235940956,82709.27235940956,0.0,0.0,7.294498338694666e-12,2132.275758450658,2514.0342178291544
mask_001,2025-06-18,52232.83799930183,0.0,0.0,0.0,0.0,3.0327691524778546e-11,52232.83799930186,83111.09102203636,83111.09102203636,0.0,0.0,7.294498338694666e-12,1770.6389620865384,2514.0342178291544
mask_010,2025-06-18,52049.194559802534,35.63141551142682,2656.0218642172613,1328.0109321086306,-1292.3795165972037,3.240528650971797e-11,50756.81504320535,82685.10299257848,78939.36856742347,26.6101395480498,3772.3445647030508,7.884248809375549e-12,2154.0281885986233,2539.987098771438
mask_011,2025-06-18,52049.194559802534,35.63141551142682,2656.0218642172613,1328.0109321086306,-1292.3795165972037,3.240528650971797e-11,50756.81504320535,82685.10299257848,78939.36856742347,26.6101395480498,3772.3445647030508,7.884248809375549e-12,2154.0281885986233,2539.987098771438
mask_100,2025-06-18,52055.478286999794,0.0,0.0,0.0,0.0,3.0327691524778546e-11,52055.47828699982,82699.67902411932,82699.67902411932,0.0,0.0,7.294498338694666e-12,2140.9097602118713,2514.0342178291544
mask_101,2025-06-18,52232.83799930183,0.0,0.0,0.0,0.0,3.0327691524778546e-11,52232.83799930186,83111.09102203636,83111.09102203636,0.0,0.0,7.294498338694666e-12,1770.6389620865384,2514.0342178291544
mask_110,2025-06-18,52049.194559802534,35.63141551142682,2672.8018723455043,1336.4009361727522,-1300.7695206613253,3.581251301065791e-11,50748.42503914124,82685.10299257848,78923.72903479377,26.6101395480498,3787.98409733277,8.374523297050018e-12,2154.0281885986233,2532.345712012858
mask_111,2025-06-18,52049.194559802534,35.63141551142682,2672.8018723455043,1336.4009361727522,-1300.7695206613253,3.581251301065791e-11,50748.42503914124,82685.10299257848,78923.72903479377,26.6101395480498,3787.98409733277,8.374523297050018e-12,2154.0281885986233,2532.345712012858
forecast_only,2025-06-18,52059.613973843414,0.0,0.0,0.0,0.0,3.0327691524778546e-11,52059.61397384344,82709.27235940956,82709.27235940956,0.0,0.0,7.294498338694666e-12,2132.275758450658,2514.0342178291544
mask_000,2025-06-19,48497.86737946776,0.0,0.0,0.0,0.0,568.6966912032697,49066.56407067103,77340.21223519907,77340.21223519907,0.0,0.0,84.4768142134452,2514.0342178291544,1990.712963778263
mask_001,2025-06-19,48497.86737946776,78.72879697208124,4175.011375620448,2087.505687810224,-2008.7768908381431,5471.895398163334,51960.98588679294,77340.21223519907,70914.49533136291,78.40732693166143,6504.124230767831,1005.2553766413317,2514.0342178291544,1546.072853929525
mask_010,2025-06-19,48485.4359494964,1434.4815587409903,1915.7595547143567,957.8797773571783,476.60178138381195,568.6966912032691,49530.73442208348,77311.37570081875,74682.82688439458,1379.0042727031787,4007.553089127354,84.47681421344504,2539.987098771438,1869.5375614119046
mask_011,2025-06-19,48485.4359494964,3364.016551463586,4175.011375620448,2087.505687810224,1276.5108636533619,568.6966912032693,50330.64350435303,77311.37570081875,74217.51072687353,3410.2592568226064,6504.124230767831,84.47681421344518,2539.987098771438,1867.5742635277302
mask_100,2025-06-19,48497.86737946776,68.00396850567205,231.73902331603605,115.86951165801803,-47.86554315234598,568.6966912032697,49018.69852751869,77340.21223519907,76994.61995684837,34.944066547383954,380.53634489808485,84.47681421344525,2514.0342178291544,1664.016631179503
mask_101,2025-06-19,48497.86737946776,1190.8730013682125,4175.011375620448,2087.505687810224,-896.6326864420116,2340.041970395112,49941.27666342087,77340.21223519907,71469.78174155991,633.6937371286795,6504.124230767831,516.3950920690937,2514.0342178291544,1608.7777350746621
mask_110,2025-06-19,48489.09617375376,1434.4815587409903,1915.7595547143567,957.8797773571783,476.60178138381195,568.6966912032691,49534.394646340836,77319.86613055051,74691.31731412634,1379.0042727031787,4007.553089127354,84.47681421344504,2532.345712012858,1869.5375614119046
mask_111,2025-06-19,48489.09617375376,3364.016551463586,4175.011375620448,2087.505687810224,1276.5108636533619,568.6966912032693,50334.303728610386,77319.86613055051,74226.00115660529,3410.2592568226064,6504.124230767831,84.47681421344518,2532.345712012858,1867.5742635277302
forecast_only,2025-06-19,48497.86737946776,0.0,0.0,0.0,0.0,915.1302088804528,49412.99758834821,77340.21223519907,77340.21223519907,0.0,0.0,187.98249622037167,2514.0342178291544,2105.7192771192927
mask_000,2025-06-20,22146.88871350168,0.0,0.0,0.0,0.0,1.5399280406391823e-11,22146.888713501696,36664.42817615681,36664.42817615681,0.0,0.0,2.9467539519600905e-12,1990.712963778263,2977.494429705648
mask_001,2025-06-20,22356.758845350283,0.06099379006037166,841.8455286834038,420.9227643417019,-420.86177055164154,1.2903427992760897e-11,21935.897074798657,37158.47274265541,36262.95107649833,0.10537063152867177,895.6270367886074,2.5488500199344344e-12,1546.072853929525,2901.4453156038635
mask_010,2025-06-20,22204.083503418602,0.2780773187276329,987.1508451796533,493.57542258982664,-493.29734527109906,1.2903427992760897e-11,21710.786158147515,36799.06751211943,35778.98383045172,0.48039616261144147,1020.5640778303209,2.5488500199344344e-12,1869.5375614119046,2887.8602867885975
mask_011,2025-06-20,22205.010180019934,0.2780773187276329,964.7899929938316,482.3949964969158,-482.1169191781882,1.2903427992760897e-11,21722.893260841756,36801.248954212955,35795.58120416668,0.48039616261144147,1006.1481462088913,2.5488500199344344e-12,1867.5742635277302,2887.8602867885975
mask_100,2025-06-20,22301.089382488295,0.26840953904884046,84.61071972061646,42.30535986030823,-42.03695032125938,1.2903427992760897e-11,22259.052432167053,37027.424101266544,36960.25283521447,0.4636944615165248,67.6349605135901,2.5488500199344344e-12,1664.016631179503,2909.6029338962335
mask_101,2025-06-20,22327.16214144978,0.06099379006037166,841.8455286834038,420.9227643417019,-420.86177055164154,1.2903427992760897e-11,21906.300370898152,37088.800652494145,36193.27898633707,0.10537063152867177,895.6270367886074,2.5488500199344344e-12,1608.7777350746621,2901.4453156038635
mask_110,2025-06-20,22204.083503418602,0.2780773187276329,987.1508451796533,493.57542258982664,-493.29734527109906,1.2903427992760897e-11,21710.786158147515,36799.06751211943,35778.98383045172,0.48039616261144147,1020.5640778303209,2.5488500199344344e-12,1869.5375614119046,2887.8602867885975
mask_111,2025-06-20,22205.010180019934,0.2780773187276329,964.7899929938316,482.3949964969158,-482.1169191781882,1.2903427992760897e-11,21722.893260841756,36801.248954212955,35795.58120416668,0.48039616261144147,1006.1481462088913,2.5488500199344344e-12,1867.5742635277302,2887.8602867885975
forecast_only,2025-06-20,22092.629088916266,0.0,0.0,0.0,0.0,1.578412456293421e-11,22092.62908891628,36536.64338355567,36536.64338355567,0.0,0.0,3.127942349578916e-12,2105.7192771192927,2977.494429705648
mask_000,2025-06-21,20900.43739823335,0.0,0.0,0.0,0.0,7.679329172560757e-12,20900.437398233356,35194.64871222779,35194.64871222779,0.0,0.0,1.822542117224657e-12,2977.494429705648,3231.8151141746575
mask_001,2025-06-21,20933.48788828732,110.42903285933942,357.4582721866467,178.72913609332335,-68.30010323398392,7.679329172560757e-12,20865.187785053342,35279.14772789644,34921.711316674264,61.01856174431492,418.4549729664864,1.822542117224657e-12,2901.4453156038635,3272.2502004544695
mask_010,2025-06-21,20939.895493545187,47.287356524175145,446.6671530951683,223.33357654758416,-176.046220023409,8.92725537937622e-12,20763.849273521788,35294.24220435784,34829.61484371875,31.369510367955172,495.9968710070411,2.021494083237485e-12,2887.8602867885975,3263.0607988374645
mask_011,2025-06-21,20939.895493545187,111.61226688020022,466.7056840201582,233.3528420100791,-121.74057512987889,7.679329172560757e-12,20818.154918415315,35294.24220435784,34840.823384514384,62.942776793116934,516.3615966365701,1.822542117224657e-12,2887.8602867885975,3264.972337442152
mask_100,2025-06-21,20929.640211659418,0.0,645.3434652323374,322.6717326161687,-322.6717326161687,7.679329172560757e-12,20606.968479043255,35270.08370757158,34555.90466135595,0.0,714.179046215635,1.822542117224657e-12,2909.6029338962335,2533.4412857167586
mask_101,2025-06-21,20933.48788828732,110.4290328593394,1051.4838596236523,525.7419298118261,-415.31289695248677,7.679329172560757e-12,20518.17499133484,35279.14772789644,34168.07624563255,61.01856174431492,1172.0900440082053,1.822542117224657e-12,2901.4453156038635,2533.4412857167586
mask_110,2025-06-21,20939.895493545187,47.28735652417514,1123.5355226769561,561.7677613384781,-514.480404814303,7.679329172560757e-12,20425.41508873089,35294.24220435784,34084.06628713517,31.369510367955172,1241.545427590631,1.822542117224657e-12,2887.8602867885975,2533.4412857167586
mask_111,2025-06-21,20939.895493545187,111.61226688020024,1149.036029697307,574.5180148486535,-462.9057479684533,7.679329172560757e-12,20476.989745576742,35294.24220435784,34095.2748279308,62.942776793116934,1261.9101532201578,1.822542117224657e-12,2887.8602867885975,2533.4412857167586
forecast_only,2025-06-21,20900.43739823335,0.0,0.0,0.0,0.0,7.679329172560757e-12,20900.437398233356,35194.64871222779,35194.64871222779,0.0,0.0,1.822542117224657e-12,2977.494429705648,3231.8151141746575
mask_000,2025-06-22,46023.23560722337,0.0,0.0,0.0,0.0,3.607736331900924e-11,46023.2356072234,74163.53567302797,74163.53567302797,0.0,0.0,6.929568030500377e-12,3231.8151141746575,2102.237615253689
mask_001,2025-06-22,46003.90763598161,2522.232840239129,2006.8563212085046,1003.4281606042523,1518.8046796348767,3.46201360912346e-11,47522.71231561652,74118.60779938374,72424.74457636595,2215.612143864421,3909.475366882223,6.609823799408332e-12,3272.2502004544695,2061.916328283949
mask_010,2025-06-22,46008.30016995454,1003.8264775657201,1285.5358422953666,642.7679211476833,361.0585564180368,3.875822862653422e-11,46369.35872637262,74128.81824562486,72300.8292705138,877.2855571323106,2705.274532243363,7.65876251307418e-12,3263.0607988374645,2079.403875655429
mask_011,2025-06-22,46007.3864545015,2522.232840239129,2006.8563212085046,1003.4281606042523,1518.8046796348767,3.46201360912346e-11,47526.19113413641,74126.69431384187,72432.83109082407,2215.612143864421,3909.475366882223,6.609823799408332e-12,3264.972337442152,2061.916328283949
mask_100,2025-06-22,46357.074855940526,613.23318043061,233.78067103163008,116.89033551581504,496.34284491479497,3.535287707023826e-11,46853.41770085536,74939.50659353675,74861.6467886294,306.02910939464994,383.8889143019969,6.827427512234863e-12,2533.4412857167586,2070.2748740063666
mask_101,2025-06-22,46357.074855940526,2522.232840239129,2006.8563212085046,1003.4281606042523,1518.8046796348767,3.46201360912346e-11,47875.879535575434,74939.50659353675,73245.64337051896,2215.612143864421,3909.475366882223,6.609823799408332e-12,2533.4412857167586,2061.916328283949
mask_110,2025-06-22,46357.074855940526,1003.8264775657201,1285.5358422953666,642.7679211476833,361.0585564180368,3.875822862653422e-11,46718.133412358606,74939.50659353675,73111.51761842569,877.2855571323106,2705.274532243363,7.65876251307418e-12,2533.4412857167586,2079.403875655429
mask_111,2025-06-22,46357.074855940526,2522.232840239129,2006.8563212085046,1003.4281606042523,1518.8046796348767,3.46201360912346e-11,47875.879535575434,74939.50659353675,73245.64337051896,2215.612143864421,3909.475366882223,6.609823799408332e-12,2533.4412857167586,2061.916328283949
forecast_only,2025-06-22,46023.23560722337,0.0,0.0,0.0,0.0,392.3198413588675,46415.555448582236,74163.53567302797,74163.53567302797,0.0,0.0,103.81855515082947,3231.8151141746575,2217.591565421271
mask_000,2025-06-23,48180.52920207988,0.0,0.0,0.0,0.0,3.946525506393073e-11,48180.52920207992,76336.44450986972,76336.44450986972,0.0,0.0,8.335554468885675e-12,2102.237615253689,2113.440953618172
mask_001,2025-06-23,48199.84309853839,0.0,0.0,0.0,0.0,3.946525506393073e-11,48199.843098538426,76381.2459398361,76381.2459398361,0.0,0.0,8.335554468885675e-12,2061.916328283949,2113.440953618172
mask_010,2025-06-23,48191.46656334745,25.968077883132274,1692.3055743030272,846.1527871515136,-820.1847092683813,3.465469511354514e-11,47371.281854079105,76361.81533164556,73400.725390826,20.060323017124688,2981.1502638366733,7.538414337204813e-12,2079.403875655429,2133.6395674329383
mask_011,2025-06-23,48199.84309853839,25.968077883132274,1692.3055743030272,846.1527871515136,-820.1847092683813,3.465469511354514e-11,47379.658389270044,76381.2459398361,73420.15599901654,20.060323017124688,2981.1502638366733,7.538414337204813e-12,2061.916328283949,2133.6395674329383
mask_100,2025-06-23,48195.83935513735,23.50367657832558,70.308092681577,35.1540463407885,-11.650369762462915,4.300734035567189e-11,48184.18898537493,76371.95866681119,76334.14249102649,18.243732889108514,56.05990867379978,8.891998248827804e-12,2070.2748740063666,2131.7942934328107
mask_101,2025-06-23,48199.84309853839,23.50367657832558,70.308092681577,35.1540463407885,-11.650369762462915,4.300734035567189e-11,48188.19272877597,76381.2459398361,76343.4297640514,18.243732889108514,56.05990867379978,8.891998248827804e-12,2061.916328283949,2131.7942934328107
mask_110,2025-06-23,48191.46656334745,25.968077883132278,1695.0809591822062,847.5404795911031,-821.5724017079708,4.300734035567189e-11,47369.894161639524,76361.81533164556,73398.00768266659,20.060323017124688,2983.867971996089,8.891998248827804e-12,2079.403875655429,2131.7942934328107
mask_111,2025-06-23,48199.84309853839,25.968077883132278,1695.0809591822062,847.5404795911031,-821.5724017079708,4.300734035567189e-11,47378.27069683046,76381.2459398361,73417.43829085713,20.060323017124688,2983.867971996089,8.891998248827804e-12,2061.916328283949,2131.7942934328107
forecast_only,2025-06-23,48125.27465994961,0.0,0.0,0.0,0.0,3.946525506393073e-11,48125.274659949646,76208.27345412796,76208.27345412796,0.0,0.0,8.335554468885675e-12,2217.591565421271,2113.440953618172
mask_000,2025-06-24,56202.42928714639,0.0,0.0,0.0,0.0,3.003181514582564e-11,56202.42928714642,88175.23965344121,88175.23965344121,0.0,0.0,6.1149418861816685e-12,2113.440953618172,2354.1749394927488
mask_001,2025-06-24,56202.42928714639,5.574042421196238,2502.251676610636,1251.125838305318,-1245.5517958841217,3.6653050261570285e-11,54956.87749126231,88175.23965344121,84694.73165044899,4.564860328408145,3485.072863320648,7.47207851148346e-12,2113.440953618172,2358.6534281899962
mask_010,2025-06-24,56192.75415112912,28.697635014292924,2893.9993219888934,1446.9996609944467,-1418.302025980154,2.710933422189754e-11,54774.452125149,88152.79674920256,84289.08288911055,22.00470322713511,3885.718563319163,5.905775868342289e-12,2133.6395674329383,2376.060073305202
mask_011,2025-06-24,56192.75415112912,29.26948708608369,3014.9974065300457,1507.4987032650229,-1478.2292161789392,2.9079660346376097e-11,54714.52493495021,88152.79674920256,84022.29049701094,22.300669933545464,4152.806922125184,6.357858683969653e-12,2133.6395674329383,2376.060073305202
mask_100,2025-06-24,56193.638037375174,23.010098717813168,125.6387756409796,62.8193878204898,-39.80928910267664,2.8977596211454682e-11,56153.82874827253,88154.84705364716,88072.53992862144,17.863501135257593,100.17062616097985,6.023903598162406e-12,2131.7942934328107,2371.894824550434
mask_101,2025-06-24,56193.638037375174,23.01009871781317,2554.088397409032,1277.044198704516,-1254.034099986703,3.403671555712862e-11,54939.60393738851,88154.84705364716,84646.30389024783,17.863501135257593,3526.4066645345974,7.198075469005971e-12,2131.7942934328107,2371.894824550434
mask_110,2025-06-24,56193.638037375174,28.69763501429292,2946.835779865155,1473.4178899325775,-1444.7202549182848,3.2066389432650055e-11,54748.91778245692,88154.84705364716,84247.89669005059,22.00470322713511,3928.955066823708,6.7459926533786074e-12,2131.7942934328107,2371.894824550434
mask_111,2025-06-24,56193.638037375174,29.26948708608369,3067.8338644063074,1533.9169322031537,-1504.64744511707,3.403671555712862e-11,54688.990592258146,88154.84705364716,83981.10429795098,22.300669933545464,4196.04342562973,7.198075469005971e-12,2131.7942934328107,2371.894824550434
forecast_only,2025-06-24,56202.42928714639,0.0,0.0,0.0,0.0,3.003181514582564e-11,56202.42928714642,88175.23965344121,88175.23965344121,0.0,0.0,6.1149418861816685e-12,2113.440953618172,2354.1749394927488
mask_000,2025-06-25,48947.2244569142,0.0,0.0,0.0,0.0,34.84514336045828,48982.069600274655,78800.19161239165,78800.19161239165,0.0,0.0,5.157277193882869,2354.1749394927488,1957.6824547832614
mask_001,2025-06-25,48945.07926082822,449.2212314940914,1575.677867511273,787.8389337556365,-338.6177022615451,34.84514336045192,48641.306701927126,78795.21551383915,77050.8712712912,425.54767064412493,2169.891913192075,5.157277193881937,2358.6534281899962,1899.4922308690345
mask_010,2025-06-25,48936.74147781803,1259.903419737788,1632.0385551382078,816.0192775691039,443.8841421686841,34.84514336045639,49415.47076334718,78775.8747970445,76657.62163172718,1192.7507047817153,3311.0038700990217,5.157277193882402,2376.060073305202,1997.2402446110514
mask_011,2025-06-25,48936.74147781803,1281.0084998667357,2172.192339553021,1086.0961697765106,194.91233009022517,34.84514336045604,49166.49895126872,78775.8747970445,76691.96924573767,1217.8348145297132,3301.7403658365283,5.15727719388236,2376.060073305202,1990.2027582650853
mask_100,2025-06-25,48938.736631971566,0.0,0.0,0.0,0.0,34.84514336045828,48973.58177533202,78780.50285121644,78780.50285121644,0.0,0.0,5.157277193882869,2371.894824550434,1957.6824547832614
mask_101,2025-06-25,48938.736631971566,449.2212314940914,1575.677867511273,787.8389337556365,-338.6177022615451,34.84514336045192,48634.96407307047,78780.50285121644,77036.1586086685,425.54767064412493,2169.891913192075,5.157277193881937,2371.894824550434,1899.4922308690345
mask_110,2025-06-25,48938.736631971566,1259.903419737788,1632.0385551382078,816.0192775691039,443.8841421686841,34.84514336045639,49417.46591750071,78780.50285121644,76662.24968589915,1192.7507047817153,3311.0038700990217,5.157277193882402,2371.894824550434,1997.2402446110514
mask_111,2025-06-25,48938.736631971566,1281.0084998667357,2172.192339553021,1086.0961697765106,194.91233009022517,34.84514336045604,49168.49410542224,78780.50285121644,76696.59729990963,1217.8348145297132,3301.7403658365283,5.15727719388236,2371.894824550434,1990.2027582650853
forecast_only,2025-06-25,48947.2244569142,0.0,0.0,0.0,0.0,171.57656439154064,49118.80102130574,78800.19161239165,78800.19161239165,0.0,0.0,41.58079402030502,2354.1749394927488,1998.1530290348412
mask_000,2025-06-26,47330.514013336884,0.0,0.0,0.0,0.0,344.4712037075981,47674.98521704448,75018.9264816263,75018.9264816263,0.0,0.0,51.02926269110087,1957.6824547832614,1941.444922637313
mask_001,2025-06-26,47358.3871305918,0.0,0.0,0.0,0.0,344.4712037075981,47702.858334299395,75083.58228597546,75083.58228597546,0.0,0.0,51.02926269110087,1899.4922308690345,1941.444922637313
mask_010,2025-06-26,47311.56583200937,0.0,1349.6987229404735,674.8493614702368,-674.8493614702368,652.5471609927743,47289.26363153191,74974.97338181765,72986.36272826671,0.0,1988.6106535509375,96.68001801188602,1997.2402446110514,1447.738185902549
mask_011,2025-06-26,47314.93678796909,0.0,1349.6987229404735,674.8493614702368,-674.8493614702368,652.5471609927743,47292.63458749163,74982.79281109094,72994.18215754001,0.0,1988.6106535509375,96.68001801188602,1990.2027582650853,1447.738185902549
mask_100,2025-06-26,47330.514013336884,13.828507235606818,110.25520486371232,55.12760243185616,-41.29909519624934,341.059302086798,47630.27422022743,75018.9264816263,74941.87975454968,10.855401684010644,87.90212876064334,50.523122528691076,1957.6824547832614,1951.625606842101
mask_101,2025-06-26,47358.3871305918,13.828507235606818,110.25520486371232,55.12760243185616,-41.29909519624934,341.059302086798,47658.14733748235,75083.58228597546,75006.53555889882,10.855401684010644,87.90212876064334,50.523122528691076,1899.4922308690345,1951.625606842101
mask_110,2025-06-26,47311.56583200937,0.0,1349.6987229404735,674.8493614702368,-674.8493614702368,652.5471609927743,47289.26363153191,74974.97338181765,72986.36272826671,0.0,1988.6106535509375,96.68001801188602,1997.2402446110514,1447.738185902549
mask_111,2025-06-26,47314.93678796909,0.0,1349.6987229404735,674.8493614702368,-674.8493614702368,652.5471609927743,47292.63458749163,74982.79281109094,72994.18215754001,0.0,1988.6106535509375,96.68001801188602,1990.2027582650853,1447.738185902549
forecast_only,2025-06-26,47311.128608270374,0.0,0.0,0.0,0.0,344.4712037075981,47655.59981197797,74973.95917690232,74973.95917690232,0.0,0.0,51.02926269110087,1998.1530290348412,1941.444922637313
mask_000,2025-06-27,22557.003700456204,0.0,0.0,0.0,0.0,1.4260338687677178e-11,22557.00370045622,38118.65866408931,38118.65866408931,0.0,0.0,2.433608869978343e-12,1941.444922637313,3154.312738149132
mask_001,2025-06-27,22557.003700456204,2.1200327429763166,1314.840895310527,657.4204476552635,-655.3004149122872,1.4260338687677178e-11,21901.70328554393,38118.65866408931,36586.9169159812,3.388695180288323,1535.1304432884003,2.433608869978343e-12,1941.444922637313,3151.1055681150533
mask_010,2025-06-27,22791.190154079683,27.683688218054506,1810.6962141922868,905.3481070961434,-877.6644188780888,1.4584940366546562e-11,21913.525735201605,38667.221704905714,36595.91605584025,23.47169718553539,2094.7773462509995,2.502886786714953e-12,1447.738185902549,3176.9781067854788
mask_011,2025-06-27,22791.190154079683,40.226817757971816,1819.3658257432235,909.6829128716117,-869.45609511364,1.4584940366546562e-11,21921.73405896606,38667.221704905714,36595.66131685739,30.169175643050153,2101.7295636913746,2.502886786714953e-12,1447.738185902549,3176.9781067854788
mask_100,2025-06-27,22552.174662581732,0.0,609.8289667428547,304.91448337142737,-304.91448337142737,2.0933761391006555e-11,22247.260179210327,38107.34679275066,37429.50743776359,0.0,677.8393549870642,3.481659405224491e-12,1951.625606842101,2493.5292786012
mask_101,2025-06-27,22552.174662581732,2.120032742976316,1917.4136056644295,958.7068028322147,-956.5867700892385,2.0933761391006555e-11,21595.587892492513,38107.34679275066,35901.32921191557,3.388695180288323,2209.4062760153784,3.481659405224491e-12,1951.625606842101,2493.5292786012
mask_110,2025-06-27,22791.190154079683,27.683688218054503,2438.980973080512,1219.490486540256,-1191.8067983222013,2.0933761391006555e-11,21599.383355757505,38667.221704905714,35894.60500366765,23.47169718553539,2796.088398423599,3.481659405224491e-12,1447.738185902549,2493.5292786012
mask_111,2025-06-27,22791.190154079683,40.226817757971816,2447.3430594404563,1223.6715297202281,-1183.4447119622564,2.0933761391006555e-11,21607.745442117448,38667.221704905714,35894.60500366765,30.169175643050153,2802.785876881114,3.481659405224491e-12,1447.738185902549,2493.5292786012
forecast_only,2025-06-27,22557.003700456204,0.0,0.0,0.0,0.0,1.4260338687677178e-11,22557.00370045622,38118.65866408931,38118.65866408931,0.0,0.0,2.433608869978343e-12,1941.444922637313,3154.312738149132
mask_000,2025-06-28,20560.05568067673,0.0,0.0,0.0,0.0,1.7470163982125086e-11,20560.05568067675,34374.87704422505,34374.87704422505,0.0,0.0,3.0802027595200343e-12,3154.312738149132,2949.121168296422
mask_001,2025-06-28,20561.378816491902,0.27295033654032896,323.025347289702,161.512673644851,-161.2397233083107,1.640051294771183e-11,20400.13909318361,34378.440566485144,34101.49086820342,0.4715389764884321,277.42123725820534,2.9096725029376103e-12,3151.1055681150533,2836.2401211893707
mask_010,2025-06-28,20550.70495692709,0.5423085265177537,561.6750806001089,280.83754030005446,-280.29523177353667,1.3191559844472067e-11,20270.409725153568,34349.69330129578,33763.84166854685,0.9368722925071324,586.788505041436,2.398081733190338e-12,3176.9781067854788,2926.647777359601
mask_011,2025-06-28,20550.70495692709,0.27295033654032896,323.025347289702,161.512673644851,-161.2397233083107,1.640051294771183e-11,20389.465233618797,34349.69330129578,34072.74360301406,0.4715389764884321,277.42123725820534,2.9096725029376103e-12,3176.9781067854788,2836.2401211893707
mask_100,2025-06-28,20837.34113324715,0.30683422461674237,104.40636166716736,52.20318083358368,-51.896346608966944,1.5330861913298577e-11,20785.4447866382,35109.0808881672,35026.15569916737,0.5300755370419665,83.45526453686927,2.7391422463551862e-12,2493.5292786012,2865.1864326787086
mask_101,2025-06-28,20837.34113324715,0.27295033654032896,323.025347289702,161.512673644851,-161.2397233083107,1.640051294771183e-11,20676.10140993886,35109.0808881672,34832.13118988548,0.4715389764884321,277.42123725820534,2.9096725029376103e-12,2493.5292786012,2836.2401211893707
mask_110,2025-06-28,20837.34113324715,0.5423085265177537,635.3289077957104,317.6644538978552,-317.1221453713374,1.5330861913298577e-11,20520.21898787583,35109.0808881672,34464.41119693839,0.9368722925071324,645.6065635213158,2.7391422463551862e-12,2493.5292786012,2865.1864326787086
mask_111,2025-06-28,20837.34113324715,0.27295033654032896,323.025347289702,161.512673644851,-161.2397233083107,1.640051294771183e-11,20676.10140993886,35109.0808881672,34832.13118988548,0.4715389764884321,277.42123725820534,2.9096725029376103e-12,2493.5292786012,2836.2401211893707
forecast_only,2025-06-28,20560.05568067673,0.0,0.0,0.0,0.0,1.7470163982125086e-11,20560.05568067675,34374.87704422505,34374.87704422505,0.0,0.0,3.0802027595200343e-12,3154.312738149132,2949.121168296422
mask_000,2025-06-29,45444.908761226485,0.0,0.0,0.0,0.0,5228.377195143198,50673.285956369684,72921.57539135727,72921.57539135727,0.0,0.0,873.8710020027543,2949.121168296422,2247.9198371725934
mask_001,2025-06-29,45498.86590174366,2003.8962176953837,1346.1473044324437,673.0736522162218,1330.8225654791618,959.1201651903291,47788.80863241315,73046.99877703177,72976.6035792795,1796.7388418217104,1867.134039573974,252.34130065637834,2836.2401211893707,2107.3965639043654
mask_010,2025-06-29,45455.65104209428,2458.686245581222,533.3962152168159,266.69810760840795,2191.988137972814,4.2469627814512026e-11,47647.63918006713,72946.54582573152,74303.89514305248,2401.028789484338,1043.6794721633723,8.802736317647941e-12,2926.647777359601,2301.7443593093612
mask_011,2025-06-29,45498.86590174366,3330.608524931483,1346.1473044324434,673.0736522162217,2657.5348727152614,3.883942412130637e-11,48156.400774458954,73046.99877703177,74537.69561034214,3357.830872884354,1867.134039573974,7.960743175772222e-12,2836.2401211893707,2388.9149515811846
mask_100,2025-06-29,45485.02956485175,1764.4263963340863,239.84398840795058,119.92199420397529,1644.5044021301112,1134.6881765617768,48264.222143543644,73014.83620871029,73499.15928581732,878.1685045561409,393.8454274490963,259.88898400756415,2865.1864326787086,2172.45446287472
mask_101,2025-06-29,45498.86590174366,2003.8962176953837,1346.1473044324437,673.0736522162218,1330.8225654791618,959.1201651903291,47788.80863241315,73046.99877703177,72976.6035792795,1796.7388418217104,1867.134039573974,252.34130065637834,2836.2401211893707,2107.3965639043654
mask_110,2025-06-29,45485.02956485175,2458.686245581222,533.3962152168159,266.69810760840795,2191.988137972814,4.2469627814512026e-11,47677.0177028246,73014.83620871029,74372.18552603124,2401.028789484338,1043.6794721633723,8.802736317647941e-12,2865.1864326787086,2301.7443593093612
mask_111,2025-06-29,45498.86590174366,3330.608524931483,1346.1473044324434,673.0736522162217,2657.5348727152614,3.883942412130637e-11,48156.400774458954,73046.99877703177,74537.69561034214,3357.830872884354,1867.134039573974,7.960743175772222e-12,2836.2401211893707,2388.9149515811846
forecast_only,2025-06-29,45444.908761226485,0.0,0.0,0.0,0.0,3380.5612399622114,48825.470001188696,72921.57539135727,72921.57539135727,0.0,0.0,873.8710020027528,2949.121168296422,2247.9198371725934
mask_000,2025-06-30,50045.758156993776,0.0,0.0,0.0,0.0,79.69240703315094,50125.45056402693,79696.1682240584,79696.1682240584,0.0,0.0,11.825060867304233,2247.9198371725934,2227.7312097766076
mask_001,2025-06-30,50113.06880488926,738.2923420084207,1619.4769746711022,809.7384873355511,-71.44614532713035,76.99633362998864,50118.61899319212,79852.30519435645,78069.65904340835,483.85058743400646,2266.496738382105,11.424932835969834,2107.3965639043654,2231.8357672029797
mask_010,2025-06-30,50019.976210890265,147.08876892671253,1678.362446436747,839.1812232183735,-692.0924542916608,70.7846717874833,49398.66842838609,79636.36319946201,77175.93248230036,83.92539545386956,2544.356112615521,10.503199545792457,2301.7443593093612,2245.453956955502
mask_011,2025-06-30,49978.22149719206,757.4981747303572,2204.5424601352106,1102.2712300676053,-344.773055337248,70.78467178748262,49704.233113642294,79539.50698582665,77106.07295571931,498.5717700984236,2932.005800205753,10.503199545792311,2388.9149515811846,2245.453956955502
mask_100,2025-06-30,50081.90607128246,0.0,0.0,0.0,0.0,79.69240703315094,50161.59847831561,79780.01863994494,79780.01863994494,0.0,0.0,11.825060867304233,2172.45446287472,2227.7312097766076
mask_101,2025-06-30,50113.06880488926,745.6001804288317,1690.1517068614644,845.0758534307322,-99.47567300190053,74.83915418648328,50088.43228607385,79852.30519435645,78018.97347625939,489.51136294461776,2322.8430810416835,11.104853233134683,2107.3965639043654,2237.0980105539406
mask_110,2025-06-30,50019.976210890265,147.08876892671253,1722.6579236622802,861.3289618311401,-714.2401929044277,74.83915418648397,49380.57517217232,79636.36319946201,77137.8880659282,83.92539545386956,2582.400528987682,11.104853233134829,2301.7443593093612,2237.0980105539406
mask_111,2025-06-30,49978.22149719206,757.4981747303572,2248.8379373607436,1124.4189686803718,-366.9207939500145,74.83915418648328,49686.13985742853,79539.50698582665,77068.02853934716,498.5717700984236,2970.050216577915,11.104853233134683,2388.9149515811846,2237.0980105539406
forecast_only,2025-06-30,50045.758156993776,0.0,0.0,0.0,0.0,79.69240703315094,50125.45056402693,79696.1682240584,79696.1682240584,0.0,0.0,11.825060867304233,2247.9198371725934,2227.7312097766076
mask_000,2025-07-01,43492.33216688557,0.0,0.0,0.0,0.0,53507.13596529566,96999.46813218124,70198.55191027038,70198.55191027038,0.0,0.0,10823.499708914303,2227.7312097766076,1200.0
mask_001,2025-07-01,43490.36608387834,1842.1602822177695,533.5946346319207,266.79731731596036,1575.362964901809,49208.22802289605,94273.95707167621,70193.99129090775,71051.34382058823,1495.2160252349886,637.8634955545009,9958.736372480487,2231.8357672029797,1200.0
mask_010,2025-07-01,43483.84297098688,1230.689522105056,235.09165089564323,117.54582544782161,1113.1436966572346,47738.30774619592,92335.29441384003,70178.8599689605,71260.44922344296,1467.6309157778023,386.04166129535145,9951.466464626217,2245.453956955502,1200.0
mask_011,2025-07-01,43483.84297098688,3353.051814492427,533.5946346319207,266.79731731596036,3086.254497176467,40766.651621314246,87336.7490894776,70178.8599689605,72784.8032023049,3243.8067288989073,637.8634955545009,8472.486851030819,2245.453956955502,1200.0
mask_100,2025-07-01,43492.33216688557,4471.199622484037,241.8550863236333,120.92754316181664,4350.272079322221,39961.70537180055,87804.30961800834,70198.55191027038,72017.49598573077,2216.0919067908617,397.14783133047604,9000.816964859574,2227.7312097766076,1200.0
mask_101,2025-07-01,43487.84546931323,6697.450150148158,533.5946346319207,266.79731731596036,6430.652832832198,33203.14532961174,83121.64363175718,70188.14435385112,73458.03768342173,3907.7568251251023,637.8634955545009,7546.195572590373,2237.0980105539406,1200.0
mask_110,2025-07-01,43487.84546931323,4348.401254262348,241.8550863236333,120.92754316181664,4227.473711100532,37544.92933493122,85260.24851534498,70188.14435385112,72804.79982140026,3013.803298879613,397.14783133047604,8416.328978747493,2237.0980105539406,1200.0
mask_111,2025-07-01,43487.84546931323,6381.316568829775,537.0684780263572,268.5342390131786,6112.782329816596,30875.67683561277,80476.3046347426,70188.14435385112,74289.14067415298,4746.634134880937,645.6378145790882,6977.362491261336,2237.0980105539406,1200.0
forecast_only,2025-07-01,43492.33216688557,0.0,0.0,0.0,0.0,52624.01908958942,96116.351256475,70198.55191027038,70198.55191027038,0.0,0.0,10823.499708914305,2227.7312097766076,1200.0
mask_000,2025-07-02,44193.367948581435,0.0,0.0,0.0,0.0,34604.71172841463,78798.07967699607,70104.91253365047,70104.91253365047,0.0,0.0,5994.366661559822,1200.0,1200.0
mask_001,2025-07-02,44193.367948581435,0.0,0.0,0.0,0.0,34604.71172841463,78798.07967699607,70104.91253365047,70104.91253365047,0.0,0.0,5994.366661559822,1200.0,1200.0
mask_010,2025-07-02,44193.367948581435,401.61005864600895,235.51458733939333,117.75729366969667,283.8527649763123,32896.78294284335,77374.0036564011,70104.91253365047,70243.52756054151,525.3511879133857,386.7361610223543,5950.955924833369,1200.0,1200.0
mask_011,2025-07-02,44193.367948581435,401.61005864600895,235.51458733939333,117.75729366969667,283.8527649763123,32896.78294284335,77374.0036564011,70104.91253365047,70243.52756054151,525.3511879133857,386.7361610223543,5950.955924833369,1200.0,1200.0
mask_100,2025-07-02,44193.367948581435,5552.159513773602,241.8550863236333,120.92754316181664,5431.231970611786,17372.44956675332,66997.04948594654,70104.91253365047,72458.71787154107,2750.953169221068,397.14783133047604,3635.849977262338,1200.0,1200.0
mask_101,2025-07-02,44193.367948581435,5552.159513773602,241.8550863236333,120.92754316181664,5431.231970611786,17372.44956675332,66997.04948594654,70104.91253365047,72458.71787154107,2750.953169221068,397.14783133047604,3635.849977262338,1200.0,1200.0
mask_110,2025-07-02,44193.367948581435,5093.753684323723,241.8550863236333,120.92754316181664,4972.826141161907,17371.801398249496,66537.99548799284,70104.91253365047,72558.53459724461,2850.769894924612,397.14783133047604,3635.8499772623386,1200.0,1200.0
mask_111,2025-07-02,44193.367948581435,5093.753684323723,241.8550863236333,120.92754316181664,4972.826141161907,17371.801398249496,66537.99548799284,70104.91253365047,72558.53459724461,2850.769894924612,397.14783133047604,3635.8499772623386,1200.0,1200.0
forecast_only,2025-07-02,44193.367948581435,0.0,0.0,0.0,0.0,34604.71172841463,78798.07967699607,70104.91253365047,70104.91253365047,0.0,0.0,5994.366661559822,1200.0,1200.0
mask_000,2025-07-03,56903.79917907423,0.0,0.0,0.0,0.0,395.30890984994335,57299.10808892417,89720.05330632876,89720.05330632876,0.0,0.0,57.309666478985186,1200.0,1593.2364540316494
mask_001,2025-07-03,56903.79917907423,0.0,0.0,0.0,0.0,395.30890984994335,57299.10808892417,89720.05330632876,89720.05330632876,0.0,0.0,57.309666478985186,1200.0,1593.2364540316494
mask_010,2025-07-03,56903.79917907423,17.816309739660955,2665.6113101778155,1332.8056550889078,-1314.9893453492468,389.2845639729302,55978.09439769791,89720.05330632876,85420.95048443787,13.611364176807456,4312.714186067706,56.43151395145215,1200.0,1461.7737905543456
mask_011,2025-07-03,56903.79917907423,17.816309739660955,2665.6113101778155,1332.8056550889078,-1314.9893453492468,389.2845639729302,55978.09439769791,89720.05330632876,85420.95048443787,13.611364176807456,4312.714186067706,56.43151395145215,1200.0,1461.7737905543456
mask_100,2025-07-03,56903.79917907423,3.925421139566304,63.91212575543187,31.956062877715937,-28.030641738149633,393.98158140744636,57269.750118743534,89720.05330632876,89672.09817374375,2.998956431422471,50.95408901643714,57.116185418893075,1200.0,1584.8316624621577
mask_101,2025-07-03,56903.79917907423,3.925421139566304,63.91212575543187,31.956062877715937,-28.030641738149633,393.98158140744636,57269.750118743534,89720.05330632876,89672.09817374375,2.998956431422471,50.95408901643714,57.116185418893075,1200.0,1584.8316624621577
mask_110,2025-07-03,56903.79917907423,17.81630973966096,3095.6893491022033,1547.8446745511017,-1530.0283648114407,1886.2097703952968,57259.980584658086,89720.05330632876,84876.17262605045,13.611364176807456,4857.492044455124,392.15004644549396,1200.0,1288.069704677637
mask_111,2025-07-03,56903.79917907423,17.81630973966096,3095.6893491022033,1547.8446745511017,-1530.0283648114407,1886.2097703952968,57259.980584658086,89720.05330632876,84876.17262605045,13.611364176807456,4857.492044455124,392.15004644549396,1200.0,1288.069704677637
forecast_only,2025-07-03,56903.79917907423,0.0,0.0,0.0,0.0,395.30890984994335,57299.10808892417,89720.05330632876,89720.05330632876,0.0,0.0,57.309666478985186,1200.0,1593.2364540316494
mask_000,2025-07-04,27564.586325044584,0.0,0.0,0.0,0.0,1.2013954497902545e-11,27564.586325044595,45695.930593705954,45695.930593705954,0.0,0.0,2.4802382370125997e-12,1593.2364540316494,2210.913763647653
mask_001,2025-07-04,27564.586325044584,17.233266310768304,236.65798875701265,118.32899437850632,-101.09572806773802,1.2066154519985162e-11,27463.49059697686,45695.930593705954,45324.724204297876,17.407339707846774,388.6137291159192,2.5051072327642032e-12,1593.2364540316494,1853.0299801093438
mask_010,2025-07-04,27626.97266234587,0.15061947499979766,396.88071794324946,198.44035897162473,-198.28973949662492,1.1872268723678303e-11,27428.682922849257,45842.000219791844,45462.96669335233,0.23895999999967898,379.27248643951026,2.41273667711539e-12,1461.7737905543456,2209.4579389809833
mask_011,2025-07-04,27626.97266234587,17.233266310768304,236.65798875701265,118.32899437850632,-101.09572806773802,1.2066154519985162e-11,27525.876934278145,45842.000219791844,45470.79383038377,17.407339707846774,388.6137291159192,2.5051072327642032e-12,1461.7737905543456,1853.0299801093438
mask_100,2025-07-04,27568.57486557717,0.15371220833277505,35.2338348883371,17.61691744416855,-17.463205235835773,1.4068868958716507e-11,27551.111660341347,45705.26925100539,45677.41310100538,0.24386666666578094,28.100016666669603,2.7537971902802383e-12,1584.8316624621577,2209.4715277217238
mask_101,2025-07-04,27568.57486557717,17.233266310768304,236.65798875701265,118.32899437850632,-101.09572806773802,1.2066154519985162e-11,27467.479137509446,45705.26925100539,45334.06286159731,17.407339707846774,388.6137291159192,2.5051072327642032e-12,1584.8316624621577,1853.0299801093438
mask_110,2025-07-04,27709.40490132136,0.15061947499979766,396.88071794324946,198.44035897162473,-198.28973949662492,1.1872268723678303e-11,27511.115161824746,46035.004759654854,45655.97123321534,0.23895999999967898,379.27248643951026,2.41273667711539e-12,1288.069704677637,2209.4579389809833
mask_111,2025-07-04,27709.40490132136,17.233266310768304,236.65798875701265,118.32899437850632,-101.09572806773802,1.2066154519985162e-11,27608.309173253634,46035.004759654854,45663.798370246775,17.407339707846774,388.6137291159192,2.5051072327642032e-12,1288.069704677637,1853.0299801093438
forecast_only,2025-07-04,27564.586325044584,0.0,0.0,0.0,0.0,1.2013954497902545e-11,27564.586325044595,45695.930593705954,45695.930593705954,0.0,0.0,2.4802382370125997e-12,1593.2364540316494,2210.913763647653
mask_000,2025-07-05,21141.20401592253,0.0,0.0,0.0,0.0,17046.335176629625,38187.539192552154,36762.5485627779,36762.5485627779,0.0,0.0,3833.622094580835,2210.913763647653,1200.0
mask_001,2025-07-05,21310.125161752614,301.18237238707457,713.2563248203015,356.62816241015076,-55.4457900230762,20132.60866044393,41387.28803217347,37160.197211153805,36700.56458704732,246.41161258117046,706.0442366876518,4275.220371640227,1853.0299801093438,1200.0
mask_010,2025-07-05,21141.891165165198,0.0,695.0574118160689,347.52870590803445,-347.52870590803445,21017.30807784546,41811.67053710262,36764.16614574087,36079.755068464765,0.0,684.4110772761055,4503.839668338429,2209.4579389809833,1200.0
mask_011,2025-07-05,21310.125161752614,301.18237238707457,713.2563248203015,356.62816241015076,-55.4457900230762,20132.60866044393,41387.28803217347,37160.197211153805,36700.56458704732,246.41161258117046,706.0442366876518,4275.220371640227,1853.0299801093438,1200.0
mask_100,2025-07-05,21141.88475127957,170.3815423730931,220.9291797149414,110.4645898574707,59.91695251562241,17557.497978563828,38759.29968235902,36764.15104714005,36491.909635709104,90.54419682375084,362.7856082546907,4105.559033982967,2209.4715277217238,1200.0
mask_101,2025-07-05,21310.125161752614,1380.3779543965927,928.5991564793269,464.29957823966345,916.0783761569293,17584.23063966698,39810.43417757653,37160.197211153805,36920.3109171284,819.7702643460935,1059.6565583714923,4055.474041559145,1853.0299801093438,1200.0
mask_110,2025-07-05,21141.891165165198,1044.7657841421974,915.6148909179552,457.8074454589776,586.9583386832198,18609.534795999025,40338.38429984744,36764.16614574087,36272.64786079384,555.0680347046662,1046.5863196516943,4310.946876009352,2209.4579389809833,1200.0
mask_111,2025-07-05,21310.125161752614,1380.3779543965927,928.5991564793269,464.29957823966345,916.0783761569293,17584.23063966698,39810.43417757653,37160.197211153805,36920.3109171284,819.7702643460935,1059.6565583714923,4055.474041559145,1853.0299801093438,1200.0
forecast_only,2025-07-05,21141.20401592253,0.0,0.0,0.0,0.0,17046.335176629625,38187.539192552154,36762.5485627779,36762.5485627779,0.0,0.0,3833.622094580835,2210.913763647653,1200.0
mask_000,2025-07-06,49125.352839405365,0.0,0.0,0.0,0.0,34903.05106004905,84028.40389945442,77840.66924552905,77840.66924552905,0.0,0.0,6044.139606725629,1200.0,1409.2013530842878
mask_001,2025-07-06,49125.352839405365,2560.0463094689135,333.0208689118422,166.5104344559211,2393.5358750129926,19901.89334916234,71420.7820635807,77840.66924552905,80918.75349196728,3614.825035552016,536.7407891137716,3557.3431801017596,1200.0,1266.099600880761
mask_010,2025-07-06,49125.352839405365,4109.849865481899,356.066998787247,178.0334993936235,3931.816366088275,18184.311201926404,71241.48040742005,77840.66924552905,81055.8041132357,3786.0868653412763,570.9519976346257,3166.9505593766307,1200.0,1267.7923291969432
mask_011,2025-07-06,49125.352839405365,3055.7431346057015,445.76475905436394,222.88237952718197,2832.8607550785196,17798.844134191135,69757.05772867502,77840.66924552905,81266.19266646465,4197.269296156744,771.7458752211413,3179.2645355829227,1200.0,1267.7923291969432
mask_100,2025-07-06,49125.352839405365,4382.715072434627,257.2439943024809,128.62199715124046,4254.093075283386,21253.90542410127,74633.35133879003,77840.66924552905,79591.65656098118,2173.40511948919,422.41780403704695,4136.213599543153,1200.0,1267.5024692621791
mask_101,2025-07-06,49125.352839405365,4453.792259681236,333.0208689118422,166.5104344559211,4287.2818252253155,13697.999998787245,67110.63466341792,77840.66924552905,81862.07775384991,4558.149297434628,536.7407891137716,2615.5194076895855,1200.0,1267.5024692621791
mask_110,2025-07-06,49125.352839405365,6016.261061607046,356.5921789947371,178.29608949736854,5837.964972109678,11935.392322549267,66898.7101340643,77840.66924552905,82002.26268461916,4733.407829919088,571.8143908289672,2220.181957639795,1200.0,1267.5024692621791
mask_111,2025-07-06,49125.352839405365,4657.517502985593,446.0010246058518,223.0005123029259,4434.516990682667,12565.197932017085,66125.06776210511,77840.66924552905,82062.32056151112,4993.957746779541,772.3064307974632,2382.874454239623,1200.0,1267.5024692621791
forecast_only,2025-07-06,49125.352839405365,0.0,0.0,0.0,0.0,31479.58917708836,80604.94201649373,77840.66924552905,77840.66924552905,0.0,0.0,6044.139606725628,1200.0,1409.2013530842878
mask_000,2025-07-07,57659.95954904753,0.0,0.0,0.0,0.0,1.6237072131275453e-11,57659.95954904755,90223.53698088566,90223.53698088566,0.0,0.0,3.0198066269804258e-12,1409.2013530842878,3155.1214461590553
mask_001,2025-07-07,57728.505288353015,0.0,4619.794885851716,2309.897442925858,-2309.897442925858,1.3719057001537749e-11,55418.60784542717,90382.53892777847,83954.01995261516,0.0,6428.51897516331,2.5774937739697634e-12,1266.099600880761,3137.438594565644
mask_010,2025-07-07,57727.694471489565,0.0,3296.9004094908632,1648.4502047454316,-1648.4502047454316,1.4883573484780755e-11,56079.24426674415,90380.65811853827,85128.1069647687,0.0,5252.551153769579,2.8208546609675977e-12,1267.7923291969432,3135.2320179252806
mask_011,2025-07-07,57727.694471489565,479.52620177967884,5448.157898280158,2724.078949140079,-2244.5527473604006,1.3719057001537749e-11,55483.14172412918,90380.65811853827,82705.54842441584,431.5067483243837,8106.61644244681,2.5774937739697634e-12,1267.7923291969432,2717.7995714694553
mask_100,2025-07-07,57727.83331439832,0.0,117.61767792457094,58.80883896228547,-58.80883896228547,1.4883573484780755e-11,57669.02447543605,90380.98018513244,90281.05942085628,0.0,99.9207642761694,2.8208546609675977e-12,1267.5024692621791,3135.2320179252806
mask_101,2025-07-07,57727.83331439832,0.0,4619.794885851716,2309.897442925858,-2309.897442925858,1.3719057001537749e-11,55417.93587147247,90380.98018513244,83952.46120996914,0.0,6428.51897516331,2.5774937739697634e-12,1267.5024692621791,3137.438594565644
mask_110,2025-07-07,57727.83331439832,0.0,3352.875456608363,1676.4377283041815,-1676.4377283041815,1.4883573484780755e-11,56051.39558609415,90380.98018513244,85083.80440636286,0.0,5297.175778769581,2.8208546609675977e-12,1267.5024692621791,3135.2320179252806
mask_111,2025-07-07,57727.83331439832,479.52620177967884,5448.157898280158,2724.078949140079,-2244.5527473604006,1.3719057001537749e-11,55483.28056703793,90380.98018513244,82705.87049101002,431.5067483243837,8106.61644244681,2.5774937739697634e-12,1267.5024692621791,2717.7995714694553
forecast_only,2025-07-07,57659.95954904753,0.0,0.0,0.0,0.0,1.6237072131275453e-11,57659.95954904755,90223.53698088566,90223.53698088566,0.0,0.0,3.0198066269804258e-12,1409.2013530842878,3155.1214461590553
mask_000,2025-07-08,61218.69011366194,0.0,0.0,0.0,0.0,3.1911085329738855e-11,61218.69011366197,94118.10741817966,94118.10741817966,0.0,0.0,5.6985527407960035e-12,3155.1214461590553,3691.3597566175763
mask_001,2025-07-08,61227.142516723594,160.87890060926753,5101.763852504509,2550.8819262522543,-2390.003025642987,3.547950466753491e-11,58837.13949108064,94137.75503106123,86885.51289244537,85.58471289681302,7337.826851512655,6.441069899665308e-12,3137.438594565644,3686.76371487649
mask_010,2025-07-08,61228.19726035769,105.32104496734965,3218.558131363058,1609.279065681529,-1503.9580207141792,3.1911085329738855e-11,59724.23923964353,94140.20678288386,88478.82035193278,56.09724228944856,5717.483673240523,5.6985527407960035e-12,3135.2320179252806,3678.5873416932086
mask_011,2025-07-08,61427.729969763575,160.87890060926753,6601.912423611247,3300.9562118056233,-3140.077311196356,3.6272584047480904e-11,58287.652658567255,94604.02061227922,84557.8117451558,85.58471289681302,10131.793580020225,6.554756737386924e-12,2717.7995714694553,3270.675384436284
mask_100,2025-07-08,61228.19726035769,0.0,0.0,0.0,0.0,3.1911085329738855e-11,61228.197260357716,94140.20678288386,94140.20678288386,0.0,0.0,5.6985527407960035e-12,3135.2320179252806,3691.3597566175763
mask_101,2025-07-08,61227.142516723594,160.87890060926753,5133.854983851399,2566.9274919256995,-2406.048591316432,3.248021851476324e-11,58821.09392540719,94137.75503106123,86856.73717935069,85.58471289681302,7366.602564607356,5.986322548778844e-12,3137.438594565644,3674.661087275548
mask_110,2025-07-08,61228.19726035769,105.32104496734965,3218.558131363058,1609.279065681529,-1503.9580207141792,3.1911085329738855e-11,59724.23923964353,94140.20678288386,88478.82035193278,56.09724228944856,5717.483673240523,5.6985527407960035e-12,3135.2320179252806,3678.5873416932086
mask_111,2025-07-08,61427.729969763575,160.87890060926753,6601.912423611247,3300.9562118056233,-3140.077311196356,3.6272584047480904e-11,58287.652658567255,94604.02061227922,84557.8117451558,85.58471289681302,10131.793580020225,6.554756737386924e-12,2717.7995714694553,3270.675384436284
forecast_only,2025-07-08,61218.69011366194,0.0,0.0,0.0,0.0,3.1911085329738855e-11,61218.69011366197,94118.10741817966,94118.10741817966,0.0,0.0,5.6985527407960035e-12,3155.1214461590553,3691.3597566175763
mask_000,2025-07-09,58016.485871075754,0.0,0.0,0.0,0.0,1.8018722847124026e-11,58016.48587107577,90243.88095749251,90243.88095749251,0.0,0.0,3.4859337638692978e-12,3691.3597566175763,2804.2155296891306
mask_001,2025-07-09,58018.682268356686,0.0,3600.444783133003,1800.2223915665015,-1800.2223915665015,2.7984150996474002e-11,56218.45987679021,90248.98767053816,85609.8021994302,0.0,4639.185471107951,5.0532911188838625e-12,3686.76371487649,2769.5612046010833
mask_010,2025-07-09,58022.58966625239,153.90002990063778,4759.233378220599,2379.6166891102994,-2225.716659209662,2.5974006057083444e-11,55796.873007042755,90258.07252963069,82433.77948550752,81.98117405307767,7906.27421817625,4.959810340210424e-12,3678.5873416932086,2780.657236909958
mask_011,2025-07-09,58217.52951656101,604.413664979093,6164.851247237204,3082.425623618602,-2478.0119586395094,3.294956751886957e-11,55739.51755792154,90711.30803769393,81799.81421458776,388.34177816679335,9299.83560127296,5.9403593155593626e-12,3270.675384436284,2766.7398372762045
mask_100,2025-07-09,58016.485871075754,0.0,0.0,0.0,0.0,1.8018722847124026e-11,58016.48587107577,90243.88095749251,90243.88095749251,0.0,0.0,3.4859337638692978e-12,3691.3597566175763,2804.2155296891306
mask_101,2025-07-09,58024.46597961354,0.0,3600.444783133003,1800.2223915665015,-1800.2223915665015,2.7984150996474002e-11,56224.243588047066,90262.4350345392,85623.24956343124,0.0,4639.185471107951,5.0532911188838625e-12,3674.661087275548,2769.5612046010833
mask_110,2025-07-09,58022.58966625239,153.90002990063778,4811.313823963963,2405.6569119819815,-2251.756882081344,2.147407052177641e-11,55770.83278417107,90258.07252963069,82391.52222209924,81.98117405307767,7948.53148158453,4.346523141407488e-12,3678.5873416932086,2763.114613196644
mask_111,2025-07-09,58217.52951656101,604.413664979093,6216.014861808876,3108.007430904438,-2503.5937659253445,1.6385127921125785e-11,55713.935750635676,90711.30803769393,81757.55695117947,388.34177816679335,9342.092864681243,3.5365044226409736e-12,3270.675384436284,2759.819331140228
forecast_only,2025-07-09,58016.485871075754,0.0,0.0,0.0,0.0,1.8018722847124026e-11,58016.48587107577,90243.88095749251,90243.88095749251,0.0,0.0,3.4859337638692978e-12,3691.3597566175763,2804.2155296891306
mask_000,2025-07-10,53292.10951814821,0.0,0.0,0.0,0.0,117.95620366936737,53410.06572181758,83287.31051358735,83287.31051358735,0.0,0.0,17.510678103651475,2804.2155296891306,2227.301479054227
mask_001,2025-07-10,53308.67428554029,1081.414334500486,1211.1658562133732,605.5829281066866,475.8314063937993,117.95620366936721,53902.461895603454,83325.81531924073,81969.11663052316,812.4715719462658,2169.1702606638255,17.51067810365142,2769.5612046010833,2205.6029878070544
mask_010,2025-07-10,53303.370382096655,40.10036491708076,2218.1265381580015,1109.0632690790007,-1068.96290416192,117.95620366937038,52352.3636816041,83313.4863944531,79913.92976923041,21.400214390136284,3420.956839612816,17.510678103652094,2780.657236909958,2199.5032021241927
mask_011,2025-07-10,53310.022899121584,1081.414334500486,2996.483148880316,1498.241574440158,-416.82723993967215,137.6172036455843,53030.81286282749,83328.95017182393,79441.95213549456,812.4715719462658,4699.469608275642,20.428281513218177,2766.7398372762045,2186.6084455278365
mask_100,2025-07-10,53292.10951814821,0.0,0.0,0.0,0.0,117.95620366936737,53410.06572181758,83287.31051358735,83287.31051358735,0.0,0.0,17.510678103651475,2804.2155296891306,2227.301479054227
mask_101,2025-07-10,53308.67428554029,1081.414334500486,1351.9412697098644,675.9706348549322,405.4436996455537,140.81726999117743,53854.93525517701,83325.81531924073,81852.24553898067,812.4715719462658,2286.041352206316,20.9031568752055,2769.5612046010833,2180.8032822746445
mask_110,2025-07-10,53311.755756231614,40.10036491708076,2218.1265381580015,1109.0632690790007,-1068.96290416192,117.95620366937038,52360.74905573906,83332.978198579,79933.42157335632,21.400214390136284,3420.956839612816,17.510678103652094,2763.114613196644,2199.5032021241927
mask_111,2025-07-10,53313.33090105458,1081.414334500486,2996.483148880316,1498.241574440158,-416.82723993967215,137.6172036455843,53034.12086476049,83336.63962308613,79449.64158675674,812.4715719462658,4699.469608275642,20.428281513218177,2759.819331140228,2186.6084455278365
forecast_only,2025-07-10,53292.10951814821,0.0,0.0,0.0,0.0,117.95620366936737,53410.06572181758,83287.31051358735,83287.31051358735,0.0,0.0,17.510678103651475,2804.2155296891306,2227.301479054227
mask_000,2025-07-11,29905.21632278531,0.0,0.0,0.0,0.0,1.8283358826920448e-11,29905.216322785327,48521.894914595556,48521.894914595556,0.0,0.0,3.304023721284466e-12,2227.301479054227,2962.107226952174
mask_001,2025-07-11,29915.508640466884,0.0,1257.920066558073,628.9600332790365,-628.9600332790365,1.8283358826920448e-11,29286.548607187866,48546.00434931464,47147.249537704716,0.0,1398.754811609915,3.304023721284466e-12,2205.6029878070544,2952.926524916325
mask_010,2025-07-11,29918.401972142456,0.0,2108.5387706807333,1054.2693853403666,-1054.2693853403666,2.3641533175577933e-11,28864.13258680211,48552.78188896226,46226.6955296338,0.0,2326.086359328464,4.099831585335778e-12,2199.5032021241927,2943.6132505667756
mask_011,2025-07-11,29924.518385021325,0.0,2108.5387706807333,1054.2693853403666,-1054.2693853403666,2.3641533175577933e-11,28870.248999680978,48567.10939629155,46241.02303696307,0.0,2326.086359328463,4.099831585335778e-12,2186.6084455278365,2943.6132505667756
mask_100,2025-07-11,29905.21632278531,0.0,93.52848913068179,46.764244565340896,-46.764244565340896,2.3641533175577933e-11,29858.45207821999,48521.894914595556,48443.661063302134,0.0,78.23385129342171,4.099831585335778e-12,2227.301479054227,2945.6854913075167
mask_101,2025-07-11,29927.271967457753,0.0,1309.8043893696547,654.9021946848274,-654.9021946848274,2.3641533175577933e-11,29272.369772772945,48573.55957768398,47132.034481005656,0.0,1441.525096678322,4.099831585335778e-12,2180.8032822746445,2945.6854913075167
mask_110,2025-07-11,29918.401972142456,0.0,2108.5387706807333,1054.2693853403666,-1054.2693853403666,2.3641533175577933e-11,28864.13258680211,48552.78188896226,46226.6955296338,0.0,2326.086359328464,4.099831585335778e-12,2199.5032021241927,2943.6132505667756
mask_111,2025-07-11,29924.518385021325,0.0,2108.5387706807333,1054.2693853403666,-1054.2693853403666,2.3641533175577933e-11,28870.248999680978,48567.10939629155,46241.02303696307,0.0,2326.086359328463,4.099831585335778e-12,2186.6084455278365,2943.6132505667756
forecast_only,2025-07-11,29905.21632278531,0.0,0.0,0.0,0.0,1.8283358826920448e-11,29905.216322785327,48521.894914595556,48521.894914595556,0.0,0.0,3.304023721284466e-12,2227.301479054227,2962.107226952174
mask_000,2025-07-12,27286.173074507005,0.0,0.0,0.0,0.0,8.776797955079019e-12,27286.173074507013,44804.27051786,44804.27051786,0.0,0.0,1.5631940186722204e-12,2962.107226952174,2635.5111893774742
mask_001,2025-07-12,27290.503305633916,0.0,0.0,0.0,0.0,8.776797955079019e-12,27290.503305633923,44814.47129789983,44814.47129789983,0.0,0.0,1.5631940186722204e-12,2952.926524916325,2635.5111893774742
mask_010,2025-07-12,27294.89606670212,0.0,0.0,0.0,0.0,8.776797955079019e-12,27294.896066702127,44824.81938051044,44824.81938051044,0.0,0.0,1.5631940186722204e-12,2943.6132505667756,2635.5111893774742
mask_011,2025-07-12,27294.89606670212,0.0,0.0,0.0,0.0,8.776797955079019e-12,27294.896066702127,44824.81938051044,44824.81938051044,0.0,0.0,1.5631940186722204e-12,2943.6132505667756,2635.5111893774742
mask_100,2025-07-12,27293.918659819403,0.0,12.621345147542366,6.310672573771183,-6.310672573771183,1.0383255144574832e-11,27287.607987245643,44822.516890798506,44806.07123950138,0.0,16.445651297119127,1.858069254012662e-12,2945.6854913075167,2619.7668341532876
mask_101,2025-07-12,27293.918659819403,0.0,12.621345147542366,6.310672573771183,-6.310672573771183,1.0383255144574832e-11,27287.607987245643,44822.516890798506,44806.07123950138,0.0,16.445651297119127,1.858069254012662e-12,2945.6854913075167,2619.7668341532876
mask_110,2025-07-12,27294.89606670212,0.0,12.621345147542366,6.310672573771183,-6.310672573771183,1.0383255144574832e-11,27288.58539412836,44824.81938051044,44808.373729213316,0.0,16.445651297119127,1.858069254012662e-12,2943.6132505667756,2619.7668341532876
mask_111,2025-07-12,27294.89606670212,0.0,12.621345147542366,6.310672573771183,-6.310672573771183,1.0383255144574832e-11,27288.58539412836,44824.81938051044,44808.373729213316,0.0,16.445651297119127,1.858069254012662e-12,2943.6132505667756,2619.7668341532876
forecast_only,2025-07-12,27286.173074507005,0.0,0.0,0.0,0.0,8.776797955079019e-12,27286.173074507013,44804.27051786,44804.27051786,0.0,0.0,1.5631940186722204e-12,2962.107226952174,2635.5111893774742
mask_000,2025-07-13,57578.76880223674,0.0,0.0,0.0,0.0,2.814797284145243e-11,57578.768802236766,88168.43456190453,88168.43456190453,0.0,0.0,4.803268893738277e-12,2635.5111893774742,2701.3980803178997
mask_001,2025-07-13,57578.76880223674,0.0,6751.786301829122,3375.893150914561,-3375.893150914561,2.4622149652486766e-11,54202.875651322196,88168.43456190453,79256.05171927193,0.0,8912.38284263261,4.345634962987788e-12,2635.5111893774742,2691.27672598787
mask_010,2025-07-13,57578.76880223674,0.0,7071.743767513544,3535.871883756772,-3535.871883756772,3.369203138703369e-11,54042.89691848,88168.43456190453,78387.29790979114,0.0,9781.13665211339,6.320277634586091e-12,2635.5111893774742,2676.1301107641234
mask_011,2025-07-13,57578.76880223674,0.0,8645.735093768355,4322.8675468841775,-4322.8675468841775,3.218652633307784e-11,53255.90125535259,88168.43456190453,76093.2628082672,0.0,12075.17175363734,6.050271394997253e-12,2635.5111893774742,2676.1301107641234
mask_100,2025-07-13,57586.2946040339,0.0,216.8613801609964,108.4306900804982,-108.4306900804982,1.945538352643439e-11,57477.86391395342,88185.92828993141,88003.45949672919,0.0,182.4687932022225,3.5695890687748033e-12,2619.7668341532876,2670.426068641696
mask_101,2025-07-13,57586.2946040339,0.0,6828.088780637442,3414.044390318721,-3414.044390318721,1.9946912122037472e-11,54172.2502137152,88185.92828993141,79206.26475715583,0.0,8979.66353277558,3.708811036062798e-12,2619.7668341532876,2670.426068641696
mask_110,2025-07-13,57586.2946040339,0.0,7071.743767513544,3535.871883756772,-3535.871883756772,3.369203138703369e-11,54050.422720277165,88185.92828993141,78404.79163781801,0.0,9781.13665211339,6.320277634586091e-12,2619.7668341532876,2676.1301107641234
mask_111,2025-07-13,57586.2946040339,0.0,8645.735093768355,4322.8675468841775,-4322.8675468841775,3.218652633307784e-11,53263.427057149755,88185.92828993141,76110.75653629407,0.0,12075.17175363734,6.050271394997253e-12,2619.7668341532876,2676.1301107641234
forecast_only,2025-07-13,57578.76880223674,0.0,0.0,0.0,0.0,2.814797284145243e-11,57578.768802236766,88168.43456190453,88168.43456190453,0.0,0.0,4.803268893738277e-12,2635.5111893774742,2701.3980803178997
mask_000,2025-07-14,53028.3450738188,0.0,0.0,0.0,0.0,3.0741356293884085e-11,53028.345073818826,83484.73602032682,83484.73602032682,0.0,0.0,7.192357820429152e-12,2701.3980803178997,2061.614689705808
mask_001,2025-07-14,53033.18308118855,0.0,3071.5328391370463,1535.7664195685231,-1535.7664195685231,2.9400469725437975e-11,51497.41666162005,83495.98196958241,78385.86568816751,0.0,5110.116281414881,7.012168623532489e-12,2691.27672598787,1969.4077327758118
mask_010,2025-07-14,53040.4231632655,139.15312791644192,2097.5224064335052,1048.7612032167526,-909.6080753003107,3.477160620546372e-11,52130.815087965224,83512.81154205324,79366.5012242451,74.10412141614654,4220.414439224272,7.835398996292042e-12,2676.1301107641234,2055.311493128445
mask_011,2025-07-14,53040.4231632655,0.0,3071.5328391370463,1535.7664195685231,-1535.7664195685231,2.9400469725437975e-11,51504.656743697,83512.81154205324,78402.69526063834,0.0,5110.116281414881,7.012168623532489e-12,2676.1301107641234,1969.4077327758118
mask_100,2025-07-14,53043.14969540002,0.0,0.0,0.0,0.0,3.0741356293884085e-11,53043.14969540005,83519.1493666337,83519.1493666337,0.0,0.0,7.192357820429152e-12,2670.426068641696,2061.614689705808
mask_101,2025-07-14,53043.14969540002,0.0,3071.5328391370463,1535.7664195685231,-1535.7664195685231,2.9400469725437975e-11,51507.38327583152,83519.1493666337,78409.03308521882,0.0,5110.116281414881,7.012168623532489e-12,2670.426068641696,1969.4077327758118
mask_110,2025-07-14,53040.4231632655,139.15312791644192,2097.5224064335052,1048.7612032167526,-909.6080753003107,3.477160620546372e-11,52130.815087965224,83512.81154205324,79366.5012242451,74.10412141614654,4220.414439224272,7.835398996292042e-12,2676.1301107641234,2055.311493128445
mask_111,2025-07-14,53040.4231632655,0.0,3071.5328391370463,1535.7664195685231,-1535.7664195685231,2.9400469725437975e-11,51504.656743697,83512.81154205324,78402.69526063834,0.0,5110.116281414881,7.012168623532489e-12,2676.1301107641234,1969.4077327758118
forecast_only,2025-07-14,53028.3450738188,0.0,0.0,0.0,0.0,3.0741356293884085e-11,53028.345073818826,83484.73602032682,83484.73602032682,0.0,0.0,7.192357820429152e-12,2701.3980803178997,2061.614689705808
mask_000,2025-07-15,57316.30003400421,0.0,0.0,0.0,0.0,2.7496888321820736e-11,57316.30003400424,90346.00339355825,90346.00339355825,0.0,0.0,4.995115432393504e-12,2061.614689705808,3101.9551908727203
mask_001,2025-07-15,57360.46716637368,121.4562610898124,5189.261540262327,2594.6307701311634,-2473.1745090413515,3.286143446246115e-11,54887.29265733237,90448.45556792492,82265.12020436449,64.55485395947107,8247.890217519904,6.320277634586091e-12,1969.4077327758118,3101.7840734521255
mask_010,2025-07-15,57319.31926516477,57.679192131416244,5171.973091546754,2585.986545773377,-2528.307353641961,3.446041318966308e-11,54791.011911522844,90353.00694531086,82037.03818593181,30.717782724752624,8346.686542103804,6.59738930153253e-12,2055.311493128445,3096.924462063065
mask_011,2025-07-15,57360.46716637368,121.4562610898124,6017.5815073094645,3008.7907536547323,-2887.3344925649203,3.2615968592608617e-11,54473.132673808796,90448.45556792492,80999.7628548103,64.55485395947107,9513.24756707409,6.377121053446899e-12,1969.4077327758118,3093.508535093547
mask_100,2025-07-15,57316.30003400421,0.0,0.0,0.0,0.0,2.7496888321820736e-11,57316.30003400424,90346.00339355825,90346.00339355825,0.0,0.0,4.995115432393504e-12,2061.614689705808,3101.9551908727203
mask_101,2025-07-15,57360.46716637368,121.4562610898124,5226.820416543892,2613.410208271946,-2491.953947182134,2.8245976224638977e-11,54868.513219191576,90448.45556792492,82232.9471978487,64.55485395947107,8280.063224035679,5.638156608256395e-12,1969.4077327758118,3094.4919882520544
mask_110,2025-07-15,57319.31926516477,57.679192131416244,5171.973091546754,2585.986545773377,-2528.307353641961,3.446041318966308e-11,54791.011911522844,90353.00694531086,82037.03818593181,30.717782724752624,8346.686542103804,6.59738930153253e-12,2055.311493128445,3096.924462063065
mask_111,2025-07-15,57360.46716637368,121.4562610898124,6017.5815073094645,3008.7907536547323,-2887.3344925649203,3.2615968592608617e-11,54473.132673808796,90448.45556792492,80999.7628548103,64.55485395947107,9513.24756707409,6.377121053446899e-12,1969.4077327758118,3093.508535093547
forecast_only,2025-07-15,57316.30003400421,0.0,0.0,0.0,0.0,2.7496888321820736e-11,57316.30003400424,90346.00339355825,90346.00339355825,0.0,0.0,4.995115432393504e-12,2061.614689705808,3101.9551908727203
mask_000,2025-07-16,53829.6742491818,0.0,0.0,0.0,0.0,122.41647604072351,53952.09072522252,83041.48933515498,83041.48933515498,0.0,0.0,18.11832695045254,3101.9551908727203,2308.739263233265
mask_001,2025-07-16,53829.756043308844,0.0,4241.766237514,2120.883118757,-2120.883118757,123.82802487984786,51832.700949431695,83041.6794656223,77290.95138238888,0.0,5750.72808323342,18.32724411749586,3101.7840734521255,2302.5251381647363
mask_010,2025-07-16,53832.07893755281,0.0,2931.9347023119976,1465.9673511559988,-1465.9673511559988,123.82802487983797,52489.93961127665,83047.07903383237,78794.00015909987,0.0,4253.078874732505,18.32724411749387,3096.924462063065,2302.5251381647363
mask_011,2025-07-16,53833.711750644245,0.0,4241.766237514,2120.883118757,-2120.883118757,123.82802487984786,51836.656656767096,83050.87450824295,77300.14642500953,0.0,5750.72808323342,18.32724411749586,3093.508535093547,2302.5251381647363
mask_100,2025-07-16,53829.6742491818,0.0,229.8556896103141,114.92784480515705,-114.92784480515705,123.8280248798373,53838.574429256485,83041.48933515498,82856.27598380818,0.0,185.21335134679555,18.327244117493734,3101.9551908727203,2302.5251381647363
mask_101,2025-07-16,53833.24166003448,0.0,4285.542175817611,2142.7710879088054,-2142.7710879088054,123.82802487984458,51814.29859700552,83049.78178251127,77264.15449094452,0.0,5785.627291566754,18.32724411749534,3094.4919882520544,2302.5251381647363
mask_110,2025-07-16,53832.07893755281,0.0,2952.7073161592198,1476.3536580796099,-1476.3536580796099,123.82802487983797,52479.553304353045,83047.07903383237,78777.4397424332,0.0,4269.639291399171,18.32724411749387,3096.924462063065,2302.5251381647363
mask_111,2025-07-16,53833.711750644245,0.0,4285.542175817611,2142.7710879088054,-2142.7710879088054,123.82802487984458,51814.76868761529,83050.87450824295,77265.24721667619,0.0,5785.627291566754,18.32724411749534,3093.508535093547,2302.5251381647363
forecast_only,2025-07-16,53829.6742491818,0.0,0.0,0.0,0.0,122.41647604072351,53952.09072522252,83041.48933515498,83041.48933515498,0.0,0.0,18.11832695045254,3101.9551908727203,2308.739263233265
mask_000,2025-07-17,52364.846911981695,0.0,0.0,0.0,0.0,3.792234196109412e-11,52364.84691198173,82062.60130384704,82062.60130384704,0.0,0.0,7.394362899759699e-12,2308.739263233265,2108.3588202019905
mask_001,2025-07-17,52367.82347788952,110.43935397725765,1653.770372636667,826.8851863183335,-716.4458323410757,4.010966675460637e-11,51651.377645548484,82069.50588725653,79612.20428405108,109.73158974695764,2567.0331929524127,7.966682868953967e-12,2302.5251381647363,1695.357993251411
mask_010,2025-07-17,52367.82347788952,0.0,2016.1315253704174,1008.0657626852087,-1008.0657626852087,184.14847945385168,51543.906194658164,82069.50588725653,78410.95028941444,0.0,3658.555597842093,26.81261190041228,2302.5251381647363,1491.9689793677142
mask_011,2025-07-17,52367.82347788952,110.43935397725765,1653.770372636667,826.8851863183335,-716.4458323410757,4.010966675460637e-11,51651.377645548484,82069.50588725653,79612.20428405108,109.73158974695764,2567.0331929524127,7.966682868953967e-12,2302.5251381647363,1695.357993251411
mask_100,2025-07-17,52367.82347788952,0.0,0.0,0.0,0.0,3.792234196109412e-11,52367.82347788956,82069.50588725653,82069.50588725653,0.0,0.0,7.394362899759699e-12,2302.5251381647363,2108.3588202019905
mask_101,2025-07-17,52367.82347788952,110.43935397725765,1653.770372636667,826.8851863183335,-716.4458323410757,4.010966675460637e-11,51651.377645548484,82069.50588725653,79612.20428405108,109.73158974695764,2567.0331929524127,7.966682868953967e-12,2302.5251381647363,1695.357993251411
mask_110,2025-07-17,52367.82347788952,0.0,2016.1315253704174,1008.0657626852087,-1008.0657626852087,184.14847945385168,51543.906194658164,82069.50588725653,78410.95028941444,0.0,3658.555597842093,26.81261190041228,2302.5251381647363,1491.9689793677142
mask_111,2025-07-17,52367.82347788952,110.43935397725765,1653.770372636667,826.8851863183335,-716.4458323410757,4.010966675460637e-11,51651.377645548484,82069.50588725653,79612.20428405108,109.73158974695764,2567.0331929524127,7.966682868953967e-12,2302.5251381647363,1695.357993251411
forecast_only,2025-07-17,52364.846911981695,0.0,0.0,0.0,0.0,3.792234196109412e-11,52364.84691198173,82062.60130384704,82062.60130384704,0.0,0.0,7.394362899759699e-12,2308.739263233265,2108.3588202019905
mask_000,2025-07-18,30471.17284229774,0.0,0.0,0.0,0.0,1.4188515251589706e-11,30471.172842297754,49306.63003535194,49306.63003535194,0.0,0.0,2.4868995751603507e-12,2108.3588202019905,3535.3234210396236
mask_001,2025-07-18,30666.969779634805,0.0,2141.111365280049,1070.5556826400245,-1070.5556826400245,1.0710564879445884e-11,29596.41409699479,49765.519843074806,47063.25395331544,0.0,2702.2658897593637,1.9468870959826745e-12,1695.357993251411,3526.7791256185874
mask_010,2025-07-18,30763.443968553634,0.0,3252.1344638716996,1626.0672319358498,-1626.0672319358498,1.0710564879445884e-11,29137.376736617796,49991.50763627891,45931.120520055396,0.0,4060.387116223513,1.9468870959826745e-12,1491.9689793677142,3525.622314131488
mask_011,2025-07-18,30666.969779634805,0.0,3252.1344638716982,1626.0672319358491,-1626.0672319358491,1.0710564879445884e-11,29040.902547698966,49765.519843074806,45705.13272685129,0.0,4060.3871162235137,1.9468870959826745e-12,1695.357993251411,3525.622314131488
mask_100,2025-07-18,30471.17284229774,0.0,0.0,0.0,0.0,1.4188515251589706e-11,30471.172842297754,49306.63003535194,49306.63003535194,0.0,0.0,2.4868995751603507e-12,2108.3588202019905,3535.3234210396236
mask_101,2025-07-18,30666.969779634805,0.0,2141.111365280049,1070.5556826400245,-1070.5556826400245,1.0710564879445884e-11,29596.41409699479,49765.519843074806,47063.25395331544,0.0,2702.2658897593637,1.9468870959826745e-12,1695.357993251411,3526.7791256185874
mask_110,2025-07-18,30763.443968553634,0.0,3252.1344638716996,1626.0672319358498,-1626.0672319358498,1.0710564879445884e-11,29137.376736617796,49991.50763627891,45931.120520055396,0.0,4060.387116223513,1.9468870959826745e-12,1491.9689793677142,3525.622314131488
mask_111,2025-07-18,30666.969779634805,0.0,3252.1344638716982,1626.0672319358491,-1626.0672319358491,1.0710564879445884e-11,29040.902547698966,49765.519843074806,45705.13272685129,0.0,4060.3871162235137,1.9468870959826745e-12,1695.357993251411,3525.622314131488
forecast_only,2025-07-18,30471.17284229774,0.0,0.0,0.0,0.0,1.4188515251589706e-11,30471.172842297754,49306.63003535194,49306.63003535194,0.0,0.0,2.4868995751603507e-12,2108.3588202019905,3535.3234210396236
mask_000,2025-07-19,28770.118543805398,0.0,0.0,0.0,0.0,9.312361548552417e-12,28770.11854380541,45829.583102383054,45829.583102383054,0.0,0.0,2.0587975768648903e-12,3535.3234210396236,2423.6374692984136
mask_001,2025-07-19,28773.643540349654,18.65253644466515,3256.697508066651,1628.3487540333256,-1609.6962175886604,1.1688622736372166e-11,27163.947322761003,45839.07676396198,41894.377955821066,9.935534910291722,3954.634343051204,2.3514523661560816e-12,3526.7791256185874,2420.976825232136
mask_010,2025-07-19,28774.120789355387,89.68722937393636,2772.7200332130933,1386.3600166065467,-1296.6727872326105,9.077074425434261e-12,27477.448002122786,45840.36211005876,42483.47400781381,47.71292102140319,3404.601023266346,1.921574011021221e-12,3525.622314131488,2422.701158737624
mask_011,2025-07-19,28774.120789355387,18.65253644466515,3256.697508066651,1628.3487540333256,-1609.6962175886604,1.1688622736372166e-11,27164.424571766736,45840.36211005876,41895.66330191784,9.935534910291722,3954.634343051204,2.3514523661560816e-12,3525.622314131488,2420.976825232136
mask_100,2025-07-19,28770.118543805398,0.0,0.0,0.0,0.0,9.312361548552417e-12,28770.11854380541,45829.583102383054,45829.583102383054,0.0,0.0,2.0587975768648903e-12,3535.3234210396236,2423.6374692984136
mask_101,2025-07-19,28773.643540349654,18.65253644466515,3256.697508066651,1628.3487540333256,-1609.6962175886604,1.1688622736372166e-11,27163.947322761003,45839.07676396198,41894.377955821066,9.935534910291722,3954.634343051204,2.3514523661560816e-12,3526.7791256185874,2420.976825232136
mask_110,2025-07-19,28774.120789355387,93.58741096019932,2798.7702726150355,1399.3851363075178,-1305.7977253473186,9.90013138135737e-12,27468.323064008084,45840.36211005876,42466.430504265656,51.47723175637469,3425.4088375494757,2.192024339819909e-12,3525.622314131488,2426.2895536194005
mask_111,2025-07-19,28774.120789355387,18.65253644466515,3256.697508066651,1628.3487540333256,-1609.6962175886604,1.1688622736372166e-11,27164.424571766736,45840.36211005876,41895.66330191784,9.935534910291722,3954.634343051204,2.3514523661560816e-12,3525.622314131488,2420.976825232136
forecast_only,2025-07-19,28770.118543805398,0.0,0.0,0.0,0.0,9.312361548552417e-12,28770.11854380541,45829.583102383054,45829.583102383054,0.0,0.0,2.0587975768648903e-12,3535.3234210396236,2423.6374692984136
mask_000,2025-07-20,55054.5427511558,0.0,0.0,0.0,0.0,19.672364862384804,55074.21511601819,87079.23712942853,87079.23712942853,0.0,0.0,2.82000643096284,2423.6374692984136,2251.706848000251
mask_001,2025-07-20,55055.81719966355,98.28097895185398,2040.719019789381,1020.3595098946905,-922.0785309428366,19.672364862384754,54153.4110335831,87082.19340061328,84152.72302751555,52.27957657695924,2981.749949674696,2.820006430962772,2420.976825232136,2249.0462039339727
mask_010,2025-07-20,55054.99124391442,155.06250777541777,3811.4718140013424,1905.7359070006712,-1750.6733992252532,19.67236486238455,53323.99020955154,87080.27747449606,80755.88006335654,82.47878366068619,6406.876194800217,2.8200064309627497,2422.701158737624,2247.814024787728
mask_011,2025-07-20,55055.81719966355,231.21075871919533,4068.2372395760303,2034.1186197880152,-1802.9078610688198,19.67236486238455,53272.58170345711,87082.19340061328,80463.71002707595,136.73988420884882,6755.223257746185,2.8200064309627497,2420.976825232136,2247.814024787728
mask_100,2025-07-20,55054.5427511558,0.0,0.0,0.0,0.0,19.672364862384804,55074.21511601819,87079.23712942853,87079.23712942853,0.0,0.0,2.82000643096284,2423.6374692984136,2251.706848000251
mask_101,2025-07-20,55055.81719966355,98.28097895185398,2040.719019789381,1020.3595098946905,-922.0785309428366,19.672364862384754,54153.4110335831,87082.19340061328,84152.72302751555,52.27957657695924,2981.749949674696,2.820006430962772,2420.976825232136,2249.0462039339727
mask_110,2025-07-20,55053.272402766044,155.06250777541777,3811.4718140013424,1905.7359070006712,-1750.6733992252532,19.67236486238455,53322.27136840317,87076.29036907187,80751.89295793234,82.47878366068619,6406.876194800217,2.8200064309627497,2426.2895536194005,2247.814024787728
mask_111,2025-07-20,55055.81719966355,231.21075871919533,4068.2372395760303,2034.1186197880152,-1802.9078610688198,19.67236486238455,53272.58170345711,87082.19340061328,80463.71002707595,136.73988420884882,6755.223257746185,2.8200064309627497,2420.976825232136,2247.814024787728
forecast_only,2025-07-20,55054.5427511558,0.0,0.0,0.0,0.0,19.672364862384804,55074.21511601819,87079.23712942853,87079.23712942853,0.0,0.0,2.82000643096284,2423.6374692984136,2251.706848000251
mask_000,2025-07-21,55940.42679523885,0.0,0.0,0.0,0.0,103.7372397812683,56044.16403502011,87767.56828605566,87767.56828605566,0.0,0.0,14.870590564976823,2251.706848000251,2237.8632794097466
mask_001,2025-07-21,55941.7012437466,5.845667971816292,4235.4397117139915,2117.7198558569958,-2111.8741878851793,103.73723978126853,53933.56429564268,87770.52455724041,81632.65439732076,3.118117092873945,6140.988277012532,14.870590564976839,2249.0462039339727,2234.857678280269
mask_010,2025-07-21,55942.29145755765,121.1863868533282,2808.35410415151,1404.177052075755,-1282.9906652224267,103.73723978127455,54763.03803211649,87771.89364518068,83363.54874588261,64.53232144909964,4472.877220747173,14.870590564977846,2247.814024787728,2230.7003808446184
mask_011,2025-07-21,55942.29145755765,386.19883094408425,4946.263402312745,2473.1317011563724,-2086.9328702122884,103.73723978126873,53959.09582712663,87771.89364518068,80619.46326816898,374.90256363457746,7527.332940646278,14.87059056497686,2247.814024787728,1842.3037988392555
mask_100,2025-07-21,55940.42679523885,0.0,0.0,0.0,0.0,103.7372397812683,56044.16403502011,87767.56828605566,87767.56828605566,0.0,0.0,14.870590564976823,2251.706848000251,2237.8632794097466
mask_101,2025-07-21,55941.7012437466,5.845667971816292,4235.4397117139915,2117.7198558569958,-2111.8741878851793,103.73723978126853,53933.56429564268,87770.52455724041,81632.65439732076,3.118117092873945,6140.988277012532,14.870590564976839,2249.0462039339727,2234.857678280269
mask_110,2025-07-21,55942.29145755765,121.1863868533282,2808.35410415151,1404.177052075755,-1282.9906652224267,103.73723978127455,54763.03803211649,87771.89364518068,83363.54874588261,64.53232144909964,4472.877220747173,14.870590564977846,2247.814024787728,2230.7003808446184
mask_111,2025-07-21,55942.29145755765,386.19883094408425,4946.263402312745,2473.1317011563724,-2086.9328702122884,103.73723978126873,53959.09582712663,87771.89364518068,80619.46326816898,374.90256363457746,7527.332940646278,14.87059056497686,2247.814024787728,1842.3037988392555
forecast_only,2025-07-21,55940.42679523885,0.0,0.0,0.0,0.0,103.7372397812683,56044.16403502011,87767.56828605566,87767.56828605566,0.0,0.0,14.870590564976823,2251.706848000251,2237.8632794097466
mask_000,2025-07-22,54620.45128285772,0.0,0.0,0.0,0.0,36.6133812855574,54657.064664143276,85542.15760622616,85542.15760622616,0.0,0.0,5.4314465636495015,2237.8632794097466,2800.8723128778574
mask_001,2025-07-22,54621.89096579874,4222.986197246151,256.7324580069412,128.3662290034706,4094.6199682426804,36.6133812855574,58753.124315326975,85545.49716303669,89815.58142081939,4691.662073157498,421.5778153747925,5.4314465636495015,2234.857678280269,2419.647989490213
mask_010,2025-07-22,54623.88231127042,0.0,2047.2698308577396,1023.6349154288698,-1023.6349154288698,39.33479204332036,53639.58218788487,85550.11638240964,82678.76600991157,0.0,2871.3503724980746,5.835156808088868,2230.7003808446184,2789.1198590953295
mask_011,2025-07-22,54809.92427405099,4592.565333926806,4508.82269461105,2254.411347305525,2338.1539866212806,36.61338128556223,57184.69164195783,85981.66814019337,84377.03753608778,5100.724870954715,6705.355475060304,5.431446563650638,1842.3037988392555,2789.6087970580375
mask_100,2025-07-22,54620.45128285772,0.0,58.60964201292597,29.304821006462983,-29.304821006462983,37.43505653998635,54628.58151839125,85542.15760622616,85494.28498737741,0.0,47.872618848745105,5.553338753892632,2237.8632794097466,2797.323895784121
mask_101,2025-07-22,54621.89096579874,4222.986197246151,256.7324580069412,128.3662290034706,4094.6199682426804,36.6133812855574,58753.124315326975,85545.49716303669,89815.58142081939,4691.662073157498,421.5778153747925,5.4314465636495015,2234.857678280269,2419.647989490213
mask_110,2025-07-22,54623.88231127042,0.0,2047.2698308577396,1023.6349154288698,-1023.6349154288698,39.33479204332036,53639.58218788487,85550.11638240964,82678.76600991157,0.0,2871.3503724980746,5.835156808088868,2230.7003808446184,2789.1198590953295
mask_111,2025-07-22,54809.92427405099,4592.565333926806,4508.82269461105,2254.411347305525,2338.1539866212806,36.61338128556223,57184.69164195783,85981.66814019337,84377.03753608778,5100.724870954715,6705.355475060304,5.431446563650638,1842.3037988392555,2789.6087970580375
forecast_only,2025-07-22,54620.45128285772,0.0,0.0,0.0,0.0,2455.4861444188928,57075.937427276614,85542.15760622616,85542.15760622616,0.0,0.0,624.7040798969831,2237.8632794097466,2800.8723128778574
mask_000,2025-07-23,60539.421723525265,0.0,0.0,0.0,0.0,2.153695355389118e-11,60539.42172352529,93923.47271554716,93923.47271554716,0.0,0.0,3.75699471533153e-12,2800.8723128778574,2355.040958829458
mask_001,2025-07-23,60721.777302115064,0.0,8367.401415238804,4183.700707619402,-4183.700707619402,1.4218421995337849e-11,56538.07659449568,94347.05529708898,82363.38433457186,0.0,11983.670962517117,3.062439191126032e-12,2419.647989490213,2348.3439942792947
mask_010,2025-07-23,60545.03939643331,77.97192644049478,5891.854925798297,2945.9274628991484,-2867.9555364586536,3.6746968357093124e-11,57677.08385997469,93936.53099752775,84797.37858369004,41.525459277869345,9180.677873115592,6.234568417085029e-12,2789.1198590953295,2362.7870838824765
mask_011,2025-07-23,60544.805684087136,0.0,8367.401415238804,4183.700707619402,-4183.700707619402,1.4218421995337849e-11,56361.104976467745,93935.98773312474,81952.3167706076,0.0,11983.670962517117,3.062439191126032e-12,2789.6087970580375,2348.3439942792947
mask_100,2025-07-23,60541.11786689607,0.0,0.0,0.0,0.0,2.153695355389118e-11,60541.11786689609,93927.41540120688,93927.41540120688,0.0,0.0,3.75699471533153e-12,2797.323895784121,2355.040958829458
mask_101,2025-07-23,60721.777302115064,0.0,8367.401415238804,4183.700707619402,-4183.700707619402,1.4218421995337849e-11,56538.07659449568,94347.05529708898,82363.38433457186,0.0,11983.670962517117,3.062439191126032e-12,2419.647989490213,2348.3439942792947
mask_110,2025-07-23,60545.03939643331,87.14473046432374,5922.122383294383,2961.0611916471917,-2873.9164611828683,2.9490588637770544e-11,57671.12293525047,93936.53099752775,84781.9815758903,50.30980907169965,9204.859230709146,5.0750514901665156e-12,2789.1198590953295,2367.7444876996087
mask_111,2025-07-23,60544.805684087136,0.0,8367.401415238804,4183.700707619402,-4183.700707619402,1.4218421995337849e-11,56361.104976467745,93935.98773312474,81952.3167706076,0.0,11983.670962517117,3.062439191126032e-12,2789.6087970580375,2348.3439942792947
forecast_only,2025-07-23,60539.421723525265,0.0,0.0,0.0,0.0,2.153695355389118e-11,60539.42172352529,93923.47271554716,93923.47271554716,0.0,0.0,3.75699471533153e-12,2800.8723128778574,2355.040958829458
mask_000,2025-07-24,60365.86523094106,0.0,0.0,0.0,0.0,3.428495753965422e-11,60365.8652309411,93715.29246229993,93715.29246229993,0.0,0.0,6.8611782921834674e-12,2355.040958829458,2816.2394397441767
mask_001,2025-07-24,60369.07307696059,0.0,5718.638773075852,2859.319386537926,-2859.319386537926,3.721567276571136e-11,57509.7536904227,93722.73353402232,85477.71206403246,0.0,8245.021469989873,7.269740365245525e-12,2348.3439942792947,2806.2943523346216
mask_010,2025-07-24,60362.15483704067,0.0,6377.007449082947,3188.5037245414733,-3188.5037245414733,3.8918750888683464e-11,57173.65111249923,93706.68565668545,84001.3221423496,0.0,9705.363514335862,7.778666599733697e-12,2362.7870838824765,2799.9860755372797
mask_011,2025-07-24,60369.07307696059,0.0,7589.229199420439,3794.6145997102194,-3794.6145997102194,3.573126683420469e-11,56574.4584772504,93722.73353402232,82467.2886011535,0.0,11255.444932868833,7.192468842731614e-12,2348.3439942792947,2799.9860755372797
mask_100,2025-07-24,60365.86523094106,0.0,52.24087635852865,26.120438179264326,-26.120438179264326,3.219471134130458e-11,60339.74479276183,93715.29246229993,93672.39728577124,0.0,42.89517652869347,6.548539488449023e-12,2355.040958829458,2812.2349520410767
mask_101,2025-07-24,60369.07307696059,0.0,5718.638773075852,2859.319386537926,-2859.319386537926,3.721567276571136e-11,57509.7536904227,93722.73353402232,85477.71206403246,0.0,8245.021469989873,7.269740365245525e-12,2348.3439942792947,2806.2943523346216
mask_110,2025-07-24,60359.78024061226,0.0,6377.007449082947,3188.5037245414733,-3188.5037245414733,3.8918750888683464e-11,57171.276516070815,93701.17743022199,83995.81391588613,0.0,9705.363514335862,7.778666599733697e-12,2367.7444876996087,2799.9860755372797
mask_111,2025-07-24,60369.07307696059,0.0,7589.229199420439,3794.6145997102194,-3794.6145997102194,3.573126683420469e-11,56574.4584772504,93722.73353402232,82467.2886011535,0.0,11255.444932868833,7.192468842731614e-12,2348.3439942792947,2799.9860755372797
forecast_only,2025-07-24,60365.86523094106,0.0,0.0,0.0,0.0,3.428495753965422e-11,60365.8652309411,93715.29246229993,93715.29246229993,0.0,0.0,6.8611782921834674e-12,2355.040958829458,2816.2394397441767
mask_000,2025-07-25,29134.45254275476,0.0,0.0,0.0,0.0,1.1859992765650418e-11,29134.45254275477,47159.554463495246,47159.554463495246,0.0,0.0,2.1826984664130578e-12,2816.2394397441767,4238.782264796376
mask_001,2025-07-25,29139.143308982933,39.55201185056931,573.0135437286475,286.50677186432375,-246.95476001375442,1.100482904803357e-11,28892.18854896919,47170.60456061698,46532.45428298612,21.027603984433654,659.1778816152856,2.0463630789890885e-12,2806.2943523346216,4239.726499103854
mask_010,2025-07-25,29142.118712872347,51.0667754552271,1209.0468650304751,604.5234325152376,-553.4566570600105,1.2777128688412631e-11,28588.66205581235,47177.61375705847,45814.41733479863,27.17221103122722,1390.368633291063,2.4584778657299466e-12,2799.9860755372797,4237.8159338528985
mask_011,2025-07-25,29142.118712872347,51.088293701541886,1209.0468650304751,604.5234325152376,-553.4351388136956,1.2777128688412631e-11,28588.683574058665,47177.61375705847,45814.417334798636,27.17221103122688,1390.368633291063,2.4584778657299466e-12,2799.9860755372797,4238.3140414064965
mask_100,2025-07-25,29136.34132612139,0.0,0.0,0.0,0.0,1.1859992765650418e-11,29136.3413261214,47164.00389427647,47164.00389427647,0.0,0.0,2.1826984664130578e-12,2812.2349520410767,4238.782264796376
mask_101,2025-07-25,29139.143308982933,39.70589682441286,595.3523939189511,297.67619695947553,-257.97030013506264,1.1142116562723458e-11,28881.173008847883,47170.60456061698,46514.87858027115,21.271744746109107,676.9977250919358,2.0676793610618915e-12,2806.2943523346216,4239.042180903575
mask_110,2025-07-25,29142.118712872347,52.08213158968212,1238.5916252007169,619.2958126003584,-567.2136810106763,1.2777128688412631e-11,28574.905031861686,47177.61375705847,45792.26642247837,28.620405635440193,1413.9677402155362,2.4584778657299466e-12,2799.9860755372797,4239.11930899669
mask_111,2025-07-25,29142.118712872347,51.835705170295775,1238.2679534503297,619.1339767251649,-567.2982715548691,1.2777128688412631e-11,28574.820441317494,47177.61375705847,45792.26642247837,28.35799025780716,1413.705324837902,2.4584778657299466e-12,2799.9860755372797,4239.1747077986365
forecast_only,2025-07-25,29134.45254275476,0.0,0.0,0.0,0.0,1.1859992765650418e-11,29134.45254275477,47159.554463495246,47159.554463495246,0.0,0.0,2.1826984664130578e-12,2816.2394397441767,4238.782264796376
mask_000,2025-07-26,26437.824701484067,0.0,0.0,0.0,0.0,1.3221391315099141e-11,26437.82470148408,43101.993108881325,43101.993108881325,0.0,0.0,2.418065747633591e-12,4238.782264796376,3046.473871375493
mask_001,2025-07-26,26437.435152374772,0.0,0.0,0.0,0.0,1.2333177368262227e-11,26437.435152374783,43100.943959650795,43100.943959650795,0.0,0.0,2.0095036745715333e-12,4239.726499103854,3046.473871375493
mask_010,2025-07-26,26438.223366683305,118.80384540585302,717.4673661933568,358.7336830966784,-239.92983769082537,9.622837637834892e-12,26198.29352899249,43103.06680992963,42290.242636933035,63.27455220970546,876.0987252062989,1.5774048733874224e-12,4237.8159338528985,3046.9596346966914
mask_011,2025-07-26,26438.017869644806,118.80384540585302,717.4673661933568,358.7336830966784,-239.92983769082537,9.622837637834892e-12,26198.08803195399,43102.513357092306,42289.68918409571,63.27455220970546,876.0987252062989,1.5774048733874224e-12,4238.3140414064965,3046.9596346966914
mask_100,2025-07-26,26437.824701484067,0.0,0.0,0.0,0.0,1.3221391315099141e-11,26437.82470148408,43101.993108881325,43101.993108881325,0.0,0.0,2.418065747633591e-12,4238.782264796376,3046.473871375493
mask_101,2025-07-26,26437.717471650067,0.0,0.0,0.0,0.0,1.3221391315099141e-11,26437.71747165008,43101.70431320666,43101.70431320666,0.0,0.0,2.418065747633591e-12,4239.042180903575,3046.473871375493
mask_110,2025-07-26,26437.68565202676,118.80384540585302,717.4673661933568,358.7336830966784,-239.92983769082537,1.0511051584671804e-11,26197.755814335946,43101.618615325424,42288.79444232883,63.27455220970546,876.0987252062989,1.98596694644948e-12,4239.11930899669,3046.9596346966914
mask_111,2025-07-26,26437.662796943245,118.80384540585302,717.4673661933568,358.7336830966784,-239.92983769082537,9.622837637834892e-12,26197.73295925243,43101.55706110103,42288.73288810444,63.27455220970546,876.0987252062989,1.5774048733874224e-12,4239.1747077986365,3046.9596346966914
forecast_only,2025-07-26,26437.824701484067,0.0,0.0,0.0,0.0,1.3221391315099141e-11,26437.82470148408,43101.993108881325,43101.993108881325,0.0,0.0,2.418065747633591e-12,4238.782264796376,3046.473871375493
mask_000,2025-07-27,53102.808813389915,0.0,0.0,0.0,0.0,3.345835699773355e-11,53102.80881338995,83523.96972355191,83523.96972355191,0.0,0.0,6.56772422905072e-12,3046.473871375493,2338.1770459851496
mask_001,2025-07-27,53102.808813389915,0.0,3671.926397214722,1835.963198607361,-1835.963198607361,1340.7003731167572,52607.545987899306,83523.96972355191,78174.79428486084,0.0,5349.175438691082,196.2579770034336,3046.473871375493,1509.8521623589315
mask_010,2025-07-27,53102.57661852238,980.1104903272367,1665.379546384896,832.689773192448,147.42071713478867,1.9347428548144308e-11,53249.997335657186,83523.42998652835,80797.9788571037,843.0310762009976,3568.482205625641,3.524291969370097e-12,3046.9596346966914,2321.2427600737183
mask_011,2025-07-27,53102.57661852238,288.20306295969476,3890.4705697335767,1945.2352848667883,-1657.0322219070936,75.99826143104221,51521.542658046325,83523.42998652835,78058.11623936897,268.4871271509473,5733.8008743103255,11.268183176077057,3046.9596346966914,1574.8409128275948
mask_100,2025-07-27,53102.808813389915,0.0,0.0,0.0,0.0,3.345835699773355e-11,53102.80881338995,83523.96972355191,83523.96972355191,0.0,0.0,6.56772422905072e-12,3046.473871375493,2338.1770459851496
mask_101,2025-07-27,53102.808813389915,694.555147950946,3671.926397214722,1835.963198607361,-1141.408050656415,75.59311979159119,52036.99388252509,83523.96972355191,78522.70846143935,347.9141765785239,5349.175438691082,11.208113246586576,3046.473871375493,1681.9524822769365
mask_110,2025-07-27,53102.57661852238,980.1104903272367,1665.379546384896,832.689773192448,147.42071713478867,1.9347428548144308e-11,53249.997335657186,83523.42998652835,80797.9788571037,843.0310762009976,3568.482205625641,3.524291969370097e-12,3046.9596346966914,2321.2427600737183
mask_111,2025-07-27,53102.57661852238,288.20306295969476,3890.4705697335767,1945.2352848667883,-1657.0322219070936,75.99826143104221,51521.542658046325,83523.42998652835,78058.11623936897,268.4871271509473,5733.8008743103255,11.268183176077057,3046.9596346966914,1574.8409128275948
forecast_only,2025-07-27,53102.808813389915,0.0,0.0,0.0,0.0,3.345835699773355e-11,53102.80881338995,83523.96972355191,83523.96972355191,0.0,0.0,6.56772422905072e-12,3046.473871375493,2338.1770459851496
mask_000,2025-07-28,55544.4086442423,0.0,0.0,0.0,0.0,25.207631391091343,55569.616275633394,87686.74379758401,87686.74379758401,0.0,0.0,3.737509287730365,2338.1770459851496,2125.1094955280723
mask_001,2025-07-28,55941.17626349926,0.0,0.0,0.0,0.0,25.207631391091343,55966.38389489036,88607.10477939092,88607.10477939092,0.0,0.0,3.737509287730365,1509.8521623589315,2125.1094955280723
mask_010,2025-07-28,55552.520167193885,156.73572391831124,1536.4613683133175,768.2306841566588,-611.4949602383476,25.207631391096665,54966.23283834664,87705.55967081894,85624.73195291508,83.46409421510805,2164.2918121189678,3.7375092877311635,2321.2427600737183,2123.2609856810163
mask_011,2025-07-28,55910.04665202477,156.73572391831124,1536.4613683133175,768.2306841566588,-611.4949602383476,25.207631391096665,55323.759323177524,88534.89505664796,86454.0673387441,83.46409421510805,2164.2918121189678,3.7375092877311635,1574.8409128275948,2123.2609856810163
mask_100,2025-07-28,55544.4086442423,0.0,0.0,0.0,0.0,25.207631391091343,55569.616275633394,87686.74379758401,87686.74379758401,0.0,0.0,3.737509287730365,2338.1770459851496,2125.1094955280723
mask_101,2025-07-28,55858.74021025854,0.0,0.0,0.0,0.0,25.207631391091343,55883.947841649635,88415.88220170425,88415.88220170425,0.0,0.0,3.737509287730365,1681.9524822769365,2125.1094955280723
mask_110,2025-07-28,55552.520167193885,156.73572391831124,1536.4613683133175,768.2306841566588,-611.4949602383476,25.207631391096665,54966.23283834664,87705.55967081894,85624.73195291508,83.46409421510805,2164.2918121189678,3.7375092877311635,2321.2427600737183,2123.2609856810163
mask_111,2025-07-28,55910.04665202477,156.73572391831124,1536.4613683133175,768.2306841566588,-611.4949602383476,25.207631391096665,55323.759323177524,88534.89505664796,86454.0673387441,83.46409421510805,2164.2918121189678,3.7375092877311635,1574.8409128275948,2123.2609856810163
forecast_only,2025-07-28,55544.4086442423,0.0,0.0,0.0,0.0,25.207631391091343,55569.616275633394,87686.74379758401,87686.74379758401,0.0,0.0,3.737509287730365,2338.1770459851496,2125.1094955280723
mask_000,2025-07-29,53792.511092920045,0.0,0.0,0.0,0.0,292.95432109743393,54085.46541401748,85179.97879405375,85179.97879405375,0.0,0.0,43.40529628409963,2125.1094955280723,2455.47995935593
mask_001,2025-07-29,53792.511092920045,1299.5807367748448,680.1624354307756,340.0812177153878,959.499519059457,546.8830585789037,55298.8936705584,85179.97879405375,85444.8513649119,1083.57169314881,818.6991222906572,80.24137509236857,2125.1094955280723,1899.5867146154333
mask_010,2025-07-29,53793.396529136786,0.0,0.0,0.0,0.0,292.95432109743393,54086.35085023422,85182.03269388381,85182.03269388381,0.0,0.0,43.40529628409963,2123.2609856810163,2455.47995935593
mask_011,2025-07-29,53793.396529136786,1299.5807367748448,680.1624354307756,340.0812177153878,959.499519059457,546.8830585789037,55299.77910677514,85182.03269388381,85446.90526474196,1083.57169314881,818.6991222906572,80.24137509236857,2123.2609856810163,1899.5867146154333
mask_100,2025-07-29,53792.511092920045,1.285170112500603,6.3987234002110585,3.1993617001055292,-1.9141915876049267,292.9543210974341,54083.55122242988,85179.97879405375,85170.15985664412,0.6883426327632378,10.507280042384082,43.405296284099656,2125.1094955280723,2445.9124971395595
mask_101,2025-07-29,53792.511092920045,1299.5807367748448,680.1624354307756,340.0812177153878,959.499519059457,546.8830585789037,55298.8936705584,85179.97879405375,85444.8513649119,1083.57169314881,818.6991222906572,80.24137509236857,2125.1094955280723,1899.5867146154333
mask_110,2025-07-29,53793.396529136786,1.285170112500603,6.3987234002110585,3.1993617001055292,-1.9141915876049267,292.9543210974341,54084.43665864662,85182.03269388381,85172.21375647419,0.6883426327632378,10.507280042384082,43.405296284099656,2123.2609856810163,2445.9124971395595
mask_111,2025-07-29,53793.396529136786,1299.5807367748448,680.1624354307756,340.0812177153878,959.499519059457,546.8830585789037,55299.77910677514,85182.03269388381,85446.90526474196,1083.57169314881,818.6991222906572,80.24137509236857,2123.2609856810163,1899.5867146154333
forecast_only,2025-07-29,53792.511092920045,0.0,0.0,0.0,0.0,292.95432109743393,54085.46541401748,85179.97879405375,85179.97879405375,0.0,0.0,43.40529628409963,2125.1094955280723,2455.47995935593
mask_000,2025-07-30,49688.25643499028,0.0,0.0,0.0,0.0,6367.869208226499,56056.12564321678,77983.93562621996,77983.93562621996,0.0,0.0,1060.7584510815104,2455.47995935593,2162.9798296815225
mask_001,2025-07-30,49954.52929922097,4013.3183467170797,278.6407025781499,139.32035128907495,3873.9979954280047,1.8638366627854454e-11,53828.527294649,78601.59478704272,82867.45400191212,4723.412340716148,457.55312584674357,3.2662761384472105e-12,1899.5867146154333,2204.4400632503994
mask_010,2025-07-30,49688.25643499028,3316.071322675043,277.0605044146084,138.5302522073042,3177.5410704677392,1.8669640278190512e-11,52865.797505458046,77983.93562621996,81043.15323573127,3514.175907673176,454.9582981618581,3.3382185904429207e-12,2455.47995935593,2206.8575777101514
mask_011,2025-07-30,49954.52929922097,4132.754952600069,913.7135821126581,456.85679105632903,3675.8981615437406,1.883123124102326e-11,53630.42746076473,78601.59478704272,81691.12669740662,4838.3140718085,1748.7821614445925,3.3573144264664734e-12,1899.5867146154333,2205.9854272938423
mask_100,2025-07-30,49692.839249391924,1954.5538800749378,272.2888371898438,136.1444185949219,1818.4094614800158,867.2993818976453,52378.54809276958,77994.5661397937,78517.97936897102,970.5360200568988,447.1227908795754,237.2395254344026,2445.9124971395595,1916.9581136432241
mask_101,2025-07-30,49954.52929922097,4013.3183467170797,278.6407025781499,139.32035128907495,3873.9979954280047,1.8638366627854454e-11,53828.527294649,78601.59478704272,82867.45400191212,4723.412340716148,457.55312584674357,3.2662761384472105e-12,1899.5867146154333,2204.4400632503994
mask_110,2025-07-30,49692.839249391924,3316.071322675043,277.0605044146084,138.5302522073042,3177.5410704677392,1.8669640278190512e-11,52870.38031985969,77994.5661397937,81053.783749305,3514.175907673176,454.9582981618581,3.3382185904429207e-12,2445.9124971395595,2206.8575777101514
mask_111,2025-07-30,49954.52929922097,4132.754952600069,913.7135821126581,456.85679105632903,3675.8981615437406,1.883123124102326e-11,53630.42746076473,78601.59478704272,81691.12669740662,4838.3140718085,1748.7821614445925,3.3573144264664734e-12,1899.5867146154333,2205.9854272938423
forecast_only,2025-07-30,49688.25643499028,0.0,0.0,0.0,0.0,4432.2669849716185,54120.5234199619,77983.93562621996,77983.93562621996,0.0,0.0,1060.7584510815134,2455.47995935593,2162.9798296815225
mask_000,2025-07-31,52055.50445644325,0.0,0.0,0.0,0.0,74.28754608374938,52129.79200252699,82576.0144385531,82576.0144385531,0.0,0.0,11.041568289469998,2162.9798296815225,2283.1684449736244
mask_001,2025-07-31,52035.64500456375,0.0,0.0,0.0,0.0,74.28754608374938,52109.93255064749,82529.94751236547,82529.94751236547,0.0,0.0,11.041568289469998,2204.4400632503994,2283.1684449736244
mask_010,2025-07-31,52034.48701513753,0.0,0.0,0.0,0.0,74.28754608374938,52108.774561221275,82527.26138518797,82527.26138518797,0.0,0.0,11.041568289469998,2206.8575777101514,2283.1684449736244
mask_011,2025-07-31,52034.90477518694,0.0,0.0,0.0,0.0,74.28754608374938,52109.19232127068,82528.23044120609,82528.23044120609,0.0,0.0,11.041568289469998,2205.9854272938423,2283.1684449736244
mask_100,2025-07-31,52173.34885842558,0.0,0.0,0.0,0.0,74.28754608374938,52247.63640450933,82849.3719008179,82849.3719008179,0.0,0.0,11.041568289469998,1916.9581136432241,2283.1684449736244
mask_101,2025-07-31,52035.64500456375,0.0,0.0,0.0,0.0,74.28754608374938,52109.93255064749,82529.94751236547,82529.94751236547,0.0,0.0,11.041568289469998,2204.4400632503994,2283.1684449736244
mask_110,2025-07-31,52034.48701513753,0.0,0.0,0.0,0.0,74.28754608374938,52108.774561221275,82527.26138518797,82527.26138518797,0.0,0.0,11.041568289469998,2206.8575777101514,2283.1684449736244
mask_111,2025-07-31,52034.90477518694,0.0,0.0,0.0,0.0,74.28754608374938,52109.19232127068,82528.23044120609,82528.23044120609,0.0,0.0,11.041568289469998,2205.9854272938423,2283.1684449736244
forecast_only,2025-07-31,52055.50445644325,0.0,0.0,0.0,0.0,74.28754608374938,52129.79200252699,82576.0144385531,82576.0144385531,0.0,0.0,11.041568289469998,2162.9798296815225,2283.1684449736244
mask_000,2025-08-01,28299.639769605343,0.0,0.0,0.0,0.0,1.1304152280899872e-11,28299.639769605354,46018.60590983116,46018.60590983116,0.0,0.0,2.1458390619955026e-12,2283.1684449736244,3857.5448802750166
mask_001,2025-08-01,28299.639769605343,0.0,1519.6190411692112,759.8095205846056,-759.8095205846056,1.5489366234078263e-11,27539.83024902075,46018.60590983116,44294.744290392744,0.0,1723.8616194384158,2.7604585284279892e-12,2283.1684449736244,3823.3286413194974
mask_010,2025-08-01,28299.639769605343,0.0,1897.2041226514505,948.6020613257252,-948.6020613257252,9.107552045861667e-12,27351.037708279626,46018.60590983116,43902.7565585903,0.0,2115.8493512408613,1.8047785488306545e-12,2283.1684449736244,3809.580560694958
mask_011,2025-08-01,28299.639769605343,0.0,1897.2041226514507,948.6020613257253,-948.6020613257253,9.107552045861667e-12,27351.037708279626,46018.60590983116,43902.7565585903,0.0,2115.849351240862,1.8047785488306545e-12,2283.1684449736244,3809.580560694958
mask_100,2025-08-01,28299.639769605343,0.0,58.9118362624312,29.4559181312156,-29.4559181312156,9.107552045861667e-12,28270.183851474136,46018.60590983116,45961.812231118995,0.0,56.7936787121601,1.8047785488306545e-12,2283.1684449736244,3816.7460142144214
mask_101,2025-08-01,28299.639769605343,0.5849184980465404,1545.1440880084285,772.5720440042143,-771.9871255061677,9.107552045861667e-12,27527.652644099184,46018.60590983116,44275.282945316154,0.926986783776897,1744.2499512987772,1.8047785488306545e-12,2283.1684449736244,3816.8676126951186
mask_110,2025-08-01,28299.639769605343,0.0,1897.2041226514505,948.6020613257252,-948.6020613257252,9.107552045861667e-12,27351.037708279626,46018.60590983116,43902.7565585903,0.0,2115.8493512408613,1.8047785488306545e-12,2283.1684449736244,3809.580560694958
mask_111,2025-08-01,28299.639769605343,0.0,1897.2041226514507,948.6020613257253,-948.6020613257253,9.107552045861667e-12,27351.037708279626,46018.60590983116,43902.7565585903,0.0,2115.849351240862,1.8047785488306545e-12,2283.1684449736244,3809.580560694958
forecast_only,2025-08-01,28299.639769605343,0.0,0.0,0.0,0.0,1.1304152280899872e-11,28299.639769605354,46018.60590983116,46018.60590983116,0.0,0.0,2.1458390619955026e-12,2283.1684449736244,3857.5448802750166
mask_000,2025-08-02,28467.57272757846,0.0,0.0,0.0,0.0,1.8758153252917964e-11,28467.572727578477,45767.166870155845,45767.166870155845,0.0,0.0,3.2240876635114546e-12,3857.5448802750166,3966.51799612565
mask_001,2025-08-02,28481.688827049773,0.0,1734.6989049924807,867.3494524962404,-867.3494524962404,1.439577346218357e-11,27614.339374553547,45805.184913439756,43706.11366716722,0.0,2099.071246272535,2.5153212845907547e-12,3823.3286413194974,3964.8796810063673
mask_010,2025-08-02,28487.360674089654,15.310876895759035,1760.6227385189409,880.3113692594704,-865.0004923637114,1.467756760575867e-11,27622.360181725955,45820.46055857813,43700.269539321496,8.16863423866846,2128.359653495305,2.589928271845565e-12,3809.580560694958,3957.7808941121157
mask_011,2025-08-02,28487.360674089654,0.0,1734.6989049924807,867.3494524962404,-867.3494524962404,1.439577346218357e-11,27620.011221593428,45820.46055857813,43721.3893123056,0.0,2099.071246272535,2.5153212845907547e-12,3809.580560694958,3964.8796810063673
mask_100,2025-08-02,28484.404526432125,0.0,16.59209216895812,8.29604608447906,-8.29604608447906,1.5248151630231634e-11,28476.108480347662,45812.49894355651,45796.723418036636,0.0,15.775525519872076,2.651212582804874e-12,3816.7460142144214,3957.9733185044843
mask_101,2025-08-02,28484.354360303365,0.0,1743.8375063913727,871.9187531956863,-871.9187531956863,1.5248151630231634e-11,27612.43560710769,45812.36383413351,43703.86271282947,0.0,2108.5011213040407,2.651212582804874e-12,3816.8676126951186,3957.9733185044843
mask_110,2025-08-02,28487.360674089654,17.007745016968457,1781.9993005689498,890.9996502844749,-873.9919052675064,1.5248151630231634e-11,27613.36876882216,45820.46055857813,43685.92073259795,10.86074033082025,2145.4005663109992,2.651212582804874e-12,3809.580560694958,3958.3522075100445
mask_111,2025-08-02,28487.360674089654,0.0,1743.8375063913727,871.9187531956863,-871.9187531956863,1.5248151630231634e-11,27615.44192089398,45820.46055857813,43711.95943727409,0.0,2108.5011213040407,2.651212582804874e-12,3809.580560694958,3957.9733185044843
forecast_only,2025-08-02,28467.57272757846,0.0,0.0,0.0,0.0,1.8758153252917964e-11,28467.572727578477,45767.166870155845,45767.166870155845,0.0,0.0,3.2240876635114546e-12,3857.5448802750166,3966.51799612565
mask_000,2025-08-03,44018.24062923807,0.0,0.0,0.0,0.0,1432.5043886222393,45450.74501786031,67615.39375351812,67615.39375351812,0.0,0.0,267.7037407390635,3966.51799612565,1450.770303830571
mask_001,2025-08-03,44019.02210554997,304.6402145349057,372.3020247875372,186.1510123937686,118.48920214113707,2034.2993638571884,46171.81067154829,67617.21410365065,67157.76524239186,283.6566437467036,743.1055050054995,474.344745614276,3964.8796810063673,1344.5442813077354
mask_010,2025-08-03,44022.40822689852,0.0,1028.915027714418,514.457513857209,-514.457513857209,1460.1464737933352,44968.097186834646,67625.10164464427,66220.35468282388,0.0,1404.7469618203954,275.81460207602,3957.7808941121157,1448.7943399317764
mask_011,2025-08-03,44019.02210554997,307.07244409006694,2231.0378106506387,1115.5189053253193,-808.4464612352524,3605.145866860929,46815.721511175645,67617.21410365065,65103.679763073415,287.50372691634163,2801.0380674935896,712.7761233241368,3964.8796810063673,1346.408636997637
mask_100,2025-08-03,44022.316440463364,0.0,0.0,0.0,0.0,1432.5043886222393,45454.820829085606,67624.88783976386,67624.88783976386,0.0,0.0,267.7037407390635,3957.9733185044843,1450.770303830571
mask_101,2025-08-03,44022.316440463364,304.6402145349057,372.3020247875372,186.1510123937686,118.48920214113707,2034.2993638571884,46175.10500646169,67624.88783976386,67165.43897850506,283.6566437467036,743.1055050054995,474.344745614276,3957.9733185044843,1344.5442813077354
mask_110,2025-08-03,44022.13571040771,0.0,1028.915027714418,514.457513857209,-514.457513857209,1460.1464737933352,44967.82467034384,67624.4668519799,66219.71989015951,0.0,1404.7469618203954,275.81460207602,3958.3522075100445,1448.7943399317764
mask_111,2025-08-03,44022.316440463364,307.07244409006694,2231.0378106506387,1115.5189053253193,-808.4464612352524,3605.145866860929,46819.01584608904,67624.88783976386,65111.35349918662,287.50372691634163,2801.0380674935896,712.7761233241368,3957.9733185044843,1346.408636997637
forecast_only,2025-08-03,44018.24062923807,0.0,0.0,0.0,0.0,1432.5043886222393,45450.74501786031,67615.39375351812,67615.39375351812,0.0,0.0,267.7037407390635,3966.51799612565,1450.770303830571
mask_000,2025-08-04,48493.37649980158,0.0,0.0,0.0,0.0,2.628852868724607e-11,48493.37649980161,75123.4549377019,75123.4549377019,0.0,0.0,5.615063969344192e-12,1450.770303830571,1921.0037216281744
mask_001,2025-08-04,48544.25876459002,0.0,0.0,0.0,0.0,2.628852868724607e-11,48544.25876459005,75241.48385161618,75241.48385161618,0.0,0.0,5.615063969344192e-12,1344.5442813077354,1921.0037216281744
mask_010,2025-08-04,48494.3229865091,0.0,3519.038434425909,1759.5192172129546,-1759.5192172129546,3.2797404347917335e-11,46734.80376929618,75125.650453145,70259.70437581025,0.0,4865.9460773347555,7.397638057682343e-12,1448.7943399317764,1486.8064660323553
mask_011,2025-08-04,48543.365738214554,0.0,3519.038434425909,1759.5192172129546,-1759.5192172129546,3.2797404347917335e-11,46783.84652100164,75239.41234529405,70373.4662679593,0.0,4865.9460773347555,7.397638057682343e-12,1346.408636997637,1486.8064660323553
mask_100,2025-08-04,48493.37649980158,0.0,134.06132413717577,67.03066206858789,-67.03066206858789,2.6243915485224528e-11,48426.345837733024,75123.4549377019,75011.97908507742,0.0,111.47585262448956,5.770939282001564e-12,1450.770303830571,1873.7532011405722
mask_101,2025-08-04,48544.25876459002,0.0,134.06132413717577,67.03066206858789,-67.03066206858789,2.6243915485224528e-11,48477.22810252146,75241.48385161618,75130.00799899168,0.0,111.47585262448956,5.770939282001564e-12,1344.5442813077354,1873.7532011405722
mask_110,2025-08-04,48494.3229865091,0.0,3519.038434425909,1759.5192172129546,-1759.5192172129546,3.2797404347917335e-11,46734.80376929618,75125.650453145,70259.70437581025,0.0,4865.9460773347555,7.397638057682343e-12,1448.7943399317764,1486.8064660323553
mask_111,2025-08-04,48543.365738214554,0.0,3519.038434425909,1759.5192172129546,-1759.5192172129546,3.2797404347917335e-11,46783.84652100164,75239.41234529405,70373.4662679593,0.0,4865.9460773347555,7.397638057682343e-12,1346.408636997637,1486.8064660323553
forecast_only,2025-08-04,48493.37649980158,0.0,0.0,0.0,0.0,2.628852868724607e-11,48493.37649980161,75123.4549377019,75123.4549377019,0.0,0.0,5.615063969344192e-12,1450.770303830571,1921.0037216281744
mask_000,2025-08-05,47275.85891299418,0.0,0.0,0.0,0.0,2.6541465691920506e-11,47275.85891299421,73834.10689325457,73834.10689325457,0.0,0.0,4.9510395783158856e-12,1921.0037216281744,1968.323036170635
mask_001,2025-08-05,47275.85891299418,0.0,0.0,0.0,0.0,2.6541465691920506e-11,47275.85891299421,73834.10689325457,73834.10689325457,0.0,0.0,4.9510395783158856e-12,1921.0037216281744,1968.323036170635
mask_010,2025-08-05,47483.83939842458,0.0,2348.43783909431,1174.218919547155,-1174.218919547155,226.69651835866378,46536.31699723609,74316.54828836105,71306.89798540928,0.0,3009.650302951778,33.601253486017406,1486.8064660323553,1441.1674646883114
mask_011,2025-08-05,47483.83939842458,0.0,2348.43783909431,1174.218919547155,-1174.218919547155,226.69651835866378,46536.31699723609,74316.54828836105,71306.89798540928,0.0,3009.650302951778,33.601253486017406,1486.8064660323553,1441.1674646883114
mask_100,2025-08-05,47298.49191230775,0.0,515.4439707092855,257.72198535464275,-257.72198535464275,247.5179447000354,47288.28787165314,73886.60747157414,73319.26253936073,0.0,567.3449322134142,36.687337983117416,1873.7532011405722,1438.3582668570323
mask_101,2025-08-05,47298.49191230775,0.0,515.4439707092855,257.72198535464275,-257.72198535464275,247.5179447000354,47288.28787165314,73886.60747157414,73319.26253936073,0.0,567.3449322134142,36.687337983117416,1873.7532011405722,1438.3582668570323
mask_110,2025-08-05,47483.83939842458,0.0,2348.43783909431,1174.218919547155,-1174.218919547155,226.69651835866378,46536.31699723609,74316.54828836105,71306.89798540928,0.0,3009.650302951778,33.601253486017406,1486.8064660323553,1441.1674646883114
mask_111,2025-08-05,47483.83939842458,0.0,2348.43783909431,1174.218919547155,-1174.218919547155,226.69651835866378,46536.31699723609,74316.54828836105,71306.89798540928,0.0,3009.650302951778,33.601253486017406,1486.8064660323553,1441.1674646883114
forecast_only,2025-08-05,47275.85891299418,0.0,0.0,0.0,0.0,2.6541465691920506e-11,47275.85891299421,73834.10689325457,73834.10689325457,0.0,0.0,4.9510395783158856e-12,1921.0037216281744,1968.323036170635
mask_000,2025-08-06,51324.38568452874,0.0,0.0,0.0,0.0,3.792914854416907e-11,51324.385684528774,79242.1516619296,79242.1516619296,0.0,0.0,8.285261365870156e-12,1968.323036170635,1802.661658250525
mask_001,2025-08-06,51324.38568452874,0.0,5187.787273955106,2593.893636977553,-2593.893636977553,1290.2570485284086,50020.74909607959,79242.1516619296,72804.37879405828,0.0,6437.77286787133,243.628338783428,1968.323036170635,1321.9059703610758
mask_010,2025-08-06,51576.89320326876,0.0,4847.881110850532,2423.940555425266,-2423.940555425266,815.2582339262628,49968.21088176976,79827.88007468774,73620.43934011081,0.0,6207.440734576921,173.46508548826128,1441.1674646883114,1322.2119337314864
mask_011,2025-08-06,51576.89320326876,0.0,5187.787273955106,2593.893636977553,-2593.893636977553,1290.2570485284086,50273.25661481961,79827.88007468774,73390.1072068164,0.0,6437.77286787133,243.628338783428,1441.1674646883114,1321.9059703610758
mask_100,2025-08-06,51578.23880902995,0.0,609.5732821490498,304.7866410745249,-304.7866410745249,723.4680742723496,51996.920242227774,79831.00140561139,79200.9705939903,0.0,630.0308116210789,152.72158800627824,1438.3582668570323,1316.0981964150499
mask_101,2025-08-06,51578.23880902995,0.0,5187.787273955106,2593.893636977553,-2593.893636977553,1290.2570485284086,50274.602220580804,79831.00140561139,73393.22853774005,0.0,6437.77286787133,243.628338783428,1438.3582668570323,1321.9059703610758
mask_110,2025-08-06,51576.89320326876,0.0,4847.881110850532,2423.940555425266,-2423.940555425266,815.2582339262628,49968.21088176976,79827.88007468774,73620.43934011081,0.0,6207.440734576921,173.46508548826128,1441.1674646883114,1322.2119337314864
mask_111,2025-08-06,51576.89320326876,0.0,5187.787273955106,2593.893636977553,-2593.893636977553,1290.2570485284086,50273.25661481961,79827.88007468774,73390.1072068164,0.0,6437.77286787133,243.628338783428,1441.1674646883114,1321.9059703610758
forecast_only,2025-08-06,51324.38568452874,0.0,0.0,0.0,0.0,3.792914854416907e-11,51324.385684528774,79242.1516619296,79242.1516619296,0.0,0.0,8.285261365870156e-12,1968.323036170635,1802.661658250525
mask_000,2025-08-07,50826.22523730008,0.0,0.0,0.0,0.0,192.7334498914325,51018.958687191516,81533.0486437352,81533.0486437352,0.0,0.0,28.533641881276285,1802.661658250525,1787.7413394858318
mask_001,2025-08-07,51056.50721179912,273.70926080433753,5360.995610965537,2680.4978054827684,-2406.7885446784308,192.73344989143393,48842.45211701212,82067.22163027903,71639.83087121513,225.4459275151122,10652.836686579009,28.53364188127673,1321.9059703610758,1506.5506157451518
mask_010,2025-08-07,51056.3606553447,8.492106594340573,2803.2681756004044,1401.6340878002022,-1393.1419812058618,192.73344989143274,49855.95212403028,82066.88167097856,76702.85566568753,7.028435004626999,5371.054440295664,28.5336418812764,1322.2119337314864,1522.075998996941
mask_011,2025-08-07,51056.50721179912,280.48061185442975,6164.992904116605,3082.4964520583026,-2802.0158402038733,192.73344989143138,48447.22482148668,82067.22163027903,70499.376619525,236.15624497065073,11804.001255724674,28.533641881276278,1321.9059703610758,1485.062153642746
mask_100,2025-08-07,51059.28913551927,0.0,450.21888574425674,225.10944287212837,-225.10944287212837,954.3918254212701,51788.571518068406,82073.67471244128,81572.90959504491,0.0,500.7651173963694,140.12942157117615,1316.0981964150499,1411.977565705171
mask_101,2025-08-07,51056.50721179912,273.70926080433753,5360.995610965537,2680.4978054827684,-2406.7885446784308,192.73344989143393,48842.45211701212,82067.22163027903,71639.83087121513,225.4459275151122,10652.836686579009,28.53364188127673,1321.9059703610758,1506.5506157451518
mask_110,2025-08-07,51056.3606553447,8.492106594340573,2803.2681756004044,1401.6340878002022,-1393.1419812058618,192.73344989143274,49855.95212403028,82066.88167097856,76702.85566568753,7.028435004626999,5371.054440295664,28.5336418812764,1322.2119337314864,1522.075998996941
mask_111,2025-08-07,51056.50721179912,280.48061185442975,6164.992904116605,3082.4964520583026,-2802.0158402038733,192.73344989143138,48447.22482148668,82067.22163027903,70499.376619525,236.15624497065073,11804.001255724674,28.533641881276278,1321.9059703610758,1485.062153642746
forecast_only,2025-08-07,50826.22523730008,0.0,0.0,0.0,0.0,192.7334498914325,51018.958687191516,81533.0486437352,81533.0486437352,0.0,0.0,28.533641881276285,1802.661658250525,1787.7413394858318
mask_000,2025-08-08,26327.363761564917,0.0,0.0,0.0,0.0,2.355725214897575e-11,26327.36376156494,44226.708875407894,44226.708875407894,0.0,0.0,3.845812557301542e-12,1787.7413394858318,3280.4351411226985
mask_001,2025-08-08,26460.752237226414,0.0,1015.0110905553809,507.50554527769043,-507.50554527769043,2.718812941449045e-11,25953.24669194875,44539.14301289754,43407.85715933532,0.0,1131.2858535622208,4.371392137159091e-12,1506.5506157451518,2818.3739883940475
mask_010,2025-08-08,26453.384580352147,0.0,1178.4439200449594,589.2219600224797,-589.2219600224797,2.3299890017369763e-11,25864.162620329687,44521.89258706222,43231.414023274934,0.0,1290.4785637872797,3.767652856367931e-12,1522.075998996941,2793.5067368863993
mask_011,2025-08-08,26470.949706297455,0.46942136471490226,1174.3866101479207,587.1933050739603,-586.7238837092455,2.3312510255557582e-11,25884.225822588232,44563.01908190022,43272.54051811293,0.7779927320735851,1291.256556519352,3.830047390351865e-12,1485.062153642746,2794.902801622288
mask_100,2025-08-08,26505.63240352872,0.0,481.3870937781498,240.6935468890749,-240.6935468890749,1.949355876718073e-11,26264.938856639663,44644.22417960863,44110.097176237054,0.0,534.127003371575,3.078426402680634e-12,1411.977565705171,2777.330635358379
mask_101,2025-08-08,26460.752237226414,0.0,1015.0110905553809,507.50554527769043,-507.50554527769043,2.718812941449045e-11,25953.24669194875,44539.14301289754,43407.85715933532,0.0,1131.2858535622208,4.371392137159091e-12,1506.5506157451518,2818.3739883940475
mask_110,2025-08-08,26453.384580352147,0.0,1178.4439200449594,589.2219600224797,-589.2219600224797,2.3299890017369763e-11,25864.162620329687,44521.89258706222,43231.414023274934,0.0,1290.4785637872797,3.767652856367931e-12,1522.075998996941,2793.5067368863993
mask_111,2025-08-08,26470.949706297455,0.46942136471490226,1174.3866101479207,587.1933050739603,-586.7238837092455,2.3312510255557582e-11,25884.225822588232,44563.01908190022,43272.54051811293,0.7779927320735851,1291.256556519352,3.830047390351865e-12,1485.062153642746,2794.902801622288
forecast_only,2025-08-08,26327.363761564917,0.0,0.0,0.0,0.0,2.355725214897575e-11,26327.36376156494,44226.708875407894,44226.708875407894,0.0,0.0,3.845812557301542e-12,1787.7413394858318,3280.4351411226985
mask_000,2025-08-09,23677.917101583564,0.0,0.0,0.0,0.0,8.158121733714553e-12,23677.91710158357,39312.318185254095,39312.318185254095,0.0,0.0,1.610267474916327e-12,3280.4351411226985,1957.6432890530932
mask_001,2025-08-09,23886.872622107257,0.0,1310.0751686847887,655.0375843423943,-655.0375843423943,198.37992996720237,23430.214967732067,39825.7194660637,38426.7469438742,0.0,1398.9725221895053,60.52274033103402,2818.3739883940475,1443.5621321640929
mask_010,2025-08-09,23898.601675735033,0.0,1077.2090259524364,538.6045129762182,-538.6045129762182,49.46247722061682,23409.459639979428,39853.34974551665,38698.90555000302,0.0,1154.4441955136242,23.55400517502279,2793.5067368863993,1446.063716497718
mask_011,2025-08-09,23897.943198534605,0.0,1310.0751686847887,655.0375843423943,-655.0375843423943,198.37992996720237,23441.285544159415,39851.798562476775,38452.82604028726,0.0,1398.9725221895053,60.52274033103402,2794.902801622288,1443.5621321640929
mask_100,2025-08-09,23906.231403622416,0.0,491.2930287050344,245.6465143525172,-245.6465143525172,125.83232573692945,23786.41721500683,39871.32319165889,39331.82875253192,0.0,539.4944391269746,43.21460995045273,2777.330635358379,1445.2102680218493
mask_101,2025-08-09,23886.872622107257,0.0,1310.0751686847887,655.0375843423943,-655.0375843423943,198.37992996720237,23430.214967732067,39825.7194660637,38426.7469438742,0.0,1398.9725221895053,60.52274033103402,2818.3739883940475,1443.5621321640929
mask_110,2025-08-09,23898.601675735033,0.0,1077.2090259524364,538.6045129762182,-538.6045129762182,49.46247722061682,23409.459639979428,39853.34974551665,38698.90555000302,0.0,1154.4441955136242,23.55400517502279,2793.5067368863993,1446.063716497718
mask_111,2025-08-09,23897.943198534605,0.0,1310.0751686847887,655.0375843423943,-655.0375843423943,198.37992996720237,23441.285544159415,39851.798562476775,38452.82604028726,0.0,1398.9725221895053,60.52274033103402,2794.902801622288,1443.5621321640929
forecast_only,2025-08-09,23677.917101583564,0.0,0.0,0.0,0.0,8.158121733714553e-12,23677.91710158357,39312.318185254095,39312.318185254095,0.0,0.0,1.610267474916327e-12,3280.4351411226985,1957.6432890530932
mask_000,2025-08-10,47406.67762301649,0.0,0.0,0.0,0.0,350.8994495519653,47757.577072568456,73900.37342120038,73900.37342120038,0.0,0.0,51.06083036207563,1957.6432890530932,1689.7106581903206
mask_001,2025-08-10,47652.92249716632,0.0,3833.6041674706885,1916.8020837353442,-1916.8020837353442,2934.2854582135387,48670.40587164452,74471.5747066326,68581.26192353795,0.0,5890.312783094643,439.46514202395616,1443.5621321640929,1321.2347871934123
mask_010,2025-08-10,47651.724238270515,0.0,3875.0585803908334,1937.5292901954167,-1937.5292901954167,2525.0870246157137,48239.28197269081,74468.79516848412,68786.73288847771,0.0,5682.062280006417,378.2419255284532,1446.063716497718,1329.5203503597813
mask_011,2025-08-10,47652.92249716632,0.0,3833.6041674706885,1916.8020837353442,-1916.8020837353442,2934.2854582135387,48670.40587164452,74471.5747066326,68581.26192353795,0.0,5890.312783094643,439.46514202395616,1443.5621321640929,1321.2347871934123
mask_100,2025-08-10,47652.133040090455,0.0,564.9840197821816,282.4920098910908,-282.4920098910908,1532.8583179351924,48902.49934813455,74469.74344456842,73887.11606117696,0.0,582.6273833914661,230.26295872301995,1445.2102680218493,1327.8267353467033
mask_101,2025-08-10,47652.92249716632,0.0,3833.6041674706885,1916.8020837353442,-1916.8020837353442,2934.2854582135387,48670.40587164452,74471.5747066326,68581.26192353795,0.0,5890.312783094643,439.46514202395616,1443.5621321640929,1321.2347871934123
mask_110,2025-08-10,47651.724238270515,0.0,3875.0585803908334,1937.5292901954167,-1937.5292901954167,2525.0870246157137,48239.28197269081,74468.79516848412,68786.73288847771,0.0,5682.062280006417,378.2419255284532,1446.063716497718,1329.5203503597813
mask_111,2025-08-10,47652.92249716632,0.0,3833.6041674706885,1916.8020837353442,-1916.8020837353442,2934.2854582135387,48670.40587164452,74471.5747066326,68581.26192353795,0.0,5890.312783094643,439.46514202395616,1443.5621321640929,1321.2347871934123
forecast_only,2025-08-10,47406.67762301649,0.0,0.0,0.0,0.0,350.8994495519653,47757.577072568456,73900.37342120038,73900.37342120038,0.0,0.0,51.06083036207563,1957.6432890530932,1689.7106581903206
mask_000,2025-08-11,45708.607035487,0.0,0.0,0.0,0.0,2273.6157823673702,47982.222817854374,72865.2487279968,72865.2487279968,0.0,0.0,335.7236471304764,1689.7106581903206,1564.7813374859847
mask_001,2025-08-11,45885.10697769452,247.08127060732465,994.4428675112886,497.2214337556443,-250.14016314831963,1352.3892181921065,46987.35603273831,73274.66636243781,71451.60081487935,229.0977446294624,2052.1632921879113,200.32380715165615,1321.2347871934123,1295.8111309350788
mask_010,2025-08-11,45881.138192937826,227.83835963092264,1157.531294348126,578.765647174063,-350.9272875431403,1346.3374276651211,46876.54833305981,73265.46018114184,70953.42328710938,223.0588853401255,2535.095779372583,199.2009218140577,1329.5203503597813,1305.7361896690632
mask_011,2025-08-11,45885.10697769452,253.71869611231506,1669.5106864698855,834.7553432349428,-581.0366471226278,1352.3892181921083,46656.45954876401,73274.66636243781,69916.03517617288,238.43988950795352,3597.0710757728784,200.32380715165675,1321.2347871934123,1303.2096976594694
mask_100,2025-08-11,45881.949434529095,0.0,179.74255460629152,89.87127730314576,-89.87127730314576,2374.9690173661234,48167.047174592066,73267.34197560082,72978.61099779521,0.0,288.7309778056035,352.2283891028903,1327.8267353467033,1303.9257735078934
mask_101,2025-08-11,45885.10697769452,247.08127060732465,994.4428675112886,497.2214337556443,-250.14016314831963,1352.3892181921065,46987.35603273831,73274.66636243781,71451.60081487935,229.0977446294624,2052.1632921879113,200.32380715165615,1321.2347871934123,1295.8111309350788
mask_110,2025-08-11,45881.138192937826,227.83835963092264,1157.531294348126,578.765647174063,-350.9272875431403,1346.3374276651211,46876.54833305981,73265.46018114184,70953.42328710938,223.0588853401255,2535.095779372583,199.2009218140577,1329.5203503597813,1305.7361896690632
mask_111,2025-08-11,45885.10697769452,253.71869611231506,1669.5106864698855,834.7553432349428,-581.0366471226278,1352.3892181921083,46656.45954876401,73274.66636243781,69916.03517617288,238.43988950795352,3597.0710757728784,200.32380715165675,1321.2347871934123,1303.2096976594694
forecast_only,2025-08-11,45708.607035487,0.0,0.0,0.0,0.0,2273.6157823673702,47982.222817854374,72865.2487279968,72865.2487279968,0.0,0.0,335.7236471304764,1689.7106581903206,1564.7813374859847
mask_000,2025-08-12,49409.34265570841,0.0,0.0,0.0,0.0,1390.3408038192392,50799.683459527645,78946.6569212046,78946.6569212046,0.0,0.0,205.07760905865737,1564.7813374859847,1674.726159939499
mask_001,2025-08-12,49538.1793846463,549.6461088579782,2640.111722010525,1320.0558610052626,-770.4097521472845,1556.9493319044586,50324.71896440347,79245.51270626116,74486.01042655128,462.79462601401804,5222.296905723894,240.15230487514435,1295.8111309350788,1419.575565657212
mask_010,2025-08-12,49533.42528151271,0.0,2458.987376102128,1229.493688051064,-1229.493688051064,2897.058850834848,51200.99044429649,79234.48486322339,74721.96255430192,0.0,4512.522308921469,436.7138321864346,1305.7361896690632,1422.4251833199758
mask_011,2025-08-12,49534.635471185306,552.3270523976994,3991.4411854998402,1995.7205927499201,-1443.3935403522207,2989.73116243792,51080.97309327101,79237.29207656739,72410.74230643603,467.0351027192389,7293.584872850591,451.28044247298885,1303.2096976594694,1421.9929998130945
mask_100,2025-08-12,49534.292470853914,0.0,0.0,0.0,0.0,1390.3408038192392,50924.63327467315,79236.4964367358,79236.4964367358,0.0,0.0,205.07760905865737,1303.9257735078934,1674.726159939499
mask_101,2025-08-12,49538.1793846463,549.6461088579782,2640.111722010525,1320.0558610052626,-770.4097521472845,1556.9493319044586,50324.71896440347,79245.51270626116,74486.01042655128,462.79462601401804,5222.296905723894,240.15230487514435,1295.8111309350788,1419.575565657212
mask_110,2025-08-12,49533.42528151271,0.0,2458.987376102128,1229.493688051064,-1229.493688051064,2897.058850834848,51200.99044429649,79234.48486322339,74721.96255430192,0.0,4512.522308921469,436.7138321864346,1305.7361896690632,1422.4251833199758
mask_111,2025-08-12,49534.635471185306,552.3270523976994,3991.4411854998402,1995.7205927499201,-1443.3935403522207,2989.73116243792,51080.97309327101,79237.29207656739,72410.74230643603,467.0351027192389,7293.584872850591,451.28044247298885,1303.2096976594694,1421.9929998130945
forecast_only,2025-08-12,49409.34265570841,0.0,0.0,0.0,0.0,1390.3408038192392,50799.683459527645,78946.6569212046,78946.6569212046,0.0,0.0,205.07760905865737,1564.7813374859847,1674.726159939499
mask_000,2025-08-13,45242.03461318721,0.0,0.0,0.0,0.0,78.31319760335003,45320.347810790554,71771.30597871251,71771.30597871251,0.0,0.0,11.226089105987619,1674.726159939499,1939.1880352007026
mask_001,2025-08-13,45364.25174784842,0.0,1083.3237781202683,541.6618890601342,-541.6618890601342,3666.470154472995,48489.06001326128,72054.80663902615,70787.03070440663,0.0,1267.775934619533,592.5178786717744,1419.575565657212,1654.590760224693
mask_010,2025-08-13,45362.88678098796,0.0,0.0,0.0,0.0,78.31319760335003,45441.19997859131,72051.64039717863,72051.64039717863,0.0,0.0,11.226089105987619,1422.4251833199758,1939.1880352007026
mask_011,2025-08-13,45363.093796887755,0.0,1083.3237781202683,541.6618890601342,-541.6618890601342,3589.6056603327306,48411.03756816035,72052.12060107518,70784.34466645564,0.0,1267.775934619533,592.5178786717746,1421.9929998130945,1654.590760224693
mask_100,2025-08-13,45242.03461318721,0.0,0.0,0.0,0.0,78.31319760335003,45320.347810790554,71771.30597871251,71771.30597871251,0.0,0.0,11.226089105987619,1674.726159939499,1939.1880352007026
mask_101,2025-08-13,45364.25174784842,803.1643963289177,1083.3237781202683,541.6618890601342,261.5025072687836,1048.546945220221,46674.301200337424,72054.80663902615,71193.11410988512,406.0834054784913,1267.775934619533,194.41287768390123,1419.575565657212,1659.4221265363979
mask_110,2025-08-13,45362.88678098796,0.0,0.0,0.0,0.0,78.31319760335003,45441.19997859131,72051.64039717863,72051.64039717863,0.0,0.0,11.226089105987619,1422.4251833199758,1939.1880352007026
mask_111,2025-08-13,45363.093796887755,694.2844765532706,1083.3237781202683,541.6618890601342,152.6225874931364,1310.0499302885023,46825.76631466939,72052.12060107518,71136.42807193413,352.0834054784914,1267.775934619533,247.72098988730846,1421.9929998130945,1659.4221265363979
forecast_only,2025-08-13,45242.03461318721,0.0,0.0,0.0,0.0,78.31319760335003,45320.347810790554,71771.30597871251,71771.30597871251,0.0,0.0,11.226089105987619,1674.726159939499,1939.1880352007026
mask_000,2025-08-14,46937.94789839524,0.0,0.0,0.0,0.0,391.13044164309133,47329.07834003834,73217.04700177415,73217.04700177415,0.0,0.0,56.44629811882156,1939.1880352007026,1786.5265266021638
mask_001,2025-08-14,47074.26999310875,0.0,0.0,0.0,0.0,391.13044164309133,47465.40043475184,73533.26619619192,73533.26619619192,0.0,0.0,56.44629811882156,1654.590760224693,1786.5265266021638
mask_010,2025-08-14,46937.94789839524,0.0,2088.1257547029927,1044.0628773514964,-1044.0628773514964,2616.8503485778365,48510.73536962158,73217.04700177415,70835.31491476945,0.0,2381.732087004695,418.2485568898206,1939.1880352007026,1510.2006042304051
mask_011,2025-08-14,47074.26999310875,0.0,2088.1257547029927,1044.0628773514964,-1044.0628773514964,2616.8503485778365,48647.05746433509,73533.26619619192,71151.53410918723,0.0,2381.732087004695,418.2485568898206,1654.590760224693,1510.2006042304051
mask_100,2025-08-14,46937.94789839524,0.0,74.10669487204774,37.05334743602387,-37.05334743602387,395.4439299551508,47296.338480914375,73217.04700177415,73155.01110394545,0.0,62.03589782868903,57.074285498193255,1939.1880352007026,1754.5893040059032
mask_101,2025-08-14,47071.95576864544,0.0,74.10669487204774,37.05334743602387,-37.05334743602387,395.4439299551508,47430.346351164575,73527.89801140115,73465.86211357245,0.0,62.03589782868903,57.074285498193255,1659.4221265363979,1754.5893040059032
mask_110,2025-08-14,46937.94789839524,0.0,2088.1257547029927,1044.0628773514964,-1044.0628773514964,2616.8503485778365,48510.73536962158,73217.04700177415,70835.31491476945,0.0,2381.732087004695,418.2485568898206,1939.1880352007026,1510.2006042304051
mask_111,2025-08-14,47071.95576864544,0.0,2088.1257547029927,1044.0628773514964,-1044.0628773514964,2616.8503485778365,48644.74323987179,73527.89801140115,71146.16592439645,0.0,2381.732087004695,418.2485568898206,1659.4221265363979,1510.2006042304051
forecast_only,2025-08-14,46937.94789839524,0.0,0.0,0.0,0.0,391.13044164309133,47329.07834003834,73217.04700177415,73217.04700177415,0.0,0.0,56.44629811882156,1939.1880352007026,1786.5265266021638
mask_000,2025-08-15,25912.125607103695,0.0,0.0,0.0,0.0,1.0037508602067648e-11,25912.125607103706,43124.0806671255,43124.0806671255,0.0,0.0,2.1582735598713043e-12,1786.5265266021638,2574.661204415663
mask_001,2025-08-15,25912.125607103695,0.0,2036.2994712585946,1018.1497356292973,-1018.1497356292973,2.4967246492479948e-11,24893.975871474424,43124.0806671255,40927.54645794052,0.0,2196.5342091849657,4.690470234436361e-12,1786.5265266021638,1949.9674297115425
mask_010,2025-08-15,26043.1962029487,0.0,2337.2136907849012,1168.6068453924506,-1168.6068453924506,1.8056035777647143e-11,24874.589357556266,43431.10946976078,40917.24984889124,0.0,2513.8596208695417,3.4301450568818836e-12,1510.2006042304051,1947.3156375698197
mask_011,2025-08-15,26043.1962029487,4.863668273797911,2338.4852401910657,1169.2426200955329,-1164.378951821735,2.0057560057296087e-11,24878.81725112699,43431.10946976078,40917.8624162163,7.69291546479451,2520.939969009276,3.707256723828323e-12,1510.2006042304051,1947.815348317961
mask_100,2025-08-15,25927.27449635519,0.0,592.9007477142363,296.45037385711817,-296.45037385711817,1.8734136908449275e-11,25630.82412249809,43159.56647001023,42538.56543997318,0.0,621.0010300370477,3.538502824085299e-12,1754.5893040059032,1945.476426431541
mask_101,2025-08-15,25927.27449635519,0.0,2036.2994712585946,1018.1497356292973,-1018.1497356292973,2.4967246492479948e-11,24909.124760725917,43159.56647001023,40963.03226082526,0.0,2196.5342091849657,4.690470234436361e-12,1754.5893040059032,1949.9674297115425
mask_110,2025-08-15,26043.1962029487,0.0,2337.2136907849012,1168.6068453924506,-1168.6068453924506,1.8056035777647143e-11,24874.589357556266,43431.10946976078,40917.24984889124,0.0,2513.8596208695417,3.4301450568818836e-12,1510.2006042304051,1947.3156375698197
mask_111,2025-08-15,26043.1962029487,4.863668273797911,2338.4852401910657,1169.2426200955329,-1164.378951821735,2.0057560057296087e-11,24878.81725112699,43431.10946976078,40917.8624162163,7.69291546479451,2520.939969009276,3.707256723828323e-12,1510.2006042304051,1947.815348317961
forecast_only,2025-08-15,25912.125607103695,0.0,0.0,0.0,0.0,1.0037508602067648e-11,25912.125607103706,43124.0806671255,43124.0806671255,0.0,0.0,2.1582735598713043e-12,1786.5265266021638,2574.661204415663
mask_000,2025-08-16,25859.90963720792,0.0,0.0,0.0,0.0,1.4031897865862675e-11,25859.909637207933,41952.73645965685,41952.73645965685,0.0,0.0,2.822186928597148e-12,2574.661204415663,1784.7923347531166
mask_001,2025-08-16,26154.566208501485,0.0,3740.4265326852924,1870.2132663426462,-1870.2132663426462,2256.1514141620355,26540.504356320875,42646.84065377255,38417.856231660044,0.0,4228.984422112499,335.35991627791634,1949.9674297115425,1495.0973515805065
mask_010,2025-08-16,26155.81785439238,0.0,3631.9993314094845,1815.9996657047423,-1815.9996657047423,2006.6122014988487,26346.430390186484,42649.78708948557,38526.75092237619,0.0,4123.0361671093815,298.11525767147094,1947.3156375698197,1501.744094665255
mask_011,2025-08-16,26155.581990919254,0.0,3740.4265326852924,1870.2132663426462,-1870.2132663426462,2256.1514141620355,26541.520138738644,42649.23185532098,38420.24743320847,0.0,4228.984422112499,335.35991627791634,1947.815348317961,1495.0973515805065
mask_100,2025-08-16,26156.685962049643,0.0,574.8501335778371,287.42506678891857,-287.42506678891857,2090.0796848321843,27959.340580092907,42651.830657417,42039.69879509998,0.0,612.1318623170107,310.5730910048044,1945.476426431541,1501.744094665255
mask_101,2025-08-16,26154.566208501485,0.0,3740.4265326852924,1870.2132663426462,-1870.2132663426462,2256.1514141620355,26540.504356320875,42646.84065377255,38417.856231660044,0.0,4228.984422112499,335.35991627791634,1949.9674297115425,1495.0973515805065
mask_110,2025-08-16,26155.81785439238,0.0,3631.9993314094845,1815.9996657047423,-1815.9996657047423,2006.6122014988487,26346.430390186484,42649.78708948557,38526.75092237619,0.0,4123.0361671093815,298.11525767147094,1947.3156375698197,1501.744094665255
mask_111,2025-08-16,26155.581990919254,0.0,3740.4265326852924,1870.2132663426462,-1870.2132663426462,2256.1514141620355,26541.520138738644,42649.23185532098,38420.24743320847,0.0,4228.984422112499,335.35991627791634,1947.815348317961,1495.0973515805065
forecast_only,2025-08-16,25859.90963720792,0.0,0.0,0.0,0.0,1.4031897865862675e-11,25859.909637207933,41952.73645965685,41952.73645965685,0.0,0.0,2.822186928597148e-12,2574.661204415663,1784.7923347531166
mask_000,2025-08-17,47581.27636457655,0.0,0.0,0.0,0.0,2009.0213299024008,49590.297694478955,76255.56812912729,76255.56812912729,0.0,0.0,295.99746203126017,1784.7923347531166,1658.4120167574497
mask_001,2025-08-17,47720.04026151623,0.0,3362.3733032878977,1681.1866516439488,-1681.1866516439488,5349.538232842493,51388.39184271477,76577.45144376352,70645.4345711194,0.0,5932.016872644101,817.5457228619142,1495.0973515805065,1355.7046979813304
mask_010,2025-08-17,47716.85647157864,0.0,1916.2651026071137,958.1325513035569,-958.1325513035569,2093.997978253007,48852.72189852809,76570.06617366936,72735.20704130834,0.0,3834.8591323609953,308.5968612974195,1501.744094665255,1366.4516279605905
mask_011,2025-08-17,47720.04026151623,921.4448911805866,4323.287055956045,2161.6435279780226,-1240.198636797436,2720.9834403951118,49200.8250651139,76577.45144376352,69175.97501032465,663.3772874913593,8064.8537209302285,402.9315295647792,1495.0973515805065,1366.4516279605905
mask_100,2025-08-17,47716.85647157864,0.0,0.0,0.0,0.0,2009.0213299024008,49725.877801481045,76570.06617366936,76570.06617366936,0.0,0.0,295.99746203126017,1501.744094665255,1658.4120167574497
mask_101,2025-08-17,47720.04026151623,751.8699055922896,3362.3733032878977,1681.1866516439488,-929.3167460516595,2923.7539228030737,49714.47743826765,76577.45144376352,71028.03402564261,382.5994545232097,5932.016872644101,448.4683056767949,1495.0973515805065,1366.4516279605905
mask_110,2025-08-17,47716.85647157864,0.0,1916.2651026071137,958.1325513035569,-958.1325513035569,2093.997978253007,48852.72189852809,76570.06617366936,72735.20704130834,0.0,3834.8591323609953,308.5968612974195,1501.744094665255,1366.4516279605905
mask_111,2025-08-17,47720.04026151623,921.4448911805866,4323.287055956045,2161.6435279780226,-1240.198636797436,2720.9834403951118,49200.8250651139,76577.45144376352,69175.97501032465,663.3772874913593,8064.8537209302285,402.9315295647792,1495.0973515805065,1366.4516279605905
forecast_only,2025-08-17,47581.27636457655,0.0,0.0,0.0,0.0,2009.0213299024008,49590.297694478955,76255.56812912729,76255.56812912729,0.0,0.0,295.99746203126017,1784.7923347531166,1658.4120167574497
mask_000,2025-08-18,47362.195578425286,0.0,0.0,0.0,0.0,777.3096345220274,48139.50521294731,73978.13973691952,73978.13973691952,0.0,0.0,114.56620140040961,1658.4120167574497,2062.1508829212044
mask_001,2025-08-18,47507.192384119044,0.0,1938.6396405299856,969.3198202649928,-969.3198202649928,1305.939004197834,47843.81156805188,74314.48120222634,71817.685757937,0.0,2496.7954442893315,192.43062668149403,1355.7046979813304,1605.3985755931906
mask_010,2025-08-18,47502.04460465898,0.0,1828.94119212659,914.470596063295,-914.470596063295,804.1996641023327,47391.773672698015,74302.54016891605,71517.38867164926,0.0,2785.1514972667846,118.5269663884507,1366.4516279605905,2042.4438766807136
mask_011,2025-08-18,47502.04460465898,2.590426892805818,3254.508703162084,1627.254351581042,-1624.6639246882364,2156.540970767338,48033.92165073808,74302.54016891605,69495.47345612012,1.979043041269506,4809.045755837194,345.050464338023,1366.4516279605905,1491.0417239695541
mask_100,2025-08-18,47362.195578425286,0.0,93.28435229967103,46.642176149835514,-46.642176149835514,793.8557120350048,48109.40911431045,73978.13973691952,73899.18202477958,0.0,78.95771213994021,117.00335470688286,1658.4120167574497,2050.0246912474418
mask_101,2025-08-18,47502.04460465898,0.0,1938.6396405299856,969.3198202649928,-969.3198202649928,1305.939004197834,47838.66378859182,74302.54016891605,71805.74472462671,0.0,2496.7954442893315,192.43062668149403,1366.4516279605905,1605.3985755931906
mask_110,2025-08-18,47502.04460465898,0.0,1828.94119212659,914.470596063295,-914.470596063295,804.1996641023327,47391.773672698015,74302.54016891605,71517.38867164926,0.0,2785.1514972667846,118.5269663884507,1366.4516279605905,2042.4438766807136
mask_111,2025-08-18,47502.04460465898,453.0152703254355,3254.508703162084,1627.254351581042,-1174.2390812556068,1735.3759111221862,48063.181434525555,74302.54016891605,69720.88374818159,227.38933510274228,4809.045755837194,280.7933598492119,1366.4516279605905,1669.7147220586533
forecast_only,2025-08-18,47362.195578425286,0.0,0.0,0.0,0.0,777.3096345220274,48139.50521294731,73978.13973691952,73978.13973691952,0.0,0.0,114.56620140040961,1658.4120167574497,2062.1508829212044
mask_000,2025-08-19,46355.478222566875,0.0,0.0,0.0,0.0,1005.1801886981663,47360.65841126504,72410.53190203312,72410.53190203312,0.0,0.0,149.0306454906274,2062.1508829212044,1699.6920629351212
mask_001,2025-08-19,46574.26257777699,0.0,3462.9330221569994,1731.4665110784997,-1731.4665110784997,7014.126118855296,51856.92218555379,72918.03446573092,68017.40227402638,0.0,4900.632191704541,1199.102152987356,1605.3985755931906,1298.4065352152186
mask_010,2025-08-19,46364.917878556065,0.0,1288.7415444281278,644.3707722140639,-644.3707722140639,1025.215876628887,46745.76298297088,72432.42857563366,70081.74426192237,0.0,2350.684313711281,152.0014922946074,2042.4438766807136,1666.358558249504
mask_011,2025-08-19,46629.039509704715,1860.42009360408,3638.812138673169,1819.4060693365846,41.014024267495415,1855.2302443751673,48525.28377834737,73045.09763420162,69233.50185008919,1516.6540018448936,5328.249785957323,293.72453882136995,1491.0417239695541,1301.8074341128727
mask_100,2025-08-19,46361.286668378605,0.0,29.717274671881054,14.858637335940527,-14.858637335940527,1022.3780584933164,47368.80608953599,72424.0054483373,72395.51229716874,0.0,28.49315116855962,151.58070699552061,2050.0246912474418,1677.0512597302547
mask_101,2025-08-19,46574.26257777699,1166.7356513353136,3462.9330221569994,1731.4665110784997,-564.7308597431859,3328.8828652480697,49338.414583281876,72918.03446573092,68604.4377683351,587.0354943087323,4900.63219170454,618.6544152237069,1605.3985755931906,1303.224618908172
mask_110,2025-08-19,46364.917878556065,0.0,1288.7415444281278,644.3707722140639,-644.3707722140639,1025.215876628887,46745.76298297088,72432.42857563366,70081.74426192237,0.0,2350.684313711281,152.0014922946074,2042.4438766807136,1666.358558249504
mask_111,2025-08-19,46543.45514362004,1860.42009360408,3638.812138673169,1819.4060693365846,41.014024267495415,1855.2302443751673,48439.6994122627,72846.57208076929,69034.97629665685,1516.6540018448936,5328.249785957323,293.72453882136995,1669.7147220586533,1301.8074341128727
forecast_only,2025-08-19,46355.478222566875,0.0,0.0,0.0,0.0,1005.1801886981663,47360.65841126504,72410.53190203312,72410.53190203312,0.0,0.0,149.0306454906274,2062.1508829212044,1699.6920629351212
mask_000,2025-08-20,50923.33513416332,0.0,0.0,0.0,0.0,1121.6962269453732,52045.03136110869,81435.45190008664,81435.45190008664,0.0,0.0,173.87549062540367,1699.6920629351212,1552.9801234523409
mask_001,2025-08-20,51115.55090194115,185.99267449295857,4037.281590713795,2018.6407953568976,-1832.648120863939,3245.4860660159993,52528.388847093214,81881.32470866431,74932.45410432751,153.50481343108453,7102.3754177679,510.58207960847693,1298.4065352152186,1280.561644592723
mask_010,2025-08-20,50939.30188290773,0.0,3650.3775724004286,1825.1887862002143,-1825.1887862002143,5188.51292821927,54302.62602492678,81472.4891275151,75329.40648078849,0.0,6143.082646726613,909.7620252139751,1666.358558249504,1283.4445752050433
mask_011,2025-08-20,51113.92187136917,185.99267449295857,4037.281590713795,2018.6407953568976,-1832.648120863939,3245.4860660159993,52526.75981652124,81877.54593211136,74928.67532777454,153.50481343108453,7102.3754177679,510.58207960847693,1301.8074341128727,1280.561644592723
mask_100,2025-08-20,50934.18007889845,175.4203331979468,185.73508482648947,92.86754241324473,82.55279078470207,670.3155543342953,51687.04842401744,81460.60834809205,81242.88841056143,87.27379761091879,304.9937351415308,114.63305835319761,1677.0512597302547,1286.5122293538293
mask_101,2025-08-20,51113.24303985223,916.008932831542,4037.2815907137947,2018.6407953568973,-1102.6318625253552,851.6653180623211,50862.2764953892,81875.97128233881,75293.63725534307,520.0413907721627,7102.375417767898,149.96321086960475,1303.224618908172,1286.5122293538293
mask_110,2025-08-20,50939.30188290773,846.5170743155903,3650.377572400429,1825.1887862002145,-978.6717118846241,2411.9921586679766,52372.622329691076,81472.4891275151,75752.02007242508,422.61359163659677,6143.082646726613,490.19913936070225,1666.358558249504,1286.5122293538293
mask_111,2025-08-20,51113.92187136917,916.008932831542,4037.2815907137947,2018.6407953568973,-1102.6318625253552,851.6653180623211,50862.95532690614,81877.54593211136,75295.21190511563,520.0413907721627,7102.375417767898,149.96321086960475,1301.8074341128727,1286.5122293538293
forecast_only,2025-08-20,50923.33513416332,0.0,0.0,0.0,0.0,1121.6962269453732,52045.03136110869,81435.45190008664,81435.45190008664,0.0,0.0,173.87549062540367,1699.6920629351212,1552.9801234523409
mask_000,2025-08-21,48717.13171478492,0.0,0.0,0.0,0.0,63.633330277284024,48780.7650450622,77584.15041886012,77584.15041886012,0.0,0.0,9.434847694758918,1552.9801234523409,1695.0960614609355
mask_001,2025-08-21,48847.62016615868,0.0,4195.9957943845075,2097.9978971922537,-2097.9978971922537,501.5010828356112,47251.12335180204,77886.83761759303,69905.45239739103,0.0,7981.385220202011,109.88841709959739,1280.561644592723,1373.570633546838
mask_010,2025-08-21,48846.23924239537,0.0,1946.6141314362585,973.3070657181293,-973.3070657181293,69.01631478152434,47941.94849145877,77883.63436135712,74197.90308829694,0.0,3685.7312730601825,10.232977208324234,1283.4445752050433,1666.2856722530335
mask_011,2025-08-21,48847.62016615868,0.0,4195.9957943845075,2097.9978971922537,-2097.9978971922537,719.9100600526244,47469.53232901905,77886.83761759303,69905.45239739103,0.0,7981.385220202011,109.88841709959785,1280.561644592723,1373.570633546838
mask_100,2025-08-21,48844.769836058105,0.0,0.0,0.0,0.0,63.633330277284024,48908.40316633539,77880.22585674736,77880.22585674736,0.0,0.0,9.434847694758918,1286.5122293538293,1695.0960614609355
mask_101,2025-08-21,48844.769836058105,0.0,4195.9957943845075,2097.9978971922537,-2097.9978971922537,501.5010828356112,47248.27302170146,77880.22585674736,69898.84063654536,0.0,7981.385220202011,109.88841709959739,1286.5122293538293,1373.570633546838
mask_110,2025-08-21,48844.769836058105,0.0,1946.6141314362585,973.3070657181293,-973.3070657181293,69.01631478152434,47940.4790851215,77880.22585674736,74194.49458368718,0.0,3685.7312730601825,10.232977208324234,1286.5122293538293,1666.2856722530335
mask_111,2025-08-21,48844.769836058105,0.0,4195.9957943845075,2097.9978971922537,-2097.9978971922537,719.9100600526244,47466.68199891847,77880.22585674736,69898.84063654536,0.0,7981.385220202011,109.88841709959785,1286.5122293538293,1373.570633546838
forecast_only,2025-08-21,48717.13171478492,0.0,0.0,0.0,0.0,63.633330277284024,48780.7650450622,77584.15041886012,77584.15041886012,0.0,0.0,9.434847694758918,1552.9801234523409,1695.0960614609355
mask_000,2025-08-22,25350.13716737077,0.0,0.0,0.0,0.0,1.9962537622930654e-11,25350.137167370787,42388.011678268536,42388.011678268536,0.0,0.0,3.367528478293025e-12,1695.0960614609355,1935.6274325553936
mask_001,2025-08-22,25502.56983319654,0.0,1083.1220393558626,541.5610196779313,-541.5610196779313,1.8694193970603125e-11,24961.008813518627,42745.26215372865,41522.121683290294,0.0,1223.1404704383526,3.5700331579846534e-12,1373.570633546838,1870.6712692823423
mask_010,2025-08-22,25363.7356710769,0.0,1172.8779442276777,586.4389721138389,-586.4389721138389,1.6792777612906204e-11,24777.29669896308,42420.023221832875,41114.46237125957,0.0,1305.560850573307,3.311573237851917e-12,1666.2856722530335,1860.150119774091
mask_011,2025-08-22,25502.56983319654,0.004515443374175778,1162.2222172806878,581.1111086403439,-581.1065931969697,1.648411473986755e-11,24921.46323999959,42745.26215372865,41447.451017750616,0.00748364346247854,1297.8186196214965,3.2431834995350073e-12,1373.570633546838,1860.1619688762416
mask_100,2025-08-22,25350.13716737077,0.0,0.0,0.0,0.0,1.9962537622930654e-11,25350.137167370787,42388.011678268536,42388.011678268536,0.0,0.0,3.367528478293025e-12,1695.0960614609355,1935.6274325553936
mask_101,2025-08-22,25502.56983319654,0.0,1083.1220393558626,541.5610196779313,-541.5610196779313,1.8694193970603125e-11,24961.008813518627,42745.26215372865,41522.121683290294,0.0,1223.1404704383526,3.5700331579846534e-12,1373.570633546838,1870.6712692823423
mask_110,2025-08-22,25363.7356710769,0.0,1172.8779442276777,586.4389721138389,-586.4389721138389,1.6792777612906204e-11,24777.29669896308,42420.023221832875,41114.46237125957,0.0,1305.560850573307,3.311573237851917e-12,1666.2856722530335,1860.150119774091
mask_111,2025-08-22,25502.56983319654,0.004515443374175778,1162.2222172806878,581.1111086403439,-581.1065931969697,1.648411473986755e-11,24921.46323999959,42745.26215372865,41447.451017750616,0.00748364346247854,1297.8186196214965,3.2431834995350073e-12,1373.570633546838,1860.1619688762416
forecast_only,2025-08-22,25350.13716737077,0.0,0.0,0.0,0.0,1.9962537622930654e-11,25350.137167370787,42388.011678268536,42388.011678268536,0.0,0.0,3.367528478293025e-12,1695.0960614609355,1935.6274325553936
mask_000,2025-08-23,24096.045179119454,0.0,0.0,0.0,0.0,8.625000595674504e-12,24096.04517911946,41047.830958900886,41047.830958900886,0.0,0.0,1.7418948228264952e-12,1935.6274325553936,2067.112028056406
mask_001,2025-08-23,24126.856052565305,0.0,0.0,0.0,0.0,8.625000595674504e-12,24126.856052565312,41120.004473648725,41120.004473648725,0.0,0.0,1.7418948228264952e-12,1870.6712692823423,2067.112028056406
mask_010,2025-08-23,24131.846584482053,165.1374643983327,211.224452386299,105.6122261931495,59.5252382051832,9.148960256055716e-12,24191.371822687248,41131.694639769004,40912.70576730584,127.86069958566378,346.8495720488338,1.8838264281839656e-12,1860.150119774091,1740.5515414931158
mask_011,2025-08-23,24131.840964057934,165.1374643983327,211.224452386299,105.6122261931495,59.5252382051832,9.148960256055716e-12,24191.36620226313,41131.68147409995,40912.69260163678,127.86069958566378,346.8495720488338,1.8838264281839656e-12,1860.1619688762416,1740.5515414931158
mask_100,2025-08-23,24096.045179119454,0.0,0.0,0.0,0.0,8.625000595674504e-12,24096.04517911946,41047.830958900886,41047.830958900886,0.0,0.0,1.7418948228264952e-12,1935.6274325553936,2067.112028056406
mask_101,2025-08-23,24126.856052565305,0.0,0.0,0.0,0.0,8.625000595674504e-12,24126.856052565312,41120.004473648725,41120.004473648725,0.0,0.0,1.7418948228264952e-12,1870.6712692823423,2067.112028056406
mask_110,2025-08-23,24131.846584482053,165.1374643983327,211.224452386299,105.6122261931495,59.5252382051832,9.148960256055716e-12,24191.371822687248,41131.694639769004,40912.70576730584,127.86069958566378,346.8495720488338,1.8838264281839656e-12,1860.150119774091,1740.5515414931158
mask_111,2025-08-23,24131.840964057934,165.1374643983327,211.224452386299,105.6122261931495,59.5252382051832,9.148960256055716e-12,24191.36620226313,41131.68147409995,40912.69260163678,127.86069958566378,346.8495720488338,1.8838264281839656e-12,1860.1619688762416,1740.5515414931158
forecast_only,2025-08-23,24096.045179119454,0.0,0.0,0.0,0.0,8.625000595674504e-12,24096.04517911946,41047.830958900886,41047.830958900886,0.0,0.0,1.7418948228264952e-12,1935.6274325553936,2067.112028056406
mask_000,2025-08-24,46859.31540692081,0.0,0.0,0.0,0.0,2.5925808999627263e-11,46859.31540692084,72555.14544800887,72555.14544800887,0.0,0.0,4.7514214784882824e-12,2067.112028056406,1902.4789522448339
mask_001,2025-08-24,46859.31540692081,0.0,3238.5316535241727,1619.2658267620864,-1619.2658267620864,7357.3159937440505,52597.365573902774,72555.14544800887,68000.93367424974,0.0,4554.211773759131,1309.7120642011075,2067.112028056406,1600.1083567646147
mask_010,2025-08-24,47015.73787998462,3.7625782226431466,977.9864606991972,488.9932303495986,-485.2306521269555,2.350331396172578e-11,46530.507227857684,72917.99043307919,71268.8299268622,2.0152530583771977,1651.1757592753697,4.4151349243293225e-12,1740.5515414931158,1884.5526835331561
mask_011,2025-08-24,47015.73787998462,2225.719143705257,3430.6326526715616,1715.3163263357808,510.4028173694762,244.71807356525852,47770.858770919345,72917.99043307919,69988.84864011756,1940.5171205186475,4869.658913480285,51.604158668144436,1740.5515414931158,1381.666720188517
mask_100,2025-08-24,46859.31540692081,0.0,46.13483141848322,23.06741570924161,-23.06741570924161,2.1464268584736603e-11,46836.247991211596,72555.14544800887,72511.17287646781,0.0,43.972571541059324,3.993250174971763e-12,2067.112028056406,1856.0397471032848
mask_101,2025-08-24,46859.31540692081,1347.6198708123484,3428.1962573646815,1714.0981286823408,-366.4782578699924,3391.5015433615517,49884.33869241236,72555.14544800887,68358.71099259867,669.2236775733821,4865.658132983588,723.917660690335,2067.112028056406,1384.313903283833
mask_110,2025-08-24,47015.73787998462,3.7625782226431466,977.9864606991972,488.9932303495986,-485.2306521269555,2.350331396172578e-11,46530.507227857684,72917.99043307919,71268.8299268622,2.0152530583771977,1651.1757592753697,4.4151349243293225e-12,1740.5515414931158,1884.5526835331561
mask_111,2025-08-24,47015.73787998462,2225.719143705257,3430.6326526715616,1715.3163263357808,510.4028173694762,244.71807356525852,47770.858770919345,72917.99043307919,69988.84864011756,1940.5171205186475,4869.658913480285,51.604158668144436,1740.5515414931158,1381.666720188517
forecast_only,2025-08-24,46859.31540692081,0.0,0.0,0.0,0.0,2.5925808999627263e-11,46859.31540692084,72555.14544800887,72555.14544800887,0.0,0.0,4.7514214784882824e-12,2067.112028056406,1902.4789522448339
mask_000,2025-08-25,60633.189256430414,0.0,0.0,0.0,0.0,13.41861972521311,60646.60787615563,94860.64375809138,94860.64375809138,0.0,0.0,1.99045015578489,1902.4789522448339,2094.0252604430334
mask_001,2025-08-25,60778.02477166544,110.3017424418421,9608.090940736985,4804.045470368493,-4693.743727926651,13.418619725219123,56097.699663464016,95196.61108640274,80429.43468673661,71.61512493501186,14838.791524601129,1.9904501557861929,1600.1083567646147,2083.6582821917436
mask_010,2025-08-25,60641.775939143314,0.0,8484.605010701645,4242.302505350823,-4242.302505350823,17.37613253236693,56416.84956632486,94880.56183443769,81847.6789796451,0.0,13032.882854792586,2.5774875817516993,1884.5526835331561,2076.564158339604
mask_011,2025-08-25,60882.658315585395,110.3017424418421,11508.653102492919,5754.3265512464595,-5644.024808804618,17.376132532370708,55256.009639313146,95439.32401593174,78056.29819377011,71.61512493501186,17454.640947096643,2.577487581752616,1381.666720188517,2076.564158339604
mask_100,2025-08-25,60655.43363569322,0.0,20.928453289696044,10.464226644848022,-10.464226644848022,15.8934406136445,60660.86284966202,94912.24287491533,94892.10189653453,0.0,20.14097838080545,2.357552564511705,1856.0397471032848,2083.10600324126
mask_101,2025-08-25,60881.39031488274,111.85730151458607,9643.45578325542,4821.72789162771,-4709.870590113123,15.893440613650961,56187.413165383274,95436.38270138139,80643.65108952957,74.07556914572876,14866.807180997554,2.3575525645130195,1384.313903283833,2083.385694762652
mask_110,2025-08-25,60641.775939143314,0.0,8484.605010701645,4242.302505350823,-4242.302505350823,17.37613253236693,56416.84956632486,94880.56183443769,81847.6789796451,0.0,13032.882854792586,2.5774875817516993,1884.5526835331561,2076.564158339604
mask_111,2025-08-25,60882.658315585395,110.3017424418421,11508.653102492919,5754.3265512464595,-5644.024808804618,17.376132532370708,55256.009639313146,95439.32401593174,78056.29819377011,71.61512493501186,17454.640947096643,2.577487581752616,1381.666720188517,2076.564158339604
forecast_only,2025-08-25,60633.189256430414,0.0,0.0,0.0,0.0,13.41861972521311,60646.60787615563,94860.64375809138,94860.64375809138,0.0,0.0,1.99045015578489,1902.4789522448339,2094.0252604430334
mask_000,2025-08-26,47935.58642886111,0.0,0.0,0.0,0.0,32.853793309039816,47968.44022217015,73999.56316530096,73999.56316530096,0.0,0.0,4.876982603585033,2094.0252604430334,2330.3978183491404
mask_001,2025-08-26,47940.55221144348,0.0,0.0,0.0,0.0,32.853793309039816,47973.40600475252,74011.08203002461,74011.08203002461,0.0,0.0,4.876982603585033,2083.6582821917436,2330.3978183491404
mask_010,2025-08-26,47943.95029676866,0.0,1259.591624299715,629.7958121498575,-629.7958121498575,34.17317782706661,47348.327662445874,74018.96438986034,72486.84865079165,0.0,1532.1157390686878,5.07283868879664,2076.564158339604,2324.654882695033
mask_011,2025-08-26,47943.95029676866,0.0,1259.591624299715,629.7958121498575,-629.7958121498575,34.17317782706661,47348.327662445874,74018.96438986034,72486.84865079165,0.0,1532.1157390686878,5.07283868879664,2076.564158339604,2324.654882695033
mask_100,2025-08-26,47940.81675306076,0.0,77.11245142009781,38.556225710048906,-38.556225710048906,33.47026044943984,47935.730787800145,74011.69567330292,73949.35821806034,0.0,62.337455242587566,4.968494091805917,2083.10600324126,2327.714498155669
mask_101,2025-08-26,47940.68278082201,0.0,77.11245142009781,38.556225710048906,-38.556225710048906,33.47026044943984,47935.596815561395,74011.38490494582,73949.04744970324,0.0,62.337455242587566,4.968494091805917,2083.385694762652,2327.714498155669
mask_110,2025-08-26,47943.95029676866,0.0,1259.591624299715,629.7958121498575,-629.7958121498575,34.17317782706661,47348.327662445874,74018.96438986034,72486.84865079165,0.0,1532.1157390686878,5.07283868879664,2076.564158339604,2324.654882695033
mask_111,2025-08-26,47943.95029676866,0.0,1259.591624299715,629.7958121498575,-629.7958121498575,34.17317782706661,47348.327662445874,74018.96438986034,72486.84865079165,0.0,1532.1157390686878,5.07283868879664,2076.564158339604,2324.654882695033
forecast_only,2025-08-26,47935.58642886111,0.0,0.0,0.0,0.0,32.853793309039816,47968.44022217015,73999.56316530096,73999.56316530096,0.0,0.0,4.876982603585033,2094.0252604430334,2330.3978183491404
mask_000,2025-08-27,47897.197432980305,0.0,0.0,0.0,0.0,1524.3986572320632,49421.59609021237,74135.03066758394,74135.03066758394,0.0,0.0,254.9063726316052,2330.3978183491404,1696.6130740398175
mask_001,2025-08-27,47897.197432980305,3872.489311119245,199.26372230013888,99.63186115006944,3772.857449969176,17.61391761002141,51687.6688005595,74135.03066758394,78255.36228155476,4447.5405901278955,327.20897615708054,2.612759417048168,2330.3978183491404,1614.4194078513924
mask_010,2025-08-27,47899.94829915863,962.9409167354453,741.1102168015072,370.5551084007536,592.3858083346917,17.61391761002329,48509.948025103346,74141.41170719962,73488.24224998456,910.4313592711328,1563.600816486196,2.612759417048667,2324.654882695033,1615.948142841075
mask_011,2025-08-27,47899.94829915863,4190.367492847128,1798.4579539217077,899.2289769608539,3291.1385158862745,17.61391761002293,51208.70073265493,74141.41170719962,75373.66292874218,4785.66361673198,3553.412395189417,2.612759417048352,2324.654882695033,1916.2238753082074
mask_100,2025-08-27,47898.48274335298,425.9500611436584,196.3187677697992,98.1593838848996,327.7906772587588,383.967255986567,48610.2406765983,74138.01213446556,74027.5544921523,211.91545330530266,322.3730956185741,87.0407667461966,2327.714498155669,1448.739017882442
mask_101,2025-08-27,47898.48274335298,3872.489311119245,199.26372230013888,99.63186115006944,3772.857449969176,17.61391761002141,51688.95411093217,74138.01213446556,78258.34374843638,4447.5405901278955,327.20897615708054,2.612759417048168,2327.714498155669,1614.4194078513924
mask_110,2025-08-27,47899.94829915863,962.9409167354453,741.1102168015072,370.5551084007536,592.3858083346917,17.61391761002329,48509.948025103346,74141.41170719962,73488.24224998456,910.4313592711328,1563.600816486196,2.612759417048667,2324.654882695033,1615.948142841075
mask_111,2025-08-27,47899.94829915863,4190.367492847128,1798.4579539217077,899.2289769608539,3291.1385158862745,17.61391761002293,51208.70073265493,74141.41170719962,75373.66292874218,4785.66361673198,3553.412395189417,2.612759417048352,2324.654882695033,1916.2238753082074
forecast_only,2025-08-27,47897.197432980305,0.0,0.0,0.0,0.0,1851.3262805658856,49748.523713546194,74135.03066758394,74135.03066758394,0.0,0.0,395.5505376188271,2330.3978183491404,1696.6130740398175
mask_000,2025-08-28,46558.75029320207,0.0,0.0,0.0,0.0,9465.60266932863,56024.3529625307,74004.55177792972,74004.55177792972,0.0,0.0,1712.1871653886901,1696.6130740398175,1706.5173995546318
mask_001,2025-08-28,46598.12105930633,3673.383378408803,219.3589222934019,109.67946114670094,3563.7039172621016,347.238381653999,50509.06335822243,74095.87807369465,77155.03620521861,3431.4764623390165,372.3183308150551,51.51246322210045,1614.4194078513924,1430.2480441512187
mask_010,2025-08-28,46597.388795246276,2778.9589648475253,194.29961780112257,97.14980890056128,2681.809155946964,666.8741389067072,49946.072090099944,74094.17947926166,76515.32211685102,2740.200107130433,319.0574695410728,97.33180915855516,1615.948142841075,1396.1293543499214
mask_011,2025-08-28,46453.55671939452,3673.383378408803,219.3589222934019,109.67946114670094,3563.7039172621016,347.238381653999,50364.49901831062,73760.5397765204,76819.69790804436,3431.4764623390165,372.3183308150551,51.51246322210045,1916.2238753082074,1430.2480441512187
mask_100,2025-08-28,46677.481966101455,1662.6322744368247,192.33177362718496,96.16588681359248,1566.4663876232323,4012.251236550096,52256.19959027478,74279.96739588237,74790.59860103301,826.4572973493603,315.82609219873393,891.0562166338144,1448.739017882442,1399.4127927716645
mask_101,2025-08-28,46598.12105930633,3673.383378408803,219.3589222934019,109.67946114670094,3563.7039172621016,347.238381653999,50509.06335822243,74095.87807369465,77155.03620521861,3431.4764623390165,372.3183308150551,51.51246322210045,1614.4194078513924,1430.2480441512187
mask_110,2025-08-28,46597.388795246276,2848.5304072979416,194.29961780112257,97.14980890056128,2751.3805983973803,428.5232764437715,49777.29267008743,74094.17947926166,76552.72076232164,2777.5987526010604,319.0574695410728,63.16454103026746,1615.948142841075,1399.4127927716645
mask_111,2025-08-28,46453.55671939452,3673.383378408803,219.3589222934019,109.67946114670094,3563.7039172621016,347.238381653999,50364.49901831062,73760.5397765204,76819.69790804436,3431.4764623390165,372.3183308150551,51.51246322210045,1916.2238753082074,1430.2480441512187
forecast_only,2025-08-28,46558.75029320207,0.0,0.0,0.0,0.0,8899.198382433582,55457.94867563566,74004.55177792972,74004.55177792972,0.0,0.0,1712.1871653886892,1696.6130740398175,1706.5173995546318
mask_000,2025-08-29,27823.80707471547,0.0,0.0,0.0,0.0,9.286622526527566e-12,27823.80707471548,46049.89483119497,46049.89483119497,0.0,0.0,1.9205748102990583e-12,1706.5173995546318,2820.0937683090838
mask_001,2025-08-29,27954.928880211653,0.0,1856.2748317395988,928.1374158697994,-928.1374158697994,2.226786705028516e-11,27026.791464341874,46356.86078164321,44268.41733261138,0.0,2088.4434490318276,4.2689185519861894e-12,1430.2480441512187,2791.4736699745454
mask_010,2025-08-29,27971.12388497067,0.0,1210.3664024912289,605.1832012456144,-605.1832012456144,9.286622526527566e-12,27365.940683725068,46394.77043697798,45020.64102504263,0.0,1374.1294119353643,1.9205748102990583e-12,1396.1293543499214,2813.0866805889914
mask_011,2025-08-29,27954.928880211653,257.2451315390697,2039.7839428870545,1019.8919714435273,-762.6468399044576,1.927639864396369e-11,27192.282040307215,46356.86078164321,44173.56465140583,206.48580470113782,2389.781934938518,3.5121905384016827e-12,1430.2480441512187,2520.2273154715813
mask_100,2025-08-29,27969.565346199815,0.0,0.0,0.0,0.0,9.286622526527566e-12,27969.565346199826,46391.122172064934,46391.122172064934,0.0,0.0,1.9205748102990583e-12,1399.4127927716645,2820.0937683090838
mask_101,2025-08-29,27954.928880211653,0.0,1856.2748317395988,928.1374158697994,-928.1374158697994,2.226786705028516e-11,27026.791464341874,46356.86078164321,44268.41733261138,0.0,2088.4434490318276,4.2689185519861894e-12,1430.2480441512187,2791.4736699745454
mask_110,2025-08-29,27969.565346199815,0.0,1210.3664024912289,605.1832012456144,-605.1832012456144,9.286622526527566e-12,27364.382144954212,46391.122172064934,45016.99276012958,0.0,1374.1294119353643,1.9205748102990583e-12,1399.4127927716645,2813.0866805889914
mask_111,2025-08-29,27954.928880211653,257.2451315390697,2039.7839428870545,1019.8919714435273,-762.6468399044576,1.927639864396369e-11,27192.282040307215,46356.86078164321,44173.56465140583,206.48580470113782,2389.781934938518,3.5121905384016827e-12,1430.2480441512187,2520.2273154715813
forecast_only,2025-08-29,27823.80707471547,0.0,0.0,0.0,0.0,9.286622526527566e-12,27823.80707471548,46049.89483119497,46049.89483119497,0.0,0.0,1.9205748102990583e-12,1706.5173995546318,2820.0937683090838
mask_000,2025-08-30,25848.092320291533,0.0,0.0,0.0,0.0,1.9464005740488234e-11,25848.09232029155,42571.17675379842,42571.17675379842,0.0,0.0,3.417266469796232e-12,2820.0937683090838,2244.4273992274466
mask_001,2025-08-30,25861.601006705438,137.53800951738995,580.6345381877986,290.3172690938993,-152.7792595765094,2.6907003514153868e-11,25708.821747128954,42602.97686305902,41897.05629868327,92.46653409706795,798.3870984728172,4.757971794333571e-12,2791.4736699745454,2255.2936259970975
mask_010,2025-08-30,25851.39966569542,0.0,1031.4214148144433,515.7107074072217,-515.7107074072217,2.038969815210123e-11,25335.68895828822,42578.96240682075,41281.565089643846,0.0,1297.3973171768998,3.639311074721263e-12,2813.0866805889914,2226.230909839416
mask_011,2025-08-30,25989.629286030835,137.53800951738995,1123.11342115937,561.556710579685,-424.0187010622951,2.038969815210123e-11,25565.61058496856,42904.36170139565,41606.96438421875,92.46653409706795,1389.863851273968,3.639311074721263e-12,2520.2273154715813,2226.230909839416
mask_100,2025-08-30,25848.092320291533,0.0,0.0,0.0,0.0,1.9464005740488234e-11,25848.09232029155,42571.17675379842,42571.17675379842,0.0,0.0,3.417266469796232e-12,2820.0937683090838,2244.4273992274466
mask_101,2025-08-30,25861.601006705438,137.53800951738995,580.6345381877986,290.3172690938993,-152.7792595765094,2.6907003514153868e-11,25708.821747128954,42602.97686305902,41897.05629868327,92.46653409706795,798.3870984728172,4.757971794333571e-12,2791.4736699745454,2255.2936259970975
mask_110,2025-08-30,25851.39966569542,0.0,1031.4214148144433,515.7107074072217,-515.7107074072217,2.038969815210123e-11,25335.68895828822,42578.96240682075,41281.565089643846,0.0,1297.3973171768998,3.639311074721263e-12,2813.0866805889914,2226.230909839416
mask_111,2025-08-30,25989.629286030835,137.53800951738995,1123.11342115937,561.556710579685,-424.0187010622951,2.038969815210123e-11,25565.61058496856,42904.36170139565,41606.96438421875,92.46653409706795,1389.863851273968,3.639311074721263e-12,2520.2273154715813,2226.230909839416
forecast_only,2025-08-30,25848.092320291533,0.0,0.0,0.0,0.0,1.9464005740488234e-11,25848.09232029155,42571.17675379842,42571.17675379842,0.0,0.0,3.417266469796232e-12,2820.0937683090838,2244.4273992274466
mask_000,2025-08-31,46531.254323123256,0.0,0.0,0.0,0.0,128.18269297526788,46659.43701609853,71936.10958151586,71936.10958151586,0.0,0.0,18.57034147706731,2244.4273992274466,2262.655204730826
mask_001,2025-08-31,46526.04940050059,218.1666746560106,196.38695974517373,98.19347987258686,119.97319478342374,128.1826929752681,46774.20528825928,71924.03599621625,71929.30763108206,331.752555644735,326.48092077892693,18.570341477067373,2255.2936259970975,1969.0622495228547
mask_010,2025-08-31,46539.97044154012,0.0,0.0,0.0,0.0,128.18269297526788,46668.15313451539,71956.32790305812,71956.32790305812,0.0,0.0,18.57034147706731,2226.230909839416,2262.655204730826
mask_011,2025-08-31,46539.97044154012,218.1666746560106,196.38695974517373,98.19347987258686,119.97319478342374,128.1826929752681,46788.126329298815,71956.32790305812,71961.59953792393,331.752555644735,326.48092077892693,18.570341477067373,2226.230909839416,1969.0622495228547
mask_100,2025-08-31,46531.254323123256,0.0,10.175183802043767,5.0875919010218835,-5.0875919010218835,128.8611107942817,46655.02784201652,71936.10958151586,71927.53255512431,0.0,8.577026391545132,18.66914618400551,2244.4273992274466,2254.017645203316
mask_101,2025-08-31,46526.04940050059,218.1666746560106,196.38695974517373,98.19347987258686,119.97319478342374,128.1826929752681,46774.20528825928,71924.03599621625,71929.30763108206,331.752555644735,326.48092077892693,18.570341477067373,2255.2936259970975,1969.0622495228547
mask_110,2025-08-31,46539.97044154012,0.0,10.175183802043767,5.0875919010218835,-5.0875919010218835,128.8611107942817,46663.743960433385,71956.32790305812,71947.75087666657,0.0,8.577026391545132,18.66914618400551,2226.230909839416,2254.017645203316
mask_111,2025-08-31,46539.97044154012,218.1666746560106,196.38695974517373,98.19347987258686,119.97319478342374,128.1826929752681,46788.126329298815,71956.32790305812,71961.59953792393,331.752555644735,326.48092077892693,18.570341477067373,2226.230909839416,1969.0622495228547
forecast_only,2025-08-31,46531.254323123256,0.0,0.0,0.0,0.0,128.18269297526788,46659.43701609853,71936.10958151586,71936.10958151586,0.0,0.0,18.57034147706731,2244.4273992274466,2262.655204730826
mask_000,2025-09-01,52166.921731674025,0.0,0.0,0.0,0.0,2.838367407775877e-11,52166.921731674054,82654.29725188299,82654.29725188299,0.0,0.0,5.4782844927103724e-12,2262.655204730826,5991.440582440929
mask_001,2025-09-01,52307.55275721864,0.0,5912.785262079195,2956.3926310395973,-2956.3926310395973,2.9168269577439784e-11,49351.16012617907,82980.51164655852,73076.76968115542,0.0,9903.741965403095,5.6772364587232005e-12,1969.0622495228547,5991.440582440929
mask_010,2025-09-01,52166.921731674025,142.22303141705294,2777.6595922499073,1388.8297961249536,-1246.6067647079008,2.838367407775877e-11,50920.31496696616,82654.29725188299,77382.19477097248,113.13728489085958,5385.239765801384,5.4782844927103724e-12,2262.655204730826,5988.404461198125
mask_011,2025-09-01,52307.55275721864,816.577957375877,7073.562346595242,3536.781173297621,-2720.203215921744,2.9168269577439784e-11,49587.34954129692,82980.51164655852,71285.09924310801,735.7016919971808,12431.11409544768,5.6772364587232005e-12,1969.0622495228547,5719.5588228743645
mask_100,2025-09-01,52171.0591226877,0.0,8.280770324166538,4.140385162083269,-4.140385162083269,2.838367407775877e-11,52166.91873752565,82663.8945402469,82657.29291524689,0.0,6.601624999999899,5.4782844927103724e-12,2254.017645203316,5991.440582440929
mask_101,2025-09-01,52307.55275721864,0.0,5912.785262079195,2956.3926310395973,-2956.3926310395973,2.9168269577439784e-11,49351.16012617907,82980.51164655852,73076.76968115542,0.0,9903.741965403095,5.6772364587232005e-12,1969.0622495228547,5991.440582440929
mask_110,2025-09-01,52171.0591226877,142.22303141705294,2777.6595922499073,1388.8297961249536,-1246.6067647079008,2.838367407775877e-11,50924.45235797983,82663.8945402469,77391.79205933637,113.13728489085958,5385.239765801384,5.4782844927103724e-12,2254.017645203316,5988.404461198125
mask_111,2025-09-01,52307.55275721864,816.577957375877,7073.562346595242,3536.781173297621,-2720.203215921744,2.9168269577439784e-11,49587.34954129692,82980.51164655852,71285.09924310801,735.7016919971808,12431.11409544768,5.6772364587232005e-12,1969.0622495228547,5719.5588228743645
forecast_only,2025-09-01,52166.921731674025,0.0,0.0,0.0,0.0,2.838367407775877e-11,52166.921731674054,82654.29725188299,82654.29725188299,0.0,0.0,5.4782844927103724e-12,2262.655204730826,5991.440582440929
mask_000,2025-09-02,35007.961017065674,0.0,0.0,0.0,0.0,1898.3708930297885,36906.33191009546,55693.910691462734,55693.910691462734,0.0,0.0,279.99468272926487,5991.440582440929,2208.02913620001
mask_001,2025-09-02,35007.961017065674,2205.350751190937,187.97586807210672,93.98793403605336,2111.3628171548835,703.736902982287,37823.060737202846,55693.910691462734,58115.365922885874,2730.128534441467,308.6733030183366,102.83503575700551,5991.440582440929,1931.9279401793835
mask_010,2025-09-02,35009.40452404323,0.0,530.773364412886,265.386682206443,-265.386682206443,2120.8052405885974,36864.823082425384,55697.284159510295,54661.96606957543,0.0,1035.318089934869,313.42211866823453,5988.404461198125,1936.6321134353539
mask_011,2025-09-02,35137.22568919738,2608.5624646646593,1268.8957329186615,634.4478664593307,1974.1145982053285,580.1668656380177,37691.50715304074,55996.00153542559,56572.6547288165,3126.565438002067,2549.912244611158,84.24402613112026,5719.5588228743645,2206.150933454187
mask_100,2025-09-02,35007.961017065674,0.0,0.0,0.0,0.0,1898.3708930297885,36906.33191009546,55693.910691462734,55693.910691462734,0.0,0.0,279.99468272926487,5991.440582440929,2208.02913620001
mask_101,2025-09-02,35007.961017065674,2205.350751190937,187.97586807210672,93.98793403605336,2111.3628171548835,703.736902982287,37823.060737202846,55693.910691462734,58115.365922885874,2730.128534441467,308.6733030183366,102.83503575700551,5991.440582440929,1931.9279401793835
mask_110,2025-09-02,35009.40452404323,40.6159769330072,531.1610460044345,265.58052300221726,-224.9645460692101,1984.4160578592055,36768.856035833225,55697.284159510295,54681.71509760851,20.385636117991226,1035.954698019779,293.0683129544884,5988.404461198125,1936.0810937707486
mask_111,2025-09-02,35137.22568919738,2608.5624646646593,1268.8957329186615,634.4478664593307,1974.1145982053285,580.1668656380177,37691.50715304074,55996.00153542559,56572.6547288165,3126.565438002067,2549.912244611158,84.24402613112026,5719.5588228743645,2206.150933454187
forecast_only,2025-09-02,35007.961017065674,0.0,0.0,0.0,0.0,4127.547188871456,39135.50820593713,55693.910691462734,55693.910691462734,0.0,0.0,845.7893827292651,5991.440582440929,2208.02913620001
mask_000,2025-09-03,39848.18339411271,0.0,0.0,0.0,0.0,74.20888166669845,39922.39227577941,64344.69650802497,64344.69650802497,0.0,0.0,11.021666666673568,2208.02913620001,1625.4031953329136
mask_001,2025-09-03,39980.43586700659,652.7910872785756,1705.6471458806939,852.8235729403469,-200.03248566177137,74.20888166669152,39854.61226301151,64651.47561471455,61531.02095273058,495.798928801081,3616.2535907850506,11.02166666667204,1931.9279401793835,1655.8338056219493
mask_010,2025-09-03,39978.182568016986,300.93062071587417,1101.2577835419513,550.6288917709757,-249.6982710551015,74.20888166669921,39802.693178628586,64646.24875554125,62522.75223249127,230.8356310627321,2354.3321541127116,11.02166666667391,1936.6321134353539,1635.8879530637023
mask_011,2025-09-03,39849.083053227965,652.7910872785756,1885.9701402763928,942.9850701381964,-290.19398285962086,74.20888166669076,39633.09795203503,64346.78339996477,60993.37457631564,495.798928801081,3849.207752450211,11.021666666672047,2206.150933454187,1635.8879530637028
mask_100,2025-09-03,39848.18339411271,0.0,0.0,0.0,0.0,74.20888166669845,39922.39227577941,64344.69650802497,64344.69650802497,0.0,0.0,11.021666666673568,2208.02913620001,1625.4031953329136
mask_101,2025-09-03,39980.43586700659,652.7910872785756,1720.474452051728,860.237226025864,-207.4461387472884,74.20888166669354,39847.198609925996,64651.47561471455,61518.38251260258,495.798928801081,3628.892030913053,11.021666666672344,1931.9279401793835,1642.7180519531958
mask_110,2025-09-03,39978.44650643633,300.93062071587417,1101.2577835419513,550.6288917709757,-249.6982710551015,74.20888166669921,39802.95711704793,64646.86099961304,62523.36447656306,230.8356310627321,2354.3321541127116,11.02166666667391,1936.0810937707486,1635.8879530637023
mask_111,2025-09-03,39849.083053227965,652.7910872785756,1885.9701402763928,942.9850701381964,-290.19398285962086,74.20888166669076,39633.09795203503,64346.78339996477,60993.37457631564,495.798928801081,3849.207752450211,11.021666666672047,2206.150933454187,1635.8879530637028
forecast_only,2025-09-03,39848.18339411271,0.0,0.0,0.0,0.0,74.20888166669845,39922.39227577941,64344.69650802497,64344.69650802497,0.0,0.0,11.021666666673568,2208.02913620001,1625.4031953329136
mask_000,2025-09-04,39865.135156234144,0.0,0.0,0.0,0.0,468.85771770835254,40333.992873942494,63138.399684185046,63138.399684185046,0.0,0.0,69.52733333333711,1625.4031953329136,2240.383861738684
mask_001,2025-09-04,39850.55889390569,0.0,0.0,0.0,0.0,468.85771770835254,40319.41661161404,63104.58789497501,63104.58789497501,0.0,0.0,69.52733333333711,1655.8338056219493,2240.383861738684
mask_010,2025-09-04,39860.11295728109,0.0,1281.657728583132,640.828864291566,-640.828864291566,468.8577177083555,39688.14181069788,63126.74995337306,61139.16781751995,0.0,1987.5821358531107,69.52733333333771,1635.8879530637023,2230.862673784109
mask_011,2025-09-04,39860.11295728109,0.0,1281.657728583132,640.828864291566,-640.828864291566,468.8577177083555,39688.14181069788,63126.74995337306,61139.16781751995,0.0,1987.5821358531107,69.52733333333771,1635.8879530637028,2230.862673784109
mask_100,2025-09-04,39865.135156234144,0.0,22.62550955065121,11.312754775325605,-11.312754775325605,468.85771770835237,40322.68011916717,63138.399684185046,63118.500156784154,0.0,19.89952740090115,69.52733333333711,1625.4031953329136,2234.3819608163517
mask_101,2025-09-04,39856.84133991302,0.0,22.62550955065121,11.312754775325605,-11.312754775325605,468.85771770835237,40314.38630284605,63119.16095460696,63099.26142720606,0.0,19.89952740090115,69.52733333333711,1642.7180519531958,2234.3819608163517
mask_110,2025-09-04,39860.11295728109,0.0,1281.657728583132,640.828864291566,-640.828864291566,468.8577177083555,39688.14181069788,63126.74995337306,61139.16781751995,0.0,1987.5821358531107,69.52733333333771,1635.8879530637023,2230.862673784109
mask_111,2025-09-04,39860.11295728109,0.0,1281.657728583132,640.828864291566,-640.828864291566,468.8577177083555,39688.14181069788,63126.74995337306,61139.16781751995,0.0,1987.5821358531107,69.52733333333771,1635.8879530637028,2230.862673784109
forecast_only,2025-09-04,39865.135156234144,0.0,0.0,0.0,0.0,468.85771770835254,40333.992873942494,63138.399684185046,63138.399684185046,0.0,0.0,69.52733333333711,1625.4031953329136,2240.383861738684
mask_000,2025-09-05,22730.868492794085,0.0,0.0,0.0,0.0,1.840763275140489e-11,22730.868492794103,39100.43298478692,39100.43298478692,0.0,0.0,3.211653165635653e-12,2240.383861738684,4619.82028014656
mask_001,2025-09-05,22730.868492794085,0.0,977.7134680122582,488.8567340061291,-488.8567340061291,1.0174375120186597e-11,22242.01175878797,39100.43298478692,38072.67706185725,0.0,1027.7559229296826,1.9610979506978765e-12,2240.383861738684,4555.0771752691
mask_010,2025-09-05,22735.36249350865,0.0,1226.1240774408373,613.0620387204186,-613.0620387204186,1.0174375120186597e-11,22122.30045478824,39111.01208251424,37824.65286745012,0.0,1286.3592150641239,1.9610979506978765e-12,2230.862673784109,4543.5794974259215
mask_011,2025-09-05,22735.36249350865,0.0,1226.1240774408373,613.0620387204186,-613.0620387204186,1.0174375120186597e-11,22122.30045478824,39111.01208251424,37824.65286745012,0.0,1286.3592150641239,1.9610979506978765e-12,2230.862673784109,4543.5794974259215
mask_100,2025-09-05,22733.701390029426,0.0,0.0,0.0,0.0,1.840763275140489e-11,22733.701390029444,39107.10176358952,39107.10176358952,0.0,0.0,3.211653165635653e-12,2234.3819608163517,4619.82028014656
mask_101,2025-09-05,22733.701390029426,0.0,977.7134680122582,488.8567340061291,-488.8567340061291,1.0174375120186597e-11,22244.84465602331,39107.10176358952,38079.34584065984,0.0,1027.7559229296826,1.9610979506978765e-12,2234.3819608163517,4555.0771752691
mask_110,2025-09-05,22735.36249350865,0.0,1226.1240774408373,613.0620387204186,-613.0620387204186,1.0174375120186597e-11,22122.30045478824,39111.01208251424,37824.65286745012,0.0,1286.3592150641239,1.9610979506978765e-12,2230.862673784109,4543.5794974259215
mask_111,2025-09-05,22735.36249350865,0.0,1226.1240774408373,613.0620387204186,-613.0620387204186,1.0174375120186597e-11,22122.30045478824,39111.01208251424,37824.65286745012,0.0,1286.3592150641239,1.9610979506978765e-12,2230.862673784109,4543.5794974259215
forecast_only,2025-09-05,22730.868492794085,0.0,0.0,0.0,0.0,1.840763275140489e-11,22730.868492794103,39100.43298478692,39100.43298478692,0.0,0.0,3.211653165635653e-12,2240.383861738684,4619.82028014656
mask_000,2025-09-06,18120.494359215023,0.0,0.0,0.0,0.0,2.604967508368361e-11,18120.49435921505,30897.27486666167,30897.27486666167,0.0,0.0,4.685585253128011e-12,4619.82028014656,2917.6850216004073
mask_001,2025-09-06,18146.35987704462,0.0,504.84875981120047,252.42437990560023,-252.42437990560023,2.263618870124162e-11,17893.93549713904,30955.543661051386,30410.76844434791,0.0,544.7752167034787,4.094946604027427e-12,4555.0771752691,2896.050020351412
mask_010,2025-09-06,18150.953314319748,0.0,746.2177578593526,373.1088789296763,-373.1088789296763,1.993242970677045e-11,17777.844435390092,30965.891571110245,30166.522229586637,0.0,799.3693415236095,3.673950033089568e-12,4543.5794974259215,2879.0055907087976
mask_011,2025-09-06,18150.953314319748,0.0,746.2177578593526,373.1088789296763,-373.1088789296763,1.993242970677045e-11,17777.844435390092,30965.891571110245,30166.522229586637,0.0,799.3693415236094,3.673950033089568e-12,4543.5794974259215,2879.0055907087976
mask_100,2025-09-06,18120.494359215023,0.0,0.0,0.0,0.0,2.604967508368361e-11,18120.49435921505,30897.27486666167,30897.27486666167,0.0,0.0,4.685585253128011e-12,4619.82028014656,2917.6850216004073
mask_101,2025-09-06,18146.35987704462,0.0,504.84875981120047,252.42437990560023,-252.42437990560023,2.263618870124162e-11,17893.93549713904,30955.543661051386,30410.76844434791,0.0,544.7752167034787,4.094946604027427e-12,4555.0771752691,2896.050020351412
mask_110,2025-09-06,18150.953314319748,0.0,746.2177578593526,373.1088789296763,-373.1088789296763,1.993242970677045e-11,17777.844435390092,30965.891571110245,30166.522229586637,0.0,799.3693415236095,3.673950033089568e-12,4543.5794974259215,2879.0055907087976
mask_111,2025-09-06,18150.953314319748,0.0,746.2177578593526,373.1088789296763,-373.1088789296763,1.993242970677045e-11,17777.844435390092,30965.891571110245,30166.522229586637,0.0,799.3693415236094,3.673950033089568e-12,4543.5794974259215,2879.0055907087976
forecast_only,2025-09-06,18120.494359215023,0.0,0.0,0.0,0.0,2.604967508368361e-11,18120.49435921505,30897.27486666167,30897.27486666167,0.0,0.0,4.685585253128011e-12,4619.82028014656,2917.6850216004073
mask_000,2025-09-07,34851.65049107559,0.0,0.0,0.0,0.0,12111.710440702722,46963.36093177831,54621.685099888404,54621.685099888404,0.0,0.0,2156.756921622437,2917.6850216004073,1212.6732473172642
mask_001,2025-09-07,34861.98961778358,3984.9027462597687,196.73314491406504,98.36657245703252,3886.536173802736,2780.5448074741194,41529.07059906044,54645.72399016506,59384.30166853026,5061.631218570233,323.05354020503944,646.3288243733617,2896.050020351412,1200.0
mask_010,2025-09-07,34870.13496132724,189.10545063059186,208.95110329391957,104.47555164695979,84.62989898363207,11590.381419850972,46545.14628016185,54664.66224532353,54597.17564867066,285.80888782678437,353.2954844796525,2242.1793259442193,2879.0055907087976,1200.0
mask_011,2025-09-07,34870.13496132724,4267.028872392937,1267.4210374085828,633.7105187042914,3633.3183536886454,1952.8312424400285,40456.28455745591,54664.66224532353,57371.296250674786,5371.899766463684,2665.2657611124278,356.9265848390354,2879.0055907087976,1203.520144164391
mask_100,2025-09-07,34851.65049107559,1007.6161575652606,196.05370061614408,98.02685030807204,909.5893072571886,9597.339662318314,45358.57946065109,54621.685099888404,54801.04883933401,501.30157092799027,321.9378314823866,1946.9832552281414,2917.6850216004073,1200.0
mask_101,2025-09-07,34861.98961778358,3984.9027462597687,196.73314491406504,98.36657245703252,3886.536173802736,2780.5448074741194,41529.07059906044,54645.72399016506,59384.30166853026,5061.631218570233,323.05354020503944,646.3288243733617,2896.050020351412,1200.0
mask_110,2025-09-07,34870.13496132724,805.4807403599907,208.95110329391957,104.47555164695979,701.005188713031,9535.797120752977,45106.93727079325,54664.66224532353,54903.830021670365,592.4632608264852,353.2954844796525,1935.5249529445186,2879.0055907087976,1200.0
mask_111,2025-09-07,34870.13496132724,4267.028872392937,1267.4210374085828,633.7105187042914,3633.3183536886454,1952.8312424400285,40456.28455745591,54664.66224532353,57371.296250674786,5371.899766463684,2665.2657611124278,356.9265848390354,2879.0055907087976,1203.520144164391
forecast_only,2025-09-07,34851.65049107559,0.0,0.0,0.0,0.0,10961.210476720553,45812.86096779614,54621.685099888404,54621.685099888404,0.0,0.0,2612.0875556370293,2917.6850216004073,1212.6732473172642
mask_000,2025-09-08,40761.563031649515,0.0,0.0,0.0,0.0,5911.557429824413,46673.120461473925,67023.35123704554,67023.35123704554,0.0,0.0,982.4917653577755,1212.6732473172642,1237.8928655356851
mask_001,2025-09-08,40767.63351711449,613.5921569873472,1544.8413498241528,772.4206749120764,-158.82851792472923,2863.0539844713944,43471.85898366116,67037.43262295361,64401.38114354218,581.6510204566848,3217.7024998681068,454.60775101714086,1200.0,1235.2225564647524
mask_010,2025-09-08,40767.63351711449,242.71768437988675,1205.1055499893357,602.5527749946679,-359.83509061478105,5345.694940588832,45753.493367088544,67037.43262295361,64641.76179605309,231.88657224722814,2627.557399147741,1003.8530700242544,1200.0,1200.0
mask_011,2025-09-08,40765.947368059744,613.5921569873472,1544.8413498241528,772.4206749120764,-158.82851792472923,2863.0539844713944,43470.17283460641,67033.52135165985,64397.46987224842,581.6510204566848,3217.7024998681068,454.60775101714086,1203.520144164391,1235.2225564647524
mask_100,2025-09-08,40767.63351711449,1129.3601582138326,188.57788371954234,94.28894185977117,1035.0712163540616,2949.7333615868883,44752.43809505545,67037.43262295361,67289.51235301676,561.7415969874206,309.6618669242707,673.9263356711865,1200.0,1200.0
mask_101,2025-09-08,40767.63351711449,1207.7066269559732,1730.1155126944507,865.0577563472253,342.64887060874787,1632.5313838197135,42742.81377154295,67037.43262295361,64392.72362205261,877.2303587495337,3521.9393596505256,409.7148404068942,1200.0,1200.0
mask_110,2025-09-08,40767.63351711449,1110.6045709704931,1205.1055499893357,602.5527749946679,508.05179597582526,2484.361311819821,43760.04662491014,67037.43262295361,65073.58822383605,663.7130000301862,2627.5573991477413,572.0317506389997,1200.0,1200.0
mask_111,2025-09-08,40765.947368059744,1207.7066269559732,1730.1155126944507,865.0577563472253,342.64887060874787,1632.5313838197135,42741.1276224882,67033.52135165985,64388.812350758846,877.2303587495337,3521.9393596505256,409.7148404068942,1203.520144164391,1200.0
forecast_only,2025-09-08,40761.563031649515,0.0,0.0,0.0,0.0,5918.051556278646,46679.61458792816,67023.35123704554,67023.35123704554,0.0,0.0,982.4917653577755,1212.6732473172642,1237.8928655356851
mask_000,2025-09-09,37193.56590532593,0.0,0.0,0.0,0.0,5960.003002971015,43153.56890829695,59361.95722441956,59361.95722441956,0.0,0.0,988.27433617568,1237.8928655356851,1550.7079812177267
mask_001,2025-09-09,37194.84498337091,2115.182367184201,191.26202323692308,95.63101161846154,2019.5513555657396,1327.6828426552665,40542.079181591915,59364.92423449838,61085.92488053447,2035.0701117606206,314.0694657245282,199.6594453831657,1235.2225564647524,1257.1283898344143
mask_010,2025-09-09,37211.71658791752,388.77090191867046,190.29294478493006,95.14647239246503,293.6244295262054,3958.616111116478,41463.95712856021,59404.0604083481,59471.128090576865,379.54583386745253,312.4781516386905,628.6477103521831,1200.0,1257.5200299122068
mask_011,2025-09-09,37194.84498337091,2471.3378058013386,927.4256875670003,463.71284378350015,2007.6249620178385,799.9463006268982,40002.416246015644,59364.92423449838,60378.44016823053,2404.231456667898,1390.7155229357395,116.44762401614797,1235.2225564647524,1536.9593121439482
mask_100,2025-09-09,37211.71658791752,1019.3526097155818,190.29294478493006,95.14647239246503,924.2061373231168,2660.999624210709,40796.92234945135,59404.0604083481,59598.529078274376,506.9468215649639,312.4781516386905,493.73180500365686,1200.0,1257.5200299122068
mask_101,2025-09-09,37211.71658791752,2115.182367184201,191.26202323692308,95.63101161846154,2019.5513555657396,1327.6828426552665,40558.95078613853,59404.0604083481,61125.0610543842,2035.0701117606206,314.0694657245282,199.6594453831657,1200.0,1257.1283898344143
mask_110,2025-09-09,37211.71658791752,991.8506560378407,190.29294478493006,95.14647239246503,896.7041836453757,1948.3502640525771,40056.77103561547,59404.0604083481,59771.167769243126,679.5855125337064,312.4781516386905,328.6080316859293,1200.0,1257.5200299122068
mask_111,2025-09-09,37211.71658791752,2471.3378058013386,927.4256875670003,463.71284378350015,2007.6249620178385,799.9463006268982,40019.28785056226,59404.0604083481,60417.57634208026,2404.231456667898,1390.7155229357395,116.44762401614797,1200.0,1536.9593121439482
forecast_only,2025-09-09,37193.56590532593,0.0,0.0,0.0,0.0,5502.1115120041795,42695.67741733011,59361.95722441956,59361.95722441956,0.0,0.0,988.2743361756803,1237.8928655356851,1550.7079812177267
mask_000,2025-09-10,43767.93271974509,0.0,0.0,0.0,0.0,2.7935002755441474e-11,43767.93271974512,71222.05805642804,71222.05805642804,0.0,0.0,6.134648344868765e-12,1550.7079812177267,1904.456780264994
mask_001,2025-09-10,43908.557344017696,0.0,3588.6893730581373,1794.3446865290687,-1794.3446865290687,5383.285496959312,47497.49815444794,71548.2576024095,65610.28354799734,0.0,5937.974054412156,1027.927870743288,1257.1283898344143,1579.875096054856
mask_010,2025-09-10,43908.36974842043,0.0,2092.4227330413637,1046.2113665206818,-1046.2113665206818,2.8376276439701088e-11,42862.15838189978,71547.8224467675,67796.20625841978,0.0,3751.6161883477166,6.266986929404084e-12,1257.5200299122068,1389.6239081227616
mask_011,2025-09-10,43774.51833223143,1387.63986461448,3774.157483422523,1887.0787417112615,-499.43887709678165,280.6122553488475,43555.691710483494,71237.33435539891,66468.36126402434,1473.556302070704,6242.529393445271,58.529684961961834,1536.9593121439482,1539.2956879177393
mask_100,2025-09-10,43908.36974842043,0.0,9.894414780879591,4.947207390439796,-4.947207390439796,3.6244657941608697e-11,43903.42254103003,71547.8224467675,71535.03088950712,0.0,12.79155726037726,7.385203559806541e-12,1257.5200299122068,1892.0206564170785
mask_101,2025-09-10,43908.557344017696,1275.1241836157283,3775.1752231402543,1887.5876115701271,-612.4634279543989,2517.053310706759,45813.14722677005,71548.2576024095,65937.58933744114,633.5323487431478,6244.200613711506,601.6020719770303,1257.1283898344143,1518.2793166365789
mask_110,2025-09-10,43908.36974842043,0.0,2092.4227330413637,1046.2113665206818,-1046.2113665206818,2.8376276439701088e-11,42862.15838189978,71547.8224467675,67796.20625841978,0.0,3751.6161883477166,6.266986929404084e-12,1257.5200299122068,1389.6239081227616
mask_111,2025-09-10,43774.51833223143,1387.63986461448,3774.157483422523,1887.0787417112615,-499.43887709678165,280.6122553488475,43555.691710483494,71237.33435539891,66468.36126402434,1473.556302070704,6242.529393445271,58.529684961961834,1536.9593121439482,1539.2956879177393
forecast_only,2025-09-10,43767.93271974509,0.0,0.0,0.0,0.0,2.7935002755441474e-11,43767.93271974512,71222.05805642804,71222.05805642804,0.0,0.0,6.134648344868765e-12,1550.7079812177267,1904.456780264994
mask_000,2025-09-11,43828.8661064349,0.0,0.0,0.0,0.0,40.929105000023455,43869.795211434925,70289.2896908496,70289.2896908496,0.0,0.0,6.071666666671028,1904.456780264994,1999.3513016486236
mask_001,2025-09-11,43984.34073317156,0.0,5343.218998316462,2671.609499158231,-2671.609499158231,40.9291050000213,41353.660339013346,70649.93600663864,61115.164965482625,0.0,9534.771041156017,6.0716666666706764,1579.875096054856,1977.3440982479447
mask_010,2025-09-11,44075.47105219103,0.0,4061.157670729119,2030.5788353645596,-2030.5788353645596,40.929105000029324,42085.82132182651,70861.32621545208,64373.765951793685,0.0,6487.5602636584,6.071666666672527,1389.6239081227616,1982.347507358654
mask_011,2025-09-11,44003.77826966924,9.533340479989283,5674.487772141954,2837.243886070977,-2827.7105455909877,40.929105000029324,41216.996829078285,70695.02423790211,60774.839068070476,5.917714405445508,9926.102884237082,6.071666666672527,1539.2956879177393,1982.347507358654
mask_100,2025-09-11,43834.82300975805,0.0,20.97877451914493,10.489387259572466,-10.489387259572466,40.92910500002629,43865.262727498506,70303.10760623618,70283.29028138432,0.0,19.81732485185148,6.071666666671469,1892.0206564170785,1982.3474223940048
mask_101,2025-09-11,44013.845111512914,0.0,5343.218998316462,2671.609499158231,-2671.609499158231,40.9291050000213,41383.1647173547,70718.37576154784,61183.60472039182,0.0,9534.771041156017,6.0716666666706764,1518.2793166365789,1977.3440982479447
mask_110,2025-09-11,44075.47105219103,0.0,4061.157670729119,2030.5788353645596,-2030.5788353645596,40.929105000029324,42085.82132182651,70861.32621545208,64373.765951793685,0.0,6487.5602636584,6.071666666672527,1389.6239081227616,1982.347507358654
mask_111,2025-09-11,44003.77826966924,9.533340479989283,5674.487772141954,2837.243886070977,-2827.7105455909877,40.929105000029324,41216.996829078285,70695.02423790211,60774.839068070476,5.917714405445508,9926.102884237082,6.071666666672527,1539.2956879177393,1982.347507358654
forecast_only,2025-09-11,43828.8661064349,0.0,0.0,0.0,0.0,40.929105000023455,43869.795211434925,70289.2896908496,70289.2896908496,0.0,0.0,6.071666666671028,1904.456780264994,1999.3513016486236
mask_000,2025-09-12,20237.200085980974,0.0,0.0,0.0,0.0,9.672542017336028e-12,20237.200085980985,35562.80399308607,35562.80399308607,0.0,0.0,2.1145585282766888e-12,1999.3513016486236,2796.2139617394478
mask_001,2025-09-12,20247.643726617007,0.0,748.8966624071682,374.4483312035841,-374.4483312035841,1.1807921890261142e-11,19873.195395413433,35587.256441309044,34767.04021090732,0.0,820.2162304017165,2.455619041441537e-12,1977.3440982479447,2775.428515871145
mask_010,2025-09-12,20245.269331026804,0.0,393.8801232011394,196.9400616005697,-196.9400616005697,1.056111834096818e-11,20048.329269426245,35581.697097852695,35171.94783725437,0.0,409.7492605983316,2.285088784859113e-12,1982.347507358654,2785.082500882522
mask_011,2025-09-12,20245.269331026804,0.0,748.8966624071682,374.4483312035841,-374.4483312035841,1.1807921890261142e-11,19870.82099982323,35581.697097852695,34761.48086745098,0.0,820.2162304017165,2.455619041441537e-12,1982.347507358654,2775.428515871145
mask_100,2025-09-12,20245.269371347247,0.0,16.879833758553886,8.439916879276943,-8.439916879276943,1.3052394859380814e-11,20236.829454467985,35581.69719225787,35564.147342372526,0.0,17.549849885339768,2.682992716884769e-12,1982.3474223940048,2778.486755169401
mask_101,2025-09-12,20247.643726617007,0.0,748.8966624071682,374.4483312035841,-374.4483312035841,1.1807921890261142e-11,19873.195395413433,35587.256441309044,34767.04021090732,0.0,820.2162304017165,2.455619041441537e-12,1977.3440982479447,2775.428515871145
mask_110,2025-09-12,20245.269331026804,0.0,393.8801232011394,196.9400616005697,-196.9400616005697,1.056111834096818e-11,20048.329269426245,35581.697097852695,35171.94783725437,0.0,409.7492605983316,2.285088784859113e-12,1982.347507358654,2785.082500882522
mask_111,2025-09-12,20245.269331026804,0.0,748.8966624071682,374.4483312035841,-374.4483312035841,1.1807921890261142e-11,19870.82099982323,35581.697097852695,34761.48086745098,0.0,820.2162304017165,2.455619041441537e-12,1982.347507358654,2775.428515871145
forecast_only,2025-09-12,20237.200085980974,0.0,0.0,0.0,0.0,9.672542017336028e-12,20237.200085980985,35562.80399308607,35562.80399308607,0.0,0.0,2.1145585282766888e-12,1999.3513016486236,2796.2139617394478
mask_000,2025-09-13,18817.0280396038,0.0,0.0,0.0,0.0,1.944844807422186e-11,18817.028039603818,32927.92066487512,32927.92066487512,0.0,0.0,4.278577492300428e-12,2796.2139617394478,2679.720266693506
mask_001,2025-09-13,18826.83877005364,0.0,337.6018017820369,168.80090089101844,-168.80090089101844,2.558467382396401e-11,18658.03786916265,32951.01560472879,32593.669935215425,0.0,357.34566951336427,5.598410623974814e-12,2775.428515871145,2603.0868755489323
mask_010,2025-09-13,18822.282089128268,0.0,457.46569731697303,228.73284865848652,-228.73284865848652,3.034687778846745e-11,18593.54924046981,32940.28895471615,32469.005386419343,0.0,471.2835682968031,6.605604951914756e-12,2785.082500882522,2494.1412726847175
mask_011,2025-09-13,18826.83877005364,17.315205178793526,462.77339551699936,231.38669775849968,-214.07149257970616,2.515405117531344e-11,18612.76727747396,32951.01560472879,32484.44708466393,10.639357463650413,477.2078775285079,5.459854790501595e-12,2775.428515871145,2499.69669207251
mask_100,2025-09-13,18825.39528110486,0.0,13.626382294945161,6.813191147472581,-6.813191147472581,1.9118797989214898e-11,18818.582089957406,32947.617561064064,32931.244157321045,0.0,16.373403743016468,4.1311398746302075e-12,2778.486755169401,2663.4339301119635
mask_101,2025-09-13,18826.83877005364,0.0,337.6018017820369,168.80090089101844,-168.80090089101844,2.558467382396401e-11,18658.03786916265,32951.01560472879,32593.669935215425,0.0,357.34566951336427,5.598410623974814e-12,2775.428515871145,2603.0868755489323
mask_110,2025-09-13,18822.282089128268,0.0,457.46569731697303,228.73284865848652,-228.73284865848652,3.034687778846745e-11,18593.54924046981,32940.28895471615,32469.005386419343,0.0,471.2835682968031,6.605604951914756e-12,2785.082500882522,2494.1412726847175
mask_111,2025-09-13,18826.83877005364,17.315205178793526,462.77339551699936,231.38669775849968,-214.07149257970616,2.515405117531344e-11,18612.76727747396,32951.01560472879,32484.44708466393,10.639357463650413,477.2078775285079,5.459854790501595e-12,2775.428515871145,2499.69669207251
forecast_only,2025-09-13,18817.0280396038,0.0,0.0,0.0,0.0,1.944844807422186e-11,18817.028039603818,32927.92066487512,32927.92066487512,0.0,0.0,4.278577492300428e-12,2796.2139617394478,2679.720266693506
mask_000,2025-09-14,45729.83756662581,0.0,0.0,0.0,0.0,498.58328397663036,46228.42085060244,72486.71412674087,72486.71412674087,0.0,0.0,235.37643217191675,2679.720266693506,1218.5044046884325
mask_001,2025-09-14,45766.46832759291,0.0,4876.074677442436,2438.037338721218,-2438.037338721218,522.512694428937,43850.94368330063,72571.86233912373,65164.818873834425,0.0,7407.043465289303,246.39576321651293,2603.0868755489323,1218.0295673571957
mask_010,2025-09-14,45818.60018448932,0.0,2954.7632225316333,1477.3816112658167,-1477.3816112658167,619.2906710624802,44960.50924428598,72692.91300897286,67653.1832168529,0.0,5039.729792119953,279.80732747538127,2494.1412726847175,1218.0687754518883
mask_011,2025-09-14,45815.93913860257,0.8795551882412737,5706.4270722477995,2853.2135361238998,-2852.3339809356585,619.2906710624751,43582.89582872938,72686.74032076419,63865.06639926991,0.6752505197072196,8822.349172013992,279.8073274753801,2499.69669207251,1218.0687754518883
mask_100,2025-09-14,45737.622435511774,0.0,15.84168866175682,7.92084433087841,-7.92084433087841,524.0827578303341,46253.784349011235,72504.81005627592,72489.87667987836,0.0,14.933376397551342,247.1094843226698,2663.4339301119635,1218.0687754518883
mask_101,2025-09-14,45766.46832759291,0.0,4876.074677442436,2438.037338721218,-2438.037338721218,522.512694428937,43850.94368330063,72571.86233912373,65164.818873834425,0.0,7407.043465289303,246.39576321651293,2603.0868755489323,1218.0295673571957
mask_110,2025-09-14,45818.60018448932,0.0,2954.7632225316333,1477.3816112658167,-1477.3816112658167,619.2906710624802,44960.50924428598,72692.91300897286,67653.1832168529,0.0,5039.729792119953,279.80732747538127,2494.1412726847175,1218.0687754518883
mask_111,2025-09-14,45815.93913860257,0.8795551882412737,5706.4270722477995,2853.2135361238998,-2852.3339809356585,619.2906710624751,43582.89582872938,72686.74032076419,63865.06639926991,0.6752505197072196,8822.349172013992,279.8073274753801,2499.69669207251,1218.0687754518883
forecast_only,2025-09-14,45729.83756662581,0.0,0.0,0.0,0.0,498.58328397663036,46228.42085060244,72486.71412674087,72486.71412674087,0.0,0.0,235.37643217191675,2679.720266693506,1218.5044046884325
mask_000,2025-09-15,39501.882582233244,0.0,0.0,0.0,0.0,267.6305174474122,39769.513099680655,62609.929495234144,62609.929495234144,0.0,0.0,52.31203634763462,1218.5044046884325,2032.4896444738254
mask_001,2025-09-15,39502.11002931491,0.0,0.0,0.0,0.0,267.6305174474122,39769.74054676232,62610.45709226886,62610.45709226886,0.0,0.0,52.31203634763462,1218.0295673571957,2032.4896444738254
mask_010,2025-09-15,39502.09124863755,0.0,282.66474597047755,141.33237298523878,-141.33237298523878,267.63051744741233,39628.38939309973,62610.413527719196,62328.19952603745,0.0,282.21400168174216,52.31203634763472,1218.0687754518883,2017.8001888426681
mask_011,2025-09-15,39502.09124863755,0.0,282.66474597047755,141.33237298523878,-141.33237298523878,267.63051744741233,39628.38939309973,62610.413527719196,62328.19952603745,0.0,282.21400168174216,52.31203634763472,1218.0687754518883,2017.8001888426681
mask_100,2025-09-15,39502.09124863755,0.0,8.40470162478645,4.202350812393225,-4.202350812393225,267.6305174474119,39765.519415272574,62610.413527719196,62600.30639390991,0.0,10.107133809283653,52.31203634763456,1218.0687754518883,2022.8118240709061
mask_101,2025-09-15,39502.11002931491,0.0,8.40470162478645,4.202350812393225,-4.202350812393225,267.6305174474119,39765.53819594993,62610.45709226886,62600.34995845957,0.0,10.107133809283653,52.31203634763456,1218.0295673571957,2022.8118240709061
mask_110,2025-09-15,39502.09124863755,0.0,282.66474597047755,141.33237298523878,-141.33237298523878,267.63051744741233,39628.38939309973,62610.413527719196,62328.19952603745,0.0,282.21400168174216,52.31203634763472,1218.0687754518883,2017.8001888426681
mask_111,2025-09-15,39502.09124863755,0.0,282.66474597047755,141.33237298523878,-141.33237298523878,267.63051744741233,39628.38939309973,62610.413527719196,62328.19952603745,0.0,282.21400168174216,52.31203634763472,1218.0687754518883,2017.8001888426681
forecast_only,2025-09-15,39501.882582233244,0.0,0.0,0.0,0.0,267.6305174474122,39769.513099680655,62609.929495234144,62609.929495234144,0.0,0.0,52.31203634763462,1218.5044046884325,2032.4896444738254
mask_000,2025-09-16,46606.95539881978,0.0,0.0,0.0,0.0,55.38174766668211,46662.33714648646,75225.68063472206,75225.68063472206,0.0,0.0,8.238266666670516,2032.4896444738254,1698.8021539431186
mask_001,2025-09-16,46606.95539881978,74.06975001419998,3478.1161520831333,1739.0580760415667,-1664.9883260273666,55.38174766668576,44997.348820459105,75225.68063472206,69915.39394230332,52.57474948780475,5362.861441906535,8.2382666666715,2032.4896444738254,1685.0534690616832
mask_010,2025-09-16,46613.99164806711,0.0,4711.29860982891,2355.649304914455,-2355.649304914455,55.38174766669608,44313.72409081935,75242.00225209001,67483.66414289841,0.0,7758.338109191591,8.238266666673624,2017.8001888426681,1561.0719416913687
mask_011,2025-09-16,46613.99164806711,79.60965592976271,5588.901402886912,2794.450701443456,-2714.841045513693,55.38174766669669,43954.53235022011,75242.00225209001,66088.38156857256,59.19601508608923,9212.816698603536,8.238266666673802,2017.8001888426681,1561.213252212685
mask_100,2025-09-16,46611.59107479278,0.0,0.0,0.0,0.0,55.38174766668211,46666.97282245946,75236.43376850308,75236.43376850308,0.0,0.0,8.238266666670516,2022.8118240709061,1698.8021539431186
mask_101,2025-09-16,46611.59107479278,74.06975001419998,3478.1161520831333,1739.0580760415667,-1664.9883260273666,55.38174766668576,45001.9844964321,75236.43376850308,69926.14707608434,52.57474948780475,5362.861441906535,8.2382666666715,2022.8118240709061,1685.0534690616832
mask_110,2025-09-16,46613.99164806711,0.0,4711.29860982891,2355.649304914455,-2355.649304914455,55.38174766669608,44313.72409081935,75242.00225209001,67483.66414289841,0.0,7758.338109191591,8.238266666673624,2017.8001888426681,1561.0719416913687
mask_111,2025-09-16,46613.99164806711,79.60965592976271,5588.901402886912,2794.450701443456,-2714.841045513693,55.38174766669669,43954.53235022011,75242.00225209001,66088.38156857256,59.19601508608923,9212.816698603536,8.238266666673802,2017.8001888426681,1561.213252212685
forecast_only,2025-09-16,46606.95539881978,0.0,0.0,0.0,0.0,55.38174766668211,46662.33714648646,75225.68063472206,75225.68063472206,0.0,0.0,8.238266666670516,2032.4896444738254,1698.8021539431186
mask_000,2025-09-17,45042.29813214415,0.0,0.0,0.0,0.0,34.70889375002124,45077.00702589417,71327.99823773971,71327.99823773971,0.0,0.0,7.629166666671588,1698.8021539431186,1840.8522303915283
mask_001,2025-09-17,45048.88375220235,203.43798772317362,2074.4122499101077,1037.2061249550538,-833.7681372318802,34.70889375002227,44249.8245087205,71343.27455427464,68334.66488400442,167.60420804347802,3176.2138783137034,7.6291666666717965,1685.0534690616832,1808.6913079314484
mask_010,2025-09-17,45108.270903812736,0.0,3722.420249951681,1861.2101249758405,-1861.2101249758405,34.70889375002349,43281.76967258692,71481.03180690832,66059.37115073344,0.0,5421.660656174877,7.629166666671975,1561.0719416913687,1819.5376076657199
mask_011,2025-09-17,45108.20321607303,218.69402645578714,3890.1742912528653,1945.0871456264326,-1726.3931191706456,34.70889375002388,43416.51899065241,71480.87479521797,66019.89957172427,178.96985574380773,5639.945079237525,7.629166666672046,1561.213252212685,1819.5376076657199
mask_100,2025-09-17,45042.29813214415,0.0,30.950760872238742,15.475380436119371,-15.475380436119371,34.708893750021396,45061.531645458046,71327.99823773971,71296.8921410713,0.0,31.10609666840952,7.629166666671721,1698.8021539431186,1819.4368140196239
mask_101,2025-09-17,45048.88375220235,203.43798772317362,2074.4122499101077,1037.2061249550538,-833.7681372318802,34.70889375002227,44249.8245087205,71343.27455427464,68334.66488400442,167.60420804347802,3176.2138783137034,7.6291666666717965,1685.0534690616832,1808.6913079314484
mask_110,2025-09-17,45108.270903812736,0.0,3722.420249951681,1861.2101249758405,-1861.2101249758405,34.70889375002349,43281.76967258692,71481.03180690832,66059.37115073344,0.0,5421.660656174877,7.629166666671975,1561.0719416913687,1819.5376076657199
mask_111,2025-09-17,45108.20321607303,218.69402645578714,3890.1742912528653,1945.0871456264326,-1726.3931191706456,34.70889375002388,43416.51899065241,71480.87479521797,66019.89957172427,178.96985574380773,5639.945079237525,7.629166666672046,1561.213252212685,1819.5376076657199
forecast_only,2025-09-17,45042.29813214415,0.0,0.0,0.0,0.0,34.70889375002124,45077.00702589417,71327.99823773971,71327.99823773971,0.0,0.0,7.629166666671588,1698.8021539431186,1840.8522303915283
mask_000,2025-09-18,39960.58077862746,0.0,0.0,0.0,0.0,2704.8161602415403,42665.396938869,62978.37159797401,62978.37159797401,0.0,0.0,405.4995945053356,1840.8522303915283,1506.7654344316948
mask_001,2025-09-18,39975.98586048584,4361.915521236593,189.12704872615885,94.56352436307942,4267.351996873514,17.18467840001821,44260.52253575937,63014.10595626298,68708.67870422514,6005.13639328082,310.5636453186622,2.4634000000037597,1808.6913079314484,1332.9926508560934
mask_010,2025-09-18,39970.79048291312,965.218297603511,188.5885491492145,94.29427457460724,870.9240230289038,17.18467840001774,40858.89918434204,63002.0545121138,64087.481804410636,1395.1066728170822,309.67938052023794,2.463400000003708,1819.5376076657199,1333.86316042432
mask_011,2025-09-18,39970.79048291312,4629.169802782716,1751.8098671425112,875.9049335712556,3753.2648692114603,17.184678400034972,43741.24003052462,63002.0545121138,66290.19750718871,6302.445757824486,3014.3027627495594,2.463400000007196,1819.5376076657199,1617.603773698274
mask_100,2025-09-18,39970.8387630696,734.6467754848709,189.12704872615885,94.56352436307942,640.0832511217915,690.380444015104,41301.302458206505,63002.1665050539,63057.098767936666,365.4959082014283,310.5636453186622,134.40173217777516,1819.4368140196239,1313.758244622527
mask_101,2025-09-18,39975.98586048584,4361.915521236593,189.12704872615885,94.56352436307942,4267.351996873514,17.18467840001821,44260.52253575937,63014.10595626298,68708.67870422514,6005.13639328082,310.5636453186622,2.4634000000037597,1808.6913079314484,1332.9926508560934
mask_110,2025-09-18,39970.79048291312,965.218297603511,188.5885491492145,94.29427457460724,870.9240230289038,17.18467840001774,40858.89918434204,63002.0545121138,64087.481804410636,1395.1066728170822,309.67938052023794,2.463400000003708,1819.5376076657199,1333.86316042432
mask_111,2025-09-18,39970.79048291312,4629.169802782717,1753.3631611772994,876.6815805886497,3752.488222194067,17.184678400032357,43740.463383507216,63002.0545121138,66288.51649843431,6302.445757824488,3015.983771503973,2.4634000000067484,1819.5376076657199,1616.1448193842796
forecast_only,2025-09-18,39960.58077862746,0.0,0.0,0.0,0.0,12722.832252656855,52683.41303128432,62978.37159797401,62978.37159797401,0.0,0.0,3048.7731724071646,1840.8522303915283,1630.886558302892
mask_000,2025-09-19,20125.337585622656,0.0,0.0,0.0,0.0,1.3266044041060354e-11,20125.33758562267,35419.97786423523,35419.97786423523,0.0,0.0,2.999822612537173e-12,1506.7654344316948,2539.411692365407
mask_001,2025-09-19,20207.804177773716,0.0,0.0,0.0,0.0,1.4401661863061577e-11,20207.80417777373,35613.05873487479,35613.05873487479,0.0,0.0,3.397726544562829e-12,1332.9926508560934,2539.411692365407
mask_010,2025-09-19,20207.390975898667,0.0,930.1653139360576,465.0826569680288,-465.0826569680288,2.1401447503066608e-11,19742.30831893066,35612.091502021205,34602.05137295932,0.0,1010.0401290618858,4.909406214892442e-12,1333.86316042432,2524.933257207658
mask_011,2025-09-19,20072.738635955153,0.0,930.1653139360576,465.0826569680288,-465.0826569680288,2.026582968106538e-11,19607.655978987146,35296.82415393903,34286.784024877146,0.0,1010.0401290618858,4.511502282866786e-12,1617.603773698274,2524.933257207658
mask_100,2025-09-19,20216.934109265916,0.0,18.074741990048018,9.037370995024009,-9.037370995024009,1.4353872535011192e-11,20207.89673827091,35634.43029735653,35614.96703126644,0.0,19.46326609009526,3.374633905650626e-12,1313.758244622527,2519.624268778515
mask_101,2025-09-19,20207.804177773716,0.0,18.074741990048018,9.037370995024009,-9.037370995024009,1.4353872535011192e-11,20198.76680677871,35613.05873487479,35593.5954687847,0.0,19.46326609009526,3.374633905650626e-12,1332.9926508560934,2519.624268778515
mask_110,2025-09-19,20207.390975898667,0.0,934.8889351175953,467.44446755879767,-467.44446755879767,2.1423818941102013e-11,19739.94650833989,35612.091502021205,34596.77846480695,0.0,1015.313037214256,4.920064355928844e-12,1333.86316042432,2519.624268778515
mask_111,2025-09-19,20073.43099083016,0.0,934.8889351175953,467.44446755879767,-467.44446755879767,2.028820111910079e-11,19605.986523271382,35298.445214287916,34283.132177073654,0.0,1015.313037214256,4.522160423903188e-12,1616.1448193842796,2519.624268778515
forecast_only,2025-09-19,20066.435216727783,0.0,0.0,0.0,0.0,1.3266044041060354e-11,20066.435216727798,35282.06550437835,35282.06550437835,0.0,0.0,2.999822612537173e-12,1630.886558302892,2539.411692365407
mask_000,2025-09-20,19604.983355781063,0.0,0.0,0.0,0.0,2.004960819590451e-11,19604.983355781085,34232.88673220821,34232.88673220821,0.0,0.0,3.800515457896836e-12,2539.411692365407,2488.3960430482875
mask_001,2025-09-20,19604.983355781063,0.0,534.5328868864967,267.26644344324836,-267.26644344324836,1.9837177234194314e-11,19337.716912337833,34232.88673220821,33637.860153780566,0.0,595.0265784276407,3.701039474890422e-12,2539.411692365407,2452.0422362513727
mask_010,2025-09-20,19611.850960190888,0.0,1164.8197274454897,582.4098637227448,-582.4098637227448,3.2602680999360705e-11,19029.441096468174,34248.97388238349,32970.043869573725,0.0,1278.9300128097652,6.361133841892297e-12,2524.933257207658,2345.2530779017966
mask_011,2025-09-20,19611.850960190888,16.043974528984645,1175.5157104648129,587.7578552324064,-571.7138807034219,3.2602680999360705e-11,19040.137079487497,34248.97388238349,32970.043869573725,12.088272700322761,1291.018285510088,6.361133841892297e-12,2524.933257207658,2345.2530779017966
mask_100,2025-09-20,19614.369190369114,0.0,497.7863012939505,248.89315064697524,-248.89315064697524,2.1525382587483933e-11,19365.47603972216,34254.87275841586,33695.67449337883,0.0,559.1982650370369,4.32764934998886e-12,2519.624268778515,1919.4840423867959
mask_101,2025-09-20,19614.369190369114,0.0,1000.1750628103235,500.08753140516177,-500.08753140516177,2.1525382587483933e-11,19114.281658963977,34254.87275841586,33136.83606834959,0.0,1118.0366900662727,4.32764934998886e-12,2519.624268778515,1919.4840423867959
mask_110,2025-09-20,19614.369190369114,0.0,1164.8197274454897,582.4098637227448,-582.4098637227448,3.350244792699187e-11,19031.9593266464,34254.87275841586,32975.9427456061,0.0,1278.9300128097652,6.770584093374055e-12,2519.624268778515,2345.2530779017966
mask_111,2025-09-20,19614.369190369114,16.043974528984645,1175.5157104648129,587.7578552324064,-571.7138807034219,3.350244792699187e-11,19042.655309665723,34254.87275841586,32975.9427456061,12.088272700322761,1291.018285510088,6.770584093374055e-12,2519.624268778515,2345.2530779017966
forecast_only,2025-09-20,19604.983355781063,0.0,0.0,0.0,0.0,2.004960819590451e-11,19604.983355781085,34232.88673220821,34232.88673220821,0.0,0.0,3.800515457896836e-12,2539.411692365407,2488.3960430482875
mask_000,2025-09-21,44253.01584295038,0.0,0.0,0.0,0.0,2.8233032578484084e-11,44253.01584295041,70527.73907436062,70527.73907436062,0.0,0.0,5.901945598907332e-12,2488.3960430482875,1965.4668501534197
mask_001,2025-09-21,44270.4293164061,0.0,821.9457649442702,410.9728824721351,-410.9728824721351,1.9918684035502563e-11,43859.45643393399,70568.13219302386,69484.33389975285,0.0,1083.7982932709938,4.510614104447086e-12,2452.0422362513727,1937.2032176616044
mask_010,2025-09-21,44321.58132325555,0.0,2202.82465779742,1101.41232889871,-1101.41232889871,3.4521021485822705e-11,43220.16899435688,70686.78681341227,66905.37338714843,0.0,3781.413426263839,7.157385795153459e-12,2345.2530779017966,1951.7182574915478
mask_011,2025-09-21,44321.58132325555,21.724363611322644,2459.5185151531778,1229.7592575765889,-1208.0348939652663,3.30492743172428e-11,43113.54642929032,70686.78681341227,66588.55213223983,15.697172579775327,4113.931853752218,6.901590410279823e-12,2345.2530779017966,1951.7182574915478
mask_100,2025-09-21,44525.52469126723,0.0,14.232800913792582,7.116400456896291,-7.116400456896291,2.2248221043241756e-11,44518.40829081035,71159.86351954006,71144.4402312697,0.0,15.423288270352543,4.9251713818421194e-12,1919.4840423867959,1951.2050687774988
mask_101,2025-09-21,44525.52469126723,0.0,821.9457649442702,410.9728824721351,-410.9728824721351,1.9918684035502563e-11,44114.55180879511,71159.86351954006,70076.06522626906,0.0,1083.7982932709938,4.510614104447086e-12,1919.4840423867959,1937.2032176616044
mask_110,2025-09-21,44321.58132325555,0.0,2203.3367105076113,1101.6683552538057,-1101.6683552538057,2.810786625673245e-11,43219.91296800178,70686.78681341227,66904.81840335888,0.0,3781.968410053396,6.156186671546493e-12,2345.2530779017966,1951.2050687774988
mask_111,2025-09-21,44321.58132325555,21.724363611322644,2460.03056786337,1230.015283931685,-1208.2909203203624,2.6636119088152554e-11,43113.29040293522,70686.78681341227,66587.99714845027,15.697172579775327,4114.486837541773,5.900391286672857e-12,2345.2530779017966,1951.2050687774988
forecast_only,2025-09-21,44253.01584295038,0.0,0.0,0.0,0.0,2.8233032578484084e-11,44253.01584295041,70527.73907436062,70527.73907436062,0.0,0.0,5.901945598907332e-12,2488.3960430482875,1965.4668501534197
mask_000,2025-09-22,47774.94138456394,0.0,0.0,0.0,0.0,131.78740035001658,47906.72878491396,75803.26072402907,75803.26072402907,0.0,0.0,19.55590000000352,1965.4668501534197,1915.4965819271715
mask_001,2025-09-22,47788.47966452752,0.0,5119.747354424406,2559.873677212203,-2559.873677212203,131.78740035001093,45360.393387665325,75834.66476013108,67717.64729025753,0.0,8117.017469873543,19.555900000002413,1937.2032176616044,1891.038613969534
mask_010,2025-09-22,47781.52696044898,0.0,5268.559629754722,2634.279814877361,-2634.279814877361,131.78740035002374,45279.03454592164,75818.53693809781,67837.08577713215,0.0,7981.45116096566,19.55590000000513,1951.7182574915478,1896.3034712604608
mask_011,2025-09-22,47781.52696044898,8.274761256605155,6370.482889099224,3185.241444549612,-3176.9666832930066,131.78740035001977,44736.34767750599,75818.53693809781,66113.59686691141,5.979017743638678,9710.919088930037,19.55590000000425,1951.7182574915478,1896.3034712604608
mask_100,2025-09-22,47781.77277784301,0.0,493.48010125311026,246.74005062655513,-246.74005062655513,131.78740035001573,47666.820127566476,75819.10714778009,75284.25311573717,0.0,534.8540320429192,19.55590000000344,1951.2050687774988,1440.2682392378424
mask_101,2025-09-22,47788.47966452752,0.0,5587.600443144188,2793.800221572094,-2793.800221572094,131.78740035001172,45126.46684330543,75834.66476013108,67210.56886851351,0.0,8624.09589161757,19.55590000000256,1937.2032176616044,1440.2682392378424
mask_110,2025-09-22,47781.77277784301,0.0,5561.24918466924,2780.62459233462,-2780.62459233462,131.78740035002414,45132.93558585842,75819.10714778009,67459.4343990504,0.0,8359.672748729692,19.555900000005217,1951.2050687774988,1584.9501790589343
mask_111,2025-09-22,47781.77277784301,8.274761256605155,6663.1724440137405,3331.5862220068702,-3323.311460750265,131.78740035002014,44590.248717442766,75819.10714778009,65735.94548882966,5.979017743638678,10089.140676694069,19.555900000004335,1951.2050687774988,1584.9501790589343
forecast_only,2025-09-22,47774.94138456394,0.0,0.0,0.0,0.0,131.78740035001658,47906.72878491396,75803.26072402907,75803.26072402907,0.0,0.0,19.55590000000352,1965.4668501534197,1915.4965819271715
mask_000,2025-09-23,46709.38962775847,0.0,0.0,0.0,0.0,42.99618750002442,46752.385815258494,74213.06444374213,74213.06444374213,0.0,0.0,6.3750000000045945,1915.4965819271715,1987.102349267243
mask_001,2025-09-23,46721.104994410176,0.0,2252.8328188361843,1126.4164094180921,-1126.4164094180921,42.99618750002332,45637.6847724921,74240.23996369506,70927.68682809151,0.0,3312.5531356035403,6.375000000004524,1891.038613969534,1972.5896148714482
mask_010,2025-09-23,46718.58312776782,0.0,2853.8192105870794,1426.9096052935397,-1426.9096052935397,42.99618750002059,45334.66970997431,74234.3901222607,69607.8203868015,0.0,4626.569735459198,6.375000000004075,1896.3034712604608,1977.6664083473318
mask_011,2025-09-23,46718.58312776782,7.211481442440068,3731.163495152381,1865.5817475761905,-1858.3702661337506,42.9961875000221,44903.2090491341,74234.3901222607,68337.61285053787,5.208616485705306,5901.985888208524,6.375000000004357,1896.3034712604608,1977.6664083473318
mask_100,2025-09-23,46937.02400390666,0.0,518.2083167331796,259.1041583665898,-259.1041583665898,656.2115666884387,47334.13141222851,74741.09593561916,74179.48046368676,0.0,561.6154719323889,131.4213298399642,1440.2682392378424,1568.5137538196002
mask_101,2025-09-23,46937.02400390666,0.0,2757.297773705029,1378.6488868525146,-1378.6488868525146,656.2115666884421,46214.586683742586,74741.09593561916,70881.81689725432,0.0,3859.27903836482,131.42132983996484,1440.2682392378424,1568.5137538196002
mask_110,2025-09-23,46867.72135473236,0.0,3326.931272844646,1663.465636422323,-1663.465636422323,500.61585428058817,45704.87157259063,74580.33822470684,69428.8194527665,0.0,5151.518771940332,108.43229135632494,1584.9501790589343,1568.5137538196002
mask_111,2025-09-23,46867.72135473236,7.211481442440067,4204.275557409948,2102.137778704974,-2094.926297262534,500.6158542805897,45273.41091175041,74580.33822470684,68158.61191650288,5.208616485705306,6426.934924689659,108.43229135632522,1584.9501790589343,1568.5137538196002
forecast_only,2025-09-23,46709.38962775847,0.0,0.0,0.0,0.0,42.99618750002442,46752.385815258494,74213.06444374213,74213.06444374213,0.0,0.0,6.3750000000045945,1915.4965819271715,1987.102349267243
mask_000,2025-09-24,41206.63815427334,0.0,0.0,0.0,0.0,6181.422362789724,47388.060517063066,64215.074229936145,64215.074229936145,0.0,0.0,952.3117860925751,1987.102349267243,1900.3099509749281
mask_001,2025-09-24,41213.589754048924,0.0,415.90272714163945,207.95136357081972,-207.95136357081972,7223.268259060913,48228.906649539014,64231.19949037592,63742.53231590433,0.0,488.66717447158084,1108.7312702483218,1972.5896148714482,1619.6759502931232
mask_010,2025-09-24,41211.15796997398,1186.633930189907,187.8393693438154,93.9196846719077,1092.7142455179992,2.13692881168015e-11,42303.872215492,64225.55860873604,65724.91433064184,1807.8048817202712,308.4491598144689,5.307310146918098e-12,1977.6664083473318,2103.8931718116073
mask_011,2025-09-24,41211.15796997398,1331.3838778916243,415.9027271416395,207.95136357081975,1123.4325143208046,2.6774024108888742e-11,42334.590484294815,64225.55860873604,65734.75925494732,1997.8678206828567,488.66717447158084,6.137312880127865e-12,1977.6664083473318,2059.2490185162515
mask_100,2025-09-24,41407.142091492766,2420.5967921018287,187.83936934381543,93.91968467190772,2326.677107429921,363.25716358336666,44097.07636250606,64680.172669322405,65573.0536140036,1201.330104495662,308.4491598144689,87.01907791564417,1568.5137538196002,1980.5497646283904
mask_101,2025-09-24,41407.142091492766,2729.9523798665123,415.9027271416395,207.95136357081975,2522.001016295693,363.25716358336786,44292.40027137182,64680.172669322405,65546.60712730055,1355.1016324497236,488.66717447158084,87.01907791564437,1568.5137538196002,1976.5970729096543
mask_110,2025-09-24,41407.142091492766,1186.633930189907,187.8393693438154,93.9196846719077,1092.7142455179992,2.13692881168015e-11,42499.85633701079,64680.172669322405,66179.5283912282,1807.8048817202712,308.4491598144689,5.307310146918098e-12,1568.5137538196002,2103.8931718116073
mask_111,2025-09-24,41407.142091492766,1331.3838778916243,415.9027271416395,207.95136357081975,1123.4325143208046,2.6774024108888742e-11,42530.5746058136,64680.172669322405,66189.37331553368,1997.8678206828567,488.66717447158084,6.137312880127865e-12,1568.5137538196002,2059.2490185162515
forecast_only,2025-09-24,41206.63815427334,0.0,0.0,0.0,0.0,6181.422362789724,47388.060517063066,64215.074229936145,64215.074229936145,0.0,0.0,952.3117860925751,1987.102349267243,1900.3099509749281
mask_000,2025-09-25,44862.994250309224,0.0,0.0,0.0,0.0,103.49743166670542,44966.49168197593,70956.31353055788,70956.31353055788,0.0,0.0,15.371666666673976,1900.3099509749281,1871.5176319963912
mask_001,2025-09-25,44997.41793663581,0.0,0.0,0.0,0.0,103.49743166670542,45100.915368302514,71268.12908687099,71268.12908687099,0.0,0.0,15.371666666673976,1619.6759502931232,1871.5176319963912
mask_010,2025-09-25,44765.477887528454,0.0,1303.7863512896838,651.8931756448419,-651.8931756448419,103.49743166670427,44217.08214355032,70730.10995185046,68137.1254961342,0.0,2592.9844557162505,15.371666666673843,2103.8931718116073,1855.8736213796221
mask_011,2025-09-25,44786.86243695693,0.0,1303.7863512896838,651.8931756448419,-651.8931756448419,103.49743166670427,44238.46669297879,70779.71456662306,68186.73011090682,0.0,2592.9844557162505,15.371666666673843,2059.2490185162515,1855.8736213796221
mask_100,2025-09-25,44824.55937956922,0.0,505.2577782328417,252.62888911642085,-252.62888911642085,103.4974316667046,44675.4279221195,70867.15818205403,70319.92538547271,0.0,547.2327965813106,15.371666666673976,1980.5497646283904,1347.047987068273
mask_101,2025-09-25,44826.452718902496,0.0,505.2577782328417,252.62888911642085,-252.62888911642085,103.4974316667046,44677.32126145278,70871.55006174152,70324.3172651602,0.0,547.2327965813106,15.371666666673976,1976.5970729096543,1347.047987068273
mask_110,2025-09-25,44765.477887528454,0.0,1703.1557049168264,851.5778524584132,-851.5778524584132,103.49743166670349,44017.39746673675,70730.10995185046,67674.01571596123,0.0,3056.094235889243,15.37166666667377,2103.8931718116073,1422.2197333545328
mask_111,2025-09-25,44786.86243695693,0.0,1703.1557049168264,851.5778524584132,-851.5778524584132,103.49743166670349,44038.78201616523,70779.71456662306,67723.62033073383,0.0,3056.094235889243,15.37166666667377,2059.2490185162515,1422.2197333545328
forecast_only,2025-09-25,44862.994250309224,0.0,0.0,0.0,0.0,103.49743166670542,44966.49168197593,70956.31353055788,70956.31353055788,0.0,0.0,15.371666666673976,1900.3099509749281,1871.5176319963912
mask_000,2025-09-26,20800.717016486917,0.0,0.0,0.0,0.0,2.1589883658634792e-11,20800.71701648694,36561.38917596914,36561.38917596914,0.0,0.0,3.588240815588506e-12,1871.5176319963912,2363.4932477450266
mask_001,2025-09-26,20800.717016486917,0.0,1633.8768209146651,816.9384104573326,-816.9384104573326,2.335372029094174e-11,19983.778606029606,36561.38917596914,34653.836267260864,0.0,1907.5529087082787,3.987032926033862e-12,1871.5176319963912,2357.449760074376
mask_010,2025-09-26,20808.142706859675,0.0,1749.8607058551072,874.9303529275536,-874.9303529275536,2.6603012681647442e-11,19933.212353932147,36578.77140998777,34556.49307661776,0.0,2022.2783333700122,4.745537296457769e-12,1855.8736213796221,2359.6724797342545
mask_011,2025-09-26,20808.142706859675,2.9559838234738613,1749.0755156124842,874.5377578062421,-871.5817739827683,2.6921217255448938e-11,19936.560932876935,36578.77140998777,34558.734984035924,2.2104394407625136,2022.2468653926096,4.813927034774679e-12,1855.8736213796221,2359.6724797342545
mask_100,2025-09-26,21049.672065371135,0.0,489.74003946898284,244.87001973449142,-244.87001973449142,2.2522556264448213e-11,20804.802045636665,37144.13322588927,36590.674946315936,0.0,553.4582795733368,3.751665644813329e-12,1347.047987068273,1810.3934732965834
mask_101,2025-09-26,21049.672065371135,0.0,2118.258724248512,1059.129362124256,-1059.129362124256,2.4369142703761783e-11,19990.5427032469,37144.13322588927,34689.13213584367,0.0,2455.001090045611,4.171774037331488e-12,1347.047987068273,1810.3934732965834
mask_110,2025-09-26,21013.983752375585,0.0,2236.2132650712692,1118.1066325356346,-1118.1066325356346,2.7617578446381686e-11,19895.877119839977,37060.60906334898,34488.67210920088,0.0,2571.9369541481074,4.89386309254769e-12,1422.2197333545328,1810.3934732965834
mask_111,2025-09-26,21013.983752375585,2.9559838234738613,2235.428074828646,1117.714037414323,-1114.758053590849,2.7935783020183182e-11,19899.225698784765,37060.60906334898,34490.91401661904,2.2104394407625136,2571.9054861707045,4.9622528308646e-12,1422.2197333545328,1810.3934732965834
forecast_only,2025-09-26,20800.717016486917,0.0,0.0,0.0,0.0,2.1589883658634792e-11,20800.71701648694,36561.38917596914,36561.38917596914,0.0,0.0,3.588240815588506e-12,1871.5176319963912,2363.4932477450266
mask_000,2025-09-27,19087.5508438605,0.0,0.0,0.0,0.0,2.247344133010642e-11,19087.55084386052,34071.27202158992,34071.27202158992,0.0,0.0,5.2877702216846956e-12,2363.4932477450266,1617.8657940068495
mask_001,2025-09-27,19090.41881450954,100.68087165313227,192.15639198118095,96.07819599059047,4.602675662541799,2.259675957461127e-11,19095.0214901721,34077.987007890646,33853.306012899564,90.85710475140576,315.538099742489,5.404565683875262e-12,2357.449760074376,1306.513986446684
mask_010,2025-09-27,19089.364010546502,0.0,171.23321651496968,85.61660825748484,-85.61660825748484,2.0587601401445e-11,19003.74740228904,34075.517319379665,33912.918786303286,0.0,162.5985330763777,4.973355061110851e-12,2359.6724797342545,1543.6695295224986
mask_011,2025-09-27,19089.364010546502,100.68087165313227,192.15639198118095,96.07819599059047,4.602675662541799,2.259675957461127e-11,19093.966686209063,34075.517319379665,33850.83632438858,90.85710475140576,315.538099742489,5.404565683875262e-12,2359.6724797342545,1306.513986446684
mask_100,2025-09-27,19350.052182680083,0.0,499.6725142450921,249.83625712254604,-249.83625712254604,925.4871892803234,20025.70311483786,34685.82732653264,34119.500002687346,0.0,566.3273238452912,169.98602668408353,1810.3934732965834,1232.8391586483272
mask_101,2025-09-27,19350.052182680083,100.68087165313227,192.15639198118095,96.07819599059047,4.602675662541799,2.184453995468516e-11,19354.654858342645,34685.82732653264,34461.14633154156,90.85710475140576,315.538099742489,5.052402940464162e-12,1810.3934732965834,1306.513986446684
mask_110,2025-09-27,19350.052182680083,0.0,590.7641686031521,295.38208430157607,-295.38208430157607,925.4871892803242,19980.15728765883,34685.82732653264,34024.184810940365,0.0,661.6425155922684,169.9860266840837,1810.3934732965834,1232.8391586483272
mask_111,2025-09-27,19350.052182680083,100.68087165313227,192.15639198118095,96.07819599059047,4.602675662541799,2.184453995468516e-11,19354.654858342645,34685.82732653264,34461.14633154156,90.85710475140576,315.538099742489,5.052402940464162e-12,1810.3934732965834,1306.513986446684
forecast_only,2025-09-27,19087.5508438605,0.0,0.0,0.0,0.0,2.247344133010642e-11,19087.55084386052,34071.27202158992,34071.27202158992,0.0,0.0,5.2877702216846956e-12,2363.4932477450266,1617.8657940068495
mask_000,2025-09-28,44967.784719456584,0.0,0.0,0.0,0.0,39.561369166693815,45007.34608862328,71397.8939916242,71397.8939916242,0.0,0.0,5.868333333338898,1617.8657940068495,2057.635733933332
mask_001,2025-09-28,45116.9222352779,2986.8298687989563,191.60111870850363,95.80055935425182,2891.0293094447043,39.56136916669231,48047.51291388931,71743.84044446883,75075.62723545455,3646.413082010894,314.62629102516223,5.8683333333384695,1306.513986446684,1755.3619092426395
mask_010,2025-09-28,45003.32473014459,47.72174295271911,685.0843797836353,342.54218989181766,-294.8204469390986,39.561369166694824,44748.06565237219,71480.3342854957,70090.72693279246,47.52688273351171,1437.1342354367514,5.8683333333392,1543.6695295224986,2057.635733933332
mask_011,2025-09-28,45116.9222352779,3274.2315468617116,2440.0681349364727,1220.0340674682363,2054.197479393475,39.561369166696686,47210.68108383807,71743.84044446883,71437.07246058468,3961.039373036056,4267.807356920199,5.868333333339571,1306.513986446684,2057.635733933332
mask_100,2025-09-28,45152.21247779332,0.0,493.3407359484638,246.6703679742319,-246.6703679742319,39.56136916669286,44945.10347898579,71825.70136424479,71281.34524366586,0.0,544.3561205789368,5.868333333338693,1232.8391586483272,1587.3609343791743
mask_101,2025-09-28,45116.9222352779,2986.8298687989563,191.60111870850363,95.80055935425182,2891.0293094447043,39.56136916669231,48047.51291388931,71743.84044446883,75075.62723545455,3646.413082010894,314.62629102516223,5.8683333333384695,1306.513986446684,1755.3619092426395
mask_110,2025-09-28,45152.21247779332,47.72174295271911,1178.4251157320987,589.2125578660493,-541.4908149133303,39.56136916669388,44650.28303204669,71825.70136424479,69891.7378909626,47.52688273351171,1981.490356015689,5.868333333338995,1232.8391586483272,1587.3609343791743
mask_111,2025-09-28,45116.9222352779,3274.2315468617116,2751.7651961748034,1375.8825980874017,1898.34894877431,39.561369166695734,47054.832553218905,71743.84044446883,71028.2713211327,3961.039373036056,4676.608496372172,5.868333333339367,1306.513986446684,1737.9775800758018
forecast_only,2025-09-28,44967.784719456584,0.0,0.0,0.0,0.0,1126.0690909696407,46093.853810426226,71397.8939916242,71397.8939916242,0.0,0.0,263.2736216069581,1617.8657940068495,2057.635733933332
mask_000,2025-09-29,47135.50478676727,0.0,0.0,0.0,0.0,31.696914039935262,47167.20170080721,74229.16171426084,74229.16171426084,0.0,0.0,4.947225388377797,2057.635733933332,2061.46007028059
mask_001,2025-09-29,47280.29394879411,0.0,5326.457830303688,2663.228915151844,-2663.228915151844,6575.317560246639,51192.3825938889,74565.02151947272,66242.97379026283,0.0,8322.047729209897,1030.3802958835845,1755.3619092426395,1772.8485410784774
mask_010,2025-09-29,47135.50478676727,0.0,3220.817439732201,1610.4087198661005,-1610.4087198661005,31.696914039941646,45556.792980941114,74229.16171426084,69207.35087662234,0.0,5021.810837638512,4.947225388379286,2057.635733933332,2061.46007028059
mask_011,2025-09-29,47135.50478676727,911.271208172918,5522.9375255163,2761.46876275815,-1850.1975545852324,1333.3355998243774,46618.642832006415,74229.16171426084,66730.70162875431,1146.224996674905,8644.685082181444,205.19092308139207,2057.635733933332,1468.5428100305232
mask_100,2025-09-29,47360.76641575371,0.0,535.9410525626027,267.9705262813014,-267.9705262813014,44.96047012888299,47137.75635960129,74751.68926932101,74170.94203397224,0.0,580.747235348781,6.848537901128173,1587.3609343791743,1524.21782350097
mask_101,2025-09-29,47280.29394879411,1830.6259670033478,5522.937525516301,2761.4687627581507,-930.8427957548029,1081.4328433918427,47430.88399643115,74565.02151947272,66829.21010223246,908.8736649411871,8644.685082181444,214.31508283376738,1755.3619092426395,1566.9429885769778
mask_110,2025-09-29,47360.76641575371,0.0,3731.977805344841,1865.9889026724204,-1865.9889026724204,44.96047012888936,45539.73798321018,74751.68926932101,69167.62424629639,0.0,5584.065023024634,6.848537901129662,1587.3609343791743,1544.765656792813
mask_111,2025-09-29,47288.62104246502,1437.4132722950355,5522.9375255163,2761.46876275815,-1324.055490463115,164.7380758728734,46129.30362787478,74584.33744076922,67347.63957621895,1407.9872176311824,8644.685082181444,34.407256776738365,1737.9775800758018,1569.6300929767717
forecast_only,2025-09-29,47135.50478676727,0.0,0.0,0.0,0.0,31.696914039935262,47167.20170080721,74229.16171426084,74229.16171426084,0.0,0.0,4.947225388377797,2057.635733933332,2061.46007028059
mask_000,2025-09-30,46938.17672875847,0.0,0.0,0.0,0.0,200.92766616382028,47139.104394922295,73444.38368952555,73444.38368952555,0.0,0.0,29.738424652383742,2061.46007028059,2143.5470314541853
mask_001,2025-09-30,47076.42165124628,533.6935870915347,1185.5338128165317,592.7669064082659,-59.07331931673116,200.92766616382153,47218.27599809337,73765.06316641679,72811.6971708877,428.1465259433374,1381.5125214724267,29.73842465238394,1772.8485410784774,2143.5470314541853
mask_010,2025-09-30,46938.17672875847,0.0,680.9718946625819,340.48594733129096,-340.48594733129096,200.92766616382073,46798.618447591005,73444.38368952555,72709.82884224343,0.0,734.5548472821301,29.73842465238383,2061.46007028059,2143.5470314541853
mask_011,2025-09-30,47222.18409641825,533.6935870915347,1185.5338128165317,592.7669064082659,-59.07331931673116,200.92766616382153,47364.03844326534,74103.18064535895,73149.81464982987,428.1465259433374,1381.5125214724267,29.73842465238394,1468.5428100305232,2143.5470314541853
mask_100,2025-09-30,47195.51576496591,0.0,531.5169960184024,265.7584980092012,-265.7584980092012,212.22943497502683,47141.98670193174,74041.31951928069,73465.33039722749,0.0,575.9891220531997,31.411150000005726,1524.21782350097,1650.3204001293946
mask_101,2025-09-30,47175.0504108945,533.6935870915347,1628.4328437110237,814.2164218555118,-280.52283476397713,212.22943497502808,47106.757011105554,73993.84711364067,72530.62480585236,428.1465259433374,1891.3688337316644,31.411150000005925,1566.9429885769778,1721.3526191956992
mask_110,2025-09-30,47185.67335281911,0.0,1087.0309481029788,543.5154740514894,-543.5154740514894,212.2294349750273,46854.387313742656,74018.48859340086,72801.56995434762,0.0,1216.9186390532363,31.411150000005815,1544.765656792813,1721.3526191956992
mask_111,2025-09-30,47173.763287887,533.6935870915347,1628.4328437110237,814.2164218555118,-280.52283476397713,212.22943497502808,47105.46988809805,73990.86144208536,72527.63913429703,428.1465259433374,1891.3688337316644,31.411150000005925,1569.6300929767717,1721.3526191956992
forecast_only,2025-09-30,46938.17672875847,0.0,0.0,0.0,0.0,200.92766616382028,47139.104394922295,73444.38368952555,73444.38368952555,0.0,0.0,29.738424652383742,2061.46007028059,2143.5470314541853
mask_000,2025-10-01,43663.50555557835,0.0,0.0,0.0,0.0,2.003128152239242e-11,43663.50555557837,69780.43208372577,69780.43208372577,0.0,0.0,3.770761480836882e-12,2143.5470314541853,4101.113097454931
mask_001,2025-10-01,43663.50555557835,58.558139886987654,1571.5273313433172,785.7636656716586,-727.205525784671,2.295434065047175e-11,42936.300029793696,69780.43208372577,66932.28524594894,49.68529175653356,2897.8321295333767,4.424460797736174e-12,2143.5470314541853,4101.113097454931
mask_010,2025-10-01,43663.50555557835,0.0,2171.6613215980187,1085.8306607990094,-1085.8306607990094,2.003128152239242e-11,42577.67489477936,69780.43208372577,65979.08262053471,0.0,3801.3494631910607,3.770761480836882e-12,2143.5470314541853,4101.113097454931
mask_011,2025-10-01,43663.50555557835,58.55813988698766,3512.1621859134866,1756.0810929567433,-1697.5229530697557,2.295434065047175e-11,41965.98260250862,69780.43208372577,63642.25112559761,49.68529175653356,6187.866249884699,4.424460797736174e-12,2143.5470314541853,4101.113097454931
mask_100,2025-10-01,43899.76111198292,0.0,493.0745270713753,246.53726353568766,-246.53726353568766,1.6593505236528472e-11,43653.223848447255,70328.46167408666,69794.04722002437,0.0,534.4144540622825,3.2591707110896095e-12,1650.3204001293946,3652.468864414991
mask_101,2025-10-01,43865.73667905017,58.55813988698766,2064.6018584146927,1032.3009292073464,-973.7427893203587,1.9516564364607803e-11,42891.993889729834,70249.53698623521,66866.97569439607,49.68529175653356,3432.24658359566,3.912870027988902e-12,1721.3526191956992,3652.468864414991
mask_110,2025-10-01,43865.73667905017,0.0,2664.735848669393,1332.3679243346965,-1332.3679243346965,1.6593505236528472e-11,42533.36875471549,70249.53698623521,65913.77306898186,0.0,4335.763917253342,3.2591707110896095e-12,1721.3526191956992,3652.468864414991
mask_111,2025-10-01,43865.73667905017,58.55813988698766,4005.2367129848617,2002.6183564924308,-1944.0602166054432,1.9516564364607803e-11,41921.676462444746,70249.53698623521,63576.94157404475,49.68529175653356,6722.280703946979,3.912870027988902e-12,1721.3526191956992,3652.468864414991
forecast_only,2025-10-01,43663.50555557835,0.0,0.0,0.0,0.0,2.003128152239242e-11,43663.50555557837,69780.43208372577,69780.43208372577,0.0,0.0,3.770761480836882e-12,2143.5470314541853,4101.113097454931
mask_000,2025-10-02,45200.90917557456,0.0,0.0,0.0,0.0,2.7619397713340987e-11,45200.90917557459,71668.59202964153,71668.59202964153,0.0,0.0,5.080713627592104e-12,4101.113097454931,3037.758861660829
mask_001,2025-10-02,45200.90917557456,0.0,6617.724119142297,3308.8620595711486,-3308.8620595711486,2.2563239554518334e-11,41892.047116003436,71668.59202964153,62054.097125724045,0.0,9614.494903917475,4.185429780534378e-12,4101.113097454931,3037.758861660829
mask_010,2025-10-02,45200.90917557456,0.0,4981.513504169901,2490.7567520849507,-2490.7567520849507,3.270335985350315e-11,42710.152423489635,71668.59202964153,64061.6680609425,0.0,7606.923968699017,6.126543716789001e-12,4101.113097454931,3037.758861660829
mask_011,2025-10-02,45200.90917557456,0.0,8098.503622924316,4049.251811462158,-4049.251811462158,2.764720169468049e-11,41151.657364112434,71668.59202964153,59306.075287342814,0.0,12362.5167422987,5.231259869731275e-12,4101.113097454931,3037.758861660829
mask_100,2025-10-02,45415.26583574402,0.0,0.0,0.0,0.0,2.7619397713340987e-11,45415.26583574405,72167.08562190812,72167.08562190812,0.0,0.0,5.080713627592104e-12,3652.468864414991,3037.758861660829
mask_101,2025-10-02,45415.26583574402,0.0,6617.724119142297,3308.8620595711486,-3308.8620595711486,2.2563239554518334e-11,42106.4037761729,72167.08562190812,62552.59071799064,0.0,9614.494903917475,4.185429780534378e-12,3652.468864414991,3037.758861660829
mask_110,2025-10-02,45415.26583574402,0.0,4981.513504169901,2490.7567520849507,-2490.7567520849507,3.270335985350315e-11,42924.5090836591,72167.08562190812,64560.1616532091,0.0,7606.923968699017,6.126543716789001e-12,3652.468864414991,3037.758861660829
mask_111,2025-10-02,45415.26583574402,0.0,8098.503622924316,4049.251811462158,-4049.251811462158,2.764720169468049e-11,41366.014024281896,72167.08562190812,59804.56887960942,0.0,12362.5167422987,5.231259869731275e-12,3652.468864414991,3037.758861660829
forecast_only,2025-10-02,45200.90917557456,0.0,0.0,0.0,0.0,2.7619397713340987e-11,45200.90917557459,71668.59202964153,71668.59202964153,0.0,0.0,5.080713627592104e-12,4101.113097454931,3037.758861660829
mask_000,2025-10-03,18118.59013002262,0.0,0.0,0.0,0.0,1.512282210569538e-11,18118.590130022636,32823.96666989915,32823.96666989915,0.0,0.0,2.5579538487363607e-12,3037.758861660829,4293.78653038991
mask_001,2025-10-03,18118.59013002262,0.0,134.60454543837,67.302272719185,-67.302272719185,1.512282210569538e-11,18051.28785730345,32823.96666989915,32685.87880666867,0.0,138.08786323048227,2.5579538487363607e-12,3037.758861660829,4272.626811572273
mask_010,2025-10-03,18118.59013002262,0.0,154.82903173605223,77.41451586802611,-77.41451586802611,2.0065957784254353e-11,18041.175614154618,32823.96666989915,32674.768614851622,0.0,149.1980550475253,3.360867140145274e-12,3037.758861660829,4257.051066959585
mask_011,2025-10-03,18118.59013002262,0.0,139.96653322451954,69.98326661225977,-69.98326661225977,1.512282210569538e-11,18048.606863410376,32823.96666989915,32680.887196366908,0.0,143.07947353224128,2.5579538487363607e-12,3037.758861660829,4272.626811572273
mask_100,2025-10-03,18118.59013002262,0.0,626.0978118083618,313.0489059041809,-313.0489059041809,1.512282210569538e-11,17805.541224118453,32823.96666989915,32159.505608175547,0.0,664.4610617236019,2.5579538487363607e-12,3037.758861660829,3626.662492121862
mask_101,2025-10-03,18118.59013002262,0.0,737.4194722429336,368.7097361214668,-368.7097361214668,1.512282210569538e-11,17749.880393901167,32823.96666989915,32040.46149188094,0.0,783.505178018211,2.5579538487363607e-12,3037.758861660829,3626.662492121862
mask_110,2025-10-03,18118.59013002262,0.0,740.5053437134906,370.2526718567453,-370.2526718567453,2.0065957784254353e-11,17748.337458165897,32823.96666989915,32043.369470215315,0.0,780.5971996838348,3.360867140145274e-12,3037.758861660829,3626.662492121862
mask_111,2025-10-03,18118.59013002262,0.0,742.7814600290831,371.39073001454153,-371.39073001454153,1.512282210569538e-11,17747.199400008092,32823.96666989915,32035.469881579178,0.0,788.4967883199702,2.5579538487363607e-12,3037.758861660829,3626.662492121862
forecast_only,2025-10-03,18118.59013002262,0.0,0.0,0.0,0.0,1.512282210569538e-11,18118.590130022636,32823.96666989915,32823.96666989915,0.0,0.0,2.5579538487363607e-12,3037.758861660829,4293.78653038991
mask_000,2025-10-04,17422.411612840588,0.0,0.0,0.0,0.0,1.5781976614448467e-11,17422.411612840602,31711.430844332277,31711.430844332277,0.0,0.0,2.7924329515371937e-12,4293.78653038991,2864.2148915234648
mask_001,2025-10-04,17432.44837279975,0.0,520.7680317869011,260.38401589345057,-260.38401589345057,1.8994267048100257e-11,17172.064356906318,31734.94164301854,31155.80074153707,0.0,579.1409014814715,3.4519054281645367e-12,4272.626811572273,2848.4723571252434
mask_010,2025-10-04,17439.836467661036,0.0,818.971670034267,409.4858350171335,-409.4858350171335,1.5781976614448467e-11,17030.350632643916,31752.248025921526,30849.82899222538,0.0,902.4190336961462,2.7924329515371937e-12,4257.051066959585,2829.7522176197162
mask_011,2025-10-04,17432.44837279975,0.0,818.9716700342672,409.4858350171336,-409.4858350171336,1.5781976614448467e-11,17022.96253778263,31734.94164301854,30832.522609322394,0.0,902.4190336961464,2.7924329515371937e-12,4272.626811572273,2829.7522176197162
mask_100,2025-10-04,17738.86444439058,0.0,594.6165540055881,297.30827700279406,-297.30827700279406,1.6030831773150564e-11,17441.5561673878,32452.679775741217,31813.866982001324,0.0,638.8127937398928,2.8030910925735952e-12,3626.662492121862,2212.1381519714528
mask_101,2025-10-04,17738.86444439058,0.0,1098.0624454927502,549.0312227463751,-549.0312227463751,1.9243122206802354e-11,17189.833221644225,32452.679775741217,31248.89436147825,0.0,1203.7854142629649,3.4625635692009382e-12,3626.662492121862,2212.1381519714528
mask_110,2025-10-04,17738.86444439058,0.0,1375.6675654366043,687.8337827183021,-687.8337827183021,1.6030831773150564e-11,17051.030661672292,32452.679775741217,30942.46435481855,0.0,1510.215420922665,2.8030910925735952e-12,3626.662492121862,2212.1381519714528
mask_111,2025-10-04,17738.86444439058,0.0,1375.6675654366045,687.8337827183022,-687.8337827183022,1.6030831773150564e-11,17051.030661672292,32452.679775741217,30942.46435481855,0.0,1510.2154209226653,2.8030910925735952e-12,3626.662492121862,2212.1381519714528
forecast_only,2025-10-04,17422.411612840588,0.0,0.0,0.0,0.0,1.5781976614448467e-11,17422.411612840602,31711.430844332277,31711.430844332277,0.0,0.0,2.7924329515371937e-12,4293.78653038991,2864.2148915234648
mask_000,2025-10-05,43498.475363851394,0.0,0.0,0.0,0.0,411.5479707414628,43910.02333459286,71259.18490115674,71259.18490115674,0.0,0.0,87.83437642545357,2864.2148915234648,1888.1590737602048
mask_001,2025-10-05,43506.00029529374,0.0,6230.115253331073,3115.0576266655366,-3115.0576266655366,506.4205753548641,40897.36324398307,71276.67660604365,60637.580163610655,0.0,10639.096442432992,108.5923804236756,2848.4723571252434,1888.1590737602048
mask_010,2025-10-05,43514.948521977385,0.0,1894.3446140644978,947.1723070322489,-947.1723070322489,793.7072026795101,43361.483417624644,71297.4767610498,67639.58086329637,0.0,3657.895897753425,159.1626640750314,2829.7522176197162,1888.1590737602048
mask_011,2025-10-05,43514.948521977385,0.0,6748.359764105649,3374.1798820528247,-3374.1798820528247,793.707202679509,40934.47584260407,71297.4767610498,59702.83676970315,0.0,11594.639991346641,159.16266407503147,2829.7522176197162,1888.1590737602048
mask_100,2025-10-05,43810.50590720528,0.0,452.68055315167715,226.34027657583857,-226.34027657583857,2048.6937424327425,45632.85937306218,71983.71461177009,71459.29498017757,0.0,524.4196315925128,365.53790905682825,2212.1381519714528,1670.0109956283254
mask_101,2025-10-05,43810.50590720528,0.0,6656.721677660585,3328.3608388302923,-3328.3608388302923,2048.693742432743,42530.83881080773,71983.71461177009,60840.9565417428,0.0,11142.758070027283,365.53790905682865,2212.1381519714528,1670.0109956283254
mask_110,2025-10-05,43810.50590720528,0.0,2257.4297050995406,1128.7148525497703,-1128.7148525497703,2048.693742432746,44730.48479708826,71983.71461177009,67872.72737007373,0.0,4110.98724169636,365.537909056829,2212.1381519714528,1670.0109956283254
mask_111,2025-10-05,43810.50590720528,0.0,7111.444855140692,3555.722427570346,-3555.722427570346,2048.6937424327452,42303.47722206769,71983.71461177009,59935.98327648051,0.0,12047.731335289574,365.5379090568291,2212.1381519714528,1670.0109956283254
forecast_only,2025-10-05,43498.475363851394,0.0,0.0,0.0,0.0,411.5479707414628,43910.02333459286,71259.18490115674,71259.18490115674,0.0,0.0,87.83437642545357,2864.2148915234648,1888.1590737602048
mask_000,2025-10-06,37670.87914584056,0.0,0.0,0.0,0.0,7220.806599508747,44891.68574534931,60662.88340908992,60662.88340908992,0.0,0.0,1106.9831031730853,1888.1590737602048,1710.126229637772
mask_001,2025-10-06,37670.87914584056,613.6609231287168,182.05526749960163,91.02763374980081,522.633289378916,2657.3344629717867,40850.84689819126,60662.88340908992,61321.72328644796,957.7910210731166,298.9511437150675,413.44920468553926,1888.1590737602048,1487.4775852947141
mask_010,2025-10-06,37670.87914584056,390.13212191326414,182.9016975807016,91.4508487903508,298.68127312291335,4534.5627906027485,42504.12320956623,60662.88340908992,60983.843461496406,621.3011105376338,300.34105813114,696.2752094764248,1888.1590737602048,1486.6351427236386
mask_011,2025-10-06,37670.87914584056,613.6609231287168,182.05526749960163,91.02763374980081,522.633289378916,2657.3344629717867,40850.84689819126,60662.88340908992,61321.72328644796,957.7910210731166,298.9511437150675,413.44920468553926,1888.1590737602048,1487.4775852947141
mask_100,2025-10-06,37775.37207526573,1605.8539655323461,182.9016975807016,91.4508487903508,1514.4031167419953,2042.4811785226784,41332.256370530406,60905.27016256978,61425.19607940861,820.266974969968,300.34105813114,339.18602146680206,1670.0109956283254,1486.6351427236386
mask_101,2025-10-06,37775.37207526573,870.850358737812,182.90169758070158,91.45084879035079,779.3995099474612,1767.626423177634,40322.39800839083,60905.27016256978,61695.83061673091,1090.9015122922742,300.34105813114,280.7855709511491,1670.0109956283254,1486.6351427236386
mask_110,2025-10-06,37775.37207526573,1183.4686380160556,182.9016975807016,91.4508487903508,1092.0177892257047,1791.632861722683,40659.02272621412,60905.27016256978,61636.8280029859,1031.898898547256,300.34105813114,285.6774214668028,1670.0109956283254,1486.6351427236386
mask_111,2025-10-06,37775.37207526573,870.850358737812,182.90169758070158,91.45084879035079,779.3995099474612,1767.626423177634,40322.39800839083,60905.27016256978,61695.83061673091,1090.9015122922742,300.34105813114,280.7855709511491,1670.0109956283254,1486.6351427236386
forecast_only,2025-10-06,37670.87914584056,0.0,0.0,0.0,0.0,7220.806599508747,44891.68574534931,60662.88340908992,60662.88340908992,0.0,0.0,1106.9831031730853,1888.1590737602048,1710.126229637772
mask_000,2025-10-07,41049.59708020986,0.0,0.0,0.0,0.0,1.1943015909565703e-11,41049.597080209875,67080.74487625797,67080.74487625797,0.0,0.0,2.857269976175303e-12,1710.126229637772,2317.4103648633663
mask_001,2025-10-07,41156.245780850186,40.238740665834996,454.9307922358264,227.4653961179132,-187.2266554520782,2.013275635093237e-11,40969.01912539813,67328.13225886137,66490.33610281377,34.89971222549701,872.6958682730817,5.077716025425616e-12,1487.4775852947141,2317.4103648633663
mask_010,2025-10-07,41156.64931084173,13.922353387086496,1048.3639605539745,524.1819802769872,-510.2596268899007,1.1884365491710014e-11,40646.38968395185,67329.06830616258,65066.53945230296,13.86550481733542,2276.3943586769437,2.9030111647898593e-12,1486.6351427236386,2040.548261807327
mask_011,2025-10-07,41156.245780850186,67.22449812598654,1439.2287371546095,719.6143685773047,-652.3898704513183,1.783861058868297e-11,40503.85591039888,67328.13225886137,64387.73219414477,62.15803218522704,3002.55809690182,4.455547042425678e-12,1487.4775852947141,2040.548261807327
mask_100,2025-10-07,41156.64931084173,0.0,0.0,0.0,0.0,1.1943015909565703e-11,41156.64931084174,67329.06830616258,67329.06830616258,0.0,0.0,2.857269976175303e-12,1486.6351427236386,2317.4103648633663
mask_101,2025-10-07,41156.64931084173,40.238740665834996,454.9307922358264,227.4653961179132,-187.2266554520782,2.013275635093237e-11,40969.42265538967,67329.06830616258,66491.27215011498,34.89971222549701,872.6958682730817,5.077716025425616e-12,1486.6351427236386,2317.4103648633663
mask_110,2025-10-07,41156.64931084173,13.922353387086496,1048.3639605539745,524.1819802769872,-510.2596268899007,1.1884365491710014e-11,40646.38968395185,67329.06830616258,65066.53945230296,13.86550481733542,2276.3943586769437,2.9030111647898593e-12,1486.6351427236386,2040.548261807327
mask_111,2025-10-07,41156.64931084173,67.22449812598654,1439.2287371546095,719.6143685773047,-652.3898704513183,1.783861058868297e-11,40504.25944039042,67329.06830616258,64388.66824144597,62.15803218522704,3002.55809690182,4.455547042425678e-12,1486.6351427236386,2040.548261807327
forecast_only,2025-10-07,41049.59708020986,0.0,0.0,0.0,0.0,1.1943015909565703e-11,41049.597080209875,67080.74487625797,67080.74487625797,0.0,0.0,2.857269976175303e-12,1710.126229637772,2317.4103648633663
mask_000,2025-10-08,38196.832491412824,0.0,0.0,0.0,0.0,1802.6027336825684,39999.435225095396,62587.47714175061,62587.47714175061,0.0,0.0,275.6284201053894,2317.4103648633663,1502.4950151970636
mask_001,2025-10-08,38196.832491412824,0.0,885.7144544404077,442.85722722020387,-442.85722722020387,2132.252962485847,39886.228226678475,62587.47714175061,61204.02021946073,0.0,1383.4569222898886,324.8299467924464,2317.4103648633663,1502.4950151970636
mask_010,2025-10-08,38329.44943877667,0.0,1185.6428171271177,592.8214085635589,-592.8214085635589,2946.6490063618317,40683.27703657494,62895.101700701765,60871.48789982961,0.0,2023.6138008721532,446.38159513214543,2040.548261807327,1502.4950151970636
mask_011,2025-10-08,38329.44943877667,0.0,1257.7566541123122,628.8783270561561,-628.8783270561561,2942.626087785351,40643.19719950586,62895.101700701765,60868.11914835102,0.0,2026.9825523507593,445.7811595237159,2040.548261807327,1502.4950151970636
mask_100,2025-10-08,38196.832491412824,0.0,325.6620808568628,162.8310404284314,-162.8310404284314,3108.5333379216786,41142.53478890607,62587.47714175061,62173.44265366261,0.0,414.03448808799635,527.8637941627672,2317.4103648633663,1364.695747030189
mask_101,2025-10-08,38196.832491412824,0.0,1149.5744976256594,574.7872488128297,-574.7872488128297,3108.5333379216813,40730.57858052167,62587.47714175061,60839.187258059785,0.0,1748.2898836908284,527.863794162768,2317.4103648633663,1364.695747030189
mask_110,2025-10-08,38329.44943877667,124.09942119626177,1368.352925546806,684.176462773403,-560.0770415771412,3070.339970648821,40839.71236784834,62895.101700701765,60636.757340635435,65.29589228154498,2323.64025234788,522.1632915847292,2040.548261807327,1364.695747030189
mask_111,2025-10-08,38329.44943877667,122.93928953543274,1440.4667625320003,720.2333812660002,-597.2940917305675,3070.3399706488253,40802.49531769493,62895.101700701765,60632.788153548405,64.69545667311445,2327.009003826486,522.1632915847302,2040.548261807327,1364.695747030189
forecast_only,2025-10-08,38196.832491412824,0.0,0.0,0.0,0.0,1802.6027336825684,39999.435225095396,62587.47714175061,62587.47714175061,0.0,0.0,275.6284201053894,2317.4103648633663,1502.4950151970636
mask_000,2025-10-09,45201.05453925948,0.0,0.0,0.0,0.0,2.2985543024489627e-11,45201.0545392595,73312.53158392379,73312.53158392379,0.0,0.0,4.454658864005978e-12,1502.4950151970636,1510.8327110661749
mask_001,2025-10-09,45201.05453925948,0.0,7756.26466039276,3878.13233019638,-3878.13233019638,1.9790835414923438e-11,41322.92220906312,73312.53158392379,60628.384804781985,0.0,12684.146779141813,4.2805758937447536e-12,1502.4950151970636,1426.1611548444298
mask_010,2025-10-09,45201.05453925948,0.0,4006.523125427211,2003.2615627136056,-2003.2615627136056,229.7691452818163,43427.562121827694,73312.53158392379,66862.14452246325,0.0,6450.387061460544,34.432621035136876,1502.4950151970636,1371.0158703716806
mask_011,2025-10-09,45201.05453925948,0.0,7756.26466039276,3878.13233019638,-3878.13233019638,1.9790835414923438e-11,41322.92220906312,73312.53158392379,60628.384804781985,0.0,12684.146779141813,4.2805758937447536e-12,1502.4950151970636,1426.1611548444298
mask_100,2025-10-09,45267.06038871141,0.0,380.24760332189254,190.12380166094627,-190.12380166094627,616.061353310461,45692.99794036093,73465.64188188699,73010.55286943569,0.0,455.0890124512955,149.8442614493416,1364.695747030189,1220.9659702879019
mask_101,2025-10-09,45267.06038871141,0.0,8038.353375302348,4019.176687651174,-4019.176687651174,616.0613533104579,41863.94505437069,73465.64188188699,60402.61049089345,0.0,13063.031390993543,149.84426144934142,1364.695747030189,1220.9659702879019
mask_110,2025-10-09,45267.06038871141,32.15846469221999,4189.2553249150205,2094.6276624575103,-2062.46919776529,616.0613533104605,43820.65254425658,73465.64188188699,66731.83596926127,16.643875833770664,6750.449788459476,149.8442614493415,1364.695747030189,1220.9659702879019
mask_111,2025-10-09,45267.06038871141,0.0,8038.353375302348,4019.176687651174,-4019.176687651174,616.0613533104579,41863.94505437069,73465.64188188699,60402.61049089345,0.0,13063.031390993543,149.84426144934142,1364.695747030189,1220.9659702879019
forecast_only,2025-10-09,45201.05453925948,0.0,0.0,0.0,0.0,2.2985543024489627e-11,45201.0545392595,73312.53158392379,73312.53158392379,0.0,0.0,4.454658864005978e-12,1502.4950151970636,1510.8327110661749
mask_000,2025-10-10,17773.18465450422,0.0,0.0,0.0,0.0,2.0066829087284075e-11,17773.184654504243,33977.0218556215,33977.0218556215,0.0,0.0,3.6353142718326126e-12,1510.8327110661749,2047.5555667536346
mask_001,2025-10-10,17813.441275512312,0.0,997.0781681222863,498.53908406114317,-498.53908406114317,789.4729313665756,18104.375122817743,34071.101362534544,32887.26949945674,0.0,1183.831863077803,153.93834712659782,1426.1611548444298,1537.8349304815442
mask_010,2025-10-10,17839.65979465219,0.0,835.4064943643763,417.70324718218814,-417.70324718218814,2.831654999368993e-11,17421.956547470032,34132.3739008376,33169.7551433629,0.0,962.6187574747039,5.127454016928823e-12,1371.0158703716806,1845.726829927171
mask_011,2025-10-10,17813.441275512312,0.0,1494.9679696141288,747.4839848070644,-747.4839848070644,2541.3660755007654,19607.323366206016,34071.101362534544,32327.865752268037,0.0,1743.235610266508,452.34920951970446,1426.1611548444298,1537.8349304815442
mask_100,2025-10-10,17911.089054830096,0.0,381.7358142202027,190.86790711010136,-190.86790711010136,20.775768594035704,17740.996916314027,34299.0960120418,33794.06932611086,0.0,505.0266859309401,4.209455697301913,1220.9659702879019,1537.8349304815442
mask_101,2025-10-10,17911.089054830096,0.0,997.0781681222863,498.53908406114317,-498.53908406114317,789.4729313665756,18202.022902135526,34299.0960120418,33115.264148963994,0.0,1183.831863077803,153.93834712659782,1220.9659702879019,1537.8349304815442
mask_110,2025-10-10,17911.089054830096,0.0,1037.8396770753159,518.9198385376579,-518.9198385376579,20.775768594039917,17412.94498488648,34299.0960120418,33013.09643177997,0.0,1285.999580261826,4.209455697302588,1220.9659702879019,1537.8349304815442
mask_111,2025-10-10,17911.089054830096,741.759703642229,1494.9679696141284,747.4839848070642,-5.7242811648351335,181.5122727544688,18086.877046419733,34299.0960120418,32971.0623473681,415.2019455928059,1743.235610266508,37.14726392689877,1220.9659702879019,1537.8349304815442
forecast_only,2025-10-10,17773.18465450422,0.0,0.0,0.0,0.0,2.0066829087284075e-11,17773.184654504243,33977.0218556215,33977.0218556215,0.0,0.0,3.6353142718326126e-12,1510.8327110661749,2047.5555667536346
mask_000,2025-10-11,17382.846237624763,0.0,0.0,0.0,0.0,51.74634020681108,17434.592577831572,33508.68639744892,33508.68639744892,0.0,0.0,8.464966498742909,2047.5555667536346,1916.0914686654814
mask_001,2025-10-11,17625.423514666814,0.0,0.0,0.0,0.0,51.74634020681108,17677.169854873624,34075.042659973464,34075.042659973464,0.0,0.0,8.464966498742909,1537.8349304815442,1916.0914686654814
mask_010,2025-10-11,17478.832760319652,0.0,356.9867354469867,178.49336772349335,-178.49336772349335,492.38635286084076,17792.725745457003,33732.94054947832,33329.71174792585,0.0,403.22880155246673,80.54741581234173,1845.726829927171,1916.0914686654814
mask_011,2025-10-11,17625.423514666814,0.0,356.9867354469867,178.49336772349335,-178.49336772349335,492.38635286084076,17939.316499804165,34075.042659973464,33671.813858420996,0.0,403.22880155246673,80.54741581234173,1537.8349304815442,1916.0914686654814
mask_100,2025-10-11,17625.423514666814,0.0,413.0161659952472,206.5080829976236,-206.5080829976236,1301.6592435689058,18720.5746752381,34075.042659973464,33537.45846512032,0.0,537.5841948531457,263.4110154047261,1537.8349304815442,1660.7229347414846
mask_101,2025-10-11,17625.423514666814,0.0,413.0161659952472,206.5080829976236,-206.5080829976236,1301.6592435689058,18720.5746752381,34075.042659973464,33537.45846512032,0.0,537.5841948531457,263.4110154047261,1537.8349304815442,1660.7229347414846
mask_110,2025-10-11,17625.423514666814,0.0,698.8503157247804,349.4251578623902,-349.4251578623902,1386.536327635668,18662.534684440096,34075.042659973464,33206.31211288145,0.0,868.7305470920135,263.41101540472596,1537.8349304815442,1660.7229347414846
mask_111,2025-10-11,17625.423514666814,0.0,698.8503157247804,349.4251578623902,-349.4251578623902,1386.536327635668,18662.534684440096,34075.042659973464,33206.31211288145,0.0,868.7305470920135,263.41101540472596,1537.8349304815442,1660.7229347414846
forecast_only,2025-10-11,17382.846237624763,0.0,0.0,0.0,0.0,51.74634020681108,17434.592577831572,33508.68639744892,33508.68639744892,0.0,0.0,8.464966498742909,2047.5555667536346,1916.0914686654814
mask_000,2025-10-12,40713.64861810818,0.0,0.0,0.0,0.0,1368.4952384910948,42082.14385659927,66698.85421622275,66698.85421622275,0.0,0.0,206.77940019579563,1916.0914686654814,1395.6767035358575
mask_001,2025-10-12,40713.64861810818,0.0,1894.6771286211047,947.3385643105523,-947.3385643105523,4157.8531687406285,43924.16322253825,66698.85421622275,64450.930455664056,0.0,2247.923760558694,701.1245708931452,1916.0914686654814,1203.2688715918353
mask_010,2025-10-12,40713.64861810818,0.0,1043.6241742495872,521.8120871247936,-521.8120871247936,2062.116349048057,42253.952880031444,66698.85421622275,64413.523072671705,0.0,2285.3311435510454,310.30493908489376,1916.0914686654814,1395.6767035358575
mask_011,2025-10-12,40713.64861810818,5.645341829602801,3081.804000766267,1540.9020003831336,-1535.2566585535308,5590.909476219562,44769.30143577421,66698.85421622275,62071.94504124628,4.199843272084081,4631.10901824855,1027.7401448960736,1916.0914686654814,1203.3738676736373
mask_100,2025-10-12,40835.97014585778,21.412128195268185,184.78350571892298,92.39175285946149,-70.9796246641933,1543.473160911663,42308.46368210525,66982.59703169385,66690.247896822,11.08202168323794,303.4311565550968,290.2257560336741,1660.7229347414846,1203.2688715918353
mask_101,2025-10-12,40835.97014585778,630.3173007267536,1894.6771286211047,947.3385643105523,-317.0212635837986,1971.742797265855,42490.69167953983,66982.59703169385,65060.95840120602,326.28513007086246,2247.923760558694,374.8394408222835,1660.7229347414846,1203.2688715918353
mask_110,2025-10-12,40835.97014585778,221.43899815984398,1228.4076799685104,614.2038399842552,-392.7648418244112,1543.473160911657,41986.67846494502,66982.59703169385,64508.44229216005,114.60756057233857,2588.7623001061434,290.2257560336725,1660.7229347414846,1203.2688715918353
mask_111,2025-10-12,40835.97014585778,631.5165826609511,3083.224901075063,1541.6124505375315,-910.0958678765805,3425.9853655761144,43351.85964355731,66982.59703169385,62677.30096911653,328.14620193348657,4633.442264510814,705.8108776284017,1660.7229347414846,1203.2688715918353
forecast_only,2025-10-12,40713.64861810818,0.0,0.0,0.0,0.0,1368.4952384910948,42082.14385659927,66698.85421622275,66698.85421622275,0.0,0.0,206.77940019579563,1916.0914686654814,1395.6767035358575
mask_000,2025-10-13,42961.498584802124,0.0,0.0,0.0,0.0,3.6310759288227246e-11,42961.49858480216,70065.2580166974,70065.2580166974,0.0,0.0,7.623235376286175e-12,1395.6767035358575,1981.9903664730184
mask_001,2025-10-13,43053.66193630331,0.0,5033.83186694724,2516.91593347362,-2516.91593347362,2731.053923558095,43267.79992638778,70279.0444966352,62083.778880263955,0.0,8195.265616371244,495.6746669943406,1203.2688715918353,1493.1109405598525
mask_010,2025-10-13,42961.498584802124,0.0,2855.153044273311,1427.5765221366555,-1427.5765221366555,3.563624995095438e-11,41533.9220626655,70065.2580166974,65322.680385967695,0.0,4742.577630729695,7.511324895403959e-12,1395.6767035358575,1981.9903664730184
mask_011,2025-10-13,43053.61164318013,251.0008162045712,5453.796775070484,2726.898387535242,-2475.8975713306704,4143.387377456074,44721.101449305526,70278.92783432208,61354.00138087939,208.5262261392542,9133.452679581947,770.4129465097345,1203.3738676736373,1492.402130506672
mask_100,2025-10-13,43053.66193630331,0.0,0.0,0.0,0.0,3.6310759288227246e-11,43053.661936303346,70279.0444966352,70279.0444966352,0.0,0.0,7.623235376286175e-12,1203.2688715918353,1981.9903664730184
mask_101,2025-10-13,43053.66193630331,612.0618521339441,5034.897672246464,2517.448836123232,-1905.3869839892882,1089.668980953475,42237.94393326749,70279.0444966352,62398.80633834732,316.7776063628311,8197.015764650705,237.3227528280243,1203.2688715918353,1556.3793477326672
mask_110,2025-10-13,43053.66193630331,0.0,2855.153044273311,1427.5765221366555,-1427.5765221366555,3.563624995095438e-11,41626.085414166686,70279.0444966352,65536.4668659055,0.0,4742.577630729695,7.511324895403959e-12,1203.2688715918353,1981.9903664730184
mask_111,2025-10-13,43053.66193630331,1033.3819758569002,5453.796775070484,2726.898387535242,-1693.5164116783421,1908.6758427601249,43268.82136738509,70279.0444966352,61759.045797068924,613.4539800156763,9133.452679581947,423.0646881367091,1203.2688715918353,1556.3793477326672
forecast_only,2025-10-13,42961.498584802124,0.0,0.0,0.0,0.0,3.6310759288227246e-11,42961.49858480216,70065.2580166974,70065.2580166974,0.0,0.0,7.623235376286175e-12,1395.6767035358575,1981.9903664730184
mask_000,2025-10-14,44711.74562874204,0.0,0.0,0.0,0.0,1.865398679967711e-11,44711.745628742065,72200.46643466456,72200.46643466456,0.0,0.0,3.47455397786689e-12,1981.9903664730184,1768.2915394279062
mask_001,2025-10-14,44945.918873754454,0.0,6335.963572226335,3167.9817861131673,-3167.9817861131673,17497.403424882796,59275.34051252408,72743.6657967903,61787.246663923965,0.0,10956.419132866333,2754.441659753433,1493.1109405598525,1245.9955190066598
mask_010,2025-10-14,44711.74562874204,0.0,3042.69221694807,1521.346108474035,-1521.346108474035,2.031836210392157e-11,43190.39952026803,72200.46643466456,67412.2965346483,0.0,4788.1699000162625,3.815614491031738e-12,1981.9903664730184,1768.2915394279062
mask_011,2025-10-14,44946.258393769924,3530.479587017436,6337.044152825219,3168.5220764126093,361.9575106048269,580.6200433373074,45888.835947712054,72744.45336351605,66051.15735877691,4264.897538779235,10958.193543518379,121.18497368810438,1492.402130506672,1280.866979307956
mask_100,2025-10-14,44711.74562874204,0.0,0.0,0.0,0.0,1.865398679967711e-11,44711.745628742065,72200.46643466456,72200.46643466456,0.0,0.0,3.47455397786689e-12,1981.9903664730184,1768.2915394279062
mask_101,2025-10-14,44915.613306718675,5101.373999686036,6337.044152825219,3168.5220764126093,1932.8519232734266,1244.1324766396879,48092.59770663179,72673.36756659827,64270.46496746232,2555.290944382422,10958.193543518382,274.95245941090207,1556.3793477326672,1323.0944954948188
mask_110,2025-10-14,44711.74562874204,0.0,3042.69221694807,1521.346108474035,-1521.346108474035,2.031836210392157e-11,43190.39952026803,72200.46643466456,67412.2965346483,0.0,4788.1699000162625,3.815614491031738e-12,1981.9903664730184,1768.2915394279062
mask_111,2025-10-14,44915.613306718675,3553.599207136856,6337.044152825219,3168.5220764126093,385.0771307242467,580.620043337303,45881.310480780216,72673.36756659827,65992.03730992187,4276.863286841974,10958.193543518379,121.1849736881037,1556.3793477326672,1294.1622549332194
forecast_only,2025-10-14,44711.74562874204,0.0,0.0,0.0,0.0,1.865398679967711e-11,44711.745628742065,72200.46643466456,72200.46643466456,0.0,0.0,3.47455397786689e-12,1981.9903664730184,1768.2915394279062
mask_000,2025-10-15,46392.05205535481,0.0,0.0,0.0,0.0,1.7821103842630136e-11,46392.05205535483,74984.73486647216,74984.73486647216,0.0,0.0,3.3581193381593266e-12,1768.2915394279062,1644.3379401969382
mask_001,2025-10-15,46642.23184913659,1.2632615135848573,5536.9352450998485,2768.4676225499243,-2767.20436103634,2.2497633228590888e-11,43875.02748810028,75565.06377805132,66925.44008253212,0.6839716904003126,8640.307667209603,4.317352031435462e-12,1245.9955190066598,1626.3729888451148
mask_010,2025-10-15,46392.05205535481,0.0,4408.26323481331,2204.131617406655,-2204.131617406655,2.2185534437335615e-11,44187.920437948174,74984.73486647216,68006.55647360657,0.0,6978.1783928656005,4.246297757859452e-12,1768.2915394279062,1573.1140312551784
mask_011,2025-10-15,46625.52841965226,161.1761554352427,5716.134457769161,2858.0672288845803,-2696.891073449338,2.2496094015389547e-11,43928.637346202944,75526.3177110499,66840.22013229807,248.47133294744344,8934.568911699265,4.316907942225612e-12,1280.866979307956,1338.1084700655952
mask_100,2025-10-15,46392.05205535481,0.0,0.0,0.0,0.0,1.7821103842630136e-11,46392.05205535483,74984.73486647216,74984.73486647216,0.0,0.0,3.3581193381593266e-12,1768.2915394279062,1644.3379401969382
mask_101,2025-10-15,46605.301439398754,1.2632615135848573,5536.9352450998485,2768.4676225499243,-2767.20436103634,2.2497633228590888e-11,43838.09707836244,75479.39824862004,66839.77455310084,0.6839716904003126,8640.307667209603,4.317352031435462e-12,1323.0944954948188,1626.3729888451148
mask_110,2025-10-15,46392.05205535481,0.0,4408.26323481331,2204.131617406655,-2204.131617406655,2.2185534437335615e-11,44187.920437948174,74984.73486647216,68006.55647360657,0.0,6978.1783928656005,4.246297757859452e-12,1768.2915394279062,1573.1140312551784
mask_111,2025-10-15,46619.15998262777,161.1761554352427,5716.134457769161,2858.0672288845803,-2696.891073449338,2.2496094015389547e-11,43922.26890917845,75511.54518257738,66825.44760382555,248.47133294744344,8934.568911699265,4.316907942225612e-12,1294.1622549332194,1338.1084700655952
forecast_only,2025-10-15,46392.05205535481,0.0,0.0,0.0,0.0,1.7821103842630136e-11,46392.05205535483,74984.73486647216,74984.73486647216,0.0,0.0,3.3581193381593266e-12,1768.2915394279062,1644.3379401969382
mask_000,2025-10-16,43045.47239205544,0.0,0.0,0.0,0.0,1329.887051649163,44375.359443704605,69862.37048713502,69862.37048713502,0.0,0.0,213.8697155675442,1644.3379401969382,1531.6279110310618
mask_001,2025-10-16,43054.077603752965,101.50413716494128,2354.4898632847235,1177.2449316423617,-1075.7407944774204,5630.527238817386,47608.864048092924,69882.3315441926,66589.51258234787,80.86718659847224,3373.6861484432,958.0468308916237,1626.3729888451148,1365.3351348277356
mask_010,2025-10-16,43079.58864443854,0.0,1297.6267533249372,648.8133766624686,-648.8133766624686,1896.0135016846912,44326.78876946076,69941.50816373697,67979.44069099007,0.0,1962.0674727469013,298.1779866084836,1573.1140312551784,1531.6279110310618
mask_011,2025-10-16,43192.15630824835,274.877748061015,2372.913273337227,1186.4566366686136,-911.5788886075984,4942.345937976401,47222.923357617154,70202.62545394762,67039.25170753905,250.79451597113234,3414.168262379705,808.3307824777719,1338.1084700655952,1365.3351348277356
mask_100,2025-10-16,43045.47239205544,0.0,0.0,0.0,0.0,1329.887051649163,44375.359443704605,69862.37048713502,69862.37048713502,0.0,0.0,213.8697155675442,1644.3379401969382,1531.6279110310618
mask_101,2025-10-16,43054.077603752965,639.5092984592392,2354.4898632847235,1177.2449316423617,-537.7356331831224,3744.5064960617347,46260.84846663158,69882.3315441926,66871.84585951307,363.2004637636676,3373.6861484432,675.7135537264295,1626.3729888451148,1365.3351348277356
mask_110,2025-10-16,43079.58864443854,0.0,1526.3367109868689,763.1683554934344,-763.1683554934344,2660.154640583476,44976.57492952858,69941.50816373697,67647.30331528827,0.0,2294.2048484486977,448.5955189853015,1573.1140312551784,1365.3351348277356
mask_111,2025-10-16,43192.15630824835,812.8829093553129,2372.913273337227,1186.4566366686136,-373.57372731330065,3056.32519522075,45874.9077761558,70202.62545394762,67321.58498470424,533.1277931363277,3414.168262379705,525.9975053125777,1338.1084700655952,1365.3351348277356
forecast_only,2025-10-16,43045.47239205544,0.0,0.0,0.0,0.0,1329.887051649163,44375.359443704605,69862.37048713502,69862.37048713502,0.0,0.0,213.8697155675442,1644.3379401969382,1531.6279110310618
mask_000,2025-10-17,17428.027281521267,0.0,0.0,0.0,0.0,1.9690350017143034e-11,17428.027281521285,33319.77145742749,33319.77145742749,0.0,0.0,3.5986769120199824e-12,1531.6279110310618,2307.632602487192
mask_001,2025-10-17,17507.09025811838,615.9614928886953,160.4896847469852,80.2448423734926,535.7166505152027,1.9238096671259086e-11,18042.8069086336,33504.54120876451,33717.891280251235,491.64741658051815,278.2973450937957,3.4992009290135684e-12,1365.3351348277356,2305.0800963772967
mask_010,2025-10-17,17428.027281521267,383.9670527771244,160.48968474698523,80.24484237349262,303.72221040363183,1.9238096671259086e-11,17731.749491924915,33319.77145742749,33355.248161920324,313.7740495866391,278.2973450937957,3.4992009290135684e-12,1531.6279110310618,2280.645379297907
mask_011,2025-10-17,17507.09025811838,615.9614928886953,160.4896847469852,80.2448423734926,535.7166505152027,1.9238096671259086e-11,18042.8069086336,33504.54120876451,33717.891280251235,491.64741658051815,278.2973450937957,3.4992009290135684e-12,1365.3351348277356,2305.0800963772967
mask_100,2025-10-17,17428.027281521267,0.0,171.0221216752107,85.51106083760536,-85.51106083760536,1.9062315503859397e-11,17342.51622068368,33319.77145742749,33032.859326689795,0.0,286.91213073769023,3.4849900742983664e-12,1531.6279110310618,2044.5008151307384
mask_101,2025-10-17,17507.09025811838,615.9614928886953,160.4896847469852,80.2448423734926,535.7166505152027,1.9238096671259086e-11,18042.8069086336,33504.54120876451,33717.891280251235,491.64741658051815,278.2973450937957,3.4992009290135684e-12,1365.3351348277356,2305.0800963772967
mask_110,2025-10-17,17507.09025811838,383.9670527771244,160.48968474698523,80.24484237349262,303.72221040363183,1.9238096671259086e-11,17810.81246852203,33504.54120876451,33540.017913257354,313.7740495866391,278.2973450937957,3.4992009290135684e-12,1365.3351348277356,2280.645379297907
mask_111,2025-10-17,17507.09025811838,615.9614928886953,160.4896847469852,80.2448423734926,535.7166505152027,1.9238096671259086e-11,18042.8069086336,33504.54120876451,33717.891280251235,491.64741658051815,278.2973450937957,3.4992009290135684e-12,1365.3351348277356,2305.0800963772967
forecast_only,2025-10-17,17428.027281521267,0.0,0.0,0.0,0.0,1.9690350017143034e-11,17428.027281521285,33319.77145742749,33319.77145742749,0.0,0.0,3.5986769120199824e-12,1531.6279110310618,2307.632602487192
mask_000,2025-10-18,18449.194020094725,0.0,0.0,0.0,0.0,1.7174065281011508e-11,18449.194020094743,34010.77116100928,34010.77116100928,0.0,0.0,3.4772185131259903e-12,2307.632602487192,2570.1826434958284
mask_001,2025-10-18,18450.405609661553,5.597319811558121,389.0254142605778,194.5127071302889,-188.91538731873078,1.7174065281011508e-11,18261.49022234284,34013.60727890917,33533.10961393543,3.4737912316502957,483.9714562053947,3.4772185131259903e-12,2305.0800963772967,2570.1826434958284
mask_010,2025-10-18,18462.00395536857,0.0,1140.1937327318462,570.0968663659231,-570.0968663659231,2.2488212625404455e-11,17891.90708900267,34040.75696455294,32678.085482419636,0.0,1362.6714821333028,4.580336110393546e-12,2280.645379297907,2513.8703396793944
mask_011,2025-10-18,18450.405609661553,5.597319811558121,1143.9252792728848,571.9626396364424,-566.3653198248844,2.2488212625404455e-11,17884.040289836692,34013.60727890917,32650.93579677587,3.4737912316502957,1366.1452733649533,4.580336110393546e-12,2305.0800963772967,2513.8703396793944
mask_100,2025-10-18,18574.093908493254,0.0,482.43450212757307,241.21725106378653,-241.21725106378653,1.7174065281011508e-11,18332.876657429486,34303.13981362757,33695.83724026144,0.0,607.3025733661307,3.4772185131259903e-12,2044.5008151307384,1950.6202362177519
mask_101,2025-10-18,18450.405609661553,5.597319811558121,871.4599163881508,435.7299581940754,-430.13263838251726,1.7174065281011508e-11,18020.272971279053,34013.60727890917,32925.8070405693,3.4737912316502957,1091.2740295715257,3.4772185131259903e-12,2305.0800963772967,1950.6202362177519
mask_110,2025-10-18,18462.00395536857,0.0,1572.600947271938,786.300473635969,-786.300473635969,2.220766193161694e-11,17675.703481732624,34040.75696455294,32121.463982488298,0.0,1919.2929820646432,4.523492691532738e-12,2280.645379297907,1950.6202362177519
mask_111,2025-10-18,18450.405609661553,5.597319811558121,1576.3324938129765,788.1662469064883,-782.5689270949302,2.220766193161694e-11,17667.83668256664,34013.60727890917,32094.31429684453,3.4737912316502957,1922.7667732962934,4.523492691532738e-12,2305.0800963772967,1950.6202362177519
forecast_only,2025-10-18,18449.194020094725,0.0,0.0,0.0,0.0,1.7174065281011508e-11,18449.194020094743,34010.77116100928,34010.77116100928,0.0,0.0,3.4772185131259903e-12,2307.632602487192,2570.1826434958284
mask_000,2025-10-19,44200.022197172446,0.0,0.0,0.0,0.0,846.8674639311673,45046.88966110361,70994.74614184818,70994.74614184818,0.0,0.0,142.1680891229452,2570.1826434958284,1508.6183403469356
mask_001,2025-10-19,44200.022197172446,20.897560933191606,627.2550063118188,313.6275031559094,-292.7299422227178,793.9019723405413,44701.194227290274,70994.74614184818,70149.90546908401,12.20849661248917,857.0491693766701,134.33679447092007,2570.1826434958284,1508.6183403469356
mask_010,2025-10-19,44226.97560805702,0.0,2010.546594699216,1005.273297349608,-1005.273297349608,1310.0630611435429,44531.765371850954,71057.3153683109,67622.32155574783,0.0,3434.9938125630783,210.8456185487554,2513.8703396793944,1508.6183403469356
mask_011,2025-10-19,44226.97560805702,20.897560933191606,2185.097275264058,1092.548637632029,-1071.6510766988376,1310.0630611435467,44465.38759250173,71057.3153683109,67538.33570961285,12.20849661248917,3531.188155310545,210.8456185487563,2513.8703396793944,1508.6183403469356
mask_100,2025-10-19,44496.77240761515,0.0,0.0,0.0,0.0,846.8674639311673,45343.639871546315,71683.1488166016,71683.1488166016,0.0,0.0,142.1680891229452,1950.6202362177519,1508.6183403469356
mask_101,2025-10-19,44496.77240761515,20.897560933191606,627.2550063118188,313.6275031559094,-292.7299422227178,793.9019723405413,44997.94443773298,71683.1488166016,70838.30814383744,12.20849661248917,857.0491693766701,134.33679447092007,1950.6202362177519,1508.6183403469356
mask_110,2025-10-19,44496.77240761515,0.0,2010.546594699216,1005.273297349608,-1005.273297349608,1310.0630611435429,44801.56217140908,71683.1488166016,68248.15500403853,0.0,3434.9938125630783,210.8456185487554,1950.6202362177519,1508.6183403469356
mask_111,2025-10-19,44496.77240761515,20.897560933191606,2185.097275264058,1092.548637632029,-1071.6510766988376,1310.0630611435467,44735.184392059855,71683.1488166016,68164.16915790355,12.20849661248917,3531.188155310545,210.8456185487563,1950.6202362177519,1508.6183403469356
forecast_only,2025-10-19,44200.022197172446,0.0,0.0,0.0,0.0,846.8674639311673,45046.88966110361,70994.74614184818,70994.74614184818,0.0,0.0,142.1680891229452,2570.1826434958284,1508.6183403469356
mask_000,2025-10-20,48742.97083367019,0.0,0.0,0.0,0.0,1.7275983754672098e-11,48742.9708336702,77407.31596859104,77407.31596859104,0.0,0.0,3.2875924205200135e-12,1508.6183403469356,1610.0978361124646
mask_001,2025-10-20,48742.97083367019,12.693842128168388,2391.2894057050808,1195.6447028525404,-1182.950860724372,2.2056028115002847e-11,47560.01997294584,77407.31596859104,74438.29375658736,6.872867228765472,2975.895079232453,4.318323476582009e-12,1508.6183403469356,1610.0978361124646
mask_010,2025-10-20,48742.97083367019,0.0,3471.3478795490173,1735.6739397745087,-1735.6739397745087,1.8135132506813535e-11,47007.2968938957,77407.31596859104,71865.5533908082,0.0,5541.762577782842,3.467448550509289e-12,1508.6183403469356,1610.0978361124646
mask_011,2025-10-20,48742.97083367019,12.693842128168388,4223.328113560839,2111.6640567804193,-2098.970214652251,2.1046453468898108e-11,46644.000619017956,77407.31596859104,71448.75404710724,6.872867228765472,5965.434788712564,4.11404244005098e-12,1508.6183403469356,1610.0978361124646
mask_100,2025-10-20,48742.97083367019,0.0,0.0,0.0,0.0,1.7275983754672098e-11,48742.9708336702,77407.31596859104,77407.31596859104,0.0,0.0,3.2875924205200135e-12,1508.6183403469356,1610.0978361124646
mask_101,2025-10-20,48742.97083367019,12.693842128168388,2391.2894057050808,1195.6447028525404,-1182.950860724372,2.2056028115002847e-11,47560.01997294584,77407.31596859104,74438.29375658736,6.872867228765472,2975.895079232453,4.318323476582009e-12,1508.6183403469356,1610.0978361124646
mask_110,2025-10-20,48742.97083367019,0.0,3471.3478795490173,1735.6739397745087,-1735.6739397745087,1.8135132506813535e-11,47007.2968938957,77407.31596859104,71865.5533908082,0.0,5541.762577782842,3.467448550509289e-12,1508.6183403469356,1610.0978361124646
mask_111,2025-10-20,48742.97083367019,12.693842128168388,4223.328113560839,2111.6640567804193,-2098.970214652251,2.1046453468898108e-11,46644.000619017956,77407.31596859104,71448.75404710724,6.872867228765472,5965.434788712564,4.11404244005098e-12,1508.6183403469356,1610.0978361124646
forecast_only,2025-10-20,48742.97083367019,0.0,0.0,0.0,0.0,1.7275983754672098e-11,48742.9708336702,77407.31596859104,77407.31596859104,0.0,0.0,3.2875924205200135e-12,1508.6183403469356,1610.0978361124646
mask_000,2025-10-21,47594.526086848746,0.0,0.0,0.0,0.0,2.2083636586067715e-11,47594.52608684877,76423.87192608541,76423.87192608541,0.0,0.0,5.045075468501636e-12,1610.0978361124646,2140.8914060273687
mask_001,2025-10-21,47594.526086848746,0.0,0.0,0.0,0.0,2.2083636586067715e-11,47594.52608684877,76423.87192608541,76423.87192608541,0.0,0.0,5.045075468501636e-12,1610.0978361124646,2140.8914060273687
mask_010,2025-10-21,47594.526086848746,0.0,1966.6410605078327,983.3205302539163,-983.3205302539163,1.648279635002581e-11,46611.20555659484,76423.87192608541,73799.4460367711,0.0,2624.425889314302,3.907763002075626e-12,1610.0978361124646,2140.8914060273687
mask_011,2025-10-21,47594.526086848746,0.0,1966.6410605078327,983.3205302539163,-983.3205302539163,1.648279635002581e-11,46611.20555659484,76423.87192608541,73799.4460367711,0.0,2624.425889314302,3.907763002075626e-12,1610.0978361124646,2140.8914060273687
mask_100,2025-10-21,47594.526086848746,0.0,0.0,0.0,0.0,2.2083636586067715e-11,47594.52608684877,76423.87192608541,76423.87192608541,0.0,0.0,5.045075468501636e-12,1610.0978361124646,2140.8914060273687
mask_101,2025-10-21,47594.526086848746,0.0,0.0,0.0,0.0,2.2083636586067715e-11,47594.52608684877,76423.87192608541,76423.87192608541,0.0,0.0,5.045075468501636e-12,1610.0978361124646,2140.8914060273687
mask_110,2025-10-21,47594.526086848746,0.0,1966.6410605078327,983.3205302539163,-983.3205302539163,1.648279635002581e-11,46611.20555659484,76423.87192608541,73799.4460367711,0.0,2624.425889314302,3.907763002075626e-12,1610.0978361124646,2140.8914060273687
mask_111,2025-10-21,47594.526086848746,0.0,1966.6410605078327,983.3205302539163,-983.3205302539163,1.648279635002581e-11,46611.20555659484,76423.87192608541,73799.4460367711,0.0,2624.425889314302,3.907763002075626e-12,1610.0978361124646,2140.8914060273687
forecast_only,2025-10-21,47594.526086848746,0.0,0.0,0.0,0.0,2.2083636586067715e-11,47594.52608684877,76423.87192608541,76423.87192608541,0.0,0.0,5.045075468501636e-12,1610.0978361124646,2140.8914060273687
mask_000,2025-10-22,44640.66325425135,0.0,0.0,0.0,0.0,2893.589433133407,47534.25268738475,71889.0642944803,71889.0642944803,0.0,0.0,444.20483029158106,2140.8914060273687,1385.386453057838
mask_001,2025-10-22,44640.66325425135,26.4725365170986,1428.5082286420609,714.2541143210304,-687.7815778039318,4808.069701818521,48760.95137826594,71889.0642944803,70026.51332121281,14.96400180848616,1877.5149750759836,734.6172458327393,2140.8914060273687,1385.386453057838
mask_010,2025-10-22,44640.66325425135,0.0,789.6024694888418,394.8012347444209,-394.8012347444209,3088.511152175861,47334.37317168279,71889.0642944803,70601.47285248028,0.0,1287.5914420000186,473.29762417851464,2140.8914060273687,1385.386453057838
mask_011,2025-10-22,44640.66325425135,256.18929457865465,1819.087243776875,909.5436218884375,-653.3543273097829,3824.16974385333,47811.47867079489,71889.0642944803,69477.71252042579,224.5837189244853,2635.935492978994,637.1234982567992,2140.8914060273687,1213.427184737669
mask_100,2025-10-22,44640.66325425135,0.0,0.0,0.0,0.0,2893.589433133407,47534.25268738475,71889.0642944803,71889.0642944803,0.0,0.0,444.20483029158106,2140.8914060273687,1385.386453057838
mask_101,2025-10-22,44640.66325425135,376.7370756008753,1606.9227088257903,803.4613544128952,-426.72427881201975,3974.4327094770474,48188.371684916376,71889.0642944803,69916.00907408987,197.43239776697908,2170.4876181574136,659.5508065588465,2140.8914060273687,1213.427184737669
mask_110,2025-10-22,44640.66325425135,0.0,789.6024694888418,394.8012347444209,-394.8012347444209,3088.511152175861,47334.37317168279,71889.0642944803,70601.47285248028,0.0,1287.5914420000186,473.29762417851464,2140.8914060273687,1385.386453057838
mask_111,2025-10-22,44640.66325425135,256.18929457865465,1819.087243776875,909.5436218884375,-653.3543273097829,3824.16974385333,47811.47867079489,71889.0642944803,69477.71252042579,224.5837189244853,2635.935492978994,637.1234982567992,2140.8914060273687,1213.427184737669
forecast_only,2025-10-22,44640.66325425135,0.0,0.0,0.0,0.0,2893.589433133407,47534.25268738475,71889.0642944803,71889.0642944803,0.0,0.0,444.20483029158106,2140.8914060273687,1385.386453057838
mask_000,2025-10-23,52311.069831951696,0.0,0.0,0.0,0.0,3.0283461960323163e-11,52311.069831951725,83889.56281140095,83889.56281140095,0.0,0.0,6.012079722950148e-12,1385.386453057838,1464.0731421588641
mask_001,2025-10-23,52311.069831951696,401.1733798016982,9912.56549546572,4956.28274773286,-4555.1093679311625,2.8504669735696097e-11,47755.960464020565,83889.56281140095,68543.97191728077,296.77460577248473,15642.365499892674,5.2660098504020425e-12,1385.386453057838,1552.9326863175336
mask_010,2025-10-23,52311.069831951696,251.84196179569076,4130.090645271317,2065.0453226356585,-1813.203360839968,2.7573656247170678e-11,50497.86647111176,83889.56281140095,76721.79169658083,201.56876773730016,7369.339882557433,5.31930055558405e-12,1385.386453057838,1464.0731421588641
mask_011,2025-10-23,52393.43832147705,401.1733798016982,9912.56549546572,4956.28274773286,-4555.1093679311625,2.8504669735696097e-11,47838.32895354592,84080.62866509003,68735.03777096984,296.77460577248473,15642.365499892674,5.2660098504020425e-12,1213.427184737669,1552.9326863175336
mask_100,2025-10-23,52311.069831951696,0.0,0.0,0.0,0.0,3.0283461960323163e-11,52311.069831951725,83889.56281140095,83889.56281140095,0.0,0.0,6.012079722950148e-12,1385.386453057838,1464.0731421588641
mask_101,2025-10-23,52393.43832147705,401.1733798016982,9912.56549546572,4956.28274773286,-4555.1093679311625,2.8504669735696097e-11,47838.32895354592,84080.62866509003,68735.03777096984,296.77460577248473,15642.365499892674,5.2660098504020425e-12,1213.427184737669,1552.9326863175336
mask_110,2025-10-23,52311.069831951696,251.84196179569076,4130.090645271317,2065.0453226356585,-1813.203360839968,2.7573656247170678e-11,50497.86647111176,83889.56281140095,76721.79169658083,201.56876773730016,7369.339882557433,5.31930055558405e-12,1385.386453057838,1464.0731421588641
mask_111,2025-10-23,52393.43832147705,401.1733798016982,9912.56549546572,4956.28274773286,-4555.1093679311625,2.8504669735696097e-11,47838.32895354592,84080.62866509003,68735.03777096984,296.77460577248473,15642.365499892674,5.2660098504020425e-12,1213.427184737669,1552.9326863175336
forecast_only,2025-10-23,52311.069831951696,0.0,0.0,0.0,0.0,3.0283461960323163e-11,52311.069831951725,83889.56281140095,83889.56281140095,0.0,0.0,6.012079722950148e-12,1385.386453057838,1464.0731421588641
mask_000,2025-10-24,18389.42694958711,0.0,0.0,0.0,0.0,2.0012073331798773e-11,18389.42694958713,34767.97589595262,34767.97589595262,0.0,0.0,4.002131959168764e-12,1464.0731421588641,2142.8791424868614
mask_001,2025-10-24,18347.1199332849,0.0,0.0,0.0,0.0,2.0012073331798773e-11,18347.11993328492,34669.24306910965,34669.24306910965,0.0,0.0,4.002131959168764e-12,1552.9326863175336,2142.8791424868614
mask_010,2025-10-24,18389.42694958711,0.0,0.0,0.0,0.0,2.0012073331798773e-11,18389.42694958713,34767.97589595262,34767.97589595262,0.0,0.0,4.002131959168764e-12,1464.0731421588641,2142.8791424868614
mask_011,2025-10-24,18347.1199332849,0.0,0.0,0.0,0.0,2.0012073331798773e-11,18347.11993328492,34669.24306910965,34669.24306910965,0.0,0.0,4.002131959168764e-12,1552.9326863175336,2142.8791424868614
mask_100,2025-10-24,18389.42694958711,0.0,502.22473155502865,251.11236577751433,-251.11236577751433,299.45539872149124,18437.76998253108,34767.97589595262,34142.7278838279,0.0,625.2480121247127,61.26160213867749,1464.0731421588641,1568.1021132294557
mask_101,2025-10-24,18347.1199332849,0.0,502.22473155502865,251.11236577751433,-251.11236577751433,299.45539872149124,18395.46296622887,34669.24306910965,34043.99505698494,0.0,625.2480121247127,61.26160213867749,1552.9326863175336,1568.1021132294557
mask_110,2025-10-24,18389.42694958711,0.0,502.22473155502865,251.11236577751433,-251.11236577751433,299.45539872149124,18437.76998253108,34767.97589595262,34142.7278838279,0.0,625.2480121247127,61.26160213867749,1464.0731421588641,1568.1021132294557
mask_111,2025-10-24,18347.1199332849,0.0,502.22473155502865,251.11236577751433,-251.11236577751433,299.45539872149124,18395.46296622887,34669.24306910965,34043.99505698494,0.0,625.2480121247127,61.26160213867749,1552.9326863175336,1568.1021132294557
forecast_only,2025-10-24,18389.42694958711,0.0,0.0,0.0,0.0,2.0012073331798773e-11,18389.42694958713,34767.97589595262,34767.97589595262,0.0,0.0,4.002131959168764e-12,1464.0731421588641,2142.8791424868614
mask_000,2025-10-25,18321.165591924342,0.0,0.0,0.0,0.0,2.064670412416092e-11,18321.165591924364,34248.00191252169,34248.00191252169,0.0,0.0,3.345226873285867e-12,2142.8791424868614,2234.0845569242124
mask_001,2025-10-25,18321.165591924342,0.0,0.0,0.0,0.0,2.064670412416092e-11,18321.165591924364,34248.00191252169,34248.00191252169,0.0,0.0,3.345226873285867e-12,2142.8791424868614,2234.0845569242124
mask_010,2025-10-25,18321.165591924342,0.0,111.73058085057455,55.86529042528728,-55.86529042528728,2.064670412416092e-11,18265.30030149908,34248.00191252169,34113.486122145114,0.0,134.51579037657226,3.345226873285867e-12,2142.8791424868614,2226.2989519726457
mask_011,2025-10-25,18321.165591924342,0.0,111.73058085057455,55.86529042528728,-55.86529042528728,2.064670412416092e-11,18265.30030149908,34248.00191252169,34113.486122145114,0.0,134.51579037657226,3.345226873285867e-12,2142.8791424868614,2226.2989519726457
mask_100,2025-10-25,18594.616484317678,0.0,448.4110903990659,224.20554519953296,-224.20554519953296,2.1645849779261538e-11,18370.410939118166,34886.64305614102,34326.17504383205,0.0,560.4680123089759,3.565495121371498e-12,1568.1021132294557,1661.4938462127877
mask_101,2025-10-25,18594.616484317678,0.0,448.4110903990659,224.20554519953296,-224.20554519953296,2.1645849779261538e-11,18370.410939118166,34886.64305614102,34326.17504383205,0.0,560.4680123089759,3.565495121371498e-12,1568.1021132294557,1661.4938462127877
mask_110,2025-10-25,18594.616484317678,0.0,553.0341132382777,276.5170566191388,-276.5170566191388,2.1645849779261538e-11,18318.09942769856,34886.64305614102,34198.666297911885,0.0,687.976758229138,3.565495121371498e-12,1568.1021132294557,1661.4938462127877
mask_111,2025-10-25,18594.616484317678,0.0,553.0341132382777,276.5170566191388,-276.5170566191388,2.1645849779261538e-11,18318.09942769856,34886.64305614102,34198.666297911885,0.0,687.976758229138,3.565495121371498e-12,1568.1021132294557,1661.4938462127877
forecast_only,2025-10-25,18321.165591924342,0.0,0.0,0.0,0.0,2.064670412416092e-11,18321.165591924364,34248.00191252169,34248.00191252169,0.0,0.0,3.345226873285867e-12,2142.8791424868614,2234.0845569242124
mask_000,2025-10-26,48254.76521068033,0.0,0.0,0.0,0.0,4.099712391791854e-11,48254.76521068037,77224.07485952173,77224.07485952173,0.0,0.0,7.565503779005667e-12,2234.0845569242124,1747.5282880060597
mask_001,2025-10-26,48254.76521068033,489.83134885437784,5431.671880972285,2715.8359404861426,-2226.0045916317645,2.8344260272206153e-11,46028.76061904859,77224.07485952173,69176.24846204446,345.65123427521314,8393.4776317525,5.215383680479135e-12,2234.0845569242124,1895.1450062429587
mask_010,2025-10-26,48258.49451545213,73.79820944886276,1658.4381298642288,829.2190649321144,-755.4208554832517,3.5320859126386495e-11,47503.07365996891,77232.72553169014,73815.63313308184,53.08021149449155,3470.1726101027934,6.387779194483301e-12,2226.2989519726457,1764.8072892238863
mask_011,2025-10-26,48258.49451545213,489.83134885437784,5431.671880972285,2715.8359404861426,-2226.0045916317645,2.8344260272206153e-11,46032.48992382039,77232.72553169014,69184.89913421286,345.65123427521314,8393.4776317525,5.215383680479135e-12,2226.2989519726457,1895.1450062429587
mask_100,2025-10-26,48529.0361611111,96.49561038875082,174.29972387190975,87.14986193595487,9.345748452795945,4.0677609280947996e-11,48538.38190956394,77860.28676031221,77624.01300825633,49.942090618611815,286.2158426744877,7.611689056830073e-12,1661.4938462127877,1534.8509448154514
mask_101,2025-10-26,48529.0361611111,489.83134885437784,5431.671880972285,2715.8359404861426,-2226.0045916317645,2.8441920818522705e-11,46303.03156947936,77860.28676031221,69812.46036283491,345.65123427521314,8393.4776317525,5.260680779883842e-12,1661.4938462127877,1895.1450062429587
mask_110,2025-10-26,48529.0361611111,140.24675985489222,1832.7378537361385,916.3689268680693,-776.1221670131771,3.5001344489415946e-11,47752.91399409796,77860.28676031221,74191.36950855199,87.4712010170594,3756.3884527772807,6.433964472307707e-12,1661.4938462127877,1534.8509448154514
mask_111,2025-10-26,48529.0361611111,489.83134885437784,5431.671880972285,2715.8359404861426,-2226.0045916317645,2.8441920818522705e-11,46303.03156947936,77860.28676031221,69812.46036283491,345.65123427521314,8393.4776317525,5.260680779883842e-12,1661.4938462127877,1895.1450062429587
forecast_only,2025-10-26,48254.76521068033,0.0,0.0,0.0,0.0,4.099712391791854e-11,48254.76521068037,77224.07485952173,77224.07485952173,0.0,0.0,7.565503779005667e-12,2234.0845569242124,1747.5282880060597
mask_000,2025-10-27,44757.6058128912,0.0,0.0,0.0,0.0,1.5001631936684137e-11,44757.60581289121,71598.82994371155,71598.82994371155,0.0,0.0,2.9096725029376103e-12,1747.5282880060597,1744.5918764512558
mask_001,2025-10-27,44686.89740485573,2382.954755693922,178.1293093204602,89.0646546602301,2293.8901010336917,1.474052696570638e-11,46980.787505889435,71434.81136789276,73803.39438346373,2658.9302008492314,290.3471852782618,2.8720359424028175e-12,1895.1450062429587,1558.8228715543355
mask_010,2025-10-27,44749.329171307865,584.2960111002086,975.6655741681278,487.8327870840639,96.4632240161447,1.474052696570638e-11,44845.79239532403,71579.63105346952,70018.12015522872,559.2279201061579,2120.7388183469534,2.8720359424028175e-12,1764.8072892238863,1558.8228715543355
mask_011,2025-10-27,44686.89740485573,2783.360280936055,1508.6236781399816,754.3118390699908,2029.0484418660642,1.4404797354927727e-11,46715.94584672181,71434.81136789276,71400.28245673375,3048.4416370759764,3082.9705482349964,2.7355895326763857e-12,1895.1450062429587,1820.9616500792977
mask_100,2025-10-27,44859.4782602795,0.0,0.0,0.0,0.0,1.5001631936684137e-11,44859.47826027952,71835.13810281223,71835.13810281223,0.0,0.0,2.9096725029376103e-12,1534.8509448154514,1744.5918764512558
mask_101,2025-10-27,44686.89740485573,2382.954755693922,178.1293093204602,89.0646546602301,2293.8901010336917,1.474052696570638e-11,46980.787505889435,71434.81136789276,73803.39438346373,2658.9302008492314,290.3471852782618,2.8720359424028175e-12,1895.1450062429587,1558.8228715543355
mask_110,2025-10-27,44859.4782602795,584.2960111002086,975.6655741681278,487.8327870840639,96.4632240161447,1.474052696570638e-11,44955.94148429567,71835.13810281223,70273.62720457143,559.2279201061579,2120.7388183469534,2.8720359424028175e-12,1534.8509448154514,1558.8228715543355
mask_111,2025-10-27,44686.89740485573,2783.360280936055,1508.6236781399816,754.3118390699908,2029.0484418660642,1.4404797354927727e-11,46715.94584672181,71434.81136789276,71400.28245673375,3048.4416370759764,3082.9705482349964,2.7355895326763857e-12,1895.1450062429587,1820.9616500792977
forecast_only,2025-10-27,44757.6058128912,0.0,0.0,0.0,0.0,31.677714466806155,44789.283527358006,71598.82994371155,71598.82994371155,0.0,0.0,9.464509849656675,1747.5282880060597,1755.1079985064266
mask_000,2025-10-28,44529.45585193459,0.0,0.0,0.0,0.0,2846.891068511595,47376.34692044619,71043.30529628985,71043.30529628985,0.0,0.0,488.79209699929237,1744.5918764512558,1679.3569609759336
mask_001,2025-10-28,44618.439205280214,2084.236149084174,273.72012121250486,136.86006060625243,1947.3760884779217,3.0843835124860785e-11,46565.81529375816,71249.71530173086,72851.23457575531,2002.109219064307,400.5899450398596,5.971945160609948e-12,1558.8228715543355,1739.1358740153817
mask_010,2025-10-28,44618.439205280214,1180.5486524173264,345.2673394363331,172.63366971816654,1007.9149826991599,3.768842757323476e-11,45626.354187979414,71249.71530173086,71713.39372864358,1141.5709828041686,677.8925558914372,7.575995386588374e-12,1558.8228715543355,1739.1358740153817
mask_011,2025-10-28,44492.87473036675,2084.236149084174,273.72012121250486,136.86006060625243,1947.3760884779217,3.0843835124860785e-11,46440.250818844695,70958.44999225868,72559.96926628312,2002.109219064307,400.5899450398596,5.971945160609948e-12,1820.9616500792977,1739.1358740153817
mask_100,2025-10-28,44529.45585193459,937.0693320797816,145.54961111065234,72.77480555532617,864.2945265244555,661.1407515036685,46054.89112996271,71043.30529628985,71289.28760764506,484.9878798642867,239.0055685090681,162.69428315022694,1744.5918764512558,1633.8325324806708
mask_101,2025-10-28,44618.439205280214,2084.236149084174,273.72012121250486,136.86006060625243,1947.3760884779217,3.0843835124860785e-11,46565.81529375816,71249.71530173086,72851.23457575531,2002.109219064307,400.5899450398596,5.971945160609948e-12,1558.8228715543355,1739.1358740153817
mask_110,2025-10-28,44618.439205280214,1180.5486524173264,345.2673394363331,172.63366971816654,1007.9149826991599,3.768842757323476e-11,45626.354187979414,71249.71530173086,71713.39372864358,1141.5709828041686,677.8925558914372,7.575995386588374e-12,1558.8228715543355,1739.1358740153817
mask_111,2025-10-28,44492.87473036675,2084.236149084174,273.72012121250486,136.86006060625243,1947.3760884779217,3.0843835124860785e-11,46440.250818844695,70958.44999225868,72559.96926628312,2002.109219064307,400.5899450398596,5.971945160609948e-12,1820.9616500792977,1739.1358740153817
forecast_only,2025-10-28,44524.41862947016,0.0,0.0,0.0,0.0,1819.09033223722,46343.508961707375,71031.62071622854,71031.62071622854,0.0,0.0,488.7920969992925,1755.1079985064266,1679.3569609759336
mask_000,2025-10-29,48933.47428939771,0.0,0.0,0.0,0.0,2090.6891509294633,51024.163440327175,78903.90263551306,78903.90263551306,0.0,0.0,318.1090825925955,1679.3569609759336,1380.4931587813232
mask_001,2025-10-29,48904.84019005181,0.0,0.0,0.0,0.0,2090.6891509294633,50995.52934098127,78837.48162102478,78837.48162102478,0.0,0.0,318.1090825925955,1739.1358740153817,1380.4931587813232
mask_010,2025-10-29,48904.84019005181,0.0,1800.2808484552843,900.1404242276421,-900.1404242276421,2313.417466885234,50318.1172327094,78837.48162102478,75894.39802820735,0.0,2943.083592817435,351.3521148247999,1739.1358740153817,1380.4931587813232
mask_011,2025-10-29,48904.84019005181,0.0,1800.2808484552843,900.1404242276421,-900.1404242276421,2313.417466885234,50318.1172327094,78837.48162102478,75894.39802820735,0.0,2943.083592817435,351.3521148247999,1739.1358740153817,1380.4931587813232
mask_100,2025-10-29,48955.28049064694,0.0,0.0,0.0,0.0,2090.6891509294633,51045.969641576405,78954.48533384113,78954.48533384113,0.0,0.0,318.1090825925955,1633.8325324806708,1380.4931587813232
mask_101,2025-10-29,48904.84019005181,0.0,0.0,0.0,0.0,2090.6891509294633,50995.52934098127,78837.48162102478,78837.48162102478,0.0,0.0,318.1090825925955,1739.1358740153817,1380.4931587813232
mask_110,2025-10-29,48904.84019005181,0.0,1800.2808484552843,900.1404242276421,-900.1404242276421,2313.417466885234,50318.1172327094,78837.48162102478,75894.39802820735,0.0,2943.083592817435,351.3521148247999,1739.1358740153817,1380.4931587813232
mask_111,2025-10-29,48904.84019005181,0.0,1800.2808484552843,900.1404242276421,-900.1404242276421,2313.417466885234,50318.1172327094,78837.48162102478,75894.39802820735,0.0,2943.083592817435,351.3521148247999,1739.1358740153817,1380.4931587813232
forecast_only,2025-10-29,48933.47428939771,0.0,0.0,0.0,0.0,2090.6891509294633,51024.163440327175,78903.90263551306,78903.90263551306,0.0,0.0,318.1090825925955,1679.3569609759336,1380.4931587813232
mask_000,2025-10-30,44251.12848765381,0.0,0.0,0.0,0.0,1733.1709276574425,45984.29941531125,70875.05618588498,70875.05618588498,0.0,0.0,337.73633148545196,1380.4931587813232,1445.2838396134553
mask_001,2025-10-30,44251.12848765381,1228.804078223567,1371.374405059774,685.687202529887,543.1168756936801,17.05834733336948,44811.30371068086,70875.05618588498,70089.06452991263,1156.0540401400103,1942.0456961123716,3.6418333333403554,1380.4931587813232,1564.536284307703
mask_010,2025-10-30,44251.12848765381,969.1013526676682,658.79707870889,329.398539354445,639.7028133132231,3.686429417282256e-11,44890.83130096707,70875.05618588498,70391.52938350216,903.8164486007406,1387.3432509835766,7.2091221881009915e-12,1380.4931587813232,1564.536284307703
mask_011,2025-10-30,44251.12848765381,1228.804078223567,1371.374405059774,685.687202529887,543.1168756936801,17.05834733336948,44811.30371068086,70875.05618588498,70089.06452991263,1156.0540401400103,1942.0456961123716,3.6418333333403554,1380.4931587813232,1564.536284307703
mask_100,2025-10-30,44251.12848765381,631.5930011591132,137.8635201033214,68.9317600516607,562.6612411074525,890.8764011560917,45704.66612991735,70875.05618588498,70975.55798288618,326.88611192666883,226.38431492548466,213.79882272485978,1380.4931587813232,1452.3442168975137
mask_101,2025-10-30,44251.12848765381,1228.804078223567,1371.374405059774,685.687202529887,543.1168756936801,17.05834733336948,44811.30371068086,70875.05618588498,70089.06452991263,1156.0540401400103,1942.0456961123716,3.6418333333403554,1380.4931587813232,1564.536284307703
mask_110,2025-10-30,44251.12848765381,969.1013526676682,658.79707870889,329.398539354445,639.7028133132231,3.686429417282256e-11,44890.83130096707,70875.05618588498,70391.52938350216,903.8164486007406,1387.3432509835766,7.2091221881009915e-12,1380.4931587813232,1564.536284307703
mask_111,2025-10-30,44251.12848765381,1228.804078223567,1371.374405059774,685.687202529887,543.1168756936801,17.05834733336948,44811.30371068086,70875.05618588498,70089.06452991263,1156.0540401400103,1942.0456961123716,3.6418333333403554,1380.4931587813232,1564.536284307703
forecast_only,2025-10-30,44251.12848765381,0.0,0.0,0.0,0.0,1358.7664660841328,45609.894953737945,70875.05618588498,70875.05618588498,0.0,0.0,369.11992133024444,1380.4931587813232,1480.1544949965567
mask_000,2025-10-31,20116.840386672942,0.0,0.0,0.0,0.0,1.858435494384025e-11,20116.84038667296,36991.307684679006,36991.307684679006,0.0,0.0,3.681499549657019e-12,1445.2838396134553,2346.983271213629
mask_001,2025-10-31,20059.99275160767,18.76753337559038,767.9310986775537,383.96554933877684,-365.1980159631865,1.858435494384025e-11,19694.794735644504,36858.804968352066,35883.56110987036,10.621843141524664,985.865701623235,3.681499549657019e-12,1564.536284307703,2355.2320359218834
mask_010,2025-10-31,20059.99275160767,0.0,935.2396740798038,467.6198370399019,-467.6198370399019,2.1995052001955172e-11,19592.372914567793,36858.804968352066,35693.684035310864,0.0,1165.120933041207,4.408917675391422e-12,1564.536284307703,2338.5713817095607
mask_011,2025-10-31,20059.99275160767,18.76753337559038,945.9176089252471,472.95880446262356,-454.1912710870332,2.1995052001955172e-11,19605.801480520662,36858.804968352066,35693.952369542865,10.621843141524664,1175.4744419507292,4.408917675391422e-12,1564.536284307703,2338.5713817095607
mask_100,2025-10-31,20113.472586708445,0.0,47.746055297540416,23.873027648770208,-23.873027648770208,1.927932258283249e-11,20089.599559059694,36983.46282103006,36936.898992322574,0.0,46.56382870747956,3.795186387378635e-12,1452.3442168975137,2296.966608462486
mask_101,2025-10-31,20059.99275160767,18.76753337559038,824.7535997341748,412.3767998670874,-393.60926649149707,1.927932258283249e-11,19666.383485116192,36858.804968352066,35829.57339292545,10.621843141524664,1039.8534185681438,3.795186387378635e-12,1564.536284307703,2296.966608462486
mask_110,2025-10-31,20059.99275160767,0.0,973.7297908804373,486.8648954402187,-486.8648954402187,2.1995052001955172e-11,19573.127856167477,36858.804968352066,35654.69090715704,0.0,1204.114061195025,4.408917675391422e-12,1564.536284307703,2296.966608462486
mask_111,2025-10-31,20059.99275160767,18.76753337559038,984.4077257258807,492.20386286294035,-473.43632948735,2.1995052001955172e-11,19586.556422120346,36858.804968352066,35654.95924138905,10.621843141524664,1214.4675701045471,4.408917675391422e-12,1564.536284307703,2296.966608462486
forecast_only,2025-10-31,20100.207084055204,0.0,0.0,0.0,0.0,1.858435494384025e-11,20100.207084055222,36952.562512031116,36952.562512031116,0.0,0.0,3.681499549657019e-12,1480.1544949965567,2346.983271213629
mask_000,2025-11-01,18775.238348756444,0.0,0.0,0.0,0.0,3.330280184954404e-11,18775.238348756477,34755.49171178433,34755.49171178433,0.0,0.0,6.349587522436195e-12,2346.983271213629,2455.6473759468367
mask_001,2025-11-01,18771.316519402375,55.38550855320996,267.0914991624593,133.54574958122964,-78.1602410280197,3.424436856303003e-11,18693.156278374387,34746.326417664044,34443.23207351145,35.84168183886942,338.93602599146254,6.610934022432957e-12,2355.2320359218834,2461.250243626908
mask_010,2025-11-01,18779.237734888437,0.0,237.56395624308468,118.78197812154234,-118.78197812154234,3.0257074623563085e-11,18660.455756766925,34764.838255677736,34485.34196455002,0.0,279.4962911277198,5.724309914967307e-12,2338.5713817095607,2455.6473759468367
mask_011,2025-11-01,18779.237734888437,55.38550855320996,267.0914991624593,133.54574958122964,-78.1602410280197,3.424436856303003e-11,18701.077493860448,34764.838255677736,34461.74391152514,35.84168183886942,338.93602599146254,6.610934022432957e-12,2338.5713817095607,2461.250243626908
mask_100,2025-11-01,18799.018493191128,0.0,68.94392439636428,34.47196219818214,-34.47196219818214,3.330280184954404e-11,18764.54653099298,34811.065781507816,34741.220857592954,0.0,69.84492391486606,6.349587522436195e-12,2296.966608462486,2379.7869939891953
mask_101,2025-11-01,18799.018493191128,55.38550855320996,342.2004829819127,171.10024149095636,-115.71473293774642,3.3549400924037794e-11,18683.303760253413,34811.065781507816,34433.083932528294,35.84168183886942,413.8235308183924,6.497247184711341e-12,2296.966608462486,2379.7869939891953
mask_110,2025-11-01,18799.018493191128,0.0,306.50788063944896,153.25394031972448,-153.25394031972448,3.0257074623563085e-11,18645.764552871435,34811.065781507816,34461.72456646523,0.0,349.3412150425859,5.724309914967307e-12,2296.966608462486,2379.7869939891953
mask_111,2025-11-01,18799.018493191128,55.38550855320996,342.2004829819127,171.10024149095636,-115.71473293774642,3.3549400924037794e-11,18683.303760253413,34811.065781507816,34433.083932528294,35.84168183886942,413.8235308183924,6.497247184711341e-12,2296.966608462486,2379.7869939891953
forecast_only,2025-11-01,18775.238348756444,0.0,0.0,0.0,0.0,3.330280184954404e-11,18775.238348756477,34755.49171178433,34755.49171178433,0.0,0.0,6.349587522436195e-12,2346.983271213629,2455.6473759468367
mask_000,2025-11-02,47920.85972595328,0.0,0.0,0.0,0.0,2.5673614345578246e-11,47920.85972595331,75918.01655703034,75918.01655703034,0.0,0.0,5.609956943430916e-12,2455.6473759468367,1716.7082513437904
mask_001,2025-11-02,47918.17595233453,1991.2829355510114,169.3136534897273,84.65682674486365,1906.6261088061476,2.547156396914829e-11,49824.802061140705,75911.79114849692,78022.75554374876,2383.8342659188993,272.86987066705694,5.539790848274606e-12,2461.250243626908,1507.8169214220688
mask_010,2025-11-02,47920.85972595328,0.0,884.6746731779195,442.3373365889598,-442.3373365889598,2.643425300874469e-11,47478.52238936435,75918.01655703034,74836.26664407103,0.0,1081.7499129592975,5.831113369936247e-12,2455.6473759468367,1716.7082513437904
mask_011,2025-11-02,47918.17595233453,2194.7645243754378,2233.934681028887,1116.9673405144435,1077.7971838609942,3.0420930663410675e-11,48995.97313619556,75911.79114849692,75295.7417317586,2606.5909944643636,3222.640411202689,6.586065026681354e-12,2461.250243626908,1716.7082513437908
mask_100,2025-11-02,47957.19684891099,0.0,0.0,0.0,0.0,2.5673614345578246e-11,47957.19684891102,76002.3058703166,76002.3058703166,0.0,0.0,5.609956943430916e-12,2379.7869939891953,1716.7082513437904
mask_101,2025-11-02,47957.19684891099,1991.2829355510114,169.3136534897273,84.65682674486365,1906.6261088061476,2.547156396914829e-11,49863.822957717166,76002.3058703166,78113.27026556846,2383.8342659188993,272.86987066705694,5.539790848274606e-12,2379.7869939891953,1507.8169214220688
mask_110,2025-11-02,47957.19684891099,0.0,884.6746731779195,442.3373365889598,-442.3373365889598,2.643425300874469e-11,47514.85951232206,76002.3058703166,74920.5559573573,0.0,1081.7499129592975,5.831113369936247e-12,2379.7869939891953,1716.7082513437904
mask_111,2025-11-02,47957.19684891099,2194.7645243754378,2233.934681028887,1116.9673405144435,1077.7971838609942,3.0420930663410675e-11,49034.99403277202,76002.3058703166,75386.25645357827,2606.5909944643636,3222.640411202689,6.586065026681354e-12,2379.7869939891953,1716.7082513437908
forecast_only,2025-11-02,47920.85972595328,0.0,0.0,0.0,0.0,1657.7986694703864,49578.65839542367,75918.01655703034,75918.01655703034,0.0,0.0,386.53955592446795,2455.6473759468367,1716.7082513437904
mask_000,2025-11-03,51461.97254545467,0.0,0.0,0.0,0.0,2.5804834768994314e-11,51461.9725454547,82088.59665887478,82088.59665887478,0.0,0.0,5.977551786884305e-12,1716.7082513437904,2073.742748780976
mask_001,2025-11-03,51562.03149248717,191.49081487233053,2342.218978477509,1171.1094892387546,-979.6186743664239,1.9285726793327742e-11,50582.41281812077,82320.6981365656,79092.7465923902,157.64382518094044,3385.5953693563333,4.624745031378552e-12,1507.8169214220688,2073.742748780976
mask_010,2025-11-03,51461.97254545467,0.0,2698.0733449732284,1349.0366724866142,-1349.0366724866142,2.846199637085434e-11,50112.93587296808,82088.59665887478,77363.0224083035,0.0,4725.574250571279,6.544209618652985e-12,1716.7082513437904,2073.742748780976
mask_011,2025-11-03,51461.97254545467,191.49081487233053,3764.3731695528522,1882.1865847764261,-1690.6957699040954,2.4385336416798964e-11,49771.2767755506,82088.59665887478,76815.35075911068,157.64382518094044,5430.889724945062,5.646150214033696e-12,1716.7082513437908,2073.742748780976
mask_100,2025-11-03,51461.97254545467,0.0,0.0,0.0,0.0,2.5804834768994314e-11,51461.9725454547,82088.59665887478,82088.59665887478,0.0,0.0,5.977551786884305e-12,1716.7082513437904,2073.742748780976
mask_101,2025-11-03,51562.03149248717,191.49081487233053,2342.218978477509,1171.1094892387546,-979.6186743664239,1.9285726793327742e-11,50582.41281812077,82320.6981365656,79092.7465923902,157.64382518094044,3385.5953693563333,4.624745031378552e-12,1507.8169214220688,2073.742748780976
mask_110,2025-11-03,51461.97254545467,0.0,2698.0733449732284,1349.0366724866142,-1349.0366724866142,2.846199637085434e-11,50112.93587296808,82088.59665887478,77363.0224083035,0.0,4725.574250571279,6.544209618652985e-12,1716.7082513437904,2073.742748780976
mask_111,2025-11-03,51461.97254545467,191.49081487233053,3764.3731695528522,1882.1865847764261,-1690.6957699040954,2.4385336416798964e-11,49771.2767755506,82088.59665887478,76815.35075911068,157.64382518094044,5430.889724945062,5.646150214033696e-12,1716.7082513437908,2073.742748780976
forecast_only,2025-11-03,51461.97254545467,0.0,0.0,0.0,0.0,2.5804834768994314e-11,51461.9725454547,82088.59665887478,82088.59665887478,0.0,0.0,5.977551786884305e-12,1716.7082513437904,2073.742748780976
mask_000,2025-11-04,47715.09617097011,0.0,0.0,0.0,0.0,84.23293481353694,47799.32910578365,75917.63444995969,75917.63444995969,0.0,0.0,18.316833684928365,2073.742748780976,1833.6112408640195
mask_001,2025-11-04,47715.09617097011,286.41419121422916,357.9811001749531,178.99055008747655,107.42364112675261,84.23293481353915,47906.752746910395,75917.63444995969,75614.69116954113,258.5479825135578,561.4912629321179,18.31683368492875,2073.742748780976,1600.6172657669954
mask_010,2025-11-04,47715.09617097011,24.094597368222157,961.6088362557749,480.80441812788746,-456.7098207596653,84.23293481353694,47342.61928502398,75917.63444995969,73951.51553976318,22.215141722195426,1988.3340519187032,18.316833684928365,2073.742748780976,1833.6112408640195
mask_011,2025-11-04,47715.09617097011,511.0983881349152,1454.160912687587,727.0804563437935,-215.98206820887822,84.23293481353974,47583.34703757477,75917.63444995969,73807.3167170739,504.5157722829929,2614.8335051687623,18.316833684928884,2073.742748780976,1800.9050978544394
mask_100,2025-11-04,47715.09617097011,0.0,0.0,0.0,0.0,84.23293481353694,47799.32910578365,75917.63444995969,75917.63444995969,0.0,0.0,18.316833684928365,2073.742748780976,1833.6112408640195
mask_101,2025-11-04,47715.09617097011,286.41419121422916,357.9811001749531,178.99055008747655,107.42364112675261,84.23293481353915,47906.752746910395,75917.63444995969,75614.69116954113,258.5479825135578,561.4912629321179,18.31683368492875,2073.742748780976,1600.6172657669954
mask_110,2025-11-04,47715.09617097011,24.094597368222157,961.6088362557749,480.80441812788746,-456.7098207596653,84.23293481353694,47342.61928502398,75917.63444995969,73951.51553976318,22.215141722195426,1988.3340519187032,18.316833684928365,2073.742748780976,1833.6112408640195
mask_111,2025-11-04,47715.09617097011,511.0983881349152,1454.160912687587,727.0804563437935,-215.98206820887822,84.23293481353974,47583.34703757477,75917.63444995969,73807.3167170739,504.5157722829929,2614.8335051687623,18.316833684928884,2073.742748780976,1800.9050978544394
forecast_only,2025-11-04,47715.09617097011,0.0,0.0,0.0,0.0,84.23293481353694,47799.32910578365,75917.63444995969,75917.63444995969,0.0,0.0,18.316833684928365,2073.742748780976,1833.6112408640195
mask_000,2025-11-05,53250.38810841528,0.0,0.0,0.0,0.0,3.912477875012144e-11,53250.38810841532,84352.3264415857,84352.3264415857,0.0,0.0,7.547296121401814e-12,1833.6112408640195,1987.622477777854
mask_001,2025-11-05,53361.992222486755,4.846522157635357,5643.8522187627905,2821.9261093813952,-2817.07958722376,3.5233442052806655e-11,50544.912635263034,84611.20863613795,76344.04695210779,2.624067872782348,8269.78575190295,6.70463684571132e-12,1600.6172657669954,1987.622477777854
mask_010,2025-11-05,53250.38810841528,0.0,4497.634443830593,2248.8172219152966,-2248.8172219152966,4.013208854125594e-11,51001.57088650003,84352.3264415857,77308.3850604958,0.0,7043.941381089909,7.751577157932843e-12,1833.6112408640195,1987.622477777854
mask_011,2025-11-05,53266.054350916864,4.846522157635357,5643.8522187627905,2821.9261093813952,-2817.07958722376,3.5233442052806655e-11,50448.97476369314,84388.66660048524,76121.50491645507,2.624067872782348,8269.78575190295,6.70463684571132e-12,1800.9050978544394,1987.622477777854
mask_100,2025-11-05,53250.38810841528,0.0,0.0,0.0,0.0,3.912477875012144e-11,53250.38810841532,84352.3264415857,84352.3264415857,0.0,0.0,7.547296121401814e-12,1833.6112408640195,1987.622477777854
mask_101,2025-11-05,53361.992222486755,4.846522157635357,5643.8522187627905,2821.9261093813952,-2817.07958722376,3.5233442052806655e-11,50544.912635263034,84611.20863613795,76344.04695210779,2.624067872782348,8269.78575190295,6.70463684571132e-12,1600.6172657669954,1987.622477777854
mask_110,2025-11-05,53250.38810841528,0.0,4497.634443830593,2248.8172219152966,-2248.8172219152966,4.013208854125594e-11,51001.57088650003,84352.3264415857,77308.3850604958,0.0,7043.941381089909,7.751577157932843e-12,1833.6112408640195,1987.622477777854
mask_111,2025-11-05,53266.054350916864,4.846522157635357,5643.8522187627905,2821.9261093813952,-2817.07958722376,3.5233442052806655e-11,50448.97476369314,84388.66660048524,76121.50491645507,2.624067872782348,8269.78575190295,6.70463684571132e-12,1800.9050978544394,1987.622477777854
forecast_only,2025-11-05,53250.38810841528,0.0,0.0,0.0,0.0,3.912477875012144e-11,53250.38810841532,84352.3264415857,84352.3264415857,0.0,0.0,7.547296121401814e-12,1833.6112408640195,1987.622477777854
mask_000,2025-11-06,48957.9431287009,0.0,0.0,0.0,0.0,3.909337065177709e-11,48957.943128700936,78174.6264565542,78174.6264565542,0.0,0.0,8.028244735669432e-12,1987.622477777854,1688.6295872959504
mask_001,2025-11-06,48957.9431287009,0.0,0.0,0.0,0.0,3.909337065177709e-11,48957.943128700936,78174.6264565542,78174.6264565542,0.0,0.0,8.028244735669432e-12,1987.622477777854,1688.6295872959504
mask_010,2025-11-06,48957.9431287009,0.0,0.0,0.0,0.0,3.909337065177709e-11,48957.943128700936,78174.6264565542,78174.6264565542,0.0,0.0,8.028244735669432e-12,1987.622477777854,1688.6295872959504
mask_011,2025-11-06,48957.9431287009,0.0,0.0,0.0,0.0,3.909337065177709e-11,48957.943128700936,78174.6264565542,78174.6264565542,0.0,0.0,8.028244735669432e-12,1987.622477777854,1688.6295872959504
mask_100,2025-11-06,48957.9431287009,0.0,0.0,0.0,0.0,3.909337065177709e-11,48957.943128700936,78174.6264565542,78174.6264565542,0.0,0.0,8.028244735669432e-12,1987.622477777854,1688.6295872959504
mask_101,2025-11-06,48957.9431287009,0.0,0.0,0.0,0.0,3.909337065177709e-11,48957.943128700936,78174.6264565542,78174.6264565542,0.0,0.0,8.028244735669432e-12,1987.622477777854,1688.6295872959504
mask_110,2025-11-06,48957.9431287009,0.0,0.0,0.0,0.0,3.909337065177709e-11,48957.943128700936,78174.6264565542,78174.6264565542,0.0,0.0,8.028244735669432e-12,1987.622477777854,1688.6295872959504
mask_111,2025-11-06,48957.9431287009,0.0,0.0,0.0,0.0,3.909337065177709e-11,48957.943128700936,78174.6264565542,78174.6264565542,0.0,0.0,8.028244735669432e-12,1987.622477777854,1688.6295872959504
forecast_only,2025-11-06,48957.9431287009,0.0,0.0,0.0,0.0,3.909337065177709e-11,48957.943128700936,78174.6264565542,78174.6264565542,0.0,0.0,8.028244735669432e-12,1987.622477777854,1688.6295872959504
mask_000,2025-11-07,19058.64290516475,0.0,0.0,0.0,0.0,3.796061376348803e-11,19058.642905164786,35987.897628465435,35987.897628465435,0.0,0.0,7.347900066179136e-12,1688.6295872959504,2180.217891580139
mask_001,2025-11-07,19058.64290516475,0.0,0.0,0.0,0.0,3.796061376348803e-11,19058.642905164786,35987.897628465435,35987.897628465435,0.0,0.0,7.347900066179136e-12,1688.6295872959504,2180.217891580139
mask_010,2025-11-07,19058.64290516475,0.0,0.0,0.0,0.0,3.796061376348803e-11,19058.642905164786,35987.897628465435,35987.897628465435,0.0,0.0,7.347900066179136e-12,1688.6295872959504,2180.217891580139
mask_011,2025-11-07,19058.64290516475,0.0,0.0,0.0,0.0,3.796061376348803e-11,19058.642905164786,35987.897628465435,35987.897628465435,0.0,0.0,7.347900066179136e-12,1688.6295872959504,2180.217891580139
mask_100,2025-11-07,19058.64290516475,0.0,18.542858960828138,9.271429480414069,-9.271429480414069,3.796061376348803e-11,19049.371475684373,35987.897628465435,35969.112440580895,0.0,18.785187884538686,7.347900066179136e-12,1688.6295872959504,2163.3112224840547
mask_101,2025-11-07,19058.64290516475,0.0,18.542858960828138,9.271429480414069,-9.271429480414069,3.796061376348803e-11,19049.371475684373,35987.897628465435,35969.112440580895,0.0,18.785187884538686,7.347900066179136e-12,1688.6295872959504,2163.3112224840547
mask_110,2025-11-07,19058.64290516475,0.0,18.542858960828138,9.271429480414069,-9.271429480414069,3.796061376348803e-11,19049.371475684373,35987.897628465435,35969.112440580895,0.0,18.785187884538686,7.347900066179136e-12,1688.6295872959504,2163.3112224840547
mask_111,2025-11-07,19058.64290516475,0.0,18.542858960828138,9.271429480414069,-9.271429480414069,3.796061376348803e-11,19049.371475684373,35987.897628465435,35969.112440580895,0.0,18.785187884538686,7.347900066179136e-12,1688.6295872959504,2163.3112224840547
forecast_only,2025-11-07,19058.64290516475,0.0,0.0,0.0,0.0,3.796061376348803e-11,19058.642905164786,35987.897628465435,35987.897628465435,0.0,0.0,7.347900066179136e-12,1688.6295872959504,2180.217891580139
mask_000,2025-11-08,19243.55199681379,0.0,0.0,0.0,0.0,2.1748072676075482e-11,19243.55199681381,36038.743489871544,36038.743489871544,0.0,0.0,4.545697152025241e-12,2180.217891580139,2343.5840967978565
mask_001,2025-11-08,19243.55199681379,0.0,0.0,0.0,0.0,2.1748072676075482e-11,19243.55199681381,36038.743489871544,36038.743489871544,0.0,0.0,4.545697152025241e-12,2180.217891580139,2343.5840967978565
mask_010,2025-11-08,19243.55199681379,0.0,82.3613843606967,41.18069218034835,-41.18069218034835,2.1748072676075482e-11,19202.37130463346,36038.743489871544,35953.39842414984,0.0,85.34506572170744,4.545697152025241e-12,2180.217891580139,2329.15717693427
mask_011,2025-11-08,19243.55199681379,0.0,82.3613843606967,41.18069218034835,-41.18069218034835,2.1748072676075482e-11,19202.37130463346,36038.743489871544,35953.39842414984,0.0,85.34506572170744,4.545697152025241e-12,2180.217891580139,2329.15717693427
mask_100,2025-11-08,19251.616477972617,0.0,136.6672273667757,68.33361368338785,-68.33361368338785,2.1748072676075482e-11,19183.282864289253,36057.52867775608,35919.07540314685,0.0,138.45327460923482,4.545697152025241e-12,2163.3112224840547,2191.080259595866
mask_101,2025-11-08,19251.616477972617,0.0,136.6672273667757,68.33361368338785,-68.33361368338785,2.1748072676075482e-11,19183.282864289253,36057.52867775608,35919.07540314685,0.0,138.45327460923482,4.545697152025241e-12,2163.3112224840547,2191.080259595866
mask_110,2025-11-08,19251.616477972617,0.0,206.21188038986065,103.10594019493033,-103.10594019493033,2.1748072676075482e-11,19148.51053777771,36057.52867775608,35846.71456530237,0.0,210.8141124537143,4.545697152025241e-12,2163.3112224840547,2191.080259595866
mask_111,2025-11-08,19251.616477972617,0.0,206.21188038986065,103.10594019493033,-103.10594019493033,2.1748072676075482e-11,19148.51053777771,36057.52867775608,35846.71456530237,0.0,210.8141124537143,4.545697152025241e-12,2163.3112224840547,2191.080259595866
forecast_only,2025-11-08,19243.55199681379,0.0,0.0,0.0,0.0,2.1748072676075482e-11,19243.55199681381,36038.743489871544,36038.743489871544,0.0,0.0,4.545697152025241e-12,2180.217891580139,2343.5840967978565
mask_000,2025-11-09,50146.71713129853,0.0,0.0,0.0,0.0,3.520040792182044e-11,50146.71713129857,79604.72893337636,79604.72893337636,0.0,0.0,6.729727886067849e-12,2343.5840967978565,1667.3619554372665
mask_001,2025-11-09,50146.71713129853,0.0,2726.6183188759774,1363.3091594379887,-1363.3091594379887,731.56229942289,49514.97027128343,79604.72893337636,75984.9981863227,0.0,3619.7307470536766,134.126053895037,2343.5840967978565,1322.934801354873
mask_010,2025-11-09,50153.627625913185,75.0022748718814,1616.9501962481913,808.4750981240957,-733.4728232522143,3.520040792182044e-11,49420.15480266101,79620.75884433591,76827.2197433314,65.80830502535889,2859.347406029865,6.729727886067849e-12,2329.15717693427,1667.3619554372665
mask_011,2025-11-09,50153.627625913185,120.41320185342629,2923.8669423561882,1461.9334711780941,-1341.5202693246677,731.5622994228834,49543.66965601141,79620.75884433591,75760.25996253383,107.62560042465907,3968.1244822267345,134.12605389503523,2329.15717693427,1322.934801354873
mask_100,2025-11-09,50219.766469318274,0.0,0.0,0.0,0.0,3.520040792182044e-11,50219.76646931831,79774.17764137857,79774.17764137857,0.0,0.0,6.729727886067849e-12,2191.080259595866,1667.3619554372665
mask_101,2025-11-09,50219.766469318274,249.2789844307921,2726.618318875978,1363.309159437989,-1114.0301750071967,10.835079063570607,49116.57137337465,79774.17764137857,76283.46326698273,129.01637265781233,3619.730747053676,5.109681237225031,2191.080259595866,1322.934801354873
mask_110,2025-11-09,50219.766469318274,75.0022748718814,1616.9501962481913,808.4750981240957,-733.4728232522143,3.520040792182044e-11,49486.2936460661,79774.17764137857,76980.63854037409,65.80830502535889,2859.347406029865,6.729727886067849e-12,2191.080259595866,1667.3619554372665
mask_111,2025-11-09,50219.766469318274,369.6921862842184,2923.866942356188,1461.933471178094,-1092.2412848938757,10.835079063564063,49138.36026348797,79774.17764137857,76042.69513223431,236.6419730824714,3968.124482226734,5.109681237223258,2191.080259595866,1322.934801354873
forecast_only,2025-11-09,50146.71713129853,0.0,0.0,0.0,0.0,3.520040792182044e-11,50146.71713129857,79604.72893337636,79604.72893337636,0.0,0.0,6.729727886067849e-12,2343.5840967978565,1667.3619554372665
mask_000,2025-11-10,51601.069463584485,0.0,0.0,0.0,0.0,3.351457422695603e-11,51601.06946358452,81804.81606712475,81804.81606712475,0.0,0.0,6.4215299744319054e-12,1667.3619554372665,1727.3210126532551
mask_001,2025-11-10,51766.05007038996,1172.439799690073,371.77550929773355,185.88775464886677,986.5520450412062,3.3701431867427805e-11,52752.602115431204,82187.51290499407,82971.07965388145,1349.6526663669624,566.0859174795861,6.487255177489715e-12,1322.934801354873,1537.2840405020215
mask_010,2025-11-10,51601.069463584485,0.0,1218.9391698766435,609.4695849383218,-609.4695849383218,3.939885218073869e-11,50991.5998786462,81804.81606712475,80235.20451537223,0.0,1569.6115517525247,7.580602812140569e-12,1667.3619554372665,1727.3210126532551
mask_011,2025-11-10,51766.05007038996,1354.553099723321,1945.733846299298,972.866923149649,381.6861765736721,3.972019868569988e-11,52147.736246963665,82187.51290499407,80892.55181548299,1549.0169586078132,2843.9780481188927,7.648104372037778e-12,1322.934801354873,1727.3210126532542
mask_100,2025-11-10,51601.069463584485,0.0,0.0,0.0,0.0,3.351457422695603e-11,51601.06946358452,81804.81606712475,81804.81606712475,0.0,0.0,6.4215299744319054e-12,1667.3619554372665,1727.3210126532551
mask_101,2025-11-10,51766.05007038996,1172.439799690073,371.77550929773355,185.88775464886677,986.5520450412062,3.3701431867427805e-11,52752.602115431204,82187.51290499407,82971.07965388145,1349.6526663669624,566.0859174795861,6.487255177489715e-12,1322.934801354873,1537.2840405020215
mask_110,2025-11-10,51601.069463584485,0.0,1218.9391698766435,609.4695849383218,-609.4695849383218,3.939885218073869e-11,50991.5998786462,81804.81606712475,80235.20451537223,0.0,1569.6115517525247,7.580602812140569e-12,1667.3619554372665,1727.3210126532551
mask_111,2025-11-10,51766.05007038996,1354.553099723321,1945.733846299298,972.866923149649,381.6861765736721,3.972019868569988e-11,52147.736246963665,82187.51290499407,80892.55181548299,1549.0169586078132,2843.9780481188927,7.648104372037778e-12,1322.934801354873,1727.3210126532542
forecast_only,2025-11-10,51601.069463584485,0.0,0.0,0.0,0.0,3.351457422695603e-11,51601.06946358452,81804.81606712475,81804.81606712475,0.0,0.0,6.4215299744319054e-12,1667.3619554372665,1727.3210126532551
mask_000,2025-11-11,53750.00219552209,0.0,0.0,0.0,0.0,1.5256852919920406e-11,53750.0021955221,84456.0159936733,84456.0159936733,0.0,0.0,2.9840019344362645e-12,1727.3210126532551,1816.355973939947
mask_001,2025-11-11,53841.02990518253,175.7840373853933,2147.300037427405,1073.6500187137026,-897.8659813283093,8.985274166680078,52952.149198020896,84667.16818495245,81913.70576581155,125.65336816011325,2879.115787300995,2.051666666669413,1537.2840405020215,1816.355973939947
mask_010,2025-11-11,53750.00219552209,0.0,3331.1558068257696,1665.5779034128848,-1665.5779034128848,1.8804432927455038e-11,52084.42429210922,84456.0159936733,78766.34641821093,0.0,5689.669575462358,3.712308238590367e-12,1727.3210126532551,1816.355973939947
mask_011,2025-11-11,53750.00219552209,175.78403738539333,4307.504954085816,2153.752477042908,-1977.9684396575149,8.985274166683626,51781.01903003125,84456.0159936733,78463.0997700944,125.65336816011325,6118.569591739005,2.0516666666701413,1727.3210126532542,1816.355973939947
mask_100,2025-11-11,53750.00219552209,0.0,0.0,0.0,0.0,1.5256852919920406e-11,53750.0021955221,84456.0159936733,84456.0159936733,0.0,0.0,2.9840019344362645e-12,1727.3210126532551,1816.355973939947
mask_101,2025-11-11,53841.02990518253,175.7840373853933,2147.300037427405,1073.6500187137026,-897.8659813283093,8.985274166680078,52952.149198020896,84667.16818495245,81913.70576581155,125.65336816011325,2879.115787300995,2.051666666669413,1537.2840405020215,1816.355973939947
mask_110,2025-11-11,53750.00219552209,0.0,3331.1558068257696,1665.5779034128848,-1665.5779034128848,1.8804432927455038e-11,52084.42429210922,84456.0159936733,78766.34641821093,0.0,5689.669575462358,3.712308238590367e-12,1727.3210126532551,1816.355973939947
mask_111,2025-11-11,53750.00219552209,175.78403738539333,4307.504954085816,2153.752477042908,-1977.9684396575149,8.985274166683626,51781.01903003125,84456.0159936733,78463.0997700944,125.65336816011325,6118.569591739005,2.0516666666701413,1727.3210126532542,1816.355973939947
forecast_only,2025-11-11,53750.00219552209,0.0,0.0,0.0,0.0,1.5256852919920406e-11,53750.0021955221,84456.0159936733,84456.0159936733,0.0,0.0,2.9840019344362645e-12,1727.3210126532551,1816.355973939947
mask_000,2025-11-12,50792.38148650499,0.0,0.0,0.0,0.0,29.845729210830655,50822.22721571582,80578.7742734664,80578.7742734664,0.0,0.0,6.81487138048302,1816.355973939947,1915.2450568031218
mask_001,2025-11-12,50792.38148650499,1833.2292104254432,139.87007141080446,69.93503570540223,1763.294174720041,2.997040982055665e-11,52555.67566122506,80578.7742734664,82090.83287735212,1741.2495212831918,229.19091739748,5.660139024143973e-12,1816.355973939947,1731.369682201559
mask_010,2025-11-12,50792.38148650499,0.0,1531.6005700004473,765.8002850002237,-765.8002850002237,29.84572921083659,50056.42693071561,80578.7742734664,78094.50321413051,0.0,2484.2710593358984,6.8148713804843055,1816.355973939947,1915.2450568031218
mask_011,2025-11-12,50792.38148650499,2011.6776147024648,2570.0749559782507,1285.0374779891254,726.6401367133394,3.559521211116134e-11,51519.021623218374,80578.7742734664,78428.58877371062,1936.601754281562,4086.787254037353,6.81010803305071e-12,1816.355973939947,1915.2450568031218
mask_100,2025-11-12,50792.38148650499,0.0,0.0,0.0,0.0,29.845729210830655,50822.22721571582,80578.7742734664,80578.7742734664,0.0,0.0,6.81487138048302,1816.355973939947,1915.2450568031218
mask_101,2025-11-12,50792.38148650499,1833.2292104254432,139.87007141080446,69.93503570540223,1763.294174720041,2.997040982055665e-11,52555.67566122506,80578.7742734664,82090.83287735212,1741.2495212831918,229.19091739748,5.660139024143973e-12,1816.355973939947,1731.369682201559
mask_110,2025-11-12,50792.38148650499,0.0,1531.6005700004473,765.8002850002237,-765.8002850002237,29.84572921083659,50056.42693071561,80578.7742734664,78094.50321413051,0.0,2484.2710593358984,6.8148713804843055,1816.355973939947,1915.2450568031218
mask_111,2025-11-12,50792.38148650499,2011.6776147024648,2570.0749559782507,1285.0374779891254,726.6401367133394,3.559521211116134e-11,51519.021623218374,80578.7742734664,78428.58877371062,1936.601754281562,4086.787254037353,6.81010803305071e-12,1816.355973939947,1915.2450568031218
forecast_only,2025-11-12,50792.38148650499,0.0,0.0,0.0,0.0,29.845729210830655,50822.22721571582,80578.7742734664,80578.7742734664,0.0,0.0,6.81487138048302,1816.355973939947,1915.2450568031218
mask_000,2025-11-13,49447.62870224305,0.0,0.0,0.0,0.0,4805.395648223537,54253.024350466585,78133.45408766411,78133.45408766411,0.0,0.0,987.4808858507529,1915.2450568031218,1660.530579454945
mask_001,2025-11-13,49535.70500667719,756.880586891995,1102.4189625686702,551.2094812843351,205.6711056076599,1828.0769597696883,51569.45307205454,78337.76005944362,77657.64939423732,733.0624879635587,1413.1731531698763,342.57093417012453,1731.369682201559,1478.5421960647275
mask_010,2025-11-13,49447.62870224305,977.6795676397285,1278.8669382523162,639.4334691261581,338.24609851357036,1444.176651453639,51230.05145221026,78133.45408766411,76465.9767295669,948.8990242009586,2616.3763822981655,263.8211025470491,1915.2450568031218,1478.5421960647275
mask_011,2025-11-13,49447.62870224305,977.8796299252434,1737.5067841578164,868.7533920789082,109.12623784633524,1453.593989586968,51010.34892967635,78133.45408766411,76431.70229021939,948.8990242009584,2650.6508216456787,265.8316358803816,1915.2450568031218,1478.5421960647275
mask_100,2025-11-13,49447.62870224305,892.3550194435018,117.539849691222,58.769924845611,833.5850945978907,2813.784302311592,53094.99809915253,78133.45408766411,78400.95846026608,460.5153905191677,193.01101791720902,688.230076510855,1915.2450568031218,1657.725064041694
mask_101,2025-11-13,49535.70500667719,1379.4547665171801,1102.4189625686702,551.2094812843351,828.245285232845,743.9607750106718,51107.91106692071,78337.76005944362,77979.86774148012,1055.2808352063635,1413.1731531698763,181.61716810658973,1731.369682201559,1657.7250640416948
mask_110,2025-11-13,49447.62870224305,1541.3354943902957,1278.8669382523162,639.4334691261581,901.9020252641376,564.3677380037552,50913.898465510945,78133.45408766411,76757.70145422625,1240.6237488603108,2616.376382298166,133.3609590669669,1915.2450568031218,1657.7250640416948
mask_111,2025-11-13,49447.62870224305,1541.5355566758108,1737.5067841578164,868.7533920789082,672.7821645969026,573.7850761370843,50694.195942977036,78133.45408766411,76723.42701487875,1240.6237488603106,2650.6508216456787,135.3714924002994,1915.2450568031218,1657.7250640416948
forecast_only,2025-11-13,49447.62870224305,0.0,0.0,0.0,0.0,4468.279341722238,53915.90804396529,78133.45408766411,78133.45408766411,0.0,0.0,987.4808858507522,1915.2450568031218,1660.530579454945
mask_000,2025-11-14,19960.20254461113,0.0,0.0,0.0,0.0,3.1148341239628507e-11,19960.202544611162,36926.931731053366,36926.931731053366,0.0,0.0,5.473843600611872e-12,1660.530579454945,2337.5562118106654
mask_001,2025-11-14,20047.011898840443,0.0,985.7125696210322,492.8562848105161,-492.8562848105161,236.12081364293095,19790.27642767286,37129.14104593139,35949.44961372572,0.0,1179.6914322056675,53.242383135575274,1478.5421960647275,1780.3104206053595
mask_010,2025-11-14,20047.011898840443,0.0,310.04533396405,155.022666982025,-155.022666982025,3.4273380355998025e-11,19891.98923185845,37129.14104593139,36783.281009268205,0.0,345.86003666317913,6.121769757783113e-12,1478.5421960647275,2329.0080850768254
mask_011,2025-11-14,20047.011898840443,260.4579129348686,985.7125696210321,492.85628481051606,-232.3983718756475,3.650333924021254e-11,19814.613526964833,37129.14104593139,36177.86477718493,228.41516345920718,1179.6914322056673,6.874056879269119e-12,1478.5421960647275,1913.1665841482682
mask_100,2025-11-14,19961.540775463247,0.0,336.3584262921558,168.1792131460779,-168.1792131460779,3.154506056368689e-11,19793.361562317205,36930.04897040143,36515.93143386119,0.0,414.11753654024704,5.569322780729635e-12,1657.725064041694,1914.1850196278012
mask_101,2025-11-14,19961.540775463247,217.4845314584491,985.7125696210322,492.8562848105161,-275.37175335206695,236.12081364293095,19922.289835754113,36930.048970401425,35868.94880896213,118.59127076637174,1179.6914322056675,53.242383135575274,1657.7250640416948,1912.0784992346614
mask_110,2025-11-14,19961.540775463247,0.0,638.8096899471296,319.4048449735648,-319.4048449735648,3.467009968005641e-11,19642.135930489716,36930.048970401425,36177.76471125845,0.0,752.2842591429703,6.217248937900877e-12,1657.7250640416948,1914.1850196278012
mask_111,2025-11-14,19961.540775463247,260.4579129348686,985.7125696210321,492.85628481051606,-232.3983718756475,3.650333924021254e-11,19729.142403587637,36930.048970401425,35978.77270165496,228.41516345920718,1179.6914322056673,6.874056879269119e-12,1657.7250640416948,1913.1665841482682
forecast_only,2025-11-14,19960.20254461113,0.0,0.0,0.0,0.0,3.1148341239628507e-11,19960.202544611162,36926.931731053366,36926.931731053366,0.0,0.0,5.473843600611872e-12,1660.530579454945,2337.5562118106654
mask_000,2025-11-15,21330.63204239552,0.0,0.0,0.0,0.0,3.125368230882941e-11,21330.63204239555,39915.955755109535,39915.955755109535,0.0,0.0,7.054801187678095e-12,2337.5562118106654,2166.7850366673797
mask_001,2025-11-15,21597.552776382858,0.0,1224.7593438427573,612.3796719213786,-612.3796719213786,3.559466232871955e-11,20985.173104461515,40535.11774533766,38786.12491807022,0.0,1748.9928272674363,8.246958671520588e-12,1780.3104206053595,1746.4156808631933
mask_010,2025-11-15,21334.726595101027,0.0,983.4883564992336,491.7441782496168,-491.7441782496168,3.9499264303799465e-11,20842.98241685145,39925.453673702694,38465.89890292633,0.0,1459.5547707763662,8.703704423851377e-12,2329.0080850768254,2110.329227429455
mask_011,2025-11-15,21533.91467404581,0.0,1224.7593438427573,612.3796719213786,-612.3796719213786,3.559466232871955e-11,20921.535002124467,40387.49978584553,38638.5069585781,0.0,1748.9928272674363,8.246958671520588e-12,1913.1665841482682,1746.4156808631933
mask_100,2025-11-15,21533.42684345111,0.0,411.5971259764307,205.79856298821534,-205.79856298821534,3.228352429829329e-11,21327.62828046293,40386.36819086828,39893.1384872186,0.0,493.2297036496767,7.497336085293682e-12,1914.1850196278012,1654.1763444838305
mask_101,2025-11-15,21534.435866719425,0.0,1224.7593438427573,612.3796719213786,-612.3796719213786,3.559466232871955e-11,20922.056194798082,40388.70876908288,38639.71594181544,0.0,1748.9928272674363,8.246958671520588e-12,1912.0784992346614,1746.4156808631933
mask_110,2025-11-15,21533.42684345111,0.0,1344.9307061067846,672.4653530533923,-672.4653530533923,4.052910629326334e-11,20860.961490397756,40386.36819086828,38484.39394475637,0.0,1901.974246111911,9.146239321466965e-12,1914.1850196278012,1654.1763444838305
mask_111,2025-11-15,21533.91467404581,0.0,1224.7593438427573,612.3796719213786,-612.3796719213786,3.559466232871955e-11,20921.535002124467,40387.49978584553,38638.5069585781,0.0,1748.9928272674363,8.246958671520588e-12,1913.1665841482682,1746.4156808631933
forecast_only,2025-11-15,21330.63204239552,0.0,0.0,0.0,0.0,3.125368230882941e-11,21330.63204239555,39915.955755109535,39915.955755109535,0.0,0.0,7.054801187678095e-12,2337.5562118106654,2166.7850366673797
mask_000,2025-11-16,50829.43886276889,0.0,0.0,0.0,0.0,3.9039033339349766e-11,50829.438862768926,80349.76638954824,80349.76638954824,0.0,0.0,8.248957072964913e-12,2166.7850366673797,1741.3288791224115
mask_001,2025-11-16,51030.795784199094,1308.7839522839238,220.7508597984051,110.37542989920254,1198.4085223847212,3.0052033750394005e-11,52229.20430658384,80816.8434515529,81541.73756048671,1138.51475849825,413.620649564436,6.229239346566828e-12,1746.4156808631933,1555.506852142474
mask_010,2025-11-16,50856.481195393855,0.0,574.9383674678811,287.46918373394055,-287.46918373394055,4.282046006665041e-11,50569.01201165996,80412.49506647927,79471.29899822586,0.0,941.1960682534226,9.015899138375971e-12,2110.329227429455,1553.614263699493
mask_011,2025-11-16,51030.795784199094,1308.7839522839238,1591.7549919478345,795.8774959739172,512.9064563100065,602.7091893409133,52146.41142985001,80816.8434515529,79697.49706408291,1138.51475849825,2257.861145968234,93.64978209480742,1746.4156808631933,1300.3955400646914
mask_100,2025-11-16,51074.97842632481,0.0,282.95666153215666,141.47833076607833,-141.47833076607833,4.455617830245729e-11,50933.50009555877,80919.33160308552,80597.17679281125,0.0,322.1548102742658,9.266365452731407e-12,1654.1763444838305,1452.1090767842936
mask_101,2025-11-16,51030.795784199094,1308.7839522839238,220.7508597984051,110.37542989920254,1198.4085223847212,3.0052033750394005e-11,52229.20430658384,80816.8434515529,81541.73756048671,1138.51475849825,413.620649564436,6.229239346566828e-12,1746.4156808631933,1555.506852142474
mask_110,2025-11-16,51074.97842632481,0.0,574.9383674678811,287.46918373394055,-287.46918373394055,4.282046006665041e-11,50787.50924259091,80919.33160308552,79978.13553483211,0.0,941.1960682534226,9.015899138375971e-12,1654.1763444838305,1553.614263699493
mask_111,2025-11-16,51030.795784199094,1780.1454801966177,1591.7549919478345,795.8774959739172,984.2679842227004,92.98496596765258,52108.04873438945,80816.8434515529,79941.4540694462,1382.4717638615468,2257.8611459682347,18.85722286912468,1746.4156808631933,1488.3560357731524
forecast_only,2025-11-16,50829.43886276889,0.0,0.0,0.0,0.0,3.9039033339349766e-11,50829.438862768926,80349.76638954824,80349.76638954824,0.0,0.0,8.248957072964913e-12,2166.7850366673797,1741.3288791224115
mask_000,2025-11-17,49273.691251221,0.0,0.0,0.0,0.0,120.98160997346466,49394.67286119446,77829.63545662828,77829.63545662828,0.0,0.0,33.52684217083504,1741.3288791224115,1946.8308622699878
mask_001,2025-11-17,49362.70000214438,3440.6381397256064,237.48946406584514,118.74473203292257,3321.893407692684,3.320914920834639e-11,52684.5934098371,78036.10437549488,81547.66290128684,3898.6958001697194,387.1372743777705,7.445377647741225e-12,1555.506852142474,1694.8331961889894
mask_010,2025-11-17,49363.60655200857,1339.6803577183796,117.14825384381967,58.57412692190984,1281.1062307964696,3.467106479693172e-11,50644.71278280507,78038.20725154264,79302.47758874597,1456.6383194750224,192.36798227169925,7.849054739494932e-12,1553.614263699493,1863.7484454827893
mask_011,2025-11-17,49484.89832062964,3506.209292373451,1488.7154389554473,744.3577194777237,2761.8515728957273,3.159679984321429e-11,52246.7498935254,78319.56138891465,80251.52032635351,4002.725392868333,2070.7664554294633,7.149614233981083e-12,1300.3955400646914,1746.1527399951724
mask_100,2025-11-17,49412.22753654095,155.30674043184288,117.14825384381967,58.57412692190984,96.73261350993305,120.98160997346287,49629.94176002434,78150.99079255953,78039.00308119426,80.3802709064218,192.36798227169925,33.526842170834776,1452.1090767842936,1855.2322022362325
mask_101,2025-11-17,49362.70000214438,3440.6381397256064,237.48946406584514,118.74473203292257,3321.893407692684,3.320914920834639e-11,52684.5934098371,78036.10437549488,81547.66290128684,3898.6958001697194,387.1372743777705,7.445377647741225e-12,1555.506852142474,1694.8331961889894
mask_110,2025-11-17,49363.60655200857,1339.6803577183796,117.14825384381967,58.57412692190984,1281.1062307964696,3.467106479693172e-11,50644.71278280507,78038.20725154264,79302.47758874597,1456.6383194750224,192.36798227169925,7.849054739494932e-12,1553.614263699493,1863.7484454827893
mask_111,2025-11-17,49394.86524318528,3506.209292373451,1488.7154389554473,744.3577194777237,2761.8515728957273,3.159679984321429e-11,52156.71681608104,78110.71639368302,80042.67533112189,4002.725392868333,2070.7664554294633,7.149614233981083e-12,1488.3560357731524,1746.1527399951724
forecast_only,2025-11-17,49273.691251221,0.0,0.0,0.0,0.0,4665.9888792378615,53939.68013045886,77829.63545662828,77829.63545662828,0.0,0.0,1065.4522393869922,1741.3288791224115,2044.6585176347908
mask_000,2025-11-18,51688.05427216608,0.0,0.0,0.0,0.0,2.2662009435681084e-11,51688.054272166104,81745.8602155067,81745.8602155067,0.0,0.0,4.740319248242031e-12,1946.8308622699878,1891.73820713082
mask_001,2025-11-18,51808.76115421888,0.0,2798.525626600881,1399.2628133004405,-1399.2628133004405,5813.319891690719,56222.81823260916,82025.85762226337,78416.54121133543,0.0,3609.3164109279423,1165.5234421303546,1694.8331961889894,1380.9725459361725
mask_010,2025-11-18,51727.85074980715,0.0,599.3339152771883,299.66695763859417,-299.66695763859417,2.8829361731208538e-11,51428.18379216859,81838.17401193694,81108.42978763115,0.0,729.7442243057828,6.126876783696389e-12,1863.7484454827893,1891.73820713082
mask_011,2025-11-18,51784.17909273572,1935.0922000131486,2798.525626600881,1399.2628133004405,535.8293867127081,2.5715621743138683e-11,52320.00847944846,81968.83590692317,80223.83014590705,1864.3106499118198,3609.3164109279423,5.416334047936289e-12,1746.1527399951724,1575.6251439203534
mask_100,2025-11-18,51731.930030322255,0.0,0.0,0.0,0.0,2.2662009435681084e-11,51731.93003032228,81847.6365044331,81847.6365044331,0.0,0.0,4.740319248242031e-12,1855.2322022362325,1891.73820713082
mask_101,2025-11-18,51808.76115421888,1124.9962299141225,2798.525626600881,1399.2628133004405,-274.26658338631796,3915.2739263097037,55449.768497142264,82025.85762226337,78997.26528317112,580.7240718356821,3609.3164109279423,862.8809840488284,1694.8331961889894,1684.7444996578965
mask_110,2025-11-18,51727.85074980715,0.0,599.3339152771883,299.66695763859417,-299.66695763859417,2.8829361731208538e-11,51428.18379216859,81838.17401193694,81108.42978763115,0.0,729.7442243057828,6.126876783696389e-12,1863.7484454827893,1891.73820713082
mask_111,2025-11-18,51784.17909273572,1935.0922000131486,2798.525626600881,1399.2628133004405,535.8293867127081,2.5715621743138683e-11,52320.00847944846,81968.83590692317,80223.83014590705,1864.3106499118198,3609.3164109279423,5.416334047936289e-12,1746.1527399951724,1575.6251439203534
forecast_only,2025-11-18,51641.19482524634,0.0,0.0,0.0,0.0,2.2662009435681084e-11,51641.19482524636,81637.16282065693,81637.16282065693,0.0,0.0,4.740319248242031e-12,2044.6585176347908,1891.73820713082
mask_000,2025-11-19,50952.88136890283,0.0,0.0,0.0,0.0,6.301057500038429,50959.18242640287,80607.83704520801,80607.83704520801,0.0,0.0,1.3850000000077738,1891.73820713082,1595.1057304504768
mask_001,2025-11-19,51197.53812061506,4246.0034047250065,172.23317684740155,86.11658842370078,4159.886816301306,6.301057500039879,55363.7259944164,81175.3544465354,85069.16904319503,4166.911714410191,273.0971177505619,1.3850000000080993,1380.9725459361725,1417.838267825477
mask_010,2025-11-19,50952.88136890283,0.0,0.0,0.0,0.0,6.301057500038429,50959.18242640287,80607.83704520801,80607.83704520801,0.0,0.0,1.3850000000077738,1891.73820713082,1595.1057304504768
mask_011,2025-11-19,51104.29952618064,4246.0034047250065,2474.5067480421094,1237.2533740210547,3008.750030703952,6.301057500037219,54119.35061438464,80959.07378210853,81483.89443391017,4166.911714410191,3642.091062608557,1.3850000000077796,1575.6251439203534,1300.1563451877869
mask_100,2025-11-19,50952.88136890283,0.0,0.0,0.0,0.0,6.301057500038429,50959.18242640287,80607.83704520801,80607.83704520801,0.0,0.0,1.3850000000077738,1891.73820713082,1595.1057304504768
mask_101,2025-11-19,51052.03135478236,4246.0034047250065,172.23317684740155,86.11658842370078,4159.886816301306,6.301057500039879,55218.2192285837,80837.83005351126,84731.6446501709,4166.911714410191,273.0971177505619,1.3850000000080993,1684.7444996578965,1417.838267825477
mask_110,2025-11-19,50952.88136890283,0.0,0.0,0.0,0.0,6.301057500038429,50959.18242640287,80607.83704520801,80607.83704520801,0.0,0.0,1.3850000000077738,1891.73820713082,1595.1057304504768
mask_111,2025-11-19,51104.29952618064,4247.962063192715,2474.5067480421094,1237.2533740210547,3010.70868917166,6.301057500037219,54121.30927285234,80959.07378210853,81484.90815358397,4167.925434083978,3642.091062608557,1.3850000000077796,1575.6251439203534,1301.2827003808839
forecast_only,2025-11-19,50952.88136890283,0.0,0.0,0.0,0.0,3025.6082490644176,53978.48961796725,80607.83704520801,80607.83704520801,0.0,0.0,690.8032421656383,1891.73820713082,1595.1057304504768
mask_000,2025-11-20,51217.67181496228,0.0,0.0,0.0,0.0,2.480541677618575e-11,51217.671814962305,81186.34303559839,81186.34303559839,0.0,0.0,5.27396182281592e-12,1595.1057304504768,1656.6787285717762
mask_001,2025-11-20,51302.58292955966,0.0,458.37847375567236,229.18923687783618,-229.18923687783618,2.5932563374464483e-11,51073.39369268186,81383.3068829595,80778.31600780712,0.0,604.9908751523703,5.444270034793419e-12,1417.838267825477,1423.1898068150338
mask_010,2025-11-20,51217.67181496228,264.246615496508,522.3522178078272,261.1761089039136,3.070506592594427,2.8747752345292807e-11,51220.742321554906,81186.34303559839,80516.56373317927,238.884400488856,908.6637029079849,6.342218417110246e-12,1595.1057304504768,1604.285263258115
mask_011,2025-11-20,51358.95257050311,326.0826121328916,723.4576252245911,361.72881261229554,-35.646200479403944,3.1046528625733316e-11,51323.30637002374,81514.06457477916,80730.68345031633,288.1341284947523,1071.5152529575776,6.789860340639109e-12,1300.1563451877869,1601.8496706375142
mask_100,2025-11-20,51217.67181496228,7.250652010158284,109.40479499606322,54.70239749803161,-47.45174548787333,2.4433772949361554e-11,51170.22006947443,81186.34303559839,81010.44314418787,3.7526341175158677,179.65252552803577,5.216896359350187e-12,1595.1057304504768,1485.8739847133027
mask_101,2025-11-20,51302.58292955966,102.40851397674844,458.37847375567236,229.18923687783618,-126.78072290108773,2.5932563374464483e-11,51175.802206658605,81383.3068829595,80831.31836993055,53.00236212341093,604.9908751523703,5.444270034793419e-12,1417.838267825477,1482.0813202854904
mask_110,2025-11-20,51217.67181496228,264.246615496508,522.3522178078272,261.1761089039136,3.070506592594427,2.8747752345292807e-11,51220.742321554906,81186.34303559839,80516.56373317927,238.884400488856,908.6637029079849,6.342218417110246e-12,1595.1057304504768,1604.285263258115
mask_111,2025-11-20,51358.41304636562,326.0826121328916,723.4576252245911,361.72881261229554,-35.646200479403944,3.1046528625733316e-11,51322.766845886246,81512.81306900905,80729.43194454623,288.1341284947523,1071.5152529575776,6.789860340639109e-12,1301.2827003808839,1601.8496706375142
forecast_only,2025-11-20,51217.67181496228,0.0,0.0,0.0,0.0,2.480541677618575e-11,51217.671814962305,81186.34303559839,81186.34303559839,0.0,0.0,5.27396182281592e-12,1595.1057304504768,1656.6787285717762
mask_000,2025-11-21,20740.371455185206,0.0,0.0,0.0,0.0,2.4610806503844176e-11,20740.37145518523,38216.243182586266,38216.243182586266,0.0,0.0,4.916067553040193e-12,1656.6787285717762,2539.6556460420793
mask_001,2025-11-21,20851.9532165714,0.0,0.0,0.0,0.0,2.4610806503844176e-11,20851.953216571426,38475.67531787153,38475.67531787153,0.0,0.0,4.916067553040193e-12,1423.1898068150338,2539.6556460420793
mask_010,2025-11-21,20765.409710108994,0.0,230.49693125619498,115.24846562809749,-115.24846562809749,2.3837622320499464e-11,20650.16124448092,38274.458144045886,38048.25583066876,0.0,226.20231337712357,4.745537296457769e-12,1604.285263258115,2502.4962737109827
mask_011,2025-11-21,20766.573652760235,0.0,230.49693125619498,115.24846562809749,-115.24846562809749,2.3837622320499464e-11,20651.325187132163,38277.16435806878,38050.96204469165,0.0,226.20231337712357,4.745537296457769e-12,1601.8496706375142,2502.4962737109827
mask_100,2025-11-21,20821.997144444686,0.0,337.255635549775,168.6278177748875,-168.6278177748875,2.3909644708552947e-11,20653.36932666982,38406.0262313179,38006.89037235681,0.0,399.1358589610964,4.779510121011299e-12,1485.8739847133027,2129.893877096802
mask_101,2025-11-21,20823.80961663402,0.0,337.255635549775,168.6278177748875,-168.6278177748875,2.3909644708552947e-11,20655.181798859154,38410.24030290436,38011.10444394326,0.0,399.1358589610964,4.779510121011299e-12,1482.0813202854904,2129.893877096802
mask_110,2025-11-21,20765.409710108994,0.0,526.8646230551717,263.43231152758585,-263.43231152758585,2.3909644708552947e-11,20501.977398581435,38274.458144045886,37682.56340680565,0.0,591.8947372402333,4.779510121011299e-12,1604.285263258115,2129.893877096802
mask_111,2025-11-21,20766.573652760235,0.0,526.8646230551717,263.43231152758585,-263.43231152758585,2.3909644708552947e-11,20503.141341232676,38277.16435806878,37685.26962082855,0.0,591.8947372402333,4.779510121011299e-12,1601.8496706375142,2129.893877096802
forecast_only,2025-11-21,20740.371455185206,0.0,0.0,0.0,0.0,2.4610806503844176e-11,20740.37145518523,38216.243182586266,38216.243182586266,0.0,0.0,4.916067553040193e-12,1656.6787285717762,2539.6556460420793
mask_000,2025-11-22,21895.41757605675,0.0,0.0,0.0,0.0,2.6403575437150552e-11,21895.417576056774,41226.85719642136,41226.85719642136,0.0,0.0,6.042943923034727e-12,2539.6556460420793,1940.7914119579327
mask_001,2025-11-22,21895.41757605675,0.0,2038.1025034291604,1019.0512517145802,-1019.0512517145802,3.3848645442091646e-11,20876.3663243422,41226.85719642136,37770.73832600297,0.0,3456.118870418392,7.859490835926408e-12,2539.6556460420793,1439.1421335810855
mask_010,2025-11-22,21913.216915403344,0.0,1860.1356070939296,930.0678035469648,-930.0678035469648,3.333794817983459e-11,20983.14911185641,41268.14538790036,38250.80333849221,0.0,3017.3420494081493,7.550404745870765e-12,2502.4962737109827,1378.609551355531
mask_011,2025-11-22,21913.216915403344,0.0,2038.1025034291604,1019.0512517145802,-1019.0512517145802,3.3848645442091646e-11,20894.165663688796,41268.14538790036,37812.026517481965,0.0,3456.118870418392,7.859490835926408e-12,2502.4962737109827,1439.1421335810855
mask_100,2025-11-22,22091.693463381536,0.0,376.8680199691518,188.4340099845759,-188.4340099845759,2.7648424660853265e-11,21903.25945339699,41682.148050805,41230.33035673969,0.0,451.8176940653157,6.356692949793796e-12,2129.893877096802,1461.8220814146507
mask_101,2025-11-22,22091.693463381536,0.0,2038.1025034291604,1019.0512517145802,-1019.0512517145802,3.3848645442091646e-11,21072.64221166699,41682.148050805,38226.02918038661,0.0,3456.118870418392,7.859490835926408e-12,2129.893877096802,1439.1421335810855
mask_110,2025-11-22,22091.693463381536,0.0,1860.1356070939296,930.0678035469648,-930.0678035469648,3.333794817983459e-11,21161.625659834604,41682.148050805,38664.80600139686,0.0,3017.3420494081493,7.550404745870765e-12,2129.893877096802,1378.609551355531
mask_111,2025-11-22,22091.693463381536,0.0,2038.1025034291604,1019.0512517145802,-1019.0512517145802,3.3848645442091646e-11,21072.64221166699,41682.148050805,38226.02918038661,0.0,3456.118870418392,7.859490835926408e-12,2129.893877096802,1439.1421335810855
forecast_only,2025-11-22,21895.41757605675,0.0,0.0,0.0,0.0,2.6403575437150552e-11,21895.417576056774,41226.85719642136,41226.85719642136,0.0,0.0,6.042943923034727e-12,2539.6556460420793,1940.7914119579327
mask_000,2025-11-23,51342.55638960944,0.0,0.0,0.0,0.0,4.260167774106094e-11,51342.55638960948,81069.67954648998,81069.67954648998,0.0,0.0,8.402167850363185e-12,1940.7914119579327,1656.6469456144298
mask_001,2025-11-23,51582.84639395195,417.87970371568633,274.64681496075536,137.32340748037768,280.55629623530865,3.9856248079672696e-11,51863.40269018729,81627.06763357535,81552.64815882374,402.0782260345138,476.49770078613983,7.893241615875013e-12,1439.1421335810855,1313.7691664579786
mask_010,2025-11-23,51611.841500837996,0.0,808.465897601307,404.2329488006535,-404.2329488006535,88.66470113548702,51296.273253172825,81694.32605827042,80790.42555578354,0.0,903.9005024868866,18.923210145232314,1378.609551355531,1328.7707752042684
mask_011,2025-11-23,51582.84639395195,483.4070026656629,1145.9734843335723,572.9867421667861,-89.57973950112319,3.322055830423665e-11,51493.26665445086,81627.06763357535,80707.8721763836,506.0382442000689,1425.2337013918425,6.835421118012164e-12,1439.1421335810855,1312.3824588895914
mask_100,2025-11-23,51571.982698939675,0.0,288.4179676621544,144.2089838310772,-144.2089838310772,3.603948872665797e-11,51427.77371510863,81601.86769153806,81283.80154106655,0.0,318.0661504715214,7.481126829134155e-12,1461.8220814146507,1330.3830295085622
mask_101,2025-11-23,51582.84639395195,417.87970371568633,274.64681496075536,137.32340748037768,280.55629623530865,3.9856248079672696e-11,51863.40269018729,81627.06763357535,81552.64815882374,402.0782260345138,476.49770078613983,7.893241615875013e-12,1439.1421335810855,1313.7691664579786
mask_110,2025-11-23,51611.841500837996,0.0,808.465897601307,404.2329488006535,-404.2329488006535,88.66470113548702,51296.273253172825,81694.32605827042,80790.42555578354,0.0,903.9005024868866,18.923210145232314,1378.609551355531,1328.7707752042684
mask_111,2025-11-23,51582.84639395195,483.4070026656629,1145.9734843335723,572.9867421667861,-89.57973950112319,3.322055830423665e-11,51493.26665445086,81627.06763357535,80707.8721763836,506.0382442000689,1425.2337013918425,6.835421118012164e-12,1439.1421335810855,1312.3824588895914
forecast_only,2025-11-23,51342.55638960944,0.0,0.0,0.0,0.0,4.260167774106094e-11,51342.55638960948,81069.67954648998,81069.67954648998,0.0,0.0,8.402167850363185e-12,1940.7914119579327,1656.6469456144298
mask_000,2025-11-24,50980.522184727626,0.0,0.0,0.0,0.0,3.1069462558264146e-11,50980.522184727655,80559.0907415064,80559.0907415064,0.0,0.0,5.920597345721035e-12,1656.6469456144298,1457.5829086627032
mask_001,2025-11-24,51144.76064094357,101.42994329305162,753.0808410948748,376.5404205474374,-275.11047725438584,88.24499866669686,50957.89516235588,80940.06605168025,80055.41579289164,93.6515235542015,978.3017823427947,18.83966666667246,1313.7691664579786,1287.1840518994477
mask_010,2025-11-24,51137.574870354096,0.0,1100.3073378472502,550.1536689236251,-550.1536689236251,145.09081075278092,50732.51201218325,80923.3975975177,79390.07188515086,0.0,1533.3257123668513,29.358933139757173,1328.7707752042684,1202.72920933981
mask_011,2025-11-24,51145.424873868826,101.42994329305162,1384.1767988855545,692.0883994427772,-590.6584561497257,233.3358094194433,50788.10222713854,80941.60683786732,79431.46763097047,93.6515235542015,1603.7907304510618,48.19859980642283,1312.3824588895914,1202.72920933981
mask_100,2025-11-24,51136.80260054234,0.0,286.6395096972141,143.31975484860706,-143.31975484860706,145.09081075277572,51138.573656446504,80921.60620384626,80605.50132951599,0.0,316.10487433027293,29.35893313975599,1330.3830295085622,1202.72920933981
mask_101,2025-11-24,51144.76064094357,101.42994329305162,932.7750472533943,466.38752362669715,-364.95758033364547,233.33580941944155,51013.13887002936,80940.06605168025,79914.92473763376,93.6515235542015,1118.792837600693,48.198599806422465,1313.7691664579786,1202.72920933981
mask_110,2025-11-24,51137.574870354096,0.0,1100.3073378472502,550.1536689236251,-550.1536689236251,145.09081075278092,50732.51201218325,80923.3975975177,79390.07188515086,0.0,1533.3257123668513,29.358933139757173,1328.7707752042684,1202.72920933981
mask_111,2025-11-24,51145.424873868826,101.42994329305162,1384.1767988855545,692.0883994427772,-590.6584561497257,233.3358094194433,50788.10222713854,80941.60683786732,79431.46763097047,93.6515235542015,1603.7907304510618,48.19859980642283,1312.3824588895914,1202.72920933981
forecast_only,2025-11-24,50980.522184727626,0.0,0.0,0.0,0.0,3.1069462558264146e-11,50980.522184727655,80559.0907415064,80559.0907415064,0.0,0.0,5.920597345721035e-12,1656.6469456144298,1457.5829086627032
mask_000,2025-11-25,58816.22650086323,0.0,0.0,0.0,0.0,3.346332411169328e-11,58816.22650086327,91857.91756917107,91857.91756917107,0.0,0.0,6.9608763197948065e-12,1457.5829086627032,1582.7168361901622
mask_001,2025-11-25,58897.847553252825,0.0,6196.962800278561,3098.4814001392806,-3098.4814001392806,3.4318354158457966e-11,55799.36615311358,92047.24963224135,83687.36260156544,0.0,8359.887030675907,7.356781850376137e-12,1287.1840518994477,1298.4395486510723
mask_010,2025-11-25,58938.30142283889,0.0,6097.703074442906,3048.851537221453,-3048.851537221453,4.1335358469396504e-11,55889.44988561748,92141.0883461965,83265.33606604309,0.0,8875.752280153396,8.658407324446671e-12,1202.72920933981,1298.4395486510723
mask_011,2025-11-25,58938.30142283889,0.0,7351.519710593782,3675.759855296891,-3675.759855296891,3.4856636910163274e-11,55262.54156754204,92141.0883461965,81925.41356279215,0.0,10215.674783404344,7.478906383084905e-12,1202.72920933981,1298.4395486510723
mask_100,2025-11-25,58938.30142283889,0.0,285.1116843444985,142.55584217224924,-142.55584217224924,3.529493253218163e-11,58795.745580666684,92141.0883461965,91826.66835139183,0.0,314.4199948046663,7.342126906451085e-12,1202.72920933981,1298.4395486510723
mask_101,2025-11-25,58938.30142283889,0.0,6196.962800278561,3098.4814001392806,-3098.4814001392806,3.4318354158457966e-11,55839.82002269965,92141.0883461965,83781.2013155206,0.0,8359.887030675907,7.356781850376137e-12,1202.72920933981,1298.4395486510723
mask_110,2025-11-25,58938.30142283889,0.0,6097.703074442906,3048.851537221453,-3048.851537221453,4.1335358469396504e-11,55889.44988561748,92141.0883461965,83265.33606604309,0.0,8875.752280153396,8.658407324446671e-12,1202.72920933981,1298.4395486510723
mask_111,2025-11-25,58938.30142283889,0.0,7351.519710593782,3675.759855296891,-3675.759855296891,3.4856636910163274e-11,55262.54156754204,92141.0883461965,81925.41356279215,0.0,10215.674783404344,7.478906383084905e-12,1202.72920933981,1298.4395486510723
forecast_only,2025-11-25,58816.22650086323,0.0,0.0,0.0,0.0,3.346332411169328e-11,58816.22650086327,91857.91756917107,91857.91756917107,0.0,0.0,6.9608763197948065e-12,1457.5829086627032,1582.7168361901622
mask_000,2025-11-26,55120.498431030544,0.0,0.0,0.0,0.0,62.02707749154492,55182.52550852209,87013.4754672272,87013.4754672272,0.0,0.0,13.242330805197135,1582.7168361901622,1989.7336529053205
mask_001,2025-11-26,55256.66725176177,179.3166765746287,1561.616920325013,780.8084601625065,-601.4917835878779,62.027077491544404,54717.202545665445,87329.33912004842,85364.80673920816,142.32854403500733,2106.8609248752687,13.242330805197145,1298.4395486510723,1714.7157920818572
mask_010,2025-11-26,55256.66725176177,0.0,2691.669707817627,1345.8348539088136,-1345.8348539088136,62.0270774915447,53972.8594753445,87329.33912004842,83754.30607874693,0.0,3575.033041301488,13.242330805197414,1298.4395486510723,1714.7157920818572
mask_011,2025-11-26,55256.66725176177,179.3166765746287,2908.896327063942,1454.448163531971,-1275.1314869573423,62.02707749154842,54043.56284229597,87329.33912004842,83471.48331609974,142.32854403500733,4000.1843479836934,13.24233080519801,1298.4395486510723,1714.7157920818572
mask_100,2025-11-26,55256.66725176177,0.0,282.73749069429016,141.36874534714508,-141.36874534714508,62.027077491540304,55177.32558390616,87329.33912004842,87017.53737625259,0.0,311.80174379583775,13.242330805196463,1298.4395486510723,1714.7157920818572
mask_101,2025-11-26,55256.66725176177,179.3166765746287,1561.616920325013,780.8084601625065,-601.4917835878779,62.027077491544404,54717.202545665445,87329.33912004842,85364.80673920816,142.32854403500733,2106.8609248752687,13.242330805197145,1298.4395486510723,1714.7157920818572
mask_110,2025-11-26,55256.66725176177,0.0,2691.669707817627,1345.8348539088136,-1345.8348539088136,62.0270774915447,53972.8594753445,87329.33912004842,83754.30607874693,0.0,3575.033041301488,13.242330805197414,1298.4395486510723,1714.7157920818572
mask_111,2025-11-26,55256.66725176177,179.3166765746287,2908.896327063942,1454.448163531971,-1275.1314869573423,62.02707749154842,54043.56284229597,87329.33912004842,83471.48331609974,142.32854403500733,4000.1843479836934,13.24233080519801,1298.4395486510723,1714.7157920818572
forecast_only,2025-11-26,55120.498431030544,0.0,0.0,0.0,0.0,62.02707749154492,55182.52550852209,87013.4754672272,87013.4754672272,0.0,0.0,13.242330805197135,1582.7168361901622,1989.7336529053205
mask_000,2025-11-27,53281.24106765866,0.0,0.0,0.0,0.0,3.6953237608772225e-11,53281.241067658695,83853.88001277644,83853.88001277644,0.0,0.0,7.270239965606606e-12,1989.7336529053205,1829.7773604060135
mask_001,2025-11-27,53412.97462299309,0.0,602.6678965814493,301.33394829072466,-301.33394829072466,3.8654235368085206e-11,53111.6406747024,84159.4554136914,83482.2372132358,0.0,677.2182004555863,7.679190616727283e-12,1714.7157920818572,1537.9449700636148
mask_010,2025-11-27,53412.97462299309,0.0,1853.3683657512702,926.6841828756351,-926.6841828756351,4.265024822203145e-11,52486.2904401175,84159.4554136914,81509.3023080325,0.0,2650.1531056588883,8.200551349091256e-12,1714.7157920818572,1494.5632542371684
mask_011,2025-11-27,53412.97462299309,0.0,1886.5367009746442,943.2683504873221,-943.2683504873221,4.265024822203145e-11,52469.70627250581,84159.4554136914,81448.92066098764,0.0,2710.534752703744,8.200551349091256e-12,1714.7157920818572,1494.5632542371684
mask_100,2025-11-27,53412.97462299309,0.0,286.616166827109,143.3080834135545,-143.3080834135545,3.5108769225189455e-11,53269.66653957957,84159.4554136914,83843.37628178243,0.0,316.0791319089693,6.95266066941258e-12,1714.7157920818572,1544.8574303253215
mask_101,2025-11-27,53412.97462299309,0.0,602.6678965814493,301.33394829072466,-301.33394829072466,3.8654235368085206e-11,53111.6406747024,84159.4554136914,83482.2372132358,0.0,677.2182004555863,7.679190616727283e-12,1714.7157920818572,1537.9449700636148
mask_110,2025-11-27,53412.97462299309,0.0,1853.3683657512702,926.6841828756351,-926.6841828756351,4.265024822203145e-11,52486.2904401175,84159.4554136914,81509.3023080325,0.0,2650.1531056588883,8.200551349091256e-12,1714.7157920818572,1494.5632542371684
mask_111,2025-11-27,53412.97462299309,0.0,1886.5367009746442,943.2683504873221,-943.2683504873221,4.265024822203145e-11,52469.70627250581,84159.4554136914,81448.92066098764,0.0,2710.534752703744,8.200551349091256e-12,1714.7157920818572,1494.5632542371684
forecast_only,2025-11-27,53281.24106765866,0.0,0.0,0.0,0.0,3.6953237608772225e-11,53281.241067658695,83853.88001277644,83853.88001277644,0.0,0.0,7.270239965606606e-12,1989.7336529053205,1829.7773604060135
mask_000,2025-11-28,20771.70110138647,0.0,0.0,0.0,0.0,3.545026316942313e-11,20771.701101386505,38609.95539464962,38609.95539464962,0.0,0.0,6.52633502795652e-12,1829.7773604060135,2146.131405979257
mask_001,2025-11-28,20911.196983970134,0.0,641.2628670247967,320.63143351239836,-320.63143351239836,3.766038392249981e-11,20590.56555045777,38934.21360614118,38209.973842315114,0.0,724.239763826064,7.0745631575164225e-12,1537.9449700636148,1742.9771899206426
mask_010,2025-11-28,20931.933444135175,0.0,848.8022662761218,424.4011331380609,-424.4011331380609,3.531072234608245e-11,20507.53231099715,38982.41551261501,38004.05017345358,0.0,978.365339161427,6.6275873678023345e-12,1494.5632542371684,1675.6317235197457
mask_011,2025-11-28,20931.933444135175,0.0,848.8022662761217,424.40113313806086,-424.40113313806086,3.531072234608245e-11,20507.53231099715,38982.41551261501,38004.05017345358,0.0,978.3653391614271,6.6275873678023345e-12,1494.5632542371684,1675.6317235197457
mask_100,2025-11-28,20907.89282796504,0.0,355.7288147622893,177.86440738114464,-177.86440738114464,3.557165229040038e-11,20730.02842058393,38926.53309473928,38496.450485854504,0.0,430.08260888477594,6.583178446817328e-12,1544.8574303253215,1704.7611622895465
mask_101,2025-11-28,20911.196983970134,0.0,678.5568320560635,339.27841602803176,-339.27841602803176,3.7765590432670135e-11,20571.91856794214,38934.21360614118,38172.19249794143,0.0,762.0211081997513,7.0958794395892255e-12,1537.9449700636148,1704.761162289547
mask_110,2025-11-28,20931.933444135175,0.0,848.8022662761218,424.4011331380609,-424.4011331380609,3.531072234608245e-11,20507.53231099715,38982.41551261501,38004.05017345358,0.0,978.365339161427,6.6275873678023345e-12,1494.5632542371684,1675.6317235197457
mask_111,2025-11-28,20931.933444135175,0.0,848.8022662761217,424.40113313806086,-424.40113313806086,3.531072234608245e-11,20507.53231099715,38982.41551261501,38004.05017345358,0.0,978.3653391614271,6.6275873678023345e-12,1494.5632542371684,1675.6317235197457
forecast_only,2025-11-28,20771.70110138647,0.0,0.0,0.0,0.0,3.545026316942313e-11,20771.701101386505,38609.95539464962,38609.95539464962,0.0,0.0,6.52633502795652e-12,1829.7773604060135,2146.131405979257
mask_000,2025-11-29,25629.698891722255,0.0,0.0,0.0,0.0,2.894638173600583e-11,25629.698891722284,48661.56600721278,48661.56600721278,0.0,0.0,5.628386645639694e-12,2146.131405979257,1920.1876739892368
mask_001,2025-11-29,25822.809761214332,0.0,4795.271973247149,2397.6359866235744,-2397.6359866235744,2.998301873446962e-11,23425.17377459079,49109.515136166796,40045.68938465306,0.0,9063.825751513741,6.190603585309873e-12,1742.9771899206426,1429.219074041871
mask_010,2025-11-29,25855.06823962036,0.0,2356.3390057406446,1178.1695028703223,-1178.1695028703223,2.87227184259109e-11,24676.898736750067,49184.34343216779,44919.93426910077,0.0,4264.4091630670255,5.593747687271389e-12,1675.6317235197457,1495.4195195812945
mask_011,2025-11-29,25855.06823962036,550.963527117975,4963.507702821325,2481.7538514106627,-1930.7903242926877,2.56696583988969e-11,23924.277915327697,49184.34343216779,40196.112563123446,484.62899278831674,9472.859861832672,5.0253134986633086e-12,1675.6317235197457,1502.2301065738384
mask_100,2025-11-29,25841.115238449627,0.0,390.71805421399745,195.35902710699872,-195.35902710699872,2.851683156279705e-11,25645.756211342657,49151.97738909024,48685.908733056305,0.0,466.0686560339277,5.480060849549773e-12,1704.7611622895465,1429.2030706840437
mask_101,2025-11-29,25841.115238449624,0.0,4797.300738692334,2398.650369346167,-2398.650369346167,2.998301873446962e-11,23442.464869103485,49151.97738909024,40086.09635903817,0.0,9065.88103005207,6.190603585309873e-12,1704.761162289547,1427.3693233573745
mask_110,2025-11-29,25855.06823962036,0.0,2417.179584998598,1208.589792499299,-1208.589792499299,2.87227184259109e-11,24646.47844712109,49184.34343216779,44858.29858957696,0.0,4326.044842590836,5.593747687271389e-12,1675.6317235197457,1429.203070684042
mask_111,2025-11-29,25855.06823962036,550.963527117975,5030.398739457585,2515.1993697287926,-1964.2358426108176,2.56696583988969e-11,23890.83239700957,49184.34343216779,40128.347355306345,484.62899278831674,9540.625069649772,5.0253134986633086e-12,1675.6317235197457,1429.203070684042
forecast_only,2025-11-29,25629.698891722255,0.0,0.0,0.0,0.0,2.894638173600583e-11,25629.698891722284,48661.56600721278,48661.56600721278,0.0,0.0,5.628386645639694e-12,2146.131405979257,1920.1876739892368
mask_000,2025-11-30,54949.460630000955,0.0,0.0,0.0,0.0,3.308543350399872e-11,54949.46063000099,86665.86419451931,86665.86419451931,0.0,0.0,8.328449041528074e-12,1920.1876739892368,1455.9935394785962
mask_001,2025-11-30,55184.63458937574,43.795208185987896,888.8220234571562,444.4110117285781,-400.6158035425902,192.15496628557003,54976.17375211872,87211.3848611275,85739.18165837941,38.688851618871695,1510.892054366957,90.58573212187102,1429.219074041871,1200.0
mask_010,2025-11-30,55152.92457596236,0.0,495.98659270510245,247.99329635255123,-247.99329635255123,3.7039353362189326e-11,54904.931279609846,87137.82881052812,86404.31252668823,0.0,733.5162838399002,9.00701735417897e-12,1495.4195195812945,1266.078018498079
mask_011,2025-11-30,55149.66230479293,43.795208185987896,888.8220234571562,444.4110117285781,-400.6158035425902,192.15496628557003,54941.20146753591,87130.26149164754,85658.05828889945,38.688851618871695,1510.892054366957,90.58573212187102,1502.2301065738384,1200.0
mask_100,2025-11-30,55184.64225498414,0.0,293.3492986609286,146.6746493304643,-146.6746493304643,88.69569124454026,55126.663296898216,87211.40264263618,86887.89824058764,0.0,323.50440204854897,41.929043912025605,1429.2030706840437,1202.8303802572818
mask_101,2025-11-30,55185.52061995362,43.795208185987896,888.8220234571562,444.4110117285781,-400.6158035425902,192.15496628557003,54977.0597826966,87213.44013966582,85741.23693691773,38.688851618871695,1510.892054366957,90.58573212187102,1427.3693233573745,1200.0
mask_110,2025-11-30,55184.64225498414,0.0,495.98659270510245,247.99329635255123,-247.99329635255123,3.7039353362189326e-11,54936.648958631624,87211.4026426362,86477.8863587963,0.0,733.5162838399002,9.00701735417897e-12,1429.203070684042,1266.078018498079
mask_111,2025-11-30,55184.64225498414,43.795208185987896,888.8220234571562,444.4110117285781,-400.6158035425902,192.15496628557003,54976.181417727115,87211.4026426362,85739.1994398881,38.688851618871695,1510.892054366957,90.58573212187102,1429.203070684042,1200.0
forecast_only,2025-11-30,54949.460630000955,0.0,0.0,0.0,0.0,3.308543350399872e-11,54949.46063000099,86665.86419451931,86665.86419451931,0.0,0.0,8.328449041528074e-12,1920.1876739892368,1455.9935394785962
mask_000,2025-12-01,58354.574097632125,0.0,0.0,0.0,0.0,11190.695472310836,69545.26956994296,90829.46014358553,90829.46014358553,0.0,0.0,2623.798291957476,1455.9935394785962,1506.6974249446005
mask_001,2025-12-01,58477.195003042376,0.0,2465.353603066593,1232.6768015332966,-1232.6768015332966,16778.774230096216,74023.2924316053,91113.89740967286,87852.89672519927,0.0,3261.0006844735753,3788.96705030023,1200.0,1200.0
mask_010,2025-12-01,58445.5436321818,0.0,2588.7215631710715,1294.3607815855357,-1294.3607815855357,15386.726573352957,72537.90942394923,91040.47738911943,87675.5861835085,0.0,3364.8912056109493,3440.0364870372878,1266.078018498079,1200.0
mask_011,2025-12-01,58477.195003042376,0.0,3623.7486200659664,1811.8743100329832,-1811.8743100329832,20989.501951013786,77654.82264402317,91113.89740967286,86329.32083352696,0.0,4784.576576145901,4569.529833681879,1200.0,1200.0
mask_100,2025-12-01,58475.83925089914,0.0,296.83906095834897,148.41953047917448,-148.41953047917448,11190.695472310836,69518.1151927308,91110.75254272032,90783.39964513942,0.0,327.3528975809121,2623.7982919574756,1202.8303802572818,1205.3114735435215
mask_101,2025-12-01,58477.195003042376,0.0,2465.353603066593,1232.6768015332966,-1232.6768015332966,16778.774230096216,74023.2924316053,91113.89740967286,87852.89672519927,0.0,3261.0006844735753,3788.96705030023,1200.0,1200.0
mask_110,2025-12-01,58445.5436321818,694.9823210615104,2588.7215631710724,1294.3607815855362,-599.3784605240257,13299.786917121935,71145.95208877971,91040.47738911943,88035.27995524542,359.6937717369306,3364.891205610948,3085.135530730233,1266.078018498079,1205.325350477639
mask_111,2025-12-01,58477.195003042376,767.7319733888608,3623.7486200659664,1811.8743100329832,-1044.1423366441225,18660.063453691597,76093.11612008984,91113.89740967286,86726.66678150659,397.3459479796396,4784.576576145901,4176.976701132115,1200.0,1205.325350477639
forecast_only,2025-12-01,58354.574097632125,0.0,0.0,0.0,0.0,11363.638873212665,69718.21297084479,90829.46014358553,90829.46014358553,0.0,0.0,2623.7982919574783,1455.9935394785962,1506.6974249446005
mask_000,2025-12-02,64069.923403918874,0.0,0.0,0.0,0.0,703.5405661204319,64773.46397003931,100014.27547811554,100014.27547811554,0.0,0.0,120.7875178044383,1506.6974249446005,2056.439076277952
mask_001,2025-12-02,64216.83147046734,0.0,3558.66662061885,1779.333310309425,-1779.333310309425,6754.45283336767,69191.95099352558,100355.05039472065,95549.69371352736,0.0,4805.356681193289,1378.6308226209387,1200.0,1755.1476414203764
mask_010,2025-12-02,64216.83147046734,0.0,2906.856210678053,1453.4281053390264,-1453.4281053390264,703.5405661204447,63466.94393124876,100355.05039472065,96444.78797084055,0.0,3910.2624238801072,120.78751780444074,1200.0,1755.1476414203764
mask_011,2025-12-02,64216.83147046734,0.0,4585.490897928422,2292.745448964211,-2292.745448964211,6754.452833367671,68678.5388548708,100355.05039472065,94149.99304190581,0.0,6205.0573528148525,1378.630822620939,1200.0,1755.1476414203764
mask_100,2025-12-02,64214.287274639995,0.0,286.54030827957536,143.27015413978768,-143.27015413978768,703.5405661204395,64774.557686620654,100349.14875745006,100033.15328203584,0.0,315.99547541422714,120.78751780443947,1205.3114735435215,1755.1476414203764
mask_101,2025-12-02,64216.83147046734,0.0,3558.66662061885,1779.333310309425,-1779.333310309425,6754.45283336767,69191.95099352558,100355.05039472065,95549.69371352736,0.0,4805.356681193289,1378.6308226209387,1200.0,1755.1476414203764
mask_110,2025-12-02,64214.28062758855,0.0,2906.856210678053,1453.4281053390264,-1453.4281053390264,703.5405661204447,63464.39308836997,100349.13333863438,96438.87091475428,0.0,3910.2624238801072,120.78751780444074,1205.325350477639,1755.1476414203764
mask_111,2025-12-02,64214.28062758855,0.0,4585.490897928422,2292.745448964211,-2292.745448964211,6754.452833367671,68675.98801199201,100349.13333863438,94144.07598581954,0.0,6205.0573528148525,1378.630822620939,1205.325350477639,1755.1476414203764
forecast_only,2025-12-02,64069.923403918874,0.0,0.0,0.0,0.0,703.5405661204319,64773.46397003931,100014.27547811554,100014.27547811554,0.0,0.0,120.7875178044383,1506.6974249446005,2056.439076277952
mask_000,2025-12-03,58183.167254957385,0.0,0.0,0.0,0.0,6306.581031597436,64489.74828655482,90740.1693846494,90740.1693846494,0.0,0.0,1366.0407784340077,2056.439076277952,1758.8218919424462
mask_001,2025-12-03,58327.48585225416,1972.6628278891694,691.4484003096435,345.72420015482174,1626.9386277343476,1325.580115938775,61280.00459592729,91074.93764560226,92510.38248402484,2369.6005661489526,934.1557277263695,282.3240639022503,1755.1476414203764,1778.325229168185
mask_010,2025-12-03,58327.48585225416,3412.5771968526383,109.97240288255594,54.98620144127797,3357.5909954113604,1.366490742782389e-11,61685.076847665536,91074.93764560226,94101.9080579639,3207.5550011536334,180.58458879200566,2.8261837314857985e-12,1755.1476414203764,2104.124331180891
mask_011,2025-12-03,58327.48585225416,3798.811118095119,691.4484003096435,345.72420015482174,3453.086917940297,407.67414083436296,62188.24691102882,91074.93764560226,94071.02506825072,3930.2431503748276,934.1557277263695,85.38572433435199,1755.1476414203764,2053.7406928643672
mask_100,2025-12-03,58327.48585225416,860.2820592326285,109.97240288255597,54.986201441277984,805.2958577913506,6306.581031597432,65439.362741642944,91074.93764560226,91334.8921599067,440.53910309643226,180.58458879200566,1366.040778434007,1755.1476414203764,2062.031744953584
mask_101,2025-12-03,58327.48585225416,1972.6628278891694,691.4484003096435,345.72420015482174,1626.9386277343476,1325.580115938775,61280.00459592729,91074.93764560226,92510.38248402484,2369.6005661489526,934.1557277263695,282.3240639022503,1755.1476414203764,1778.325229168185
mask_110,2025-12-03,58327.48585225416,3412.5771968526383,294.7528745951454,147.3764372975727,3265.200759555066,1.366490742782389e-11,61592.686611809244,91074.93764560226,93957.44038693029,3207.5550011536334,325.05225982561143,2.8261837314857985e-12,1755.1476414203764,1983.7346053195536
mask_111,2025-12-03,58327.48585225416,3798.811118095119,810.6344734064959,405.31723670324794,3393.493881391871,407.67414083436296,62128.65387448039,91074.93764560226,93977.48077165679,3930.243150374828,1027.7000243203067,85.38572433435199,1755.1476414203764,1989.9324941582165
forecast_only,2025-12-03,58183.167254957385,0.0,0.0,0.0,0.0,8183.25840248695,66366.42565744434,90740.1693846494,90740.1693846494,0.0,0.0,1798.1614289822226,2056.439076277952,2238.9559481071283
mask_000,2025-12-04,64375.19112542769,0.0,0.0,0.0,0.0,1033.454176781348,65408.64530220904,99062.23526480046,99062.23526480046,0.0,0.0,202.83453672238107,1758.8218919424462,1992.5052511830734
mask_001,2025-12-04,64365.84902689657,0.0,5102.2963435122965,2551.1481717561483,-2551.1481717561483,2102.4169841544635,63917.117839294886,99040.56489010519,92723.6399360599,0.0,6316.924954045284,415.1679575766927,1778.325229168185,1684.8934410470763
mask_010,2025-12-04,64209.79125703248,0.0,4525.386402035654,2262.693201017827,-2262.693201017827,1033.4541767813591,62980.552232796006,98678.56588786886,93003.27370249601,0.0,5675.2921853728385,202.8345367223835,2104.124331180891,1677.3849943188004
mask_011,2025-12-04,64233.9250197861,4.8971662942930845,5167.8286407427195,2583.9143203713597,-2579.0171540770666,2102.4169841544685,63757.3248498635,98734.54770822055,92289.89260900108,4.106309922181708,6448.761409141643,415.16795757669394,2053.7406928643672,1689.4560076272799
mask_100,2025-12-04,64229.953605835355,0.0,300.22428256186436,150.11214128093218,-150.11214128093218,1033.4541767813498,65113.29564133577,98725.33542812141,98394.24932205613,0.0,331.0861060652889,202.8345367223814,2062.031744953584,1698.5962352101094
mask_101,2025-12-04,64365.84902689657,0.0,5102.2963435122965,2551.1481717561483,-2551.1481717561483,2102.4169841544635,63917.117839294886,99040.56489010519,92723.6399360599,0.0,6316.924954045284,415.1679575766927,1778.325229168185,1684.8934410470763
mask_110,2025-12-04,64267.45793572006,0.0,4525.386402035654,2262.693201017827,-2262.693201017827,1033.4541767813591,63038.218911483586,98812.33224993701,93137.04006456416,0.0,5675.2921853728385,202.8345367223835,1983.7346053195536,1677.3849943188004
mask_111,2025-12-04,64264.48914696634,4.8971662942930845,5167.8286407427195,2583.9143203713597,-2579.0171540770666,2102.41698415447,63787.888977043745,98805.44570678294,92360.79060756347,4.106309922181708,6448.761409141643,415.16795757669473,1989.9324941582165,1689.4560076272799
forecast_only,2025-12-04,64145.20691252481,0.0,0.0,0.0,0.0,1033.4541767813498,65178.66108930616,98528.75298017304,98528.75298017304,0.0,0.0,202.8345367223819,2238.9559481071283,1992.5052511830734
mask_000,2025-12-05,26647.759311539012,0.0,0.0,0.0,0.0,4.1569083730763625e-11,26647.759311539052,49612.22497517549,49612.22497517549,0.0,0.0,8.875566948063351e-12,1992.5052511830734,2603.797225634472
mask_001,2025-12-05,26795.10536859415,0.0,1550.39390968139,775.196954840695,-775.196954840695,4.466682268500221e-11,26019.908413753503,49954.0158753266,47703.8239508149,0.0,2250.191924511699,9.57456336436735e-12,1684.8934410470763,2214.118950145721
mask_010,2025-12-05,26798.701914576995,0.0,1561.0514535349735,780.5257267674867,-780.5257267674867,4.310323076239797e-11,26018.176187809553,49962.358593913574,47218.07221478881,0.0,2744.286379124767,9.29034627006331e-12,1677.3849943188004,2210.9434989927977
mask_011,2025-12-05,26792.919899202236,193.7178467876443,1978.0557205567711,989.0278602783856,-795.3100134907413,4.466682268500221e-11,25997.609885711536,49948.946356904155,46920.715048429505,175.9613438992497,3204.1926523738935,9.57456336436735e-12,1689.4560076272799,2214.118950145721
mask_100,2025-12-05,26788.54173019006,0.0,361.62268021960784,180.81134010980392,-180.81134010980392,4.144192500277199e-11,26607.730390080298,49938.790548478784,49548.527618142005,0.0,390.26293033677916,8.949285756898462e-12,1698.5962352101094,2202.1311666489255
mask_101,2025-12-05,26795.10536859415,0.0,1550.39390968139,775.196954840695,-775.196954840695,4.466682268500221e-11,26019.908413753503,49954.0158753266,47703.8239508149,0.0,2250.191924511699,9.57456336436735e-12,1684.8934410470763,2214.118950145721
mask_110,2025-12-05,26798.701914576995,0.0,1561.0514535349735,780.5257267674867,-780.5257267674867,4.310323076239797e-11,26018.176187809553,49962.358593913574,47218.07221478881,0.0,2744.286379124767,9.29034627006331e-12,1677.3849943188004,2210.9434989927977
mask_111,2025-12-05,26792.919899202236,193.7178467876443,1978.0557205567711,989.0278602783856,-795.3100134907413,4.466682268500221e-11,25997.609885711536,49948.946356904155,46920.715048429505,175.9613438992497,3204.1926523738935,9.57456336436735e-12,1689.4560076272799,2214.118950145721
forecast_only,2025-12-05,26647.759311539012,0.0,0.0,0.0,0.0,4.1569083730763625e-11,26647.759311539052,49612.22497517549,49612.22497517549,0.0,0.0,8.875566948063351e-12,1992.5052511830734,2603.797225634472
mask_000,2025-12-06,27307.493420659026,0.0,0.0,0.0,0.0,2.968892376387089e-11,27307.493420659055,50891.6762629904,50891.6762629904,0.0,0.0,6.800782159643859e-12,2603.797225634472,1868.000258244429
mask_001,2025-12-06,27494.095517392507,0.0,2766.8521738207032,1383.4260869103516,-1383.4260869103516,362.4065384790282,26473.075968961184,51324.65212464458,47194.51014997326,0.0,4130.141974671303,86.00639771097873,2214.118950145721,1354.5839716923306
mask_010,2025-12-06,27495.616558494756,0.0,2228.7666776989213,1114.3833388494606,-1114.3833388494606,3.734814868483483e-11,26381.23321964533,51328.18040370337,47617.81192845113,0.0,3710.3684752522504,8.577805132858884e-12,2210.9434989927977,1489.2720149264674
mask_011,2025-12-06,27494.095517392507,0.0,2766.8521738207032,1383.4260869103516,-1383.4260869103516,362.4065384790282,26473.075968961184,51324.65212464458,47194.51014997326,0.0,4130.141974671303,86.00639771097873,2214.118950145721,1354.5839716923306
mask_100,2025-12-06,27499.83766568747,0.0,279.3682837071975,139.68414185359876,-139.68414185359876,3.035008644403092e-11,27360.153523833902,51337.971884085455,50990.16917304156,0.0,347.8027110438881,6.980194200423284e-12,2202.1311666489255,1514.3896039456026
mask_101,2025-12-06,27494.095517392507,0.0,2766.8521738207032,1383.4260869103516,-1383.4260869103516,362.4065384790282,26473.075968961184,51324.65212464458,47194.51014997326,0.0,4130.141974671303,86.00639771097873,2214.118950145721,1354.5839716923306
mask_110,2025-12-06,27495.616558494756,0.0,2228.7666776989213,1114.3833388494606,-1114.3833388494606,3.734814868483483e-11,26381.23321964533,51328.18040370337,47617.81192845113,0.0,3710.3684752522504,8.577805132858884e-12,2210.9434989927977,1489.2720149264674
mask_111,2025-12-06,27494.095517392507,0.0,2766.8521738207032,1383.4260869103516,-1383.4260869103516,362.4065384790282,26473.075968961184,51324.65212464458,47194.51014997326,0.0,4130.141974671303,86.00639771097873,2214.118950145721,1354.5839716923306
forecast_only,2025-12-06,27307.493420659026,0.0,0.0,0.0,0.0,2.968892376387089e-11,27307.493420659055,50891.6762629904,50891.6762629904,0.0,0.0,6.800782159643859e-12,2603.797225634472,1868.000258244429
mask_000,2025-12-07,65422.65212771983,0.0,0.0,0.0,0.0,43.14116145331098,65465.79328917315,101069.9718176259,101069.9718176259,0.0,0.0,7.385288274127251,1868.000258244429,1714.913090613601
mask_001,2025-12-07,65668.5785289783,0.0,6933.487555690081,3466.7437778450403,-3466.7437778450403,5833.898520555649,68035.7332716889,101640.43435823935,92252.05046420316,0.0,9388.383894036191,1073.8472563202195,1354.5839716923306,1430.3645350170218
mask_010,2025-12-07,65604.06295626913,0.0,4209.6120020803255,2104.8060010401628,-2104.8060010401628,199.1399078437235,63698.39686307269,101490.78097686809,95553.43386571409,0.0,5937.347111154008,29.74749389201946,1489.2720149264674,1430.3645350170218
mask_011,2025-12-07,65668.5785289783,1840.005887498691,6933.487555690081,3466.7437778450403,-1626.7378903463496,1016.8925572620417,65058.73319589398,101640.43435823935,93958.08433156577,1706.0338673626197,9388.383894036193,197.83375980152127,1354.5839716923306,1430.3645350170218
mask_100,2025-12-07,65592.03163112898,0.0,296.6045762263609,148.30228811318045,-148.30228811318045,199.13990784371757,65642.86925085953,101462.87254462461,101135.77823584332,0.0,327.09430878128876,29.747493892018152,1514.3896039456026,1430.3645350170218
mask_101,2025-12-07,65668.5785289783,728.7032508027175,6933.487555690081,3466.7437778450403,-2738.0405270423225,3340.965879222479,66271.50388115845,101640.43435823935,92629.19677831061,377.14631410745415,9388.383894036191,696.7009422127666,1354.5839716923306,1430.3645350170218
mask_110,2025-12-07,65604.06295626913,0.0,4209.6120020803255,2104.8060010401628,-2104.8060010401628,199.1399078437235,63698.39686307269,101490.78097686809,95553.43386571409,0.0,5937.347111154008,29.74749389201946,1489.2720149264674,1430.3645350170218
mask_111,2025-12-07,65668.5785289783,1840.005887498691,6933.487555690081,3466.7437778450403,-1626.7378903463496,1016.8925572620417,65058.73319589398,101640.43435823935,93958.08433156577,1706.0338673626197,9388.383894036193,197.83375980152127,1354.5839716923306,1430.3645350170218
forecast_only,2025-12-07,65422.65212771983,0.0,0.0,0.0,0.0,43.14116145331098,65465.79328917315,101069.9718176259,101069.9718176259,0.0,0.0,7.385288274127251,1868.000258244429,1714.913090613601
mask_000,2025-12-08,66733.33347159013,0.0,0.0,0.0,0.0,1.7755525716367517e-11,66733.33347159014,103114.91537131772,103114.91537131772,0.0,0.0,3.2397418081586693e-12,1714.913090613601,2083.408636365759
mask_001,2025-12-08,66869.63222972088,0.0,1916.275972723723,958.1379863618615,-958.1379863618615,113.1508072056916,66024.64505056471,103431.0804330917,101149.69295018984,0.0,2281.3874829018637,19.37016300705195,1430.3645350170218,1910.671564393575
mask_010,2025-12-08,66869.63222972088,0.0,3221.1263975687684,1610.5631987843842,-1610.5631987843842,1.7161655208042245e-11,65259.06903093651,103431.0804330917,98215.2518385594,0.0,5215.828594532307,3.2282787554294146e-12,1430.3645350170218,1804.0048657104617
mask_011,2025-12-08,66869.63222972088,0.0,4329.388557334509,2164.6942786672544,-2164.6942786672544,113.1508072056921,64818.08875825931,103431.0804330917,97457.2183611547,0.0,5973.86207193701,19.3701630070521,1430.3645350170218,1804.0048657104617
mask_100,2025-12-08,66869.63222972088,0.0,289.1231747647594,144.5615873823797,-144.5615873823797,1.629152013293833e-11,66725.07064233853,103431.0804330917,103112.23658312307,0.0,318.84384996864213,3.0239977188983858e-12,1430.3645350170218,1804.0048657104617
mask_101,2025-12-08,66869.63222972088,0.0,1916.275972723723,958.1379863618615,-958.1379863618615,113.1508072056916,66024.64505056471,103431.0804330917,101149.69295018984,0.0,2281.3874829018637,19.37016300705195,1430.3645350170218,1910.671564393575
mask_110,2025-12-08,66869.63222972088,0.0,3221.1263975687684,1610.5631987843842,-1610.5631987843842,1.7161655208042245e-11,65259.06903093651,103431.0804330917,98215.2518385594,0.0,5215.828594532307,3.2282787554294146e-12,1430.3645350170218,1804.0048657104617
mask_111,2025-12-08,66869.63222972088,0.0,4329.388557334509,2164.6942786672544,-2164.6942786672544,113.1508072056921,64818.08875825931,103431.0804330917,97457.2183611547,0.0,5973.86207193701,19.3701630070521,1430.3645350170218,1804.0048657104617
forecast_only,2025-12-08,66733.33347159013,0.0,0.0,0.0,0.0,1.7755525716367517e-11,66733.33347159014,103114.91537131772,103114.91537131772,0.0,0.0,3.2397418081586693e-12,1714.913090613601,2083.408636365759
mask_000,2025-12-09,64432.61155936758,0.0,0.0,0.0,0.0,2.0571357062237894e-11,64432.6115593676,99568.07353146643,99568.07353146643,0.0,0.0,3.61843888185831e-12,2083.408636365759,1688.4813422110406
mask_001,2025-12-09,64515.352616842254,0.0,4712.8651815351195,2356.4325907675598,-2356.4325907675598,1511.6653092409335,63670.58533531563,99760.00361143553,93590.17278092715,0.0,6169.830830508352,249.5306222952131,1910.671564393575,1470.8006295313585
mask_010,2025-12-09,64566.44596551146,0.0,3204.4519344921255,1602.2259672460627,-1602.2259672460627,2112.5918227513503,65076.811821016745,99878.52216552787,94911.12525456416,0.0,4967.396910963713,326.256807038096,1804.0048657104617,1470.8006295313585
mask_011,2025-12-09,64566.44596551146,0.0,5112.129492617662,2556.064746308831,-2556.064746308831,2524.968208791678,64535.34942799431,99878.52216552787,93189.38430439058,0.0,6689.13786113728,400.6144299886364,1804.0048657104617,1470.8006295313585
mask_100,2025-12-09,64566.44596551146,0.0,292.55577507755754,146.27788753877877,-146.27788753877877,539.3135348234057,64959.481612796095,99878.52216552787,99555.89285802879,0.0,322.62930749907525,91.98736110802415,1804.0048657104617,1470.8006295313585
mask_101,2025-12-09,64515.352616842254,0.0,4712.8651815351195,2356.4325907675598,-2356.4325907675598,1511.6653092409335,63670.58533531563,99760.00361143553,93590.17278092715,0.0,6169.830830508352,249.5306222952131,1910.671564393575,1470.8006295313585
mask_110,2025-12-09,64566.44596551146,460.21674331794793,3204.4519344921255,1602.2259672460627,-1142.0092239281148,512.8785667699008,63937.315308353245,99878.52216552787,95149.31418571234,238.1889311481758,4967.396910963713,88.06787588992043,1804.0048657104617,1470.8006295313585
mask_111,2025-12-09,64566.44596551146,413.75184826668175,5112.129492617662,2556.064746308831,-2142.3128980421493,1086.3784664315738,63510.511533900884,99878.52216552787,93403.52494992364,214.14064553304956,6689.13786113728,186.47378445558698,1804.0048657104617,1470.8006295313585
forecast_only,2025-12-09,64432.61155936758,0.0,0.0,0.0,0.0,2.0571357062237894e-11,64432.6115593676,99568.07353146643,99568.07353146643,0.0,0.0,3.61843888185831e-12,2083.408636365759,1688.4813422110406
mask_000,2025-12-10,61830.41111292373,0.0,0.0,0.0,0.0,871.2289815957411,62701.64009451947,96114.34986117078,96114.34986117078,0.0,0.0,198.30621528793606,1688.4813422110406,1614.8332388307506
mask_001,2025-12-10,61934.68017429729,0.0,0.0,0.0,0.0,871.2289815957411,62805.90915589303,96356.21731970375,96356.21731970375,0.0,0.0,198.30621528793606,1470.8006295313585,1614.8332388307506
mask_010,2025-12-10,61934.68017429729,0.0,1234.8076322300499,617.4038161150249,-617.4038161150249,871.228981595747,62188.505339778014,96356.21731970375,94935.85334329105,0.0,1420.3639764127092,198.30621528793722,1470.8006295313585,1304.6494208486183
mask_011,2025-12-10,61934.68017429729,0.0,1234.8076322300499,617.4038161150249,-617.4038161150249,871.228981595747,62188.505339778014,96356.21731970375,94935.85334329105,0.0,1420.3639764127092,198.30621528793722,1470.8006295313585,1304.6494208486183
mask_100,2025-12-10,61934.68017429729,0.0,302.08009554169996,151.04004777084998,-151.04004777084998,871.2289815957467,62654.86910812219,96356.21731970375,96023.08463070441,0.0,333.13268899934195,198.30621528793716,1470.8006295313585,1304.6494208486183
mask_101,2025-12-10,61934.68017429729,0.0,302.08009554169996,151.04004777084998,-151.04004777084998,871.2289815957467,62654.86910812219,96356.21731970375,96023.08463070441,0.0,333.13268899934195,198.30621528793716,1470.8006295313585,1304.6494208486183
mask_110,2025-12-10,61934.68017429729,0.0,1234.8076322300499,617.4038161150249,-617.4038161150249,871.228981595747,62188.505339778014,96356.21731970375,94935.85334329105,0.0,1420.3639764127092,198.30621528793722,1470.8006295313585,1304.6494208486183
mask_111,2025-12-10,61934.68017429729,0.0,1234.8076322300499,617.4038161150249,-617.4038161150249,871.228981595747,62188.505339778014,96356.21731970375,94935.85334329105,0.0,1420.3639764127092,198.30621528793722,1470.8006295313585,1304.6494208486183
forecast_only,2025-12-10,61830.41111292373,0.0,0.0,0.0,0.0,871.2289815957411,62701.64009451947,96114.34986117078,96114.34986117078,0.0,0.0,198.30621528793606,1688.4813422110406,1614.8332388307506
mask_000,2025-12-11,64181.047335613985,0.0,0.0,0.0,0.0,2.4608020510186177e-11,64181.04733561401,99579.05173259633,99579.05173259633,0.0,0.0,4.3081094247554574e-12,1614.8332388307506,1900.2528988832257
mask_001,2025-12-11,64181.047335613985,0.0,4982.858696308406,2491.429348154203,-2491.429348154203,143.03809733231236,61832.65608479209,99579.05173259633,93209.8849446997,0.0,6369.166787896638,24.48653553579046,1614.8332388307506,1452.6634263134704
mask_010,2025-12-11,64329.625384427425,0.0,4228.89683965325,2114.448419826625,-2114.448419826625,4.277756460169257e-11,62215.17696460084,99923.70041924315,94089.22377822781,0.0,5834.476641015333,8.631761971855667e-12,1304.6494208486183,1555.8891711798235
mask_011,2025-12-11,64329.625384427425,170.12391905344958,5266.454983119515,2633.2274915597577,-2463.103572506308,143.0380973323168,62009.55990925343,99923.70041924315,93249.31608786274,138.71834980067445,6813.102681181084,24.486535535791482,1304.6494208486183,1577.8727319341026
mask_100,2025-12-11,64329.625384427425,0.0,307.4248407119269,153.71242035596345,-153.71242035596345,2.4980332469226595e-11,64175.91296407148,99923.70041924315,99584.67356721601,0.0,339.02685202713303,4.39870362356487e-12,1304.6494208486183,1593.073987865627
mask_101,2025-12-11,64329.625384427425,0.0,4982.858696308406,2491.429348154203,-2491.429348154203,143.03809733231236,61981.23413360553,99923.70041924315,93554.53363134651,0.0,6369.166787896638,24.48653553579046,1304.6494208486183,1452.6634263134704
mask_110,2025-12-11,64329.625384427425,0.0,4228.89683965325,2114.448419826625,-2114.448419826625,4.277756460169257e-11,62215.17696460084,99923.70041924315,94089.22377822781,0.0,5834.476641015333,8.631761971855667e-12,1304.6494208486183,1555.8891711798235
mask_111,2025-12-11,64329.625384427425,170.12391905344958,5266.454983119515,2633.2274915597577,-2463.103572506308,143.0380973323168,62009.55990925343,99923.70041924315,93249.31608786274,138.71834980067445,6813.102681181084,24.486535535791482,1304.6494208486183,1577.8727319341026
forecast_only,2025-12-11,64181.047335613985,0.0,0.0,0.0,0.0,2.4608020510186177e-11,64181.04733561401,99579.05173259633,99579.05173259633,0.0,0.0,4.3081094247554574e-12,1614.8332388307506,1900.2528988832257
mask_000,2025-12-12,28176.706580634695,0.0,0.0,0.0,0.0,2.5756585531055973e-11,28176.70658063472,52996.85672472818,52996.85672472818,0.0,0.0,4.937161790508071e-12,1900.2528988832257,2249.93901448879
mask_001,2025-12-12,28391.101937995605,0.0,976.6507839998051,488.32539199990254,-488.32539199990254,2.7534517554883564e-11,27902.776545995734,53494.1783609168,52370.636941064295,0.0,1123.5414198525004,5.231592936638663e-12,1452.6634263134704,1916.616933313714
mask_010,2025-12-12,28341.656806204624,0.0,1305.181600771704,652.590800385852,-652.590800385852,2.6150261733803858e-11,27689.0660058188,53379.483088843066,50843.473597970704,0.0,2536.0094908723577,5.015765580651532e-12,1555.8891711798235,1968.1789179504403
mask_011,2025-12-12,28331.126680603324,513.1750173982772,1832.503933992749,916.2519669963744,-403.07694959809714,2.658547249012599e-11,27928.04973100525,53355.056910227206,50840.7084684758,465.579864871803,2979.928306623207,4.948041976149398e-12,1577.8727319341026,1916.616933313714
mask_100,2025-12-12,28323.845279012123,0.0,367.43243554068016,183.71621777034008,-183.71621777034008,2.6150261733803858e-11,28140.12906124181,53338.166625858845,52918.19075729555,0.0,419.97586856329065,5.015765580651532e-12,1593.073987865627,1824.7123993917903
mask_101,2025-12-12,28391.101937995605,0.0,1070.4039019101745,535.2019509550872,-535.2019509550872,2.7534517554883564e-11,27855.89998704055,53494.1783609168,52275.65860258757,0.0,1218.5197583292197,5.231592936638663e-12,1452.6634263134704,1824.7123993917903
mask_110,2025-12-12,28341.656806204624,0.0,1444.7418702134948,722.3709351067474,-722.3709351067474,2.6150261733803858e-11,27619.2858710979,53379.483088843066,50702.089473320935,0.0,2677.3936155221304,5.015765580651532e-12,1555.8891711798235,1824.7123993917903
mask_111,2025-12-12,28331.126680603324,513.1750173982772,1926.2570519031183,963.1285259515591,-449.95350855328184,2.658547249012599e-11,27881.17317205007,53355.056910227206,50745.73012999908,465.579864871803,3074.906645099926,4.948041976149398e-12,1577.8727319341026,1824.7123993917903
forecast_only,2025-12-12,28176.706580634695,0.0,0.0,0.0,0.0,2.5756585531055973e-11,28176.70658063472,52996.85672472818,52996.85672472818,0.0,0.0,4.937161790508071e-12,1900.2528988832257,2249.93901448879
mask_000,2025-12-13,28927.44498847386,0.0,0.0,0.0,0.0,2.2100441920969164e-11,28927.444988473882,53806.98340220003,53806.98340220003,0.0,0.0,4.18598489204669e-12,2249.93901448879,2233.060037092032
mask_001,2025-12-13,29087.10626535672,993.8803133094244,2180.8909462003526,1090.4454731001763,-96.56515979075198,1.676210059642358e-11,28990.541105565986,54177.34127017233,51805.42752617459,958.5767627372306,3330.490506734972,3.3102409702223667e-12,1916.616933313714,2067.243391102214
mask_010,2025-12-13,29062.40807471573,0.0,1748.250492287302,874.125246143651,-874.125246143651,2.2898980045482632e-11,28188.282828572104,54120.050176131524,50683.50807409717,0.0,3436.5421020343556,4.376055073862517e-12,1968.1789179504403,1947.7720631875738
mask_011,2025-12-13,29087.10626535672,993.8803133094244,3312.996094240387,1656.4980471201934,-662.6177338107691,1.8097814358242203e-11,28424.488531545972,54177.34127017233,50355.4593919871,958.5767627372306,4780.458640922461,3.558930927738402e-12,1916.616933313714,1898.50673361136
mask_100,2025-12-13,29131.128537105324,0.0,362.5338004898941,181.26690024494704,-181.26690024494704,2.2881445627120913e-11,28949.861636860398,54279.45741897447,53865.0555045074,0.0,414.4019144670633,4.3725023601837165e-12,1824.7123993917903,1801.299508573482
mask_101,2025-12-13,29131.128537105324,993.8803133094244,2442.4747799515612,1221.2373899757806,-227.3570766663563,1.674456617806186e-11,28903.771460438988,54279.45741897447,51668.19418070087,958.5767627372306,3569.840001010831,3.3066882565435662e-12,1824.7123993917903,1801.299508573482
mask_110,2025-12-13,29131.128537105324,0.0,1878.3752450809152,939.1876225404576,-939.1876225404576,2.2881445627120913e-11,28191.94091456489,54279.45741897447,50711.09001778743,0.0,3568.3674011870385,4.3725023601837165e-12,1824.7123993917903,1801.299508573482
mask_111,2025-12-13,29131.128537105324,993.8803133094244,3399.3540208917875,1699.6770104458938,-705.7966971364694,1.7659453899199207e-11,28425.331839968876,54279.45741897447,50370.08903825515,958.5767627372306,4867.945143456552,3.4701130857683893e-12,1824.7123993917903,1801.2995085734817
forecast_only,2025-12-13,28927.44498847386,0.0,0.0,0.0,0.0,2.2100441920969164e-11,28927.444988473882,53806.98340220003,53806.98340220003,0.0,0.0,4.18598489204669e-12,2249.93901448879,2233.060037092032
mask_000,2025-12-14,60358.16853753717,0.0,0.0,0.0,0.0,2515.138628556287,62873.30716609345,93843.13426716147,93843.13426716147,0.0,0.0,496.99871382393655,2233.060037092032,1484.5638125811417
mask_001,2025-12-14,60437.59471096629,0.0,0.0,0.0,0.0,2505.7049344187144,62943.29964538501,94027.37498492794,94027.37498492794,0.0,0.0,496.9987138239369,2067.243391102214,1484.5638125811417
mask_010,2025-12-14,60494.8214770374,1025.6188320499634,119.9107993520637,59.95539967603185,965.6634323739316,1755.6506321320448,63216.13554154338,94160.1209048331,94958.89173478667,995.2349371409889,196.4641071874122,381.9469241095083,1947.7720631875738,1502.110647082829
mask_011,2025-12-14,60518.41956990441,1025.6188320499634,119.9107993520637,59.95539967603185,965.6634323739316,1732.1606321320446,63216.24363441038,94214.86015991778,95013.63098987135,995.2349371409889,196.4641071874122,381.9469241095083,1898.50673361136,1502.110647082829
mask_100,2025-12-14,60564.98183069755,469.49935575000205,118.30253929173556,59.15126964586778,410.34808610413427,1775.3677705150053,62750.69768731669,94322.86818773764,94371.59798777854,242.99322296405666,194.26342292314268,386.9877366834468,1801.299508573482,1448.3594179866432
mask_101,2025-12-14,60564.98183069755,479.2389617647363,118.30253929173556,59.15126964586778,420.0876921188685,1732.1606321320482,62717.23015494847,94322.86818773764,94376.63880035249,248.0340355379946,194.26342292314268,381.9469241095092,1801.299508573482,1448.3594179866432
mask_110,2025-12-14,60564.98183069755,1025.6188320499634,318.6879329068282,159.3439664534141,866.2748655965493,1755.6506321320448,63186.907328426154,94322.86818773764,94966.22827935268,995.2349371409889,351.8748455259284,381.9469241095083,1801.299508573482,1372.6016984673988
mask_111,2025-12-14,60564.98183069755,1025.6188320499634,318.6879329068282,159.3439664534141,866.2748655965493,1732.1606321320446,63163.41732842615,94322.86818773764,94966.22827935268,995.2349371409889,351.8748455259284,381.9469241095083,1801.2995085734817,1372.6016984673988
forecast_only,2025-12-14,60358.16853753717,0.0,0.0,0.0,0.0,2505.405160222954,62863.57369776012,93843.13426716147,93843.13426716147,0.0,0.0,496.99871382393655,2233.060037092032,1484.5638125811417
mask_000,2025-12-15,61473.13009862069,0.0,0.0,0.0,0.0,2094.948611692349,63568.07871031304,95912.60668069027,95912.60668069027,0.0,0.0,412.4608062364148,1484.5638125811417,1606.047771713668
mask_001,2025-12-15,61473.13009862069,1418.28473861137,804.957091823522,402.478545911761,1015.8061926996089,3.473153498134707e-11,62488.936291320344,95912.60668069027,96342.37857093885,1506.824125134754,1077.0522348861748,7.419398428964996e-12,1484.5638125811417,1410.5173001235037
mask_010,2025-12-15,61464.72516489438,246.4259208836591,244.16229350413604,122.08114675206802,124.34477413159108,1603.7177379907318,63192.7876770167,95893.11019791062,95867.62086172562,373.39197475970786,398.88131094469713,340.72679468849435,1502.110647082829,1267.8128370284542
mask_011,2025-12-15,61464.72516489438,1418.28473861137,804.957091823522,402.478545911761,1015.8061926996089,3.473153498134707e-11,62480.53135759403,95893.11019791062,96322.8820881592,1506.824125134754,1077.0522348861748,7.419398428964996e-12,1502.110647082829,1410.5173001235037
mask_100,2025-12-15,61490.472003631454,373.3997752861448,117.50152275525097,58.75076137762549,314.64901390851935,1603.7177379907343,63408.83875553071,95952.83378579527,95953.14180502328,193.25610086491463,192.94808163691857,340.72679468849464,1448.3594179866432,1558.548857475602
mask_101,2025-12-15,61490.472003631454,1418.28473861137,804.957091823522,402.478545911761,1015.8061926996089,3.473153498134707e-11,62506.278196331106,95952.83378579527,96382.60567604385,1506.824125134754,1077.0522348861748,7.419398428964996e-12,1448.3594179866432,1410.5173001235037
mask_110,2025-12-15,61526.75995128117,246.4259208836591,244.16229350413604,122.08114675206802,124.34477413159108,1603.7177379907318,63254.82246340349,96037.00902970554,96011.51969352055,373.39197475970786,398.88131094469713,340.72679468849435,1372.6016984673988,1267.8128370284542
mask_111,2025-12-15,61526.75995128117,1418.28473861137,804.957091823522,402.478545911761,1015.8061926996089,3.473153498134707e-11,62542.566143980825,96037.00902970554,96466.78091995412,1506.824125134754,1077.0522348861748,7.419398428964996e-12,1372.6016984673988,1410.5173001235037
forecast_only,2025-12-15,61473.13009862069,0.0,0.0,0.0,0.0,2071.353214772098,63544.48331339279,95912.60668069027,95912.60668069027,0.0,0.0,412.4608062364148,1484.5638125811417,1606.047771713668
mask_000,2025-12-16,65220.31004688585,0.0,0.0,0.0,0.0,2.888621208896325e-11,65220.310046885876,100341.56890483646,100341.56890483646,0.0,0.0,5.376143974444858e-12,1606.047771713668,1674.729095994224
mask_001,2025-12-16,65313.96914277753,0.0,4088.2022514449936,2044.1011257224968,-2044.1011257224968,220.3303380221933,63490.19835507723,100558.82498438108,95731.20017040623,0.0,4827.624813974848,37.79760332954161,1410.5173001235037,1311.024070533685
mask_010,2025-12-16,65382.32458060006,0.0,3450.4821412966894,1725.2410706483447,-1725.2410706483447,4.097899730659549e-11,63657.08350995176,100717.38549893114,96311.46536285877,0.0,4405.920136072367,7.954636949136784e-12,1267.8128370284542,1309.4159951971938
mask_011,2025-12-16,65313.96914277753,0.0,4202.429003676868,2101.214501838434,-2101.214501838434,220.33033802220476,63433.084978961306,100558.82498438108,95576.05648006477,0.0,4982.7685043163,37.79760332954404,1410.5173001235037,1309.4159951971938
mask_100,2025-12-16,65243.06202680588,0.0,325.11298407705254,162.55649203852627,-162.55649203852627,2.965280754274602e-11,65080.505534767384,100394.34547621207,100035.81221231076,0.0,358.53326390132133,5.534350755453943e-12,1558.548857475602,1348.0503563181787
mask_101,2025-12-16,65313.96914277753,0.0,4088.2022514449936,2044.1011257224968,-2044.1011257224968,220.3303380221933,63490.19835507723,100558.82498438108,95731.20017040623,0.0,4827.624813974848,37.79760332954161,1410.5173001235037,1311.024070533685
mask_110,2025-12-16,65382.32458060006,0.0,3450.4821412966894,1725.2410706483447,-1725.2410706483447,4.097899730659549e-11,63657.08350995176,100717.38549893114,96311.46536285877,0.0,4405.920136072367,7.954636949136784e-12,1267.8128370284542,1309.4159951971938
mask_111,2025-12-16,65313.96914277753,0.0,4202.429003676868,2101.214501838434,-2101.214501838434,220.33033802220476,63433.084978961306,100558.82498438108,95576.05648006477,0.0,4982.7685043163,37.79760332954404,1410.5173001235037,1309.4159951971938
forecast_only,2025-12-16,65220.31004688585,0.0,0.0,0.0,0.0,2.888621208896325e-11,65220.310046885876,100341.56890483646,100341.56890483646,0.0,0.0,5.376143974444858e-12,1606.047771713668,1674.729095994224
mask_000,2025-12-17,64955.44974163787,0.0,0.0,0.0,0.0,2.8817048747242782e-11,64955.4497416379,100631.13759927367,100631.13759927367,0.0,0.0,4.9182879990894435e-12,1674.729095994224,1819.1833557179
mask_001,2025-12-17,65129.66444883347,0.0,5667.232982992543,2833.6164914962715,-2833.6164914962715,1273.5505286993211,63569.59848603652,101035.25429422982,93870.36228350495,0.0,7164.8920107248805,210.10911804716451,1311.024070533685,1404.937255236329
mask_010,2025-12-17,65130.43471691965,0.0,3601.525412008213,1800.7627060041066,-1800.7627060041066,362.7926924321639,63692.46470334771,101037.0410446037,95582.28661571388,0.0,5454.754428889822,67.42362648809664,1309.4159951971938,1404.937255236329
mask_011,2025-12-17,65130.43471691965,0.0,5667.232982992543,2833.6164914962715,-2833.6164914962715,1273.5505286993211,63570.3687541227,101037.0410446037,93872.14903387881,0.0,7164.8920107248805,210.10911804716451,1309.4159951971938,1404.937255236329
mask_100,2025-12-17,65111.928857942694,0.0,322.02841888823684,161.01420944411842,-161.01420944411842,3.05551406398763e-11,64950.914648498605,100994.1139766915,100638.98235861494,0.0,355.1316180765558,5.254907620155791e-12,1348.0503563181787,1465.4193254472968
mask_101,2025-12-17,65129.66444883347,452.4572094722798,5667.232982992543,2833.6164914962715,-2381.1592820239916,308.22837082537325,63056.73353763486,101035.25429422982,94104.53520458884,234.1729210839116,7164.8920107248805,56.31372185697861,1311.024070533685,1494.2456162293577
mask_110,2025-12-17,65130.43471691965,0.0,3601.525412008213,1800.7627060041066,-1800.7627060041066,362.7926924321639,63692.46470334771,101037.0410446037,95582.28661571388,0.0,5454.754428889822,67.42362648809664,1309.4159951971938,1404.937255236329
mask_111,2025-12-17,65130.43471691965,452.4572094722798,5667.232982992543,2833.6164914962715,-2381.1592820239916,308.22837082537325,63057.503805721026,101037.0410446037,94106.32195496274,234.1729210839116,7164.8920107248805,56.31372185697861,1309.4159951971938,1494.2456162293577
forecast_only,2025-12-17,64955.44974163787,0.0,0.0,0.0,0.0,2.8817048747242782e-11,64955.4497416379,100631.13759927367,100631.13759927367,0.0,0.0,4.9182879990894435e-12,1674.729095994224,1819.1833557179
mask_000,2025-12-18,61711.92273086979,0.0,0.0,0.0,0.0,3.076584528804993e-11,61711.92273086982,95320.5036162809,95320.5036162809,0.0,0.0,6.346215219998896e-12,1819.1833557179,1763.8609900025515
mask_001,2025-12-18,61910.34661300046,0.0,838.7560090660295,419.37800453301475,-419.37800453301475,3.264800607638563e-11,61490.968608467476,95780.77706126042,94774.90814034105,0.0,1005.8689209193609,6.910028105266974e-12,1404.937255236329,1537.508669960589
mask_010,2025-12-18,61910.34661300046,0.0,1462.6666632318468,731.3333316159234,-731.3333316159234,2.912784932695978e-11,61179.01328138457,95780.77706126042,93905.41241934657,0.0,1875.3646419138463,5.972292105305144e-12,1404.937255236329,1443.4764858567742
mask_011,2025-12-18,61910.34661300046,0.0,1926.3949280294132,963.1974640147066,-963.1974640147066,3.088040800847125e-11,60947.14914898579,95780.77706126042,93378.96959488362,0.0,2401.8074663768057,6.470379787515412e-12,1404.937255236329,1443.4764858567742
mask_100,2025-12-18,61881.375701369405,0.0,318.7727434689282,159.3863717344641,-159.3863717344641,3.0895447394874156e-11,61721.98932963497,95713.57476102602,95362.03348843381,0.0,351.5412725921951,6.411940423056706e-12,1465.4193254472968,1443.4764858567742
mask_101,2025-12-18,61867.5679080848,0.0,838.7560090660295,419.37800453301475,-419.37800453301475,3.264800607638563e-11,61448.189903551814,95681.54554904594,94675.67662812657,0.0,1005.8689209193609,6.910028105266974e-12,1494.2456162293577,1537.508669960589
mask_110,2025-12-18,61910.34661300046,0.0,1462.6666632318468,731.3333316159234,-731.3333316159234,2.912784932695978e-11,61179.01328138457,95780.77706126042,93905.41241934657,0.0,1875.3646419138463,5.972292105305144e-12,1404.937255236329,1443.4764858567742
mask_111,2025-12-18,61867.5679080848,0.0,1926.3949280294132,963.1974640147066,-963.1974640147066,3.088040800847125e-11,60904.370444070126,95681.54554904594,93279.73808266914,0.0,2401.8074663768057,6.470379787515412e-12,1494.2456162293577,1443.4764858567742
forecast_only,2025-12-18,61711.92273086979,0.0,0.0,0.0,0.0,3.076584528804993e-11,61711.92273086982,95320.5036162809,95320.5036162809,0.0,0.0,6.346215219998896e-12,1819.1833557179,1763.8609900025515
mask_000,2025-12-19,27114.495729679325,0.0,0.0,0.0,0.0,2.8795830608885358e-11,27114.495729679355,50333.67113728017,50333.67113728017,0.0,0.0,5.241140854650439e-12,1763.8609900025515,1741.2285203884048
mask_001,2025-12-19,27222.918490979424,0.0,126.22612769910594,63.11306384955297,-63.11306384955297,2.9023599412703052e-11,27159.8054271299,50585.173715104575,50377.65134479842,0.0,207.52237030615493,5.319078510979125e-12,1537.508669960589,1550.171970306175
mask_010,2025-12-19,27267.959907165154,0.0,1888.343213075099,944.1716065375495,-944.1716065375495,15.189187487508171,26338.97748811511,50689.65391966437,47717.880299113225,0.0,2971.7736205511437,7.112707790908371,1443.4764858567742,1211.839322724057
mask_011,2025-12-19,27267.959907165154,0.0,1888.343213075099,944.1716065375495,-944.1716065375495,15.189187487508171,26338.97748811511,50689.65391966437,47717.880299113225,0.0,2971.7736205511437,7.112707790908371,1443.4764858567742,1211.839322724057
mask_100,2025-12-19,27267.959907165154,0.0,366.16698362941884,183.08349181470942,-183.08349181470942,2.8914009297942302e-11,27084.87641535047,50689.65391966437,50239.06959198175,0.0,450.58432768262537,5.296874050486622e-12,1443.4764858567742,1262.3280621114568
mask_101,2025-12-19,27222.918490979424,0.0,381.9437773002113,190.97188865010565,-190.97188865010565,2.8914009297942302e-11,27031.94660232935,50585.173715104575,50118.59182742317,0.0,466.581887681401,5.296874050486622e-12,1537.508669960589,1262.3280621114568
mask_110,2025-12-19,27267.959907165154,0.0,1888.343213075099,944.1716065375495,-944.1716065375495,15.189187487508171,26338.97748811511,50689.65391966437,47717.880299113225,0.0,2971.7736205511437,7.112707790908371,1443.4764858567742,1211.839322724057
mask_111,2025-12-19,27267.959907165154,0.0,1888.343213075099,944.1716065375495,-944.1716065375495,15.189187487508171,26338.97748811511,50689.65391966437,47717.880299113225,0.0,2971.7736205511437,7.112707790908371,1443.4764858567742,1211.839322724057
forecast_only,2025-12-19,27114.495729679325,0.0,0.0,0.0,0.0,2.8795830608885358e-11,27114.495729679355,50333.67113728017,50333.67113728017,0.0,0.0,5.241140854650439e-12,1763.8609900025515,1741.2285203884048
mask_000,2025-12-20,28454.99525007264,0.0,0.0,0.0,0.0,2.3899942469540746e-11,28454.995250072665,52744.73339475835,52744.73339475835,0.0,0.0,4.590106073010247e-12,1741.2285203884048,1909.5995813477005
mask_001,2025-12-20,28546.511337562028,0.0,3354.267628502416,1677.133814251208,-1677.133814251208,2.6471974279296263e-11,26869.377523310843,52957.01845040527,48266.76192476977,0.0,4690.256525635496,5.3435034175208784e-12,1550.171970306175,1465.5523775251359
mask_010,2025-12-20,28708.572675753865,0.0,2603.3704629026593,1301.6852314513296,-1301.6852314513296,2.7999047857996117e-11,27406.887444302567,53332.943614385396,49050.112815382905,0.0,4282.830799002496,5.579758877161112e-12,1211.839322724057,1476.8399435853253
mask_011,2025-12-20,28708.572675753865,0.0,3354.267628502416,1677.133814251208,-1677.133814251208,2.6471974279296263e-11,27031.43886150268,53332.943614385396,48642.6870887499,0.0,4690.256525635496,5.3435034175208784e-12,1211.839322724057,1465.5523775251359
mask_100,2025-12-20,28684.388569587296,0.0,367.55063072116303,183.77531536058152,-183.77531536058152,2.390534559193469e-11,28500.61325422674,53276.845015066065,52824.92729384528,0.0,451.9177212207944,4.591216296034872e-12,1262.3280621114568,1437.0332255577723
mask_101,2025-12-20,28684.388569587296,0.0,3379.603757918702,1689.801878959351,-1689.801878959351,2.6471974279296263e-11,26994.58669062797,53276.845015066065,48560.921252659944,0.0,4715.9237624061225,5.3435034175208784e-12,1262.3280621114568,1437.0332255577723
mask_110,2025-12-20,28708.572675753865,0.0,2638.734353131157,1319.3671765655786,-1319.3671765655786,2.7999047857996117e-11,27389.205499188316,53332.943614385396,49014.286769158105,0.0,4318.656845227293,5.579758877161112e-12,1211.839322724057,1437.0332255577723
mask_111,2025-12-20,28708.572675753865,0.0,3379.603757918702,1689.801878959351,-1689.801878959351,2.6471974279296263e-11,27018.77079679454,53332.943614385396,48617.019851979276,0.0,4715.9237624061225,5.3435034175208784e-12,1211.839322724057,1437.0332255577723
forecast_only,2025-12-20,28454.99525007264,0.0,0.0,0.0,0.0,2.3899942469540746e-11,28454.995250072665,52744.73339475835,52744.73339475835,0.0,0.0,4.590106073010247e-12,1741.2285203884048,1909.5995813477005
mask_000,2025-12-21,63043.81687061404,0.0,0.0,0.0,0.0,2.4710978707709327e-11,63043.816870614064,97806.92044909063,97806.92044909063,0.0,0.0,5.28310728498127e-12,1909.5995813477005,1769.7125224944996
mask_001,2025-12-21,63256.51548124506,0.0,3470.413985874396,1735.206992937198,-1735.206992937198,4172.486583217538,65693.7950715254,98300.30623111568,93859.63914178524,0.0,4440.66708933045,788.375028508362,1465.5523775251359,1433.8289156406672
mask_010,2025-12-21,63251.10873710222,0.0,1379.7887264104438,689.8943632052219,-689.8943632052219,197.25415812672685,62758.46853202373,98287.76449104882,96422.18164079811,0.0,1865.5828502506965,28.27611211679202,1476.8399435853253,1433.8289156406672
mask_011,2025-12-21,63256.51548124506,1791.2754374436024,3470.413985874396,1735.206992937198,56.068444506404376,1437.324143281921,64749.90806903339,98300.30623111568,95515.29382580063,1655.6546840153978,4440.667089330449,287.556781379694,1465.5523775251359,1433.8289156406672
mask_100,2025-12-21,63270.17615503742,0.0,331.27311982342314,165.63655991171157,-165.63655991171157,183.1577803078551,63287.69737543356,98331.99417774609,97966.66754143767,0.0,365.32663630842825,26.25541575514171,1437.0332255577723,1433.8289156406672
mask_101,2025-12-21,63270.17615503742,386.01986079033094,3470.413985874396,1735.206992937198,-1349.1871321468673,2819.6789201954234,64740.66794308598,98331.99417774609,94091.11481752069,199.78772910505444,4440.667089330449,588.5872994033075,1437.0332255577723,1433.8289156406672
mask_110,2025-12-21,63270.17615503742,0.0,1379.7887264104438,689.8943632052219,-689.8943632052219,197.25415812672685,62777.53594995893,98331.99417774609,96466.41132749539,0.0,1865.5828502506965,28.27611211679202,1437.0332255577723,1433.8289156406672
mask_111,2025-12-21,63270.17615503742,1791.2754374436024,3470.413985874396,1735.206992937198,56.068444506404376,1437.324143281921,64763.56874282575,98331.99417774609,95546.98177243104,1655.6546840153978,4440.667089330449,287.556781379694,1437.0332255577723,1433.8289156406672
forecast_only,2025-12-21,63043.81687061404,0.0,0.0,0.0,0.0,2.4710978707709327e-11,63043.816870614064,97806.92044909063,97806.92044909063,0.0,0.0,5.28310728498127e-12,1909.5995813477005,1769.7125224944996
mask_000,2025-12-22,61918.15598010506,0.0,0.0,0.0,0.0,251.7257949715459,62169.88177507661,96044.35823936321,96044.35823936321,0.0,0.0,43.148031909163,1769.7125224944996,1537.6344327158522
mask_001,2025-12-22,62079.04422778805,0.0,2102.031037120033,1051.0155185600165,-1051.0155185600165,3069.4696710523203,64097.498380280354,96417.56224697857,94075.79377913274,0.0,2341.768467845836,477.1577874147447,1433.8289156406672,1407.4837081740002
mask_010,2025-12-22,62079.04422778805,0.0,1186.6688637544844,593.3344318772422,-593.3344318772422,1599.8000690066506,63085.509864917454,96417.56224697857,95048.53084373,0.0,1369.0314032485912,257.5553404054947,1433.8289156406672,1407.4837081740002
mask_011,2025-12-22,62079.04422778805,0.0,2102.031037120033,1051.0155185600165,-1051.0155185600165,3069.4696710523203,64097.498380280354,96417.56224697857,94075.79377913274,0.0,2341.768467845836,477.1577874147447,1433.8289156406672,1407.4837081740002
mask_100,2025-12-22,62079.04422778805,0.0,314.7709327488503,157.38546637442516,-157.38546637442516,1285.9276639797008,63207.58642539333,96417.56224697857,96070.43415481676,0.0,347.12809216183564,210.70871278953194,1433.8289156406672,1407.4837081740002
mask_101,2025-12-22,62079.04422778805,511.06827617865144,2102.031037120033,1051.0155185600165,-539.947242381365,1297.269039425912,62836.3660248326,96417.56224697857,94340.30133609191,264.5075569591654,2341.768467845836,212.65023045557922,1433.8289156406672,1407.4837081740002
mask_110,2025-12-22,62079.04422778805,0.0,1186.6688637544844,593.3344318772422,-593.3344318772422,1599.8000690066506,63085.509864917454,96417.56224697857,95048.53084373,0.0,1369.0314032485912,257.5553404054947,1433.8289156406672,1407.4837081740002
mask_111,2025-12-22,62079.04422778805,511.06827617865144,2102.031037120033,1051.0155185600165,-539.947242381365,1297.269039425912,62836.3660248326,96417.56224697857,94340.30133609191,264.5075569591654,2341.768467845836,212.65023045557922,1433.8289156406672,1407.4837081740002
forecast_only,2025-12-22,61918.15598010506,0.0,0.0,0.0,0.0,251.7257949715459,62169.88177507661,96044.35823936321,96044.35823936321,0.0,0.0,43.148031909163,1769.7125224944996,1537.6344327158522
mask_000,2025-12-23,63962.91173012167,0.0,0.0,0.0,0.0,2.350632705150346e-11,63962.91173012169,99257.29799591337,99257.29799591337,0.0,0.0,4.047540080875933e-12,1537.6344327158522,1861.9530092544092
mask_001,2025-12-23,64025.25392717721,0.0,4251.01813823756,2125.50906911878,-2125.50906911878,1162.1828008313284,63061.92765888976,99401.90991207099,93975.55037411221,0.0,5426.359537958777,198.0580434236283,1407.4837081740002,1422.3718775738014
mask_010,2025-12-23,64025.25392717721,0.0,2667.262946747919,1333.6314733739596,-1333.6314733739596,239.73077796638924,62931.35323176964,99401.90991207099,95283.97582648056,0.0,4117.9340855904165,35.10626019098045,1407.4837081740002,1422.3718775738014
mask_011,2025-12-23,64025.25392717721,0.0,4251.01813823756,2125.50906911878,-2125.50906911878,1213.7241425457912,63113.46900060422,99401.90991207099,93975.55037411221,0.0,5426.359537958777,198.05804342362921,1407.4837081740002,1422.3718775738014
mask_100,2025-12-23,64025.25392717721,0.0,0.0,0.0,0.0,2.350632705150346e-11,64025.25392717723,99401.90991207099,99401.90991207099,0.0,0.0,4.047540080875933e-12,1407.4837081740002,1861.9530092544092
mask_101,2025-12-23,64025.25392717721,493.96066366575604,4251.01813823756,2125.50906911878,-1631.5484054530243,420.6746436969481,62814.380165421135,99401.90991207099,94231.20374660697,255.65337249476283,5426.359537958777,88.50911093093477,1407.4837081740002,1584.7101442427672
mask_110,2025-12-23,64025.25392717721,350.12625437798687,2667.2629467479196,1333.6314733739598,-983.5052189959731,3.7838107758148004e-11,63041.74870818127,99401.90991207099,95465.1865266736,181.21070019304238,4117.9340855904165,7.357670028795837e-12,1407.4837081740002,1584.7101442427672
mask_111,2025-12-23,64025.25392717721,535.8891517521034,4251.01813823756,2125.50906911878,-1589.6199173666769,326.8230965681387,62762.45710637867,99401.90991207099,94252.9041777776,277.35380366540045,5426.359537958777,66.808679760298,1407.4837081740002,1584.7101442427672
forecast_only,2025-12-23,63962.91173012167,0.0,0.0,0.0,0.0,2.350632705150346e-11,63962.91173012169,99257.29799591337,99257.29799591337,0.0,0.0,4.047540080875933e-12,1537.6344327158522,1861.9530092544092
mask_000,2025-12-24,62935.67328876574,0.0,0.0,0.0,0.0,2.221520389866782e-11,62935.67328876576,97191.41052322579,97191.41052322579,0.0,0.0,4.146905041579885e-12,1861.9530092544092,1755.532518955852
mask_001,2025-12-24,63146.23265084075,0.0,2211.0447610352267,1105.5223805176133,-1105.5223805176133,310.5673517539015,62351.27762207704,97679.8340028709,95173.16441870897,0.0,2506.6695841619326,49.727375836748216,1422.3718775738014,1478.7378379125603
mask_010,2025-12-24,63146.23265084075,0.0,2536.3354103278893,1268.1677051639447,-1268.1677051639447,1497.118671683254,63375.18361736005,97679.8340028709,94361.41967932193,0.0,3318.4143235489823,233.66304504914655,1422.3718775738014,1478.7378379125603
mask_011,2025-12-24,63146.23265084075,0.0,3137.189885983666,1568.594942991833,-1568.594942991833,1675.754531653981,63253.3922395029,97679.8340028709,93952.32882477884,0.0,3727.505178092062,264.4172604181281,1422.3718775738014,1478.7378379125603
mask_100,2025-12-24,62935.67328876574,0.0,305.81712987031966,152.90856493515983,-152.90856493515983,131.93149178316438,62914.69621561375,97191.41052322579,96854.15664811339,0.0,337.25387511239467,18.973160467764487,1861.9530092544092,1478.7378379125603
mask_101,2025-12-24,63068.47262110631,0.0,2211.0447610352267,1105.5223805176133,-1105.5223805176133,310.5673517539015,62273.5175923426,97499.4581510165,94992.78856685456,0.0,2506.6695841619326,49.727375836748216,1584.7101442427672,1478.7378379125603
mask_110,2025-12-24,63068.47262110631,423.4878911749612,2536.3354103278893,1268.1677051639447,-844.6798139889836,179.36362700119778,62403.15643411852,97499.4581510165,94400.22344145968,219.17961399216478,3318.4143235489823,38.33913649461075,1584.7101442427672,1505.2441772877037
mask_111,2025-12-24,63068.47262110631,423.4878911749612,3137.189885983666,1568.594942991833,-1145.107051816872,357.99948697192474,62281.36505626136,97499.4581510165,93991.1325869166,219.17961399216478,3727.505178092062,69.09335186359229,1584.7101442427672,1505.2441772877037
forecast_only,2025-12-24,62935.67328876574,0.0,0.0,0.0,0.0,2.221520389866782e-11,62935.67328876576,97191.41052322579,97191.41052322579,0.0,0.0,4.146905041579885e-12,1861.9530092544092,1755.532518955852
mask_000,2025-12-25,59681.30923526517,0.0,0.0,0.0,0.0,2841.4092511340878,62522.71848639926,93190.0651135931,93190.0651135931,0.0,0.0,442.1122635520253,1755.532518955852,1578.638421862557
mask_001,2025-12-25,59813.89388748491,0.0,1720.2975017370645,860.1487508685323,-860.1487508685323,8970.331841775034,67924.07697839141,93497.61475919676,91582.08870364001,0.0,1915.5260555567388,1734.155133965528,1478.7378379125603,1423.78140865774
mask_010,2025-12-25,59813.89388748491,1118.3133022639045,109.8968386179513,54.94841930897565,1063.3648829549288,3.865038489259121e-11,60877.25877043987,93497.61475919676,94495.55669271703,1178.4024389850774,180.46050546479597,8.396394690635134e-12,1478.7378379125603,1500.7331231706094
mask_011,2025-12-25,59813.89388748491,2715.0242046981493,1720.2975017370647,860.1487508685324,1854.875453829617,785.9588404479699,62454.728181762504,93497.61475919676,94118.25039704534,2536.1616934053286,1915.5260555567384,153.51617435720436,1478.7378379125603,1423.78140865774
mask_100,2025-12-25,59813.89388748491,766.2213894099038,109.89683861795132,54.94841930897566,711.2729701009282,271.107153136513,60796.27401072235,93497.61475919676,93713.71838664603,396.5641329140615,180.46050546479597,61.75075419739806,1478.7378379125603,1423.78140865774
mask_101,2025-12-25,59813.89388748491,1020.9943593810555,1720.2975017370645,860.1487508685323,160.8456085125232,5462.251956174208,65436.99145217164,93497.61475919676,92110.51266626251,528.4239626224959,1915.5260555567388,1205.7311713430324,1478.7378379125603,1423.78140865774
mask_110,2025-12-25,59801.197350924216,1118.3133022639045,109.8968386179513,54.94841930897565,1063.3648829549288,3.865038489259121e-11,60864.56223387917,93468.16327100215,94466.10520452242,1178.4024389850774,180.46050546479597,8.396394690635134e-12,1505.2441772877037,1500.7331231706094
mask_111,2025-12-25,59801.197350924216,2715.0242046981493,1720.2975017370647,860.1487508685324,1854.875453829617,785.9588404479699,62442.03164520181,93468.16327100215,94088.79890885073,2536.1616934053286,1915.5260555567384,153.51617435720436,1505.2441772877037,1423.78140865774
forecast_only,2025-12-25,59681.30923526517,0.0,0.0,0.0,0.0,2409.3861843215636,62090.69541958674,93190.0651135931,93190.0651135931,0.0,0.0,442.1122635520249,1755.532518955852,1578.638421862557
mask_000,2025-12-26,27069.59843174707,0.0,0.0,0.0,0.0,3.07132261845311e-11,27069.598431747097,50671.317599009104,50671.317599009104,0.0,0.0,5.928590951498336e-12,1578.638421862557,2263.517417023903
mask_001,2025-12-26,27143.774941072174,0.0,1462.733612997382,731.366806498691,-731.366806498691,2.7417700554366324e-11,26412.408134573514,50843.380947014455,48838.308745841,0.0,2005.0722011734574,5.473843600611872e-12,1423.78140865774,1856.1094344316937
mask_010,2025-12-26,27106.91506982051,0.0,1453.2209613897794,726.6104806948897,-726.6104806948897,2.7761745569065968e-11,26380.304589125648,50757.87904200015,48402.61765646906,0.0,2355.26138553109,5.587086349123638e-12,1500.7331231706094,1886.532412034467
mask_011,2025-12-26,27143.774941072174,227.43546112855336,1710.0144877758398,855.0072438879199,-627.5717827593664,2.7417700554366324e-11,26516.203158312837,50843.380947014455,48514.56927204519,220.33194933733105,2549.1436243065937,5.473843600611872e-12,1423.78140865774,1892.9822611894217
mask_100,2025-12-26,27143.774941072174,0.0,331.36016528620803,165.68008264310402,-165.68008264310402,3.097247480710053e-11,26978.0948584291,50843.380947014455,50434.94195932966,0.0,408.43898768478937,6.013856079789548e-12,1423.78140865774,1844.4921666836992
mask_101,2025-12-26,27143.774941072174,0.0,1474.5879822713794,737.2939911356897,-737.2939911356897,2.769825124815384e-11,26406.48094993651,50843.380947014455,48826.299456737564,0.0,2017.081490276889,5.53068701947268e-12,1423.78140865774,1844.4921666836992
mask_110,2025-12-26,27106.91506982051,0.0,1492.1027997363046,746.0513998681523,-746.0513998681523,2.7989693007768327e-11,26360.863669952385,50757.87904200015,48363.22768752313,0.0,2394.651354477018,5.633271626948044e-12,1500.7331231706094,1844.4921666836992
mask_111,2025-12-26,27143.774941072174,227.43546112855336,1754.6263076131354,877.3131538065677,-649.8776926780142,2.7733320084877282e-11,26493.897248394187,50843.380947014455,48469.374438859806,220.33194933733105,2594.3384574919805,5.537792446830281e-12,1423.78140865774,1844.4921666836992
forecast_only,2025-12-26,27069.59843174707,0.0,0.0,0.0,0.0,3.07132261845311e-11,27069.598431747097,50671.317599009104,50671.317599009104,0.0,0.0,5.928590951498336e-12,1578.638421862557,2263.517417023903
mask_000,2025-12-27,27100.37616443968,0.0,0.0,0.0,0.0,2.381131603002018e-11,27100.376164439705,51048.79549253764,51048.79549253764,0.0,0.0,5.008438108689006e-12,2263.517417023903,2073.711528930195
mask_001,2025-12-27,27295.524588101347,0.0,1750.2514909975782,875.1257454987891,-875.1257454987891,3.072631793443747e-11,26420.398842602586,51501.471028751206,48870.12480809729,0.0,2631.346220653921,6.0598193130090294e-12,1856.1094344316937,1601.430521749962
mask_010,2025-12-27,27280.951981829618,0.0,1730.0805623882688,865.0402811941344,-865.0402811941344,3.432246886703183e-11,26415.911700635515,51467.66772030368,48655.493038755674,0.0,2812.1746815480037,6.8900440908237215e-12,1886.532412034467,1566.947077690167
mask_011,2025-12-27,27277.862504084394,7.018762117647317,1822.881919247321,911.4409596236605,-904.4221975060132,3.072631793443747e-11,26373.440306578414,51460.50122124262,48676.5528636682,6.990102696591293,2790.9384602710224,6.0598193130090294e-12,1892.9822611894217,1601.430521749962
mask_100,2025-12-27,27301.089259352637,0.0,333.7049759732865,166.85248798664324,-166.85248798664324,2.3741718813141687e-11,27134.236771366017,51514.37910402676,51098.73797347081,0.0,415.6411305559517,4.9753534625551765e-12,1844.4921666836992,1645.5220211644769
mask_101,2025-12-27,27301.089259352637,0.0,1750.2514909975782,875.1257454987891,-875.1257454987891,3.072631793443747e-11,26425.963513853876,51514.37910402676,48883.03288337284,0.0,2631.346220653921,6.0598193130090294e-12,1844.4921666836992,1601.430521749962
mask_110,2025-12-27,27301.089259352637,0.0,1730.0805623882688,865.0402811941344,-865.0402811941344,3.432246886703183e-11,26436.048978158535,51514.37910402676,48702.20442247875,0.0,2812.1746815480037,6.8900440908237215e-12,1844.4921666836992,1566.947077690167
mask_111,2025-12-27,27301.089259352637,7.018762117647317,1822.881919247321,911.4409596236605,-904.4221975060132,3.072631793443747e-11,26396.667061846656,51514.37910402676,48730.43074645233,6.990102696591293,2790.9384602710224,6.0598193130090294e-12,1844.4921666836992,1601.430521749962
forecast_only,2025-12-27,27100.37616443968,0.0,0.0,0.0,0.0,2.381131603002018e-11,27100.376164439705,51048.79549253764,51048.79549253764,0.0,0.0,5.008438108689006e-12,2263.517417023903,2073.711528930195
mask_000,2025-12-28,61838.67474850888,0.0,0.0,0.0,0.0,2.2993152715145015e-11,61838.6747485089,95730.50217061499,95730.50217061499,0.0,0.0,4.857891866549835e-12,2073.711528930195,1900.1805530536612
mask_001,2025-12-28,62064.89735094821,0.0,1231.8761187406778,615.9380593703389,-615.9380593703389,66.17286970653576,61515.132161284404,96255.2588452597,94754.0228313473,0.0,1501.2360139123766,11.328061235392058,1601.430521749962,1900.1805530536612
mask_010,2025-12-28,62081.41492065285,0.0,2420.1106202123356,1210.0553101061678,-1210.0553101061678,3.7750499060074104e-11,60871.35961054672,96293.5737831039,93331.19480188865,0.0,2962.3789812152563,7.877920538135186e-12,1566.947077690167,1501.1193729071954
mask_011,2025-12-28,62064.89735094821,0.0,2618.2780464927837,1309.1390232463918,-1309.1390232463918,66.17286970654305,60821.931197408354,96255.2588452597,93088.58949723066,0.0,3166.6693480290223,11.328061235393646,1601.430521749962,1501.1193729071954
mask_100,2025-12-28,62043.77752272866,0.0,320.56286481770667,160.28143240885333,-160.28143240885333,2.6632261729275796e-11,61883.49609031984,96206.26829035467,95852.75287928942,0.0,353.51541106525417,5.423661519898815e-12,1645.5220211644769,1561.1170286666008
mask_101,2025-12-28,62064.89735094821,0.0,1536.189540956806,768.094770478403,-768.094770478403,66.17286970653868,61362.97545017635,96255.2588452597,94413.12246771749,0.0,1842.1363775421994,11.32806123539251,1601.430521749962,1575.133748039302
mask_110,2025-12-28,62081.41492065285,147.34549282438132,2420.1106202123356,1210.0553101061678,-1062.7098172817864,3.701829898172804e-11,61018.7051033711,96293.5737831039,93407.45466412729,76.2598622386364,2962.3789812152563,7.76423370041357e-12,1566.947077690167,1585.852553172347
mask_111,2025-12-28,62064.89735094821,147.34549282438132,2618.2780464927837,1309.1390232463918,-1161.7935304220105,66.17286970654231,60969.276690232735,96255.2588452597,93164.8493594693,76.2598622386364,3166.6693480290223,11.328061235393532,1601.430521749962,1585.852553172347
forecast_only,2025-12-28,61838.67474850888,0.0,0.0,0.0,0.0,2.2993152715145015e-11,61838.6747485089,95730.50217061499,95730.50217061499,0.0,0.0,4.857891866549835e-12,2073.711528930195,1900.1805530536612
mask_000,2025-12-29,61640.36425541145,0.0,0.0,0.0,0.0,2.035666235578049e-11,61640.36425541147,96509.90466690433,96509.90466690433,0.0,0.0,3.671174475528005e-12,1900.1805530536612,1798.4878959215487
mask_001,2025-12-29,61640.36425541145,608.5198166827892,492.4052592633526,246.2026296316763,362.31718705111285,2.0360709562794454e-11,62002.681442462585,96509.90466690433,96731.51648676569,874.8493436851777,653.2375238238221,3.673505943879718e-12,1900.1805530536612,1605.7369081028687
mask_010,2025-12-29,61831.5145607016,0.0,563.4527349031858,281.7263674515929,-281.7263674515929,1.706580921023715e-11,61549.788193250024,96953.30597817818,96355.84457085644,0.0,597.4614073217435,3.161915174132446e-12,1501.1193729071954,1472.200990943426
mask_011,2025-12-29,61831.5145607016,608.5198166827892,1114.0071915917158,557.0035957958579,51.51622088693125,1.706580921023715e-11,61883.03078158855,96953.30597817818,96465.62861197596,874.8493436851777,1362.5267098874165,3.161915174132446e-12,1501.1193729071954,1472.200990943426
mask_100,2025-12-29,61802.775683592845,0.0,326.9389905395987,163.46949526979935,-163.46949526979935,1.706580921023715e-11,61639.306188323055,96886.64191622328,96526.09493989279,0.0,360.5469763304946,3.161915174132446e-12,1561.1170286666008,1472.200990943426
mask_101,2025-12-29,61796.06167501333,608.5198166827892,492.4052592633526,246.2026296316763,362.31718705111285,2.0360709562794454e-11,62158.37886206446,96871.06778358694,97092.67960344831,874.8493436851777,653.2375238238221,3.673505943879718e-12,1575.133748039302,1605.7369081028687
mask_110,2025-12-29,61790.9273673546,0.0,563.4527349031858,281.7263674515929,-281.7263674515929,1.706580921023715e-11,61509.20099990302,96859.15800010579,96261.69659278405,0.0,597.4614073217435,3.161915174132446e-12,1585.852553172347,1472.200990943426
mask_111,2025-12-29,61790.9273673546,608.5198166827892,1114.0071915917158,557.0035957958579,51.51622088693125,1.706580921023715e-11,61842.44358824155,96859.15800010579,96371.48063390356,874.8493436851777,1362.5267098874165,3.161915174132446e-12,1585.852553172347,1472.200990943426
forecast_only,2025-12-29,61640.36425541145,0.0,0.0,0.0,0.0,2.035666235578049e-11,61640.36425541147,96509.90466690433,96509.90466690433,0.0,0.0,3.671174475528005e-12,1900.1805530536612,1798.4878959215487
mask_000,2025-12-30,61709.69126550932,0.0,0.0,0.0,0.0,2.2069934102475485e-11,61709.69126550934,96008.58308567872,96008.58308567872,0.0,0.0,3.79585252119341e-12,1798.4878959215487,1820.8258591265458
mask_001,2025-12-30,61802.01898867446,0.0,1482.4406847988648,741.2203423994324,-741.2203423994324,165.31657535321725,61226.11522162824,96222.7508499217,94183.23481105211,0.0,2039.5160388695924,28.978637180759588,1605.7369081028687,1470.8570899047415
mask_010,2025-12-30,61865.98269299383,0.0,2350.596907646553,1175.2984538232765,-1175.2984538232765,2.344571115031613e-11,60690.68423917057,96371.12409120996,93429.22548597082,0.0,2941.8986052391547,4.113376306236205e-12,1472.200990943426,1470.8570899047415
mask_011,2025-12-30,61865.98269299383,0.0,2710.238349650871,1355.1191748254355,-1355.1191748254355,165.31657535321287,60676.18009352161,96371.12409120996,92776.35463374574,0.0,3594.7694574642314,28.978637180758646,1472.200990943426,1470.8570899047415
mask_100,2025-12-30,61865.98269299383,0.0,326.99893589373454,163.49946794686727,-163.49946794686727,2.2760665130405757e-11,61702.483225046984,96371.12409120996,96010.51100738907,0.0,360.6130838208956,3.931521774802604e-12,1472.200990943426,1470.8570899047415
mask_101,2025-12-30,61802.01898867446,0.0,1482.4406847988648,741.2203423994324,-741.2203423994324,165.31657535321725,61226.11522162824,96222.7508499217,94183.23481105211,0.0,2039.5160388695924,28.978637180759588,1605.7369081028687,1470.8570899047415
mask_110,2025-12-30,61865.98269299383,0.0,2350.596907646553,1175.2984538232765,-1175.2984538232765,2.344571115031613e-11,60690.68423917057,96371.12409120996,93429.22548597082,0.0,2941.8986052391547,4.113376306236205e-12,1472.200990943426,1470.8570899047415
mask_111,2025-12-30,61865.98269299383,0.0,2710.238349650871,1355.1191748254355,-1355.1191748254355,165.31657535321287,60676.18009352161,96371.12409120996,92776.35463374574,0.0,3594.7694574642314,28.978637180758646,1472.200990943426,1470.8570899047415
forecast_only,2025-12-30,61709.69126550932,0.0,0.0,0.0,0.0,2.2069934102475485e-11,61709.69126550934,96008.58308567872,96008.58308567872,0.0,0.0,3.79585252119341e-12,1798.4878959215487,1820.8258591265458
mask_000,2025-12-31,62600.4143272923,0.0,0.0,0.0,0.0,3.430077333277382e-11,62600.41432729234,97462.69928814365,97462.69928814365,0.0,0.0,7.1525008138451085e-12,1820.8258591265458,1452.7080841527008
mask_001,2025-12-31,62768.04936774955,0.0,2554.9935908126145,1277.4967954063072,-1277.4967954063072,1665.384052925586,63155.93662526883,97851.55347616787,94499.32201696082,0.0,3352.231459207055,319.7487540969897,1470.8570899047415,1292.8285487282487
mask_010,2025-12-31,62768.04936774955,0.0,1355.6772171333469,677.8386085666734,-677.8386085666734,1410.237700563347,63500.448459746214,97851.55347616787,95935.3698967013,0.0,1916.1835794665658,275.2107979212403,1470.8570899047415,1292.8285487282487
mask_011,2025-12-31,62768.04936774955,0.0,2554.9935908126145,1277.4967954063072,-1277.4967954063072,1665.384052925586,63155.93662526883,97851.55347616787,94499.32201696082,0.0,3352.231459207055,319.7487540969897,1470.8570899047415,1292.8285487282487
mask_100,2025-12-31,62768.04936774955,0.0,321.0438661197633,160.52193305988166,-160.52193305988166,721.9808371372083,63329.508271826875,97851.55347616787,97497.50761884174,0.0,354.045857326132,174.770342207651,1470.8570899047415,1292.8285487282487
mask_101,2025-12-31,62768.04936774955,188.01514011736128,2554.9935908126145,1277.4967954063072,-1089.481655288946,997.5016098210775,62676.069322281684,97851.55347616787,94596.6307870446,97.30877008377263,3352.231459207055,222.43998401321693,1470.8570899047415,1292.8285487282487
mask_110,2025-12-31,62768.04936774955,198.32147065996438,1355.6772171333469,677.8386085666734,-479.51713790670897,706.6166167552499,62995.14884659809,97851.55347616787,96038.01279226322,102.64289556192034,1916.1835794665656,172.56790235932,1470.8570899047415,1292.8285487282487
mask_111,2025-12-31,62768.04936774955,188.01514011736128,2554.9935908126145,1277.4967954063072,-1089.481655288946,997.5016098210775,62676.069322281684,97851.55347616787,94596.6307870446,97.30877008377263,3352.231459207055,222.43998401321693,1470.8570899047415,1292.8285487282487
forecast_only,2025-12-31,62600.4143272923,0.0,0.0,0.0,0.0,3.430077333277382e-11,62600.41432729234,97462.69928814365,97462.69928814365,0.0,0.0,7.1525008138451085e-12,1820.8258591265458,1452.7080841527008
