策略,日期,计划费用_元,紧急费用_元,总费用_元,紧急电量_kWh,日初电量_kWh,日末电量_kWh
main,2025-02-01,23162.67895921615,2.998143289190125e-11,23162.678959216173,5.893063814710331e-12,10800.0,10800.0
main,2025-02-02,56593.958508311036,1393.9915964952293,57987.95010480627,205.01394690262592,10800.0,10800.0
main,2025-02-03,55241.52401164731,337.8068014343486,55579.33081308166,48.42414011387262,10800.0,10800.0
main,2025-02-04,53930.255364369616,5583.097109272819,59513.35247364244,1023.0657130672209,10800.0,10760.37401811227
main,2025-02-05,54282.22576117804,3085.6146626865193,57367.84042386456,601.5855973514113,10760.37401811227,10774.664253505598
main,2025-02-06,54526.866274861764,308.2772564541971,54835.14353131595,53.08391576903706,10774.664253505598,10736.106071951157
main,2025-02-07,22278.820613219737,2.0182350013442374e-11,22278.82061321976,4.273914555597003e-12,10736.106071951157,10800.0
main,2025-02-08,20136.146742714976,1325.1797568870493,21461.326499602026,227.61323369822975,10800.0,10800.0
main,2025-02-09,51246.256021415684,8788.142764062366,60034.39878547805,1755.5132987603643,10800.0,10740.241742152255
main,2025-02-10,52887.354097419164,323.86834980775075,53211.222447226915,71.24836805496174,10740.241742152255,10734.880225411369
main,2025-02-11,52207.56305248135,1176.2116192269311,53383.77467170828,207.14066836203926,10734.880225411369,10800.0
main,2025-02-12,49513.11633318415,4440.257723894376,53953.37405707854,858.5410430930368,10800.0,10755.988737551592
main,2025-02-13,50286.12965718528,456.3294522826599,50742.45910946794,78.90420319830449,10755.988737551592,10767.428245645968
main,2025-02-14,18928.639671368015,650.8524411776252,19579.492112545642,106.47021776175964,10767.428245645968,10800.0
main,2025-02-15,19099.898558937988,1084.7403546169016,20184.63891355489,187.29052704513282,10800.0,10772.142599523779
main,2025-02-16,48765.8592169215,5633.393759989063,54399.25297691056,1086.1765734095754,10772.142599523779,10675.770765607956
main,2025-02-17,48750.25466921923,417.61032448586,49167.8649937051,62.51958543393414,10675.770765607956,10756.112712451824
main,2025-02-18,48025.592194333934,592.5033263875064,48618.09552072146,95.53222714152145,10756.112712451824,10800.0
main,2025-02-19,47666.185061188415,5895.3540447861205,53561.539105974545,1213.5089123884277,10800.0,10657.772546845541
main,2025-02-20,47801.44490463495,1322.4722270613602,49123.917131696304,240.00105362682226,10657.772546845541,10776.563560589515
main,2025-02-21,18157.850770796467,104.36943746128506,18262.22020825775,19.07078312546533,10776.563560589515,10800.0
main,2025-02-22,18093.62705658948,1211.8631038526057,19305.49016044209,205.47669120944903,10800.0,10800.0
main,2025-02-23,48674.12070740531,410.8743650149836,49084.995072420286,64.75331066430785,10800.0,10728.339977238915
main,2025-02-24,46369.13221084648,2331.7893703721256,48700.9215812186,475.791044717752,10728.339977238915,10780.546846254727
main,2025-02-25,46974.288811216386,400.9860320934198,47375.27484330981,89.7438276242995,10780.546846254727,10800.0
main,2025-02-26,44957.90341268896,3833.754311209933,48791.65772389889,821.8412264511093,10800.0,10800.0
main,2025-02-27,44857.78618230753,3734.0545262033215,48591.84070851084,754.7970242229774,10800.0,10800.0
main,2025-02-28,17895.843667027955,3.1038076109268786e-11,17895.843667027988,6.183942247162122e-12,10800.0,10800.0
main,2025-03-01,17814.95719059471,3.2187534693139955e-11,17814.95719059474,7.016054404118677e-12,10800.0,10800.0
main,2025-03-02,46161.33146882143,12367.102658560721,58528.43412738215,2355.7133824657717,10800.0,10697.113380216068
main,2025-03-03,44222.99556103295,21179.6591121292,65402.65467316215,4300.685482602274,10697.113380216068,10761.811442000999
main,2025-03-04,47780.78451318425,2.809039534312774e-11,47780.78451318428,6.355360682164246e-12,10761.811442000999,10800.0
main,2025-03-05,45996.14554108243,67.36906347977643,46063.51460456221,13.066947618155078,10800.0,10800.0
main,2025-03-06,46072.318520928544,5.461669072559516e-11,46072.3185209286,1.1593392912345735e-11,10800.0,10800.0
main,2025-03-07,17650.470797968206,3.148178517875522e-11,17650.47079796824,8.587797140080511e-12,10800.0,10800.0
main,2025-03-08,16595.02207879404,1131.5815290029336,17726.603607796977,353.5370639512244,10800.0,10800.0
main,2025-03-09,43233.156405501606,1563.2567998752475,44796.413205376855,298.54632381424483,10800.0,10741.80895268098
main,2025-03-10,42691.30119922973,9457.11210245335,52148.413301683075,1706.0755370847726,10741.80895268098,10754.424471441225
main,2025-03-11,45002.895939031485,4.717452900537821e-11,45002.895939031536,1.0420664331434182e-11,10754.424471441225,10800.0
main,2025-03-12,43742.24571007279,1442.7310818005822,45184.97679187338,228.53017102503222,10800.0,10789.933481279146
main,2025-03-13,41522.23824239372,18019.642818242042,59541.881060635766,3093.1259850500414,10789.933481279146,10800.0
main,2025-03-14,16588.96004081032,3.3976114588440967e-11,16588.960040810354,9.128864331131581e-12,10800.0,10800.0
main,2025-03-15,16535.890751943585,230.35661622521033,16766.24736816879,48.28124019439732,10800.0,10735.723371365428
main,2025-03-16,42577.07883939627,7.461180000054374,42584.54001939633,1.6400000000130772,10735.723371365428,10651.922426438194
main,2025-03-17,45191.94232081995,3.651037738805485e-11,45191.94232081998,7.070788399232697e-12,10651.922426438194,10800.0
main,2025-03-18,43924.79201757563,3.101060475074746e-11,43924.792017575666,6.139089236967266e-12,10800.0,10800.0
main,2025-03-19,41445.77601791198,833.234412550607,42279.01043046259,173.70166936438707,10800.0,10800.0
main,2025-03-20,43488.85137581065,492.3015113501685,43981.15288716082,70.94584474380856,10800.0,10800.0
main,2025-03-21,16078.279352828555,2.7048261852513633e-11,16078.279352828582,7.2677419638012e-12,10800.0,10800.0
main,2025-03-22,16176.438089371317,2.9690263581017006e-11,16176.438089371348,6.3362648461406934e-12,10800.0,10800.0
main,2025-03-23,40344.638358428005,2573.218048661509,42917.856407089515,496.50656421049115,10800.0,10800.0
main,2025-03-24,40313.528533446246,3.0204016510104733e-11,40313.528533446275,6.238787264578605e-12,10800.0,10800.0
main,2025-03-25,38251.87363685008,7939.601734952266,46191.47537180234,1514.9896930352288,10800.0,10766.34567104303
main,2025-03-26,38356.131671410585,3.797483222323095e-11,38356.13167141063,1.0433987007729684e-11,10766.34567104303,10800.0
main,2025-03-27,40478.17253208372,3.712808216427277e-11,40478.17253208376,8.037570609076283e-12,10800.0,10800.0
main,2025-03-28,15509.290180394497,1.745947408871018e-11,15509.290180394515,5.1589843508281774e-12,10800.0,10800.0
main,2025-03-29,15183.665030379167,310.6676523984709,15494.332682777638,52.58491600102129,10800.0,10800.0
main,2025-03-30,38783.64594820932,2.964498291291307e-11,38783.64594820934,8.5096374391469e-12,10800.0,10800.0
main,2025-03-31,36337.0231054537,4052.60353665163,40389.62664210533,732.0578354621772,10800.0,10800.0
main,2025-04-01,36489.67677246301,18965.829946302118,55455.50671876513,3006.4824117840344,10800.0,10800.0
main,2025-04-02,37165.20675613053,12425.409392305111,49590.61614843564,2337.7951296189003,10800.0,10800.0
main,2025-04-03,36574.4973833513,2588.890055908363,39163.38743925966,483.4012203750974,10800.0,10771.17801481101
main,2025-04-04,15061.44634536988,2.0399927302960918e-11,15061.446345369903,4.9609205632350495e-12,10771.17801481101,10800.0
main,2025-04-05,14535.909508710962,656.3518629278859,15192.26137163885,139.05838305804434,10800.0,10758.171688535327
main,2025-04-06,36214.139096811916,291.2406236755604,36505.37972048748,56.16110984036937,10758.171688535327,10788.44803810045
main,2025-04-07,36338.62406547459,3.775543311324015e-11,36338.62406547463,8.862910405582625e-12,10788.44803810045,10800.0
main,2025-04-08,38400.66935320108,1489.1455573820033,39889.81491058308,254.0056097168134,10800.0,10800.0
main,2025-04-09,39114.62654737884,263.70742385337496,39378.33397123221,66.18064150432834,10800.0,10800.0
main,2025-04-10,39576.65774724741,3.150956534581084e-11,39576.65774724744,6.280864717211898e-12,10800.0,10800.0
main,2025-04-11,15415.1832949374,2.2534750510061487e-11,15415.18329493742,5.3654858334084565e-12,10800.0,10800.0
main,2025-04-12,14435.561241649619,2.5263666714181455e-11,14435.561241649644,6.192379942149273e-12,10800.0,10800.0
main,2025-04-13,36039.556735611295,1505.2286515366382,37544.78538714793,261.22134604400617,10800.0,10800.0
main,2025-04-14,35445.28329101969,271.0934894144678,35716.37678043416,38.886806887874485,10800.0,10794.755186833321
main,2025-04-15,36031.494241767476,217.02321610896323,36248.51745787644,50.988010764490724,10794.755186833321,10800.0
main,2025-04-16,35182.523073846416,1561.6737462287588,36744.19682007517,331.6244652012677,10800.0,10751.880727696243
main,2025-04-17,34489.84225248789,1313.7581605103264,35803.60041299822,193.8457916781604,10751.880727696243,10800.0
main,2025-04-18,14093.20722258608,2.4656952257728903e-11,14093.207222586105,5.455635943008019e-12,10800.0,10800.0
main,2025-04-19,14110.18043424958,1.4322136754341132e-11,14110.180434249594,3.954503391412345e-12,10800.0,10800.0
main,2025-04-20,34422.69829044625,3.926411928922846e-11,34422.698290446286,8.975487020279616e-12,10800.0,10800.0
main,2025-04-21,34120.59924418881,321.1334647302228,34441.73270891903,61.337029822864615,10800.0,10741.19097082291
main,2025-04-22,34688.62136370182,85.70866440892677,34774.33002811075,23.456120527893063,10741.19097082291,10800.0
main,2025-04-23,35740.516820358716,3.475324104884603e-11,35740.51682035876,8.333139733807116e-12,10800.0,10800.0
main,2025-04-24,33753.00369471348,3.823818195414219e-11,33753.003694713516,8.712142118838528e-12,10800.0,10800.0
main,2025-04-25,12994.147670795623,102.53355973452399,13096.681230530145,21.081647349801127,10800.0,10730.593945760706
main,2025-04-26,12807.613427522287,2226.8695631229007,15034.482990645187,453.635786149631,10730.593945760706,10715.917216271691
main,2025-04-27,32122.64183737137,4715.826235201055,36838.46807257243,910.3698919660701,10715.917216271691,10741.72600541333
main,2025-04-28,31853.05672632863,39543.91630280588,71396.9730291345,6336.735392538254,10741.72600541333,10800.0
main,2025-04-29,35524.7865141916,14.821072173964454,35539.607586365564,2.1245803001687817,10800.0,10800.0
main,2025-04-30,33798.30073604586,207.74101661059916,34006.041752656456,44.91809011866842,10800.0,10790.458786939036
main,2025-05-01,32070.99393550024,13457.750694752647,45528.744630252884,2241.5390589117364,10790.458786939036,10240.865631907152
main,2025-05-02,13612.639731278548,12354.603208720178,25967.24293999873,2220.663534676527,10240.865631907152,10437.648156260864
main,2025-05-03,13794.082741345243,8751.604329386853,22545.687070732096,1598.8572477673667,10437.648156260864,10622.755275927768
main,2025-05-04,33571.576122159575,11318.111408931189,44889.68753109076,1856.2238907546969,10622.755275927768,10390.053890668787
main,2025-05-05,36728.143549699744,3140.443086563282,39868.58663626302,498.84945534295144,10390.053890668787,10769.448157047855
main,2025-05-06,37547.66508109069,658.29974111161,38205.964822202295,115.5899983410112,10769.448157047855,10561.394874873531
main,2025-05-07,39083.1418793247,3.2707084818284213e-11,39083.14187932473,6.671996288787341e-12,10561.394874873531,10800.0
main,2025-05-08,39520.703463397476,243.2289326250296,39763.9323960225,35.99925000000657,10800.0,10800.0
main,2025-05-09,19938.470635502505,1.709658903337186e-11,19938.470635502523,3.7694292132073315e-12,10800.0,10800.0
main,2025-05-10,15892.097102351432,2.940187215916268e-11,15892.097102351461,7.510658761589184e-12,10800.0,10800.0
main,2025-05-11,37227.48957533995,277.3610394583805,37504.85061479832,41.18071666667744,10800.0,10800.0
main,2025-05-12,39744.933090008366,2.805097043534488e-11,39744.933090008395,5.707434524993005e-12,10800.0,10800.0
main,2025-05-13,38974.21963534794,2.3144975713762505e-11,38974.21963534796,4.305888978706207e-12,10800.0,10800.0
main,2025-05-14,38191.72668957949,1.8596282430616283e-11,38191.72668957952,4.575173573329039e-12,10800.0,10800.0
main,2025-05-15,38241.2253792762,3.5289760086376635e-11,38241.225379276235,7.92227394796896e-12,10800.0,10800.0
main,2025-05-16,15516.575320483622,1.919998382504673e-11,15516.575320483642,5.137223979545524e-12,10800.0,10800.0
main,2025-05-17,16608.530063597565,2.5531292607849916e-11,16608.530063597587,7.109382527126229e-12,10800.0,10800.0
main,2025-05-18,39137.25518951898,2.8270637261740282e-11,39137.25518951902,8.239936510889834e-12,10800.0,10800.0
main,2025-05-19,38356.988443987066,428.0680453866415,38785.05648937371,63.46920385301347,10800.0,10800.0
main,2025-05-20,37401.74796215775,2.0576046644293907e-11,37401.747962157766,4.4284576006248244e-12,10800.0,10800.0
main,2025-05-21,38375.07194510575,2.7347341946537538e-11,38375.071945105774,5.909606137777246e-12,10800.0,10800.0
main,2025-05-22,38066.79975052581,8.469691588241336,38075.26944211405,1.25579236240683,10800.0,10800.0
main,2025-05-23,17836.3142834994,2.315398034413718e-11,17836.31428349942,4.749201032439032e-12,10800.0,10800.0
main,2025-05-24,16828.118684449903,2.184692753093298e-11,16828.118684449924,6.036421362765054e-12,10800.0,10800.0
main,2025-05-25,38603.28916117927,2.7390917700653717e-11,38603.2891611793,6.888822845496634e-12,10800.0,10800.0
main,2025-05-26,38781.58231298831,2.3600306153781503e-11,38781.58231298832,5.374367617605458e-12,10800.0,10800.0
main,2025-05-27,35283.72444802287,3.744512611092432e-11,35283.724448022906,9.282796753495859e-12,10800.0,10800.0
main,2025-05-28,36329.71579929765,3.8944982849731246e-11,36329.715799297686,9.017342428307984e-12,10800.0,10800.0
main,2025-05-29,35569.979806177376,2439.756029830958,38009.73583600834,400.7670943889573,10800.0,10800.0
main,2025-05-30,16049.411450455635,3.2361443746964364e-11,16049.411450455666,7.926992395823618e-12,10800.0,10800.0
main,2025-05-31,15583.933455091334,1298.841403451549,16882.77485854288,409.7263240522633,10800.0,10800.0
main,2025-06-01,35042.100907454034,85095.31745937985,120137.4183668339,14861.71908588524,10800.0,9823.887635312032
main,2025-06-02,37401.88674448413,51897.35121699542,89299.23796147956,9913.77452149766,9823.887635312032,9783.47192644735
main,2025-06-03,49925.21793949917,102.81954368286694,50028.037483182045,15.249256167902491,9783.47192644735,10800.0
main,2025-06-04,49933.77825059612,3.688630378917423e-11,49933.77825059616,8.498979298110498e-12,10800.0,10800.0
main,2025-06-05,48970.87857659336,279.22853421171124,49250.10711080507,41.4716373402263,10800.0,10800.0
main,2025-06-06,23806.537959052966,2.3798319759293916e-11,23806.537959052992,5.597300400950189e-12,10800.0,10800.0
main,2025-06-07,18113.896798744696,11842.45285881969,29956.349657564388,2522.3154139512776,10800.0,10445.476792238705
main,2025-06-08,54603.39478658736,738.3549574036255,55341.749743990986,109.51689879600227,10445.476792238705,10800.0
main,2025-06-09,50268.89233527436,48.93935727998432,50317.83169255434,7.25618760174978,10800.0,10800.0
main,2025-06-10,52781.06513532265,2.141627897245257e-11,52781.06513532267,4.3653969328261155e-12,10800.0,10800.0
main,2025-06-11,47946.88395581546,22200.88647491186,70147.77043072731,4685.105760500151,10800.0,10800.0
main,2025-06-12,54817.75107887224,3.35635261805578e-11,54817.75107887228,6.4854788206503144e-12,10800.0,10800.0
main,2025-06-13,22421.156462290484,1.972219668133768e-11,22421.156462290503,5.464573238356252e-12,10800.0,10800.0
main,2025-06-14,21161.398545585558,2.4649325691683544e-11,21161.39854558558,7.461586903900752e-12,10800.0,10800.0
main,2025-06-15,52359.479752827036,4.0514509080935574e-11,52359.47975282708,7.820410985459603e-12,10800.0,10800.0
main,2025-06-16,53578.8333095331,2.686649647198891e-11,53578.83330953315,6.41731112693833e-12,10800.0,10800.0
main,2025-06-17,50666.03140041887,2155.6233857798607,52821.65478619873,356.49342384055745,10800.0,10800.0
main,2025-06-18,50443.51125478219,63.27104271294119,50506.78229749514,9.381131694412025,10800.0,10800.0
main,2025-06-19,50367.59993714241,649.3737848391044,51016.9737219815,96.46490027522694,10800.0,10800.0
main,2025-06-20,21333.316954851718,1.9993093958170503e-11,21333.316954851736,4.674594045184222e-12,10800.0,10800.0
main,2025-06-21,20456.533248762305,214.07447404465728,20670.60772280696,53.23532749497295,10800.0,10800.0
main,2025-06-22,45318.74434113279,1820.819966583954,47139.56430771674,416.75889264827083,10800.0,10800.0
main,2025-06-23,46254.122952700505,44.81907507839331,46298.942027778896,6.648727945173692,10800.0,10800.0
main,2025-06-24,45862.034664243896,33046.97517029598,78909.00983453987,6456.009222773405,10800.0,10800.0
main,2025-06-25,54147.62346057409,113.1443721064905,54260.76783268058,16.74763938635785,10800.0,10800.0
main,2025-06-26,47619.12336728828,935.8527338383842,48554.97610112667,138.77282436639376,10800.0,10783.832572509942
main,2025-06-27,20588.849519256455,2.8034032317769685e-11,20588.849519256488,6.978417843583884e-12,10783.832572509942,10800.0
main,2025-06-28,19609.30627104742,2.730460701982906e-11,19609.306271047448,7.154277170684509e-12,10800.0,10800.0
main,2025-06-29,49542.5542783067,3.732642223086558e-11,49542.554278306736,8.134826146033447e-12,10800.0,10800.0
main,2025-06-30,50468.232162286164,87.66194134066085,50555.89410362682,12.99953466917693,10800.0,10800.0
main,2025-07-01,51021.844910063846,14918.237155233975,65940.08206529781,2834.0144954236785,10800.0,10077.079652888162
main,2025-07-02,51682.48702662974,13527.832862391982,65210.31988902171,2796.7310590606,10077.079652888162,9989.045596870477
main,2025-07-03,47817.501984361545,37749.777018120396,85567.27900248193,6718.926932961515,9989.045596870477,10672.503166828003
main,2025-07-04,26775.89315247622,1.586040099255115e-11,26775.893152476234,3.6202152386977104e-12,10672.503166828003,10800.0
main,2025-07-05,20326.683935728157,26038.094925805213,46364.77886153337,5795.170315583014,10800.0,10263.261622027721
main,2025-07-06,48049.1678477857,36126.31785151556,84175.48569930127,6792.6262189102235,10263.261622027721,10800.0
main,2025-07-07,61104.38442398576,1.6748860562354472e-11,61104.384423985764,3.791106317763138e-12,10800.0,10800.0
main,2025-07-08,57796.07125606673,3.039750895439397e-11,57796.07125606676,5.793143742494067e-12,10800.0,10800.0
main,2025-07-09,57769.46368106923,2.9804164691782374e-11,57769.46368106926,5.325073715312101e-12,10800.0,10800.0
main,2025-07-10,56923.892260875,2.398283083238084e-11,56923.89226087501,4.865441383117286e-12,10800.0,10800.0
main,2025-07-11,27560.659152067117,1.9436847020770643e-11,27560.65915206713,3.923528169025303e-12,10800.0,10800.0
main,2025-07-12,26640.98364390307,2.004926402676688e-11,26640.98364390309,5.700329097635404e-12,10800.0,10800.0
main,2025-07-13,53662.19011148165,40.56094935399727,53702.75106083565,6.033610911714687,10800.0,10800.0
main,2025-07-14,55384.583523503214,1.832345830621307e-11,55384.583523503235,4.0110137433657655e-12,10800.0,10800.0
main,2025-07-15,53593.69028478621,2.4464003267610224e-11,53593.69028478624,5.456080032217869e-12,10800.0,10800.0
main,2025-07-16,50999.53830200847,301.9034797783061,51301.441781786765,44.71043343386284,10800.0,10800.0
main,2025-07-17,50722.23330544964,12.715474753594558,50734.948780203245,1.88196177808183,10800.0,10800.0
main,2025-07-18,27366.623457362868,1.976645069845518e-11,27366.623457362883,5.211830966800335e-12,10800.0,10800.0
main,2025-07-19,25958.670815712136,2.2791511788966545e-11,25958.670815712157,5.496492150314225e-12,10800.0,10800.0
main,2025-07-20,50114.47174529124,190.3221154937079,50304.79386078495,27.282413344857137,10800.0,10800.0
main,2025-07-21,49984.36312387705,562.6570578721235,50547.02018174918,94.55547376522532,10800.0,10800.0
main,2025-07-22,51907.942808138934,180.79718774164184,52088.73999588058,26.81956114199393,10800.0,10800.0
main,2025-07-23,52968.45069442609,2.2733178228762086e-11,52968.45069442611,4.591438340639797e-12,10800.0,10800.0
main,2025-07-24,54369.93032470548,4.6109239093539144e-11,54369.930324705536,9.155343150268891e-12,10800.0,10800.0
main,2025-07-25,28564.466209410573,1.8688032454861058e-11,28564.46620941059,5.048406137575512e-12,10800.0,10800.0
main,2025-07-26,26487.577371776315,2.15156022997931e-11,26487.577371776337,5.7058802127585295e-12,10800.0,10800.0
main,2025-07-27,49708.059452642075,2944.418287686827,52652.47774032892,571.9105311408466,10800.0,10800.0
main,2025-07-28,52961.75393487902,93.35813292174949,53055.112067800765,13.842113265885242,10800.0,10800.0
main,2025-07-29,54741.22819717256,324.24769594126803,55065.47589311383,47.98309263428814,10800.0,10800.0
main,2025-07-30,54102.106423013436,2.2013870032422386e-11,54102.10642301345,4.869493697157168e-12,10800.0,10800.0
main,2025-07-31,53976.97537684418,242.54639265225384,54219.52176949643,36.02121032314445,10800.0,10800.0
main,2025-08-01,28404.073468812876,2.2901447849221766e-11,28404.073468812894,5.126565838509123e-12,10800.0,10800.0
main,2025-08-02,27499.812625581042,9.417192359251204e-12,27499.81262558105,2.2168933355715126e-12,10800.0,10800.0
main,2025-08-03,47863.29001996452,3299.0036580164315,51162.29367798095,530.6600097758688,10800.0,10634.098405475685
main,2025-08-04,45504.03098207589,2396.2398048388186,47900.27078691471,380.85007758449933,10634.098405475685,10800.0
main,2025-08-05,45642.48383868278,439.8508005766101,46082.3346392594,65.19932961125637,10800.0,10800.0
main,2025-08-06,43877.47682466095,13441.439654586562,57318.91647924752,2823.070618308254,10800.0,10699.595557123914
main,2025-08-07,46848.823885201724,827.4609259028362,47676.28481110455,122.2177259191766,10699.595557123914,10787.574210794704
main,2025-08-08,26046.12588583774,2.6390478247151353e-11,26046.12588583776,6.437517185986508e-12,10787.574210794704,10800.0
main,2025-08-09,23634.363538515747,765.9113046268112,24400.274843142557,173.24605494551577,10800.0,10800.0
main,2025-08-10,44355.51731232199,2776.660406058002,47132.17771838,411.73674075887726,10800.0,10753.870557074131
main,2025-08-11,44089.785201301784,2179.1926004056895,46268.97780170748,324.29862424122416,10753.870557074131,10716.717943214488
main,2025-08-12,43474.67441973144,16408.951631298318,59883.626051029765,2953.766184605788,10716.717943214488,10735.412183492917
main,2025-08-13,44993.66886887382,512.5253131282153,45506.19418200204,84.97346664992742,10735.412183492917,10800.0
main,2025-08-14,44622.9119558691,2805.965200079495,47428.8771559486,446.2875302634921,10800.0,10800.0
main,2025-08-15,24510.531197902535,2.7994249585105992e-11,24510.531197902565,6.860734202973617e-12,10800.0,10800.0
main,2025-08-16,23030.9064928882,2107.3076759960245,25138.214168884224,362.7704944135691,10800.0,10785.441258766405
main,2025-08-17,43092.07299135905,3494.590459452257,46586.663450811306,520.8266597847996,10785.441258766405,10679.86076000029
main,2025-08-18,44137.462307562935,2163.8309087702714,46301.29321633321,346.16321381306653,10679.86076000029,10800.0
main,2025-08-19,44915.80664440367,1590.461200620614,46506.26784502428,235.8197697935269,10800.0,10775.263194653951
main,2025-08-20,44558.25816077989,26831.19140120018,71389.44956198007,4450.069583688199,10775.263194653951,10762.793451191199
main,2025-08-21,45629.62075078806,1204.3626644961637,46833.98341528422,185.28321909941658,10762.793451191199,10765.475283571814
main,2025-08-22,24017.91326074057,2367.3682698136363,26385.281530554206,374.276668362455,10765.475283571814,10741.857636583816
main,2025-08-23,24290.922030924965,1.4406854820236958e-11,24290.92203092498,4.4497738826976274e-12,10741.857636583816,10800.0
main,2025-08-24,46068.07125646561,3194.322436961884,49262.3936934275,519.8708181197105,10800.0,10704.432318627107
main,2025-08-25,45771.50012674151,18170.807712355967,63942.307839097484,3236.0900499202685,10704.432318627107,10800.0
main,2025-08-26,47966.85067178716,359.0429294999685,48325.89360128712,53.16702576952268,10800.0,10800.0
main,2025-08-27,47891.96716494445,260.9852001264817,48152.95236507092,38.73177150279292,10800.0,10800.0
main,2025-08-28,46923.54890486333,7393.05031907508,54316.599223938414,1229.2100039393545,10800.0,10676.408871063602
main,2025-08-29,25773.364683874308,1.1580056025195518e-11,25773.36468387432,2.7355895326763857e-12,10676.408871063602,10800.0
main,2025-08-30,25688.44920516631,2.6516659978881307e-11,25688.449205166336,6.131983809609665e-12,10800.0,10800.0
main,2025-08-31,48534.60875198778,387.63830718056755,48922.247059168345,56.491346146901215,10800.0,10800.0
main,2025-09-01,46894.97090145126,3.29372156215868e-11,46894.97090145131,6.231459792616079e-12,10800.0,10800.0
main,2025-09-02,36763.4479646969,2268.127355941295,39031.57532063819,349.59743475159087,10800.0,10800.0
main,2025-09-03,38023.48221938843,4446.7386841426105,42470.220903531044,768.3227587060532,10800.0,10728.806715594703
main,2025-09-04,38056.90792386821,3594.0778949752766,41650.98581884349,600.8124079850181,10728.806715594703,10800.0
main,2025-09-05,23219.450436428117,6.924040008016164e-12,23219.450436428127,1.4210854715202004e-12,10800.0,10800.0
main,2025-09-06,18618.52164410602,1317.3416464955085,19935.863290601526,361.8715550371311,10800.0,10800.0
main,2025-09-07,34402.49377093956,17160.149925724156,51562.64369666371,3511.5230636320525,10800.0,10589.982142072553
main,2025-09-08,36060.79868582997,24075.859125176397,60136.65781100638,4596.215707026963,10589.982142072553,10619.22842796672
main,2025-09-09,40134.606526125746,228.98871097335217,40363.595237099085,38.436244171485825,10619.22842796672,10800.0
main,2025-09-10,40265.28555484394,9258.880298092377,49524.16585293633,1578.2206907328407,10800.0,10800.0
main,2025-09-11,41864.29260399025,40.929105000033076,41905.22170899029,6.071666666674195,10800.0,10800.0
main,2025-09-12,19194.100493020265,1.2993780273973243e-11,19194.10049302028,3.481659405224491e-12,10800.0,10800.0
main,2025-09-13,18332.32434296333,16.209092968050825,18348.533435931382,8.730995404275932,10800.0,10800.0
main,2025-09-14,40162.724577434026,1337.4191770660816,41500.1437545001,220.73022208015172,10800.0,10688.65260587345
main,2025-09-15,42931.53705161011,2.217434325046952e-11,42931.537051610125,4.8334669600080815e-12,10688.65260587345,10800.0
main,2025-09-16,42294.64415093587,55.38174766668664,42350.02589860255,8.238266666672146,10800.0,10800.0
main,2025-09-17,42666.27186325942,1.9877646646737636e-11,42666.27186325944,6.000713814735548e-12,10800.0,10800.0
main,2025-09-18,40466.54672994414,178.52875099313684,40645.075480937274,34.98921191301906,10800.0,10753.868246801045
main,2025-09-19,18349.787455851212,995.2421764630964,19345.02963231431,161.3670097471358,10753.868246801045,10800.0
main,2025-09-20,18506.006073029654,129.96027488947198,18635.966347919122,26.853485310940876,10800.0,10800.0
main,2025-09-21,44077.52961313019,3.9758859315952576e-11,44077.529613130224,8.637757176188643e-12,10800.0,10800.0
main,2025-09-22,41133.277290507016,1274.1824123860113,42407.45970289303,248.87101783162268,10800.0,10722.004010738481
main,2025-09-23,41879.60577318992,3431.86634824481,45311.47212143473,519.5864655618656,10722.004010738481,10798.14343953844
main,2025-09-24,45319.46561258037,1.9990900268496148e-11,45319.46561258038,4.907796391506736e-12,10798.14343953844,10800.0
main,2025-09-25,41813.010275960056,239.30068962901692,42052.31096558907,77.52215027440452,10800.0,10800.0
main,2025-09-26,19193.91571060892,3.145904026169433e-11,19193.91571060895,6.788347661768057e-12,10800.0,10800.0
main,2025-09-27,18752.539624175457,3058.240802879356,21810.78042705482,473.22070160554557,10800.0,10682.551783199857
main,2025-09-28,44632.157419827956,3.47769413266974e-11,44632.15741982799,7.008837954458613e-12,10682.551783199857,10800.0
main,2025-09-29,44452.044294095474,17.7570591373017,44469.801353232775,3.7910032317037143,10800.0,10800.0
main,2025-09-30,44409.32878492195,728.9508505643544,45138.279635486295,166.75625647131034,10800.0,10800.0
main,2025-10-01,45588.50858382751,25.918627327835896,45614.42721115536,11.963363640814475,10800.0,10800.0
main,2025-10-02,42557.638176748864,2.9716894056619484e-11,42557.63817674889,6.747269409856926e-12,10800.0,10800.0
main,2025-10-03,18154.07782206044,1.9933380279724135e-11,18154.07782206046,4.073186232744774e-12,10800.0,10800.0
main,2025-10-04,17019.531029285572,1045.698851619411,18065.229880904983,280.1180534042684,10800.0,10800.0
main,2025-10-05,38663.94329732173,3452.6165462869603,42116.5598436087,615.8640065663988,10800.0,10800.0
main,2025-10-06,36591.781064412055,9759.554298801426,46351.33536321349,1638.1575532976397,10800.0,10782.729016641677
main,2025-10-07,39369.396945933455,157.62491844956853,39527.02186438302,32.93856305489445,10782.729016641677,10800.0
main,2025-10-08,37955.91597624699,4827.9115809756595,42783.827557222656,776.6227051489246,10800.0,10759.006328737374
main,2025-10-09,37414.45942057201,2892.052939523235,40306.51236009526,516.7167088577789,10759.006328737374,10711.847699376025
main,2025-10-10,16734.252651662668,1217.9203527848435,17952.173004447515,251.38675189414408,10711.847699376025,10800.0
main,2025-10-11,16675.47625967444,2340.021997287372,19015.49825696181,441.1906993638285,10800.0,10800.0
main,2025-10-12,40106.714684720464,1835.6564905436876,41942.371175264154,293.3259063672541,10800.0,10765.777670566598
main,2025-10-13,39867.94572464082,612.2744915458238,40480.22021618665,115.35847905757059,10765.777670566598,10800.0
main,2025-10-14,39546.82433725693,4317.583209741041,43864.407546997965,837.4721974813191,10800.0,10651.566519052089
main,2025-10-15,40045.36781772754,5164.15707796017,45209.524895687726,931.5181243307004,10651.566519052089,10790.545372779725
main,2025-10-16,37882.309762206234,23259.119359500895,61141.42912170713,4769.5022459734955,10790.545372779725,10800.0
main,2025-10-17,18918.027208575033,1.85773103567044e-11,18918.02720857505,4.241940132487798e-12,10800.0,10800.0
main,2025-10-18,17512.66959947008,2.284136058072761e-11,17512.6695994701,5.529243729540667e-12,10800.0,10800.0
main,2025-10-19,44998.974980056286,1646.953355161815,46645.9283352181,276.82744693068975,10800.0,10753.672020124955
main,2025-10-20,44761.23440133002,2493.2969338523444,47254.531335182364,519.2180256757414,10753.672020124955,10800.0
main,2025-10-21,45028.68142319611,3.0635989078930946e-11,45028.68142319615,6.761036175362278e-12,10800.0,10800.0
main,2025-10-22,45102.49286138132,5692.8784288167735,50795.3712901981,975.8654807824962,10800.0,10800.0
main,2025-10-23,45859.41688329146,2.7445506534107268e-11,45859.41688329149,5.832223592960872e-12,10800.0,10800.0
main,2025-10-24,17859.847834778157,815.3450163771859,18675.192851155345,156.50020366300532,10800.0,10800.0
main,2025-10-25,18288.88628546281,2.9313958260779316e-11,18288.88628546284,7.232991983130432e-12,10800.0,10800.0
main,2025-10-26,46357.397731485005,2.7617040210259348e-11,46357.397731485034,5.835776306639673e-12,10800.0,10800.0
main,2025-10-27,46056.72423846694,2.713902791384726e-11,46056.72423846697,5.7558402488666616e-12,10800.0,10800.0
main,2025-10-28,46235.960171578874,2.9445346605427863e-11,46235.9601715789,5.394351632048711e-12,10800.0,10800.0
main,2025-10-29,44588.629878337735,10232.622805697873,54821.25268403561,1783.5104961880597,10800.0,10749.704179830587
main,2025-10-30,48289.479664474595,2.8086554859640955e-11,48289.47966447461,5.710099060252105e-12,10749.704179830587,10800.0
main,2025-10-31,18548.53536313489,3.4956783535530777e-11,18548.535363134928,7.993539207287736e-12,10800.0,10800.0
main,2025-11-01,18787.389927885157,4.077355875153899e-11,18787.3899278852,1.0206058220774139e-11,10800.0,10800.0
main,2025-11-02,48154.72248393991,2.8048911950018246e-11,48154.72248393994,6.267472651977357e-12,10800.0,10800.0
main,2025-11-03,48660.79232992531,2.26558898308582e-11,48660.79232992532,5.782485601457665e-12,10800.0,10800.0
main,2025-11-04,49254.33246986172,155.8171780333629,49410.14964789509,33.59955000000714,10800.0,10800.0
main,2025-11-05,49245.91344180649,3.6695549265886024e-11,49245.91344180653,7.66231522675298e-12,10800.0,10800.0
main,2025-11-06,46804.29529674057,6549.723467763268,53354.01876450384,1359.4942224071037,10800.0,10727.075284596376
main,2025-11-07,19834.73756064557,3.060246100972108e-11,19834.7375606456,5.965006266706041e-12,10727.075284596376,10800.0
main,2025-11-08,18620.72823102944,2.676971089243807e-11,18620.728231029465,6.647127293035737e-12,10800.0,10800.0
main,2025-11-09,46863.07251353613,4387.580115207551,51250.65262874367,811.0220453297069,10800.0,10761.626668634868
main,2025-11-10,48520.53416467618,4472.095982053032,52992.630146729214,805.6322611142897,10761.626668634868,10800.0
main,2025-11-11,49974.40644597962,4.034790158232506,49978.441236137856,0.9212901377393772,10800.0,10800.0
main,2025-11-12,49431.38019815499,42.48216985615797,49473.86236801115,9.700232870454368,10800.0,10800.0
main,2025-11-13,51210.714424479214,3.729548936348692e-11,51210.71442447925,7.211564678755167e-12,10800.0,10800.0
main,2025-11-14,19528.34848027925,3.706302198480671e-11,19528.34848027929,7.793765632868599e-12,10800.0,10800.0
main,2025-11-15,19107.556446315262,2.772317519994516e-11,19107.55644631529,6.727729484623524e-12,10800.0,10800.0
main,2025-11-16,50357.22880496362,4.467938019558915e-11,50357.22880496367,1.0468070854585676e-11,10800.0,10800.0
main,2025-11-17,51311.66821032658,3.9306218113654983e-11,51311.668210326614,9.55335810459701e-12,10800.0,10800.0
main,2025-11-18,50497.63969667755,718.3640119450633,51216.003708622615,155.48252826894426,10800.0,10763.979175219425
main,2025-11-19,51212.098016726944,6.301057500047864,51218.39907422698,1.3850000000105445,10763.979175219425,10745.598159154635
main,2025-11-20,51239.70695874852,365.5477087109733,51605.25466745949,77.32346041552313,10745.598159154635,10740.834663516835
main,2025-11-21,20327.56423193904,2.6841618039341597e-11,20327.564231939064,5.655365065138085e-12,10740.834663516835,10800.0
main,2025-11-22,19691.653339008855,2.79224613430884e-11,19691.653339008888,6.473710456589288e-12,10800.0,10781.3235580827
main,2025-11-23,51574.83792661314,898.7583428963328,52473.59626950947,203.304669931654,10781.3235580827,10800.0
main,2025-11-24,51657.480017148366,399.85402833104513,52057.33404547941,75.18762824542961,10800.0,10732.629644520915
main,2025-11-25,51052.52394114391,286.0219939703732,51338.54593511428,67.63612263576596,10732.629644520915,10800.0
main,2025-11-26,51829.0195854912,154.53999266670604,51983.55957815791,32.99316666667572,10800.0,10800.0
main,2025-11-27,52219.044362067485,770.238862356098,52989.28322442359,113.36986955264045,10800.0,10800.0
main,2025-11-28,20007.276852927083,52.46912293441421,20059.745975861497,8.583203490009158,10800.0,10800.0
main,2025-11-29,19819.715456365557,8694.473890155365,28514.18934652092,1551.3687054178415,10800.0,10750.070037188321
main,2025-11-30,54126.17950698135,137.92712849790666,54264.10663547926,21.18702863181732,10750.070037188321,10691.085349872585
main,2025-12-01,54275.17067261446,23463.513149196755,77738.68382181121,5585.209365692836,10691.085349872585,10718.633413411551
main,2025-12-02,58912.51392022989,10164.749522633032,69077.26344286294,2119.80918372867,10718.633413411551,10800.0
main,2025-12-03,62729.64550985989,1.769171420473725e-11,62729.6455098599,4.14890344302421e-12,10800.0,10800.0
main,2025-12-04,63090.39666005907,490.7298935300746,63581.12655358915,87.29328484922505,10800.0,10800.0
main,2025-12-05,25515.044269682414,154.31981445432302,25669.36408413674,74.99099302250497,10800.0,10800.0
main,2025-12-06,25382.48629355595,2083.1697392314127,27465.656032787356,748.105399492911,10800.0,10800.0
main,2025-12-07,62938.360607060975,1.7530914497854156e-11,62938.36060706099,4.247269203005999e-12,10800.0,10800.0
main,2025-12-08,62773.014209117886,2.0122769228692052e-11,62773.014209117915,3.7339020764193265e-12,10800.0,10800.0
main,2025-12-09,61163.71568841221,1075.7904624152593,62239.50615082747,188.94321034609612,10800.0,10800.0
main,2025-12-10,60806.82917405525,3.4703893536658366e-11,60806.82917405529,8.043343768804334e-12,10800.0,10800.0
main,2025-12-11,62056.67004399829,6.5459323380866,62063.215976336374,1.12059100198378,10800.0,10800.0
main,2025-12-12,26689.399453911374,2.67435087408785e-11,26689.3994539114,6.211919867382676e-12,10800.0,10800.0
main,2025-12-13,26622.26878381728,2.0320573002052812e-11,26622.268783817297,4.332978420507061e-12,10800.0,10800.0
main,2025-12-14,62452.727495115774,2.9677281965234674e-11,62452.7274951158,6.214584402641776e-12,10800.0,10800.0
main,2025-12-15,62538.937261035884,156.48848830574343,62695.42574934162,31.809836021087555,10800.0,10800.0
main,2025-12-16,61827.264635838306,260.526240262443,62087.79087610075,43.392987842941,10800.0,10710.39068623937
main,2025-12-17,61515.009821911444,233.41055159399426,61748.420373505454,45.18239381695945,10710.39068623937,10799.83815743678
main,2025-12-18,60129.85229745104,801.5198623873235,60931.37215983836,178.55966486292624,10799.83815743678,10792.674253612975
main,2025-12-19,26951.714270159966,671.6962691363138,27623.410539296285,110.44060502535123,10792.674253612975,10783.454626001327
main,2025-12-20,26558.149750184788,25.884658561986598,26584.034408746775,13.94271939777451,10783.454626001327,10733.454174311233
main,2025-12-21,61006.4614405583,919.8949776420794,61926.35641820037,135.15061105105946,10733.454174311233,10800.0
main,2025-12-22,60837.346594723465,2879.0891192533663,63716.43571397683,459.50078435613045,10800.0,10800.0
main,2025-12-23,61910.437985277036,4.1688441143605817e-11,61910.43798527708,7.539746604834363e-12,10800.0,10800.0
main,2025-12-24,61059.372526194486,45.73865948625322,61105.11118568073,6.556573894248225,10800.0,10800.0
main,2025-12-25,61554.88865006955,327.31168096503313,61882.200331034575,47.75073252299925,10800.0,10800.0
main,2025-12-26,26686.53200976782,3.2440206965134166e-11,26686.532009767852,7.013056801952189e-12,10800.0,10800.0
main,2025-12-27,26209.447974496412,764.3009717674107,26973.748946263822,125.02878648248334,10800.0,10800.0
main,2025-12-28,60182.229019615916,1162.2882041892635,61344.51722380518,204.74824881579832,10800.0,10800.0
main,2025-12-29,61717.403728161036,2.613087346503562e-11,61717.40372816107,4.792610752701876e-12,10800.0,10800.0
main,2025-12-30,59771.16300584888,730.6758972881253,60501.838903137,129.0564465991864,10800.0,10800.0
main,2025-12-31,54979.61602434811,4388.532640892723,59368.14866524083,829.9599637541418,10800.0,1282.2813986383183
median_only,2025-02-01,21426.085544289177,235.54757207291806,21661.633116362096,61.99074826395728,10800.0,10800.0
median_only,2025-02-02,53740.08626807063,4108.180856522842,57848.267124593476,848.26944849604,10800.0,10656.23009874078
median_only,2025-02-03,54014.5228081214,1763.6283422774018,55778.1511503988,293.14646106314973,10656.23009874078,10800.0
median_only,2025-02-04,52726.801289728566,9928.832323642793,62655.63361337137,1950.7417241226365,10800.0,10690.891871793538
median_only,2025-02-05,52416.91723142043,6882.056286462101,59298.973517882536,1581.4997359804722,10690.891871793538,10728.056628022463
median_only,2025-02-06,53144.17262612403,1615.4284761799872,54759.60110230401,299.25508969875307,10728.056628022463,10684.811035104705
median_only,2025-02-07,20516.1724979076,447.2182611307737,20963.39075903837,91.603225190061,10684.811035104705,10800.0
median_only,2025-02-08,18693.934359377534,2988.683206817347,21682.617566194884,739.3346743364639,10800.0,10786.978213121449
median_only,2025-02-09,49889.32635742266,16366.009702746116,66255.33606016877,3306.714610316233,10786.978213121449,10686.473510173388
median_only,2025-02-10,51439.12828115162,1979.6169017770562,53418.74518292868,491.0997598127306,10686.473510173388,10653.396547077404
median_only,2025-02-11,50874.816327535555,2685.2882627826903,53560.104590318246,451.15260706546536,10653.396547077404,10782.825490058349
median_only,2025-02-12,48524.994878063066,8405.573570838584,56930.568448901664,1665.277410118205,10782.825490058349,10735.118995088753
median_only,2025-02-13,48872.64303590606,1353.1654428829077,50225.80847878895,327.1631611581553,10735.118995088753,10749.652648077223
median_only,2025-02-14,18008.26032600926,4310.220118067146,22318.48044407641,935.4181520721245,10749.652648077223,10774.974657884297
median_only,2025-02-15,18101.024857623044,3562.1005900655655,21663.12544768861,868.5994996535655,10774.974657884297,10724.606301383266
median_only,2025-02-16,46793.7889248739,15412.795503319445,62206.584428193346,3252.15694877488,10724.606301383266,10663.355797225506
median_only,2025-02-17,47274.58769293217,1911.8006627430645,49186.38835567523,447.8708874625205,10663.355797225506,10689.172989465653
median_only,2025-02-18,46334.652218239615,5287.385720312199,51622.0379385518,1002.187171665376,10689.172989465653,10788.442694750775
median_only,2025-02-19,46068.89236548444,12687.707132099758,58756.59949758419,2765.680172572779,10788.442694750775,10577.10077195553
median_only,2025-02-20,46454.88731927205,5998.9870745549,52453.87439382695,1237.587382027238,10577.10077195553,10737.688932983761
median_only,2025-02-21,17537.38764100393,2008.523326597502,19545.910967601434,560.3887280265678,10737.688932983761,10745.138421107426
median_only,2025-02-22,17383.239445315812,3906.0588698206784,21289.298315136482,1007.0507830366768,10745.138421107426,10737.747428097826
median_only,2025-02-23,46827.289897005656,2028.2672158047867,48855.55711281044,528.4772531975832,10737.747428097826,10657.262879201879
median_only,2025-02-24,44666.01469645505,3769.5646698027685,48435.57936625782,791.2717100110883,10657.262879201879,10724.751717371426
median_only,2025-02-25,44876.44434493602,1702.7706465398119,46579.21499147583,398.4213113102546,10724.751717371426,10663.84829535069
median_only,2025-02-26,43472.600873790674,8622.64218894591,52095.24306273658,1827.6068389851469,10663.84829535069,10800.0
median_only,2025-02-27,43346.68853376528,9693.62998116296,53040.318514928236,1950.3451614523874,10800.0,10800.0
median_only,2025-02-28,17154.692004104156,1312.0845575880041,18466.776561692157,430.1941465823153,10800.0,10776.892347566174
median_only,2025-03-01,17100.14285082899,1285.3995761929186,18385.54242702191,281.6809252609488,10776.892347566174,10795.602297791876
median_only,2025-03-02,44183.31918400613,18547.768856625255,62731.08804063139,3764.829105024475,10795.602297791876,10580.930317014114
median_only,2025-03-03,42565.26478672767,31710.380210032494,74275.64499676015,6186.274161388157,10580.930317014114,10690.746232040749
median_only,2025-03-04,46548.74157631904,108.69615492401223,46657.43773124305,44.53314807486335,10690.746232040749,10646.633584887233
median_only,2025-03-05,45062.788515120104,1130.8394261464762,46193.62794126658,179.81841163510308,10646.633584887233,10758.817107645262
median_only,2025-03-06,42525.965826621694,4738.2913421057665,47264.25716872747,996.3866438441578,10758.817107645262,10688.293732879945
median_only,2025-03-07,17029.592910493568,462.70875335587243,17492.301663849437,110.15936400670205,10688.293732879945,10800.0
median_only,2025-03-08,16004.386950107375,2674.2731166407643,18678.66006674814,967.4482230492614,10800.0,10800.0
median_only,2025-03-09,41810.37868221113,5305.69737474842,47116.076056959544,1230.6059797822586,10800.0,10699.061734035577
median_only,2025-03-10,41160.475926082,20011.615950575415,61172.09187665741,3610.0190426998333,10699.061734035577,10692.19992424551
median_only,2025-03-11,42222.04379786996,2356.5994101514475,44578.643208021414,584.6319506067774,10692.19992424551,10748.210274057463
median_only,2025-03-12,42315.89857760505,2915.3521634888793,45231.25074109393,654.7253626430914,10748.210274057463,10625.801957708329
median_only,2025-03-13,40173.211945286035,25604.862229663588,65778.07417494962,4479.385844782695,10625.801957708329,10716.624694299942
median_only,2025-03-14,15957.954863358564,490.52949382672415,16448.48435718529,101.855328199404,10716.624694299942,10800.0
median_only,2025-03-15,15727.747500531419,2751.453299849782,18479.200800381197,734.8748996129808,10800.0,10659.663116210395
median_only,2025-03-16,40484.84851522463,4084.5900102973965,44569.43852552202,1165.3063467219376,10659.663116210395,10600.14824349251
median_only,2025-03-17,41665.30794704107,783.7706298998801,42449.07857694095,137.69632120209835,10600.14824349251,10800.0
median_only,2025-03-18,40228.17725584433,7021.241369666002,47249.418625510334,1407.617968063966,10800.0,10775.895131060443
median_only,2025-03-19,39848.45189941523,4681.526747975721,44529.978647390955,954.7854511603118,10775.895131060443,10800.0
median_only,2025-03-20,39616.19309163376,7566.47076350556,47182.663855139304,1654.9492648711632,10800.0,10738.440652945546
median_only,2025-03-21,15555.101740612728,696.9256636615739,16252.027404274302,240.18903142983277,10738.440652945546,10800.0
median_only,2025-03-22,15421.14656144827,319.91847304167976,15741.065034489948,94.27509839220083,10800.0,10800.0
median_only,2025-03-23,38200.38179039942,6396.7296934471615,44597.11148384658,1453.8818402126817,10800.0,10785.98081501646
median_only,2025-03-24,36499.73393136004,8993.205538623084,45492.93946998312,2054.5840350299204,10785.98081501646,10651.863646396487
median_only,2025-03-25,37045.889854739886,15494.8541200098,52540.74397474968,3019.9468331542284,10651.863646396487,10697.908570660078
median_only,2025-03-26,36949.85637008869,2525.518600503649,39475.37497059234,521.1779851788702,10697.908570660078,10743.536620116858
median_only,2025-03-27,37130.66928988896,7025.283492314789,44155.95278220375,1499.919473266258,10743.536620116858,10729.817296274818
median_only,2025-03-28,14735.854049127773,1278.6601888274795,16014.51423795525,339.8626383785309,10729.817296274818,10745.939750070478
median_only,2025-03-29,14621.543387298556,2117.7033772777463,16739.246764576303,508.7475717456056,10745.939750070478,10773.034030190005
median_only,2025-03-30,35383.52129287843,3455.513098082256,38839.03439096069,747.7113014822446,10773.034030190005,10795.660984191672
median_only,2025-03-31,34488.14390185125,17144.594507293223,51632.73840914446,3219.1804995864372,10795.660984191672,10795.660715509599
median_only,2025-04-01,34915.24291164392,32449.954393067448,67365.19730471137,5365.027163407132,10795.660715509599,10797.265610576284
median_only,2025-04-02,35649.68216217819,24739.06356615071,60388.745728328904,4348.667044444019,10797.265610576284,10755.066897068853
median_only,2025-04-03,35319.132708586985,6085.327375573377,41404.46008416035,1191.8906659502793,10755.066897068853,10665.880674939996
median_only,2025-04-04,14399.488149354253,263.4517116937943,14662.939861048048,119.45797278097473,10665.880674939996,10800.0
median_only,2025-04-05,13949.756283885119,2801.6736923950466,16751.429976280167,709.8373789409089,10800.0,10702.26746121472
median_only,2025-04-06,34991.80056052473,2785.8191643157706,37777.61972484049,612.7328123314786,10702.26746121472,10767.592247921684
median_only,2025-04-07,34911.645411523146,481.43255545288133,35393.07796697603,132.64777605821365,10767.592247921684,10696.320224479921
median_only,2025-04-08,36071.23517845252,4872.514263310022,40943.74944176254,1001.9151773346479,10696.320224479921,10716.019686960984
median_only,2025-04-09,35377.908259821874,19666.21688005908,55044.125139880955,3413.877445233144,10716.019686960984,10762.243632947971
median_only,2025-04-10,36699.05018968301,2434.0964477542475,39133.14663743727,506.72026718437735,10762.243632947971,10769.26889322655
median_only,2025-04-11,14433.066631357971,240.34426570027358,14673.410897058246,111.02858515427627,10769.26889322655,10800.0
median_only,2025-04-12,13760.765095020499,955.5872053477823,14716.35230036828,253.2224726930988,10800.0,10780.415083599068
median_only,2025-04-13,33607.98129924794,10787.388666657069,44395.36996590501,1925.7327638319518,10780.415083599068,10782.834601122126
median_only,2025-04-14,34314.50539065626,1201.4587619620481,35515.96415261831,303.7067155678078,10782.834601122126,10762.954945625283
median_only,2025-04-15,34375.291940635056,2812.741816002913,37188.03375663797,606.1483044826642,10762.954945625283,10793.06623015984
median_only,2025-04-16,33937.51994125556,10629.33612892673,44566.85607018229,1962.9613103074892,10793.06623015984,10689.338061225597
median_only,2025-04-17,33422.54136793257,5464.41532619162,38886.95669412419,984.0554589647153,10689.338061225597,10800.0
median_only,2025-04-18,13318.791446082367,572.804514019612,13891.595960101979,263.8170270515148,10800.0,10800.0
median_only,2025-04-19,13505.70160044249,263.01572456821265,13768.717325010703,124.12911354866418,10800.0,10800.0
median_only,2025-04-20,33505.99381243238,606.1805496376433,34112.17436207003,203.27276393088871,10800.0,10800.0
median_only,2025-04-21,32933.23519426505,2248.7803336882525,35182.01552795329,561.6765853846548,10800.0,10666.82658710061
median_only,2025-04-22,33148.988666724996,2244.815638830346,35393.80430555534,692.1558387050246,10666.82658710061,10684.1960391228
median_only,2025-04-23,33471.60445058733,732.2077827417883,34203.81223332912,293.3934602175698,10684.1960391228,10800.0
median_only,2025-04-24,32417.948707000898,2003.2828733969031,34421.231580397805,389.580179775763,10800.0,10793.651720878843
median_only,2025-04-25,12436.014675313469,1428.087879082382,13864.102554395851,291.0842988224475,10793.651720878843,10709.957967536877
median_only,2025-04-26,12320.850646101342,3707.833970095334,16028.684616196679,740.8156000046625,10709.957967536877,10670.6662864279
median_only,2025-04-27,30932.206537498558,6534.034955145845,37466.241492644396,1395.4863445572064,10670.6662864279,10674.856488924117
median_only,2025-04-28,30709.94356689487,48708.75385041308,79418.69741730797,8112.621147238271,10674.856488924117,10767.16837048819
median_only,2025-04-29,32613.90968684404,4546.74031952112,37160.65000636516,941.1291130722038,10767.16837048819,10800.0
median_only,2025-04-30,32497.54062366961,722.8315835966941,33220.3722072663,150.28905039289918,10800.0,10751.670763554746
median_only,2025-05-01,30782.01296251284,20045.041979515845,50827.054942028684,3824.671159521278,10751.670763554746,10064.100186596354
median_only,2025-05-02,12791.692060064735,16665.103730929284,29456.795790994023,3295.6095213615345,10064.100186596354,10329.300193183493
median_only,2025-05-03,12970.399061164138,12420.590204901104,25390.98926606524,2400.80023681267,10329.300193183493,10546.528960674364
median_only,2025-05-04,32012.49948707478,14055.73086887962,46068.230355954394,2465.6813268959704,10546.528960674364,10268.51034973824
median_only,2025-05-05,33948.15899341744,14990.543519759383,48938.70251317684,2691.7179951396265,10268.51034973824,10670.314751687521
median_only,2025-05-06,35202.41399688469,4462.544021156006,39664.95801804069,817.3235298795887,10670.314751687521,10496.26194680006
median_only,2025-05-07,34866.12532525932,10141.715348322763,45007.84067358209,1929.332201589223,10496.26194680006,10693.50963623339
median_only,2025-05-08,35935.96350268475,4991.554220863173,40927.51772354792,954.5258171238977,10693.50963623339,10744.340214895092
median_only,2025-05-09,16414.99976145364,1.7731501600337652e-11,16414.99976145366,4.281019982954604e-12,10744.340214895092,10800.0
median_only,2025-05-10,14620.709803567606,1323.5355077001745,15944.245311267785,335.6318308764898,10800.0,10517.330701892974
median_only,2025-05-11,34893.00443174816,6336.077667773821,41229.082099521984,1232.411324043001,10517.330701892974,10542.733427651294
median_only,2025-05-12,35914.28527947275,1595.2840549182527,37509.569334391,332.2474568374478,10542.733427651294,10800.0
median_only,2025-05-13,35180.24071955339,544.1014103824645,35724.34212993585,104.01590215017514,10800.0,10800.0
median_only,2025-05-14,34451.9724248166,1275.1852086327128,35727.157633449315,342.651509340859,10800.0,10602.81606878225
median_only,2025-05-15,34594.729695695234,5224.161520613631,39818.89121630887,1274.749207145546,10602.81606878225,10800.0
median_only,2025-05-16,14512.260695335819,196.68744796814946,14708.94814330397,89.84346008540376,10800.0,10778.8226435106
median_only,2025-05-17,14501.710234370412,2943.7852604847867,17445.495494855197,707.0166886612658,10778.8226435106,10709.369236828981
median_only,2025-05-18,34427.82816047958,3310.0997370648242,37737.9278975444,698.4928954934246,10709.369236828981,10653.35659299165
median_only,2025-05-19,34073.457364708964,935.326083559861,35008.78344826883,136.78522207949356,10653.35659299165,10800.0
median_only,2025-05-20,33064.681622510136,20803.86819364137,53868.54981615151,3407.2679594881124,10800.0,10717.726068054779
median_only,2025-05-21,33567.329770126686,5865.430512143611,39432.7602822703,1357.9693967152893,10717.726068054779,10665.738670607077
median_only,2025-05-22,33814.83585712938,1332.8319411397792,35147.66779826916,284.9495655190365,10665.738670607077,10800.0
median_only,2025-05-23,15397.116230651482,602.9416789160935,16000.057909567575,280.1510840385905,10800.0,10800.0
median_only,2025-05-24,14486.38292678115,757.2407030170718,15243.623629798225,345.4292739852098,10800.0,10800.0
median_only,2025-05-25,34901.90800404492,184.78295287127418,35086.690956916194,59.415914300883024,10800.0,10785.376182535145
median_only,2025-05-26,34600.41042318207,10682.058733878483,45282.46915706055,1645.514552679712,10785.376182535145,10800.0
median_only,2025-05-27,33244.5482249745,2059.411158653719,35303.95938362821,606.0016109305395,10800.0,10774.201102230165
median_only,2025-05-28,34447.172821341934,1486.9290845037276,35934.10190584566,327.95160187470765,10774.201102230165,10800.0
median_only,2025-05-29,33857.17429742884,13884.504765459227,47741.67906288806,2373.557861027358,10800.0,10800.0
median_only,2025-05-30,14776.790944420356,1593.3837764456125,16370.174720865965,410.832082860541,10800.0,10800.0
median_only,2025-05-31,14346.905944016713,1936.553177696775,16283.45912171349,691.8201355322053,10800.0,10800.0
median_only,2025-06-01,33223.18630815249,93939.22651911378,127162.4128272663,17575.50984697371,10800.0,9762.691490276658
median_only,2025-06-02,35946.53950362008,57574.379867066564,93520.91937068664,11934.947539983392,9762.691490276658,9721.431974636353
median_only,2025-06-03,44334.18541919146,6614.424319155563,50948.609738347026,1111.7876104670158,9721.431974636353,10653.971156757882
median_only,2025-06-04,44439.79651237178,5195.257905927445,49635.05441829923,1101.0758283472735,10653.971156757882,10507.697015401644
median_only,2025-06-05,46189.27679230267,5778.804950456345,51968.08174275901,1228.0635802069894,10507.697015401644,10800.0
median_only,2025-06-06,20891.05775628562,7596.436440410313,28487.49419669593,1479.6697059963453,10800.0,10800.0
median_only,2025-06-07,17105.945092944698,15880.953955724131,32986.89904866883,3551.911279415845,10800.0,10346.671378881007
median_only,2025-06-08,49432.083635084506,3239.800888997325,52671.884524081834,655.7312482105966,10346.671378881007,10504.710611163267
median_only,2025-06-09,46060.598835667086,9549.984158538115,55610.5829942052,1856.3382081204609,10504.710611163267,10800.0
median_only,2025-06-10,47717.15575373992,30.47536331157252,47747.6311170515,13.868197183869038,10800.0,10800.0
median_only,2025-06-11,46184.93989228678,31756.691015288685,77941.63090757545,6449.541777451979,10800.0,10800.0
median_only,2025-06-12,50303.89959365716,28.42948590581011,50332.32907956297,13.041048580637396,10800.0,10800.0
median_only,2025-06-13,20959.401479160733,1455.4363009498713,22414.837780110603,669.6826503980946,10800.0,10800.0
median_only,2025-06-14,20028.11573616777,865.9144751320518,20894.03021129982,313.07390978273554,10800.0,10640.35184755424
median_only,2025-06-15,46112.87742297644,4160.843085376235,50273.72050835268,877.6369385499687,10640.35184755424,10798.246717750004
median_only,2025-06-16,48183.580962932305,2176.636307167202,50360.217270099514,597.0979752191784,10798.246717750004,10800.0
median_only,2025-06-17,48345.7532017439,7201.754947549654,55547.50814929356,1556.6806752738455,10800.0,10658.209963033076
median_only,2025-06-18,47983.70680451091,618.7093192976655,48602.41612380857,90.25063400153495,10658.209963033076,10795.345791936461
median_only,2025-06-19,46568.04208909135,2040.7301760359207,48608.77226512726,479.735096689721,10795.345791936461,10682.787782068799
median_only,2025-06-20,20260.33975339776,132.21102640222324,20392.55077979998,60.13968794113627,10682.787782068799,10800.0
median_only,2025-06-21,19382.69439396484,1897.3441107133626,21280.038504678203,649.0881328534515,10800.0,10800.0
median_only,2025-06-22,43009.06143250427,7531.017224876286,50540.07865738057,1718.062880238227,10800.0,10772.769780196137
median_only,2025-06-23,43538.129573572776,8154.637953493783,51692.76752706656,1522.3573686922812,10772.769780196137,10626.845764132071
median_only,2025-06-24,43939.62376318759,46373.39428886483,90313.01805205243,8864.681917264306,10626.845764132071,10754.00674487692
median_only,2025-06-25,48434.358020296226,577.7098228680937,49012.067843164325,85.63189435578609,10754.00674487692,10800.0
median_only,2025-06-26,45554.33319894364,2773.933197886602,48328.266396830244,517.1655933078126,10800.0,10571.445537130621
median_only,2025-06-27,19551.444258644184,2.5594860453281854e-11,19551.444258644213,6.0325078266032506e-12,10571.445537130621,10800.0
median_only,2025-06-28,18584.831076841507,1237.751586018426,19822.58266285993,345.7098798297799,10800.0,10800.0
median_only,2025-06-29,44236.76762754891,8566.484232532932,52803.25186008183,1690.606755205575,10800.0,10800.0
median_only,2025-06-30,45057.22879422965,4247.253124533991,49304.48191876365,1008.3083620288,10800.0,10609.083409820154
median_only,2025-07-01,45537.79025481038,32265.510034329225,77803.3002891396,7671.219382046476,10609.083409820154,9661.27959442622
median_only,2025-07-02,49041.989423355306,21327.1865672145,70369.17599056981,5193.907009929208,9661.27959442622,9772.043892054638
median_only,2025-07-03,46171.10546957084,50328.44155553493,96499.54702510576,9050.26301937068,9772.043892054638,10547.668909993947
median_only,2025-07-04,24580.33496934123,3392.662469060174,27972.997438401402,850.6270614315806,10547.668909993947,10715.635802544013
median_only,2025-07-05,18983.902670508607,31426.53263286635,50410.435303374965,7333.596087504907,10715.635802544013,9927.371080756102
median_only,2025-07-06,44425.36699343797,58501.32793915909,102926.69493259706,11192.780187664794,9927.371080756102,10401.210329565098
median_only,2025-07-07,54487.9221531333,407.7857503249824,54895.7079034583,95.35535316511005,10401.210329565098,10800.0
median_only,2025-07-08,50764.73207974396,13008.382527029173,63773.11460677313,2623.8566413667922,10800.0,10800.0
median_only,2025-07-09,51114.192515420604,183.47986043084722,51297.67237585144,27.21647414238083,10800.0,10800.0
median_only,2025-07-10,49861.76119028077,2987.9770744003226,52849.738264681095,462.67107501993115,10800.0,10568.859764416091
median_only,2025-07-11,26454.856712666766,1.8207131802228104e-11,26454.85671266678,3.737454790098127e-12,10568.859764416091,10800.0
median_only,2025-07-12,25387.198816367934,382.881829520246,25770.080645888178,72.74463107699673,10800.0,10742.049195278792
median_only,2025-07-13,50439.295098976494,508.2749108523825,50947.57000982887,75.02625117244524,10742.049195278792,10800.0
median_only,2025-07-14,49265.989290470985,2385.839571640747,51651.82886211173,460.6200269920214,10800.0,10640.899185764472
median_only,2025-07-15,49138.66529648224,76.34602979987793,49215.01132628212,11.316490571206606,10640.899185764472,10800.0
median_only,2025-07-16,47845.665088136666,5136.953820849198,52982.61890898586,1016.3414763358919,10800.0,10786.842921313782
median_only,2025-07-17,47926.47267519968,8867.27788975037,56793.750564950045,1653.4997002503617,10786.842921313782,10550.937121215047
median_only,2025-07-18,26079.397180244385,1.2848109243179807e-11,26079.397180244403,4.704236999941713e-12,10550.937121215047,10800.0
median_only,2025-07-19,24665.136951352702,3464.0241488191978,28129.1611001719,732.6559093304218,10800.0,10725.545416324574
median_only,2025-07-20,47544.21018391724,5098.723111078414,52642.93329499565,932.0689025881474,10725.545416324574,10688.113915735847
median_only,2025-07-21,47709.36541188392,11026.36282437044,58735.72823625436,2020.446829543528,10688.113915735847,10767.30389385306
median_only,2025-07-22,49606.82367533607,3503.082401383287,53109.90607671936,725.6790990093742,10767.30389385306,10800.0
median_only,2025-07-23,48334.74939272298,11620.936089094972,59955.685481817956,2262.6936938513527,10800.0,10788.497230227356
median_only,2025-07-24,49543.122832444235,4703.225684658706,54246.348517102946,956.640150568154,10788.497230227356,10800.0
median_only,2025-07-25,27194.62900658817,1.9591857913781042e-11,27194.629006588188,5.185185614209331e-12,10800.0,10800.0
median_only,2025-07-26,25370.560771448014,62.38072885043829,25432.941500298453,30.087324439122742,10800.0,10800.0
median_only,2025-07-27,47386.734121508896,13972.764353109826,61359.49847461872,2802.665962320955,10800.0,10692.627235624317
median_only,2025-07-28,48579.95656469094,24638.775736830703,73218.73230152165,4310.6056406155685,10692.627235624317,10685.742814347146
median_only,2025-07-29,50290.26080940751,4231.873237187268,54522.13404659478,764.6985001948609,10685.742814347146,10800.0
median_only,2025-07-30,49736.96134857428,2646.819231482145,52383.780580056424,461.6636520006729,10800.0,10800.0
median_only,2025-07-31,49129.13644893473,6340.265450500886,55469.401899435616,1105.4102928677542,10800.0,10774.548669675514
median_only,2025-08-01,26419.75865982671,199.42544434983722,26619.18410417655,90.83418672998982,10774.548669675514,10800.0
median_only,2025-08-02,26333.771767690927,1.244172753711581e-11,26333.771767690938,3.6151082127844347e-12,10800.0,10800.0
median_only,2025-08-03,46108.64277980684,4570.521491374794,50679.164271181624,812.0246827401487,10800.0,10497.390520338511
median_only,2025-08-04,43236.12174423026,5970.231839352868,49206.35358358313,1187.877354247185,10497.390520338511,10450.29673785912
median_only,2025-08-05,43679.35693190202,2241.135806801396,45920.49273870341,444.3581914666488,10450.29673785912,10585.777506974831
median_only,2025-08-06,42445.20842736171,23954.749796306052,66399.95822366777,4736.980371734689,10585.777506974831,10658.148346885353
median_only,2025-08-07,45225.67795255729,1883.6290664084308,47109.30701896572,277.5216649772437,10658.148346885353,10685.938836948442
median_only,2025-08-08,24431.058996311367,2.8991671285893973e-11,24431.058996311393,6.885159109515371e-12,10685.938836948442,10800.0
median_only,2025-08-09,22493.220604385497,4677.017648803486,27170.238253188985,1028.924373397471,10800.0,10644.825091519006
median_only,2025-08-10,41695.068723419376,20068.143809880647,61763.212533300015,3396.4182068083987,10644.825091519006,10562.672673041938
median_only,2025-08-11,42672.897493005905,6385.894798169324,49058.79229117523,1130.7055272355392,10562.672673041938,10616.403013190951
median_only,2025-08-12,42245.08931425256,27370.31204402758,69615.40135828014,4767.24038762271,10616.403013190951,10668.745473050585
median_only,2025-08-13,43046.93345022129,14855.859151225466,57902.79260144675,2356.4546724492197,10668.745473050585,10779.153332421902
median_only,2025-08-14,42563.49952118317,15874.253594437881,58437.753115621046,2744.0228464667603,10779.153332421902,10694.504456677982
median_only,2025-08-15,23141.46569781917,1371.7225530039937,24513.18825082316,371.3261269575516,10694.504456677982,10750.496064511914
median_only,2025-08-16,22301.743116717676,4610.011052587436,26911.75416930511,1097.598294700898,10750.496064511914,10666.163483819324
median_only,2025-08-17,41777.22509318158,9519.834334396042,51297.059427577624,1864.1222053150625,10666.163483819324,10613.501631002982
median_only,2025-08-18,42451.130227958376,10318.981679852457,52770.11190781084,2059.6601750657883,10613.501631002982,10757.735979374951
median_only,2025-08-19,42911.456174391526,4762.104807206738,47673.560981598275,1032.4724564078736,10757.735979374951,10647.772083990412
median_only,2025-08-20,42826.18041672083,39480.057763338205,82306.23818005904,6563.92365474091,10647.772083990412,10587.370544138581
median_only,2025-08-21,43888.283991255084,3500.550487755029,47388.83447901011,668.6912561785008,10587.370544138581,10636.133258736474
median_only,2025-08-22,23066.928396713818,6209.3336429877245,29276.26203970154,1288.125079337819,10636.133258736474,10684.732430705619
median_only,2025-08-23,23199.96894702065,2035.1051684910858,25235.074115511736,462.9600749621315,10684.732430705619,10721.46428043487
median_only,2025-08-24,43903.33570531045,8665.196455733472,52568.53216104391,1718.1689979905157,10721.46428043487,10643.83720716408
median_only,2025-08-25,43968.14375501485,30864.447393757255,74832.5911487721,5286.5801451209545,10643.83720716408,10672.24110482667
median_only,2025-08-26,45601.73876860169,3036.1366262448873,48637.87539484657,581.2127947328497,10672.24110482667,10764.165704829298
median_only,2025-08-27,45418.67438635402,4912.611832565231,50331.28621891923,956.7045456799509,10764.165704829298,10678.78004221335
median_only,2025-08-28,45224.766703934394,20308.140213251347,65532.90691718574,3365.657949244631,10678.78004221335,10571.151750043406
median_only,2025-08-29,24872.64998883409,1.5614944892661244e-11,24872.649988834106,3.3377745012330706e-12,10571.151750043406,10800.0
median_only,2025-08-30,24602.790027348667,307.76166357836803,24910.551690927034,122.43973930597959,10800.0,10698.018544293389
median_only,2025-08-31,44121.61308237347,12226.3156778334,56347.92876020687,2065.910337975977,10698.018544293389,10798.847584609954
median_only,2025-09-01,45254.91971011985,2.118825648267375e-11,45254.919710119866,4.078515303262975e-12,10798.847584609954,10800.0
median_only,2025-09-02,35094.771461009994,11373.705792689812,46468.47725369981,2398.3497075263494,10800.0,10800.0
median_only,2025-09-03,35884.45309705591,9378.073000861019,45262.52609791693,2033.5354495730912,10800.0,10665.877549359022
median_only,2025-09-04,36156.630505377034,7297.907052596251,43454.537557973286,1638.7799716873087,10665.877549359022,10800.0
median_only,2025-09-05,21556.170627837942,8.869093903740578e-12,21556.17062783795,2.206235194535111e-12,10800.0,10800.0
median_only,2025-09-06,17666.801230590456,1981.6664964698803,19648.467727060335,661.4388425529136,10800.0,10800.0
median_only,2025-09-07,33074.08550974257,23490.602859581195,56564.68836932376,5593.294769503005,10800.0,10401.150437904862
median_only,2025-09-08,33948.92570120668,37029.66073769412,70978.58643890079,7607.567311705204,10401.150437904862,10417.52508886613
median_only,2025-09-09,35918.771757756,11825.122418335235,47743.89417609124,2570.1278512458985,10417.52508886613,10571.845392578984
median_only,2025-09-10,36465.65207013299,36268.65201724414,72734.30408737714,6402.586321066259,10571.845392578984,10667.942898153324
median_only,2025-09-11,37771.55241463972,3665.001937287857,41436.55435192758,797.4966255731395,10667.942898153324,10724.06757650391
median_only,2025-09-12,18238.515565650174,149.2834841613652,18387.79904981154,67.2599613252334,10724.06757650391,10800.0
median_only,2025-09-13,17424.342905347185,2458.8812045954664,19883.22410994265,700.8116161702038,10800.0,10800.0
median_only,2025-09-14,36121.92983752533,23752.124820670964,59874.054658196284,4750.407673379109,10800.0,10112.258587885839
median_only,2025-09-15,38760.92402832239,4679.26846698283,43440.19249530522,1089.2963167498556,10112.258587885839,10714.237915763324
median_only,2025-09-16,38315.53640807721,6768.3190979502015,45083.855506027416,1518.8297591736787,10714.237915763324,10537.36737777928
median_only,2025-09-17,38696.55121520288,9549.04149228668,48245.59270748957,1713.1430922234035,10537.36737777928,10557.968749675209
median_only,2025-09-18,37649.69207988193,15164.79746360746,52814.489543489384,2576.1051979720123,10557.968749675209,10647.121808610122
median_only,2025-09-19,17525.93312446201,3429.0201771910833,20954.953301653095,776.1047919613554,10647.121808610122,10800.0
median_only,2025-09-20,17797.209124092602,3003.6239173428803,20800.833041435482,744.778119815474,10800.0,10800.0
median_only,2025-09-21,40360.09469818897,3555.057516695987,43915.15221488497,827.5359755732737,10800.0,10722.900329526068
median_only,2025-09-22,39481.216617332066,5483.407372078525,44964.62398941059,1209.1234553580707,10722.900329526068,10655.180888851133
median_only,2025-09-23,39741.49129950293,12672.051956072632,52413.54325557556,2423.4364427638775,10655.180888851133,10719.596851150549
median_only,2025-09-24,41845.810047190345,1240.4032942853403,43086.21334147568,460.02287314305437,10719.596851150549,10800.0
median_only,2025-09-25,40106.59303395689,3709.1655150778997,43815.7585490348,902.0040675723174,10800.0,10624.04641791642
median_only,2025-09-26,18284.51916534522,7.5528314190855665,18292.071996764305,4.068317489397837,10624.04641791642,10800.0
median_only,2025-09-27,17813.40013667121,6899.873261353276,24713.27339802449,1478.1069224856428,10800.0,10603.60670652615
median_only,2025-09-28,41331.156346026444,6824.2775869197285,48155.43393294617,1393.9280763578413,10603.60670652615,10591.260736452428
median_only,2025-09-29,42400.02940953872,1930.0129008807708,44330.0423104195,478.22800347881395,10591.260736452428,10657.065591752305
median_only,2025-09-30,42498.844536486344,9374.72005718687,51873.56459367321,1907.325444891548,10657.065591752305,10800.0
median_only,2025-10-01,43682.01968660019,423.2540339608468,44105.27372056104,181.25081413141112,10800.0,10800.0
median_only,2025-10-02,36447.55636463906,2776.0490158397415,39223.6053804788,969.9001479628531,10800.0,10800.0
median_only,2025-10-03,17418.754648180664,2.1014601170321613e-11,17418.754648180686,4.547029419654791e-12,10800.0,10800.0
median_only,2025-10-04,16185.548585351502,1758.3570822315178,17943.905667583018,584.3253310994422,10800.0,10800.0
median_only,2025-10-05,36900.05469439192,5464.888153097649,42364.942847489576,1160.927127800038,10800.0,10793.157396304101
median_only,2025-10-06,35087.46329838538,20084.92897638774,55172.39227477312,3589.831219640495,10793.157396304101,10755.519510289554
median_only,2025-10-07,37832.653357396404,2748.4671544678586,40581.12051186427,607.7933651708943,10755.519510289554,10779.40593455682
median_only,2025-10-08,36074.12255630558,7542.073880560627,43616.19643686621,1459.506727962058,10779.40593455682,10679.549419719615
median_only,2025-10-09,36168.845652072225,7925.91216560855,44094.75781768077,1674.2656431921514,10679.549419719615,10619.505508409395
median_only,2025-10-10,15954.082695283392,3179.643152310543,19133.725847593934,625.88096090607,10619.505508409395,10774.986315074204
median_only,2025-10-11,15975.20430966682,3531.6865032385185,19506.890812905338,659.2160499086001,10774.986315074204,10800.0
median_only,2025-10-12,38422.92930814692,3418.4819637438572,41841.41127189078,620.8438939256089,10800.0,10590.343535333266
median_only,2025-10-13,38627.367129892955,1265.205274737595,39892.572404630555,246.6975802368191,10590.343535333266,10747.479760195623
median_only,2025-10-14,38337.93634799181,11786.95308636728,50124.889434359095,2269.6624469628114,10747.479760195623,10607.05502801238
median_only,2025-10-15,38399.36856355428,15477.127343415126,53876.4959069694,2748.7487636373944,10607.05502801238,10690.72208912609
median_only,2025-10-16,35737.76010712227,36160.38814003476,71898.14824715702,7428.754064145805,10690.72208912609,10723.57757679752
median_only,2025-10-17,17556.311128097448,2.3214581368335986e-11,17556.31112809747,5.693223670277803e-12,10723.57757679752,10800.0
median_only,2025-10-18,16154.464926952494,2778.684567440776,18933.149494393267,648.8874292990375,10800.0,10800.0
median_only,2025-10-19,39392.53718548796,16200.363758451671,55592.90094393963,3451.3264016080443,10800.0,10720.922807254856
median_only,2025-10-20,41441.61451941033,7560.194541856037,49001.809061266365,1513.966388585922,10720.922807254856,10536.167165680581
median_only,2025-10-21,42672.95014241102,6809.333552432177,49482.283694843194,1304.3810251522045,10536.167165680581,10696.784018141087
median_only,2025-10-22,42665.05316023164,10758.119685404628,53423.17284563627,1980.0532950872855,10696.784018141087,10639.776260738523
median_only,2025-10-23,43040.83607455912,2508.8879997480744,45549.7240743072,401.11533606324235,10639.776260738523,10570.849863332578
median_only,2025-10-24,17194.28775496505,2780.1720438713564,19974.459798836408,562.2692808642673,10570.849863332578,10795.417451241221
median_only,2025-10-25,17540.332176636675,625.9847379410018,18166.316914577677,172.57967852026616,10795.417451241221,10793.028611953881
median_only,2025-10-26,43170.81892744189,1838.1808786708375,45008.999806112726,380.1990963832524,10793.028611953881,10731.257777588347
median_only,2025-10-27,43272.774614124006,4897.367516015536,48170.14213013953,968.6825561650553,10731.257777588347,10658.14885083965
median_only,2025-10-28,43479.174785028685,884.367208733802,44363.54199376249,164.07833390043834,10658.14885083965,10724.116535600626
median_only,2025-10-29,42638.46562118373,20624.420131575855,63262.88575275958,3674.1763908263197,10724.116535600626,10635.158252906425
median_only,2025-10-30,45045.22408051759,842.8344480967656,45888.058528614354,161.2579634653429,10635.158252906425,10700.38179074473
median_only,2025-10-31,17971.805095925676,763.7376936615419,18735.54278958722,181.01798508706864,10700.38179074473,10800.0
median_only,2025-11-01,18145.005540707178,526.753184433637,18671.758725140815,204.82218427239775,10800.0,10800.0
median_only,2025-11-02,45605.7623536606,3175.3680734762934,48781.13042713689,696.6305161595051,10800.0,10696.885994823186
median_only,2025-11-03,46328.599778740696,229.24386426253653,46557.84364300322,104.2967347366895,10696.885994823186,10800.0
median_only,2025-11-04,46596.38578468683,1535.3195007939185,48131.705285480755,301.5245058072501,10800.0,10772.880351660646
median_only,2025-11-05,46274.24834601226,1055.9440275954717,47330.19237360772,221.43367404876528,10772.880351660646,10789.503073121428
median_only,2025-11-06,45469.81256607882,10248.669690481967,55718.482256560805,2123.99801821038,10789.503073121428,10624.160482506482
median_only,2025-11-07,18336.494630067482,2634.5473894346806,20971.042019502165,552.618697754983,10624.160482506482,10800.0
median_only,2025-11-08,18145.244101252127,105.3331886862953,18250.577289938417,28.893335068417436,10800.0,10800.0
median_only,2025-11-09,45517.79822447554,11228.447534621588,56746.24575909713,2182.648879909948,10800.0,10699.630294328761
median_only,2025-11-10,47000.72801144845,12443.345883713333,59444.07389516178,2437.3013984580452,10699.630294328761,10794.265551217572
median_only,2025-11-11,48676.98690887788,38.439795340023174,48715.426704217905,15.748258702632581,10794.265551217572,10711.830535884987
median_only,2025-11-12,48204.18239390431,402.28111818286436,48606.46351208718,63.26478422950572,10711.830535884987,10800.0
median_only,2025-11-13,48401.07357243395,1377.3121556428819,49778.38572807681,257.14511206108057,10800.0,10748.762387755312
median_only,2025-11-14,18749.913670943835,688.9332603980366,19438.84693134187,195.9160591316368,10748.762387755312,10800.0
median_only,2025-11-15,18608.792283615883,1226.7494432030298,19835.541726818912,350.6906176135541,10800.0,10800.0
median_only,2025-11-16,49219.612612640805,4899.202311658024,54118.81492429883,889.7166923782482,10800.0,10744.079538026781
median_only,2025-11-17,50091.67748169899,135.03045384921535,50226.707935548206,61.32754025416824,10744.079538026781,10800.0
median_only,2025-11-18,49357.5290284635,2981.2817193161127,52338.81074777961,575.2174052203568,10800.0,10703.026523467932
median_only,2025-11-19,49795.501229921094,4185.340239180091,53980.841469101186,856.4062698935742,10703.026523467932,10663.692650234132
median_only,2025-11-20,50168.355605499164,2987.0358315033027,53155.391437002465,530.5565762004067,10663.692650234132,10696.159569169919
median_only,2025-11-21,19392.891086757816,214.02049350597235,19606.91158026379,101.12351560475037,10696.159569169919,10800.0
median_only,2025-11-22,18845.291943798395,2384.5334661588277,21229.825409957222,665.3283921653376,10800.0,10713.917638415283
median_only,2025-11-23,50011.80382364383,4360.518450644997,54372.32227428883,883.6056627211267,10713.917638415283,10762.756261782655
median_only,2025-11-24,50538.8831334775,2266.730662528853,52805.613796006364,381.86948233431104,10762.756261782655,10680.607671952142
median_only,2025-11-25,49702.5335361421,6323.529358725529,56026.06289486762,1216.820654504496,10680.607671952142,10741.786948192175
median_only,2025-11-26,50567.05391187153,5572.502338072133,56139.55624994366,1096.7277386062626,10741.786948192175,10800.0
median_only,2025-11-27,50953.49890673153,3133.4345904470774,54086.93349717861,551.4939905897097,10800.0,10761.263127092669
median_only,2025-11-28,19251.65714725238,1199.182872682938,20450.84001993532,330.3295685207499,10761.263127092669,10800.0
median_only,2025-11-29,19231.696009833533,11844.621010024654,31076.317019858187,2159.0109360950155,10800.0,10648.089645596758
median_only,2025-11-30,53047.208490910125,3889.3117335047973,56936.52022441491,670.6033929246363,10648.089645596758,10624.76081954255
median_only,2025-12-01,53201.18235024797,27288.54432186175,80489.72667210971,6660.542387300052,10624.76081954255,10602.986236609866
median_only,2025-12-02,57542.56550942865,14182.268297465846,71724.83380689449,2957.969032992114,10602.986236609866,10800.0
median_only,2025-12-03,59492.4885627272,965.2239881063374,60457.71255083353,301.7747446037475,10800.0,10800.0
median_only,2025-12-04,59401.335796447034,4015.562489311992,63416.89828575902,888.2544520815761,10800.0,10800.0
median_only,2025-12-05,23875.231863877227,2489.0752715108465,26364.307135388073,807.5580918198564,10800.0,10800.0
median_only,2025-12-06,23693.621233975573,7589.857951309174,31283.479185284745,2140.542268141233,10800.0,10742.36304837048
median_only,2025-12-07,60086.68378142486,1794.1989027333088,61880.88268415817,271.8355496264907,10742.36304837048,10796.311107644698
median_only,2025-12-08,61222.55300379159,1.8958837626208251,61224.4488875542,0.9187490961640425,10796.311107644698,10800.0
median_only,2025-12-09,59531.3366372035,3970.296137123015,63501.632774326514,661.3188184359949,10800.0,10800.0
median_only,2025-12-10,59160.56486777803,2374.307788963052,61534.872656741085,476.6417045459227,10800.0,10604.250624161756
median_only,2025-12-11,59065.34494637629,1129.8198373131086,60195.1647836894,215.60754703661044,10604.250624161756,10715.654781205667
median_only,2025-12-12,24747.891401647066,5686.588209656485,30434.47961130355,972.7452860868119,10715.654781205667,10800.0
median_only,2025-12-13,25432.632339309876,267.70059766558745,25700.332936975465,63.97079361092533,10800.0,10800.0
median_only,2025-12-14,59436.441598368634,3738.959009753795,63175.40060812243,741.1989645308263,10800.0,10756.209304097087
median_only,2025-12-15,60105.45579241975,3384.575073423487,63490.03086584323,619.9177061198197,10756.209304097087,10777.723953296496
median_only,2025-12-16,60209.8341246117,3411.850572517506,63621.684697129196,652.628869896706,10777.723953296496,10650.811866651966
median_only,2025-12-17,59991.43552987859,2271.6521333870314,62263.08766326563,407.7531787519881,10650.811866651966,10759.232565712151
median_only,2025-12-18,58812.67746236306,4831.486499874987,63644.163962238046,1019.5363265997164,10759.232565712151,10706.293355300071
median_only,2025-12-19,25067.71581329272,2820.5282384440725,27888.244051736794,528.6169048237981,10706.293355300071,10655.000716060125
median_only,2025-12-20,25120.899609100612,1469.1909944767663,26590.090603577377,394.42836267285054,10655.000716060125,10665.186075958862
median_only,2025-12-21,59647.957099780004,3436.681038378664,63084.63813815867,593.174490632776,10665.186075958862,10741.71434856105
median_only,2025-12-22,59644.71815612045,4322.717964242404,63967.43612036284,754.0728693161418,10741.71434856105,10781.723724725967
median_only,2025-12-23,60493.45181263104,1436.0416577347378,61929.49347036578,234.58752662756982,10781.723724725967,10764.448111077381
median_only,2025-12-24,59589.23490647378,2617.4096143841757,62206.644520857946,412.87466482509524,10764.448111077381,10764.621971599472
median_only,2025-12-25,58795.97021813931,2998.389540738155,61794.359758877465,478.0588731948855,10764.621971599472,10740.555735828322
median_only,2025-12-26,24851.794344663816,373.99875808333763,25225.793102747157,86.99283570286667,10740.555735828322,10800.0
median_only,2025-12-27,24816.68349736041,1593.1303747575002,26409.813872117913,354.94193179892443,10800.0,10753.023855470778
median_only,2025-12-28,59019.708971154956,3309.4172143518217,62329.12618550678,705.3408222561719,10753.023855470778,10789.112409103767
median_only,2025-12-29,60246.89100874505,1028.4297350965803,61275.320743841614,176.02234568464132,10789.112409103767,10746.138966265298
median_only,2025-12-30,58563.69801345586,3919.1130607165364,62482.811074172394,722.0477600109771,10746.138966265298,10717.939769456249
median_only,2025-12-31,53827.15066731615,8348.9174730015,62176.06814031765,1641.5112329446988,10717.939769456249,1210.7550904166628
greedy_same_plan,2025-02-01,23162.67895921615,0.0,23162.678959216144,0.0,10800.0,10800.0
greedy_same_plan,2025-02-02,56593.958508311036,1426.6707020763517,58020.629210387386,205.01394690261702,10800.0,10800.0
greedy_same_plan,2025-02-03,55241.52401164731,337.80680143428543,55579.33081308159,48.42414011385972,10800.0,10800.0
greedy_same_plan,2025-02-04,53930.255364369616,6894.689432295242,60824.94479666486,1023.0657130672149,10800.0,10760.37401811227
greedy_same_plan,2025-02-05,54282.22576117804,3107.2557744807773,57389.48153565882,601.585597351399,10760.37401811227,10774.664253505598
greedy_same_plan,2025-02-06,54526.866274861764,308.27725645415524,54835.14353131591,53.083915769027975,10774.664253505598,10736.106071951157
greedy_same_plan,2025-02-07,22278.820613219737,0.0,22278.820613219737,0.0,10736.106071951157,10800.0
greedy_same_plan,2025-02-08,20136.146742714976,1325.1797568870181,21461.326499601993,227.61323369822207,10800.0,10800.0
greedy_same_plan,2025-02-09,51246.256021415684,11214.345462301326,62460.60148371701,1755.5132987603529,10800.0,10740.241742152255
greedy_same_plan,2025-02-10,52887.354097419164,323.86834980771516,53211.22244722688,71.24836805495264,10740.241742152255,10734.880225411369
greedy_same_plan,2025-02-11,52207.56305248135,1193.6257056316208,53401.18875811296,207.14066836202792,10734.880225411369,10800.0
greedy_same_plan,2025-02-12,49513.11633318415,5800.132171045866,55313.248504230025,858.5410430930256,10800.0,10755.988737551592
greedy_same_plan,2025-02-13,50286.12965718528,456.32945228261633,50742.4591094679,78.90420319829317,10755.988737551592,10767.428245645968
greedy_same_plan,2025-02-14,18928.639671368015,650.852441177593,19579.492112545613,106.47021776175251,10767.428245645968,10800.0
greedy_same_plan,2025-02-15,19099.898558937988,1084.7403546168734,20184.63891355486,187.29052704512588,10800.0,10772.142599523779
greedy_same_plan,2025-02-16,48765.8592169215,6036.5469740073895,54802.40619092889,1086.176573409564,10772.142599523779,10675.770765607956
greedy_same_plan,2025-02-17,48750.25466921923,429.865202653559,49180.1198718728,62.51958543392459,10675.770765607956,10756.112712451824
greedy_same_plan,2025-02-18,48025.592194333934,600.968826725735,48626.561021059686,95.53222714151298,10756.112712451824,10800.0
greedy_same_plan,2025-02-19,47666.185061188415,6466.1451312060835,54132.33019239451,1213.5089123884193,10800.0,10657.772546845541
greedy_same_plan,2025-02-20,47801.44490463495,1447.5649673514893,49249.00987198643,240.00105362681478,10657.772546845541,10776.563560589515
greedy_same_plan,2025-02-21,18157.850770796467,104.36943746125365,18262.220208257717,19.070783125457037,10776.563560589515,10800.0
greedy_same_plan,2025-02-22,18093.62705658948,1256.079013363315,19349.706069952797,205.47669120944136,10800.0,10800.0
greedy_same_plan,2025-02-23,48674.12070740531,415.1138256261786,49089.23453303148,64.75331066429817,10800.0,10728.339977238915
greedy_same_plan,2025-02-24,46369.13221084648,3150.915798722571,49520.048009569044,475.79104471774576,10728.339977238915,10780.546846254727
greedy_same_plan,2025-02-25,46974.288811216386,400.98603209339484,47375.27484330979,89.74382762429457,10780.546846254727,10800.0
greedy_same_plan,2025-02-26,44957.90341268896,5659.923153814639,50617.8265665036,821.8412264511047,10800.0,10800.0
greedy_same_plan,2025-02-27,44857.78618230753,3734.054526203273,48591.8407085108,754.797024222967,10800.0,10800.0
greedy_same_plan,2025-02-28,17895.843667027955,0.0,17895.843667027955,0.0,10800.0,10800.0
greedy_same_plan,2025-03-01,17814.95719059471,0.0,17814.95719059471,0.0,10800.0,10800.0
greedy_same_plan,2025-03-02,46161.33146882143,15706.7182183456,61868.049687167026,2355.7133824657603,10800.0,10697.113380216068
greedy_same_plan,2025-03-03,44222.99556103295,26109.11466970091,70332.11023073386,4300.685482602268,10697.113380216068,10761.811442000999
greedy_same_plan,2025-03-04,47780.78451318425,0.0,47780.78451318425,0.0,10761.811442000999,10800.0
greedy_same_plan,2025-03-05,45996.14554108243,67.36906347974956,46063.51460456219,13.066947618149857,10800.0,10800.0
greedy_same_plan,2025-03-06,46072.318520928544,0.0,46072.318520928544,0.0,10800.0,10800.0
greedy_same_plan,2025-03-07,17650.470797968206,0.0,17650.470797968206,0.0,10800.0,10800.0
greedy_same_plan,2025-03-08,16595.02207879404,1182.7500906465566,17777.7721694406,309.11164728455174,10800.0,10800.0
greedy_same_plan,2025-03-09,43233.156405501606,1580.6901229984476,44813.84652850006,298.5463238142361,10800.0,10741.80895268098
greedy_same_plan,2025-03-10,42691.30119922973,10807.847860263035,53499.14905949276,1706.0755370847678,10741.80895268098,10754.424471441225
greedy_same_plan,2025-03-11,45002.895939031485,0.0,45002.89593903149,0.0,10754.424471441225,10800.0
greedy_same_plan,2025-03-12,43742.24571007279,1594.2264730705529,45336.47218314335,228.5301710250219,10800.0,10789.933481279146
greedy_same_plan,2025-03-13,41522.23824239372,19648.740223939116,61170.97846633283,3093.1259850500373,10789.933481279146,10800.0
greedy_same_plan,2025-03-14,16588.96004081032,0.0,16588.96004081032,0.0,10800.0,10800.0
greedy_same_plan,2025-03-15,16535.890751943585,230.3566162251887,16766.24736816877,48.281240194392105,10800.0,10735.723371365428
greedy_same_plan,2025-03-16,42577.07883939627,7.461179999999938,42584.54001939627,1.6399999999999864,10735.723371365428,10651.922426438194
greedy_same_plan,2025-03-17,45191.94232081995,0.0,45191.942320819944,0.0,10651.922426438194,10800.0
greedy_same_plan,2025-03-18,43924.79201757563,0.0,43924.79201757564,0.0,10800.0,10800.0
greedy_same_plan,2025-03-19,41445.77601791198,833.2344125505741,42279.010430462564,173.70166936437954,10800.0,10800.0
greedy_same_plan,2025-03-20,43488.85137581065,494.9182129327541,43983.7695887434,70.94584474380076,10800.0,10800.0
greedy_same_plan,2025-03-21,16078.279352828555,0.0,16078.279352828555,0.0,10800.0,10800.0
greedy_same_plan,2025-03-22,16176.438089371317,0.0,16176.438089371319,0.0,10800.0,10800.0
greedy_same_plan,2025-03-23,40344.638358428005,2591.0157934336676,42935.65415186167,496.50656421048143,10800.0,10800.0
greedy_same_plan,2025-03-24,40313.528533446246,0.0,40313.528533446246,0.0,10800.0,10800.0
greedy_same_plan,2025-03-25,38251.87363685008,8804.480533036603,47056.354169886676,1514.9896930352231,10800.0,10766.34567104303
greedy_same_plan,2025-03-26,38356.131671410585,0.0,38356.13167141059,0.0,10766.34567104303,10800.0
greedy_same_plan,2025-03-27,40478.17253208372,0.0,40478.17253208372,0.0,10800.0,10800.0
greedy_same_plan,2025-03-28,15509.290180394497,0.0,15509.290180394497,0.0,10800.0,10800.0
greedy_same_plan,2025-03-29,15183.665030379167,310.66765239843767,15494.332682777604,52.58491600101432,10800.0,10800.0
greedy_same_plan,2025-03-30,38783.64594820932,0.0,38783.64594820931,0.0,10800.0,10800.0
greedy_same_plan,2025-03-31,36337.0231054537,5087.216874761511,41424.23998021521,732.0578354621698,10800.0,10800.0
greedy_same_plan,2025-04-01,36489.67677246301,20380.765318074256,56870.44209053727,3006.4824117840285,10800.0,10800.0
greedy_same_plan,2025-04-02,37165.20675613053,12535.583522902425,49700.79027903295,2337.795129618895,10800.0,10800.0
greedy_same_plan,2025-04-03,36574.4973833513,2588.890055908334,39163.38743925963,483.40122037509065,10800.0,10771.17801481101
greedy_same_plan,2025-04-04,15061.44634536988,0.0,15061.446345369883,0.0,10771.17801481101,10800.0
greedy_same_plan,2025-04-05,14535.909508710962,636.6481597937299,15172.557668504693,128.99365004431766,10800.0,10758.171688535327
greedy_same_plan,2025-04-06,36214.139096811916,291.2406236755346,36505.37972048745,56.16110984036307,10758.171688535327,10788.44803810045
greedy_same_plan,2025-04-07,36338.62406547459,0.0,36338.62406547459,0.0,10788.44803810045,10800.0
greedy_same_plan,2025-04-08,38400.66935320108,1498.059824502608,39898.72917770368,254.00560971680758,10800.0,10800.0
greedy_same_plan,2025-04-09,39114.62654737884,0.0,39114.62654737884,0.0,10800.0,10800.0
greedy_same_plan,2025-04-10,39576.65774724741,0.0,39576.65774724741,0.0,10800.0,10800.0
greedy_same_plan,2025-04-11,15415.1832949374,0.0,15415.183294937398,0.0,10800.0,10800.0
greedy_same_plan,2025-04-12,14435.561241649619,0.0,14435.561241649619,0.0,10800.0,10800.0
greedy_same_plan,2025-04-13,36039.556735611295,1772.0505578971088,37811.6072935084,261.22134604399974,10800.0,10800.0
greedy_same_plan,2025-04-14,35445.28329101969,271.09348941444034,35716.37678043413,38.88680688786815,10800.0,10794.755186833321
greedy_same_plan,2025-04-15,36031.494241767476,217.0232161089281,36248.517457876405,50.98801076448187,10794.755186833321,10800.0
greedy_same_plan,2025-04-16,35182.523073846416,2206.388516005102,37388.911589851516,331.6244652012615,10800.0,10751.880727696243
greedy_same_plan,2025-04-17,34489.84225248789,1352.2682427468014,35842.110495234694,193.8457916781539,10751.880727696243,10800.0
greedy_same_plan,2025-04-18,14093.20722258608,0.0,14093.20722258608,0.0,10800.0,10800.0
greedy_same_plan,2025-04-19,14110.18043424958,0.0,14110.18043424958,0.0,10800.0,10800.0
greedy_same_plan,2025-04-20,34422.69829044625,0.0,34422.69829044625,0.0,10800.0,10800.0
greedy_same_plan,2025-04-21,34120.59924418881,321.1334647301978,34441.73270891901,61.33702982285763,10800.0,10741.19097082291
greedy_same_plan,2025-04-22,34688.62136370182,0.0,34688.62136370182,0.0,10741.19097082291,10800.0
greedy_same_plan,2025-04-23,35740.516820358716,0.0,35740.51682035872,0.0,10800.0,10800.0
greedy_same_plan,2025-04-24,33753.00369471348,0.0,33753.00369471348,0.0,10800.0,10800.0
greedy_same_plan,2025-04-25,12994.147670795623,102.53355973449716,13096.681230530117,21.08164734979448,10800.0,10730.593945760706
greedy_same_plan,2025-04-26,12807.613427522287,2226.8695631228616,15034.482990645149,453.6357861496213,10730.593945760706,10715.917216271691
greedy_same_plan,2025-04-27,32122.64183737137,6304.329390973438,38426.97122834482,910.369891966062,10715.917216271691,10741.72600541333
greedy_same_plan,2025-04-28,31853.05672632863,42734.151665817175,74587.20839214581,6336.73539253825,10741.72600541333,10800.0
greedy_same_plan,2025-04-29,35524.7865141916,14.821072173933644,35539.60758636553,2.1245803001625063,10800.0,10800.0
greedy_same_plan,2025-04-30,33798.30073604586,207.74101661057114,34006.04175265643,44.91809011866141,10800.0,10790.458786939036
greedy_same_plan,2025-05-01,32070.99393550024,14566.702009092476,46637.69594459271,2241.539058911729,10790.458786939036,10240.865631907152
greedy_same_plan,2025-05-02,13612.639731278548,13241.646938443428,26854.286669721976,2220.663534676523,10240.865631907152,10437.648156260864
greedy_same_plan,2025-05-03,13794.082741345243,8814.561134539548,22608.64387588479,1598.8572477673597,10437.648156260864,10622.755275927768
greedy_same_plan,2025-05-04,33571.576122159575,11626.733668555124,45198.309790714695,1856.2238907546885,10622.755275927768,10390.053890668787
greedy_same_plan,2025-05-05,36728.143549699744,3393.246337405807,40121.38988710554,498.84945534294314,10390.053890668787,10769.448157047855
greedy_same_plan,2025-05-06,37547.66508109069,658.299741111585,38205.96482220227,115.58999834100436,10769.448157047855,10561.394874873531
greedy_same_plan,2025-05-07,39083.1418793247,0.0,39083.1418793247,0.0,10561.394874873531,10800.0
greedy_same_plan,2025-05-08,39520.703463397476,243.22893262499974,39763.93239602247,35.99924999999996,10800.0,10800.0
greedy_same_plan,2025-05-09,19938.470635502505,0.0,19938.470635502505,0.0,10800.0,10800.0
greedy_same_plan,2025-05-10,15892.097102351432,0.0,15892.097102351432,0.0,10800.0,10800.0
greedy_same_plan,2025-05-11,37227.48957533995,277.3610394583323,37504.85061479827,41.18071666666651,10800.0,10800.0
greedy_same_plan,2025-05-12,39744.933090008366,0.0,39744.933090008366,0.0,10800.0,10800.0
greedy_same_plan,2025-05-13,38974.21963534794,0.0,38974.21963534794,0.0,10800.0,10800.0
greedy_same_plan,2025-05-14,38191.72668957949,0.0,38191.7266895795,0.0,10800.0,10800.0
greedy_same_plan,2025-05-15,38241.2253792762,0.0,38241.2253792762,0.0,10800.0,10800.0
greedy_same_plan,2025-05-16,15516.575320483622,0.0,15516.575320483622,0.0,10800.0,10800.0
greedy_same_plan,2025-05-17,16608.530063597565,0.0,16608.530063597562,0.0,10800.0,10800.0
greedy_same_plan,2025-05-18,39137.25518951898,0.0,39137.25518951899,0.0,10800.0,10800.0
greedy_same_plan,2025-05-19,38356.988443987066,428.0680453866234,38785.05648937369,63.46920385300962,10800.0,10800.0
greedy_same_plan,2025-05-20,37401.74796215775,0.0,37401.747962157744,0.0,10800.0,10800.0
greedy_same_plan,2025-05-21,38375.07194510575,0.0,38375.071945105745,0.0,10800.0,10800.0
greedy_same_plan,2025-05-22,38066.79975052581,8.469691588224636,38075.26944211403,1.2557923624026444,10800.0,10800.0
greedy_same_plan,2025-05-23,17836.3142834994,0.0,17836.3142834994,0.0,10800.0,10800.0
greedy_same_plan,2025-05-24,16828.118684449903,0.0,16828.118684449903,0.0,10800.0,10800.0
greedy_same_plan,2025-05-25,38603.28916117927,0.0,38603.28916117927,0.0,10800.0,10800.0
greedy_same_plan,2025-05-26,38781.58231298831,0.0,38781.5823129883,0.0,10800.0,10800.0
greedy_same_plan,2025-05-27,35283.72444802287,0.0,35283.72444802287,0.0,10800.0,10800.0
greedy_same_plan,2025-05-28,36329.71579929765,0.0,36329.71579929765,0.0,10800.0,10800.0
greedy_same_plan,2025-05-29,35569.979806177376,2791.2345311073213,38361.2143372847,400.7670943889509,10800.0,10800.0
greedy_same_plan,2025-05-30,16049.411450455635,0.0,16049.411450455633,0.0,10800.0,10800.0
greedy_same_plan,2025-05-31,15583.933455091334,1732.2427488035403,17316.176203894873,409.72632405226017,10800.0,10800.0
greedy_same_plan,2025-06-01,35042.100907454034,88668.95654890346,123711.05745635752,14861.71908588523,10800.0,9823.887635312032
greedy_same_plan,2025-06-02,37401.88674448413,64854.37941072108,102256.26615520522,9913.774521497658,9823.887635312032,9783.47192644735
greedy_same_plan,2025-06-03,49925.21793949917,102.8195436828378,50028.037483182015,15.249256167895965,9783.47192644735,10800.0
greedy_same_plan,2025-06-04,49933.77825059612,0.0,49933.77825059612,0.0,10800.0,10800.0
greedy_same_plan,2025-06-05,48970.87857659336,279.22853421166843,49250.107110805024,41.471637340215125,10800.0,10800.0
greedy_same_plan,2025-06-06,23806.537959052966,0.0,23806.537959052966,0.0,10800.0,10800.0
greedy_same_plan,2025-06-07,18113.896798744696,14152.037915961257,32265.934714705953,2522.3154139512685,10800.0,10445.476792238705
greedy_same_plan,2025-06-08,54603.39478658736,738.3549574035953,55341.74974399096,109.51689879599462,10445.476792238705,10800.0
greedy_same_plan,2025-06-09,50268.89233527436,48.939357279945845,50317.831692554304,7.256187601741544,10800.0,10800.0
greedy_same_plan,2025-06-10,52781.06513532265,0.0,52781.06513532265,0.0,10800.0,10800.0
greedy_same_plan,2025-06-11,47946.88395581546,27444.31840554667,75391.20236136213,4685.105760500145,10800.0,10800.0
greedy_same_plan,2025-06-12,54817.75107887224,0.0,54817.75107887224,0.0,10800.0,10800.0
greedy_same_plan,2025-06-13,22421.156462290484,0.0,22421.156462290484,0.0,10800.0,10800.0
greedy_same_plan,2025-06-14,21161.398545585558,0.0,21161.398545585555,0.0,10800.0,10800.0
greedy_same_plan,2025-06-15,52359.479752827036,0.0,52359.479752827036,0.0,10800.0,10800.0
greedy_same_plan,2025-06-16,53578.8333095331,0.0,53578.83330953312,0.0,10800.0,10800.0
greedy_same_plan,2025-06-17,50666.03140041887,2468.4822633445483,53134.51366376342,356.4934238405493,10800.0,10800.0
greedy_same_plan,2025-06-18,50443.51125478219,63.27104271289909,50506.7822974951,9.381131694402711,10800.0,10800.0
greedy_same_plan,2025-06-19,50367.59993714241,649.3737848390688,51016.97372198146,96.46490027521952,10800.0,10800.0
greedy_same_plan,2025-06-20,21333.316954851718,0.0,21333.316954851718,0.0,10800.0,10800.0
greedy_same_plan,2025-06-21,20456.533248762305,214.074474044647,20670.607722806948,53.235327494969596,10800.0,10800.0
greedy_same_plan,2025-06-22,45318.74434113279,2684.390927331283,48003.135268464066,384.80374531698436,10800.0,10800.0
greedy_same_plan,2025-06-23,46254.122952700505,44.819075078356356,46298.94202777886,6.648727945164865,10800.0,10800.0
greedy_same_plan,2025-06-24,45862.034664243896,38284.846393221334,84146.88105746525,6456.009222773397,10800.0,10800.0
greedy_same_plan,2025-06-25,54147.62346057409,113.14437210645214,54260.76783268054,16.747639386350556,10800.0,10800.0
greedy_same_plan,2025-06-26,47619.12336728828,935.8527338383483,48554.97610112663,138.7728243663854,10800.0,10783.832572509942
greedy_same_plan,2025-06-27,20588.849519256455,0.0,20588.84951925646,0.0,10783.832572509942,10800.0
greedy_same_plan,2025-06-28,19609.30627104742,0.0,19609.30627104742,0.0,10800.0,10800.0
greedy_same_plan,2025-06-29,49542.5542783067,0.0,49542.5542783067,0.0,10800.0,10800.0
greedy_same_plan,2025-06-30,50468.232162286164,87.66194134063683,50555.8941036268,12.999534669172476,10800.0,10800.0
greedy_same_plan,2025-07-01,51021.844910063846,16703.18095280489,67725.02586286873,2834.014495423673,10800.0,10077.079652888162
greedy_same_plan,2025-07-02,51682.48702662974,11390.831110350486,63073.31813698022,1788.9196516886182,10077.079652888162,9989.045596870477
greedy_same_plan,2025-07-03,47817.501984361545,43671.09925696635,91488.6012413279,6718.9269329615045,9989.045596870477,10672.503166828003
greedy_same_plan,2025-07-04,26775.89315247622,0.0,26775.89315247622,0.0,10672.503166828003,10800.0
greedy_same_plan,2025-07-05,20326.683935728157,30200.325715705312,50527.009651433465,5795.170315583005,10800.0,10263.261622027721
greedy_same_plan,2025-07-06,48049.1678477857,45289.688849612154,93338.85669739786,6792.626218910217,10263.261622027721,10800.0
greedy_same_plan,2025-07-07,61104.38442398576,0.0,61104.38442398575,0.0,10800.0,10800.0
greedy_same_plan,2025-07-08,57796.07125606673,0.0,57796.07125606673,0.0,10800.0,10800.0
greedy_same_plan,2025-07-09,57769.46368106923,0.0,57769.46368106923,0.0,10800.0,10800.0
greedy_same_plan,2025-07-10,56923.892260875,0.0,56923.892260874985,0.0,10800.0,10800.0
greedy_same_plan,2025-07-11,27560.659152067117,0.0,27560.659152067114,0.0,10800.0,10800.0
greedy_same_plan,2025-07-12,26640.98364390307,0.0,26640.98364390307,0.0,10800.0,10800.0
greedy_same_plan,2025-07-13,53662.19011148165,40.560949353971715,53702.75106083563,6.033610911710184,10800.0,10800.0
greedy_same_plan,2025-07-14,55384.583523503214,0.0,55384.583523503214,0.0,10800.0,10800.0
greedy_same_plan,2025-07-15,53593.69028478621,0.0,53593.690284786215,0.0,10800.0,10800.0
greedy_same_plan,2025-07-16,50999.53830200847,301.9034797782658,51301.44178178672,44.710433433854405,10800.0,10800.0
greedy_same_plan,2025-07-17,50722.23330544964,12.71547475354479,50734.948780203194,1.8819617780721956,10800.0,10800.0
greedy_same_plan,2025-07-18,27366.623457362868,0.0,27366.623457362864,0.0,10800.0,10800.0
greedy_same_plan,2025-07-19,25958.670815712136,0.0,25958.670815712136,0.0,10800.0,10800.0
greedy_same_plan,2025-07-20,50114.47174529124,190.3221154936843,50304.79386078493,27.282413344851534,10800.0,10800.0
greedy_same_plan,2025-07-21,49984.36312387705,562.6570578720779,50547.02018174914,94.5554737652149,10800.0,10800.0
greedy_same_plan,2025-07-22,51907.942808138934,180.79718774161168,52088.739995880554,26.81956114198738,10800.0,10800.0
greedy_same_plan,2025-07-23,52968.45069442609,0.0,52968.45069442609,0.0,10800.0,10800.0
greedy_same_plan,2025-07-24,54369.93032470548,0.0,54369.93032470549,0.0,10800.0,10800.0
greedy_same_plan,2025-07-25,28564.466209410573,0.0,28564.466209410573,0.0,10800.0,10800.0
greedy_same_plan,2025-07-26,26487.577371776315,0.0,26487.577371776315,0.0,10800.0,10800.0
greedy_same_plan,2025-07-27,49708.059452642075,2944.4182876868053,52652.4777403289,571.9105311408415,10800.0,10800.0
greedy_same_plan,2025-07-28,52961.75393487902,93.35813292171781,53055.112067800736,13.842113265878538,10800.0,10800.0
greedy_same_plan,2025-07-29,54741.22819717256,324.2476959412403,55065.4758931138,47.9830926342828,10800.0,10800.0
greedy_same_plan,2025-07-30,54102.106423013436,0.0,54102.10642301343,0.0,10800.0,10800.0
greedy_same_plan,2025-07-31,53976.97537684418,242.54639265223108,54219.5217694964,36.02121032313937,10800.0,10800.0
greedy_same_plan,2025-08-01,28404.073468812876,0.0,28404.073468812872,0.0,10800.0,10800.0
greedy_same_plan,2025-08-02,27499.812625581042,0.0,27499.81262558104,0.0,10800.0,10800.0
greedy_same_plan,2025-08-03,47863.29001996452,3299.003658016413,51162.29367798094,530.6600097758641,10800.0,10634.098405475685
greedy_same_plan,2025-08-04,45504.03098207589,2651.036891453624,48155.067873529515,380.8500775844892,10634.098405475685,10800.0
greedy_same_plan,2025-08-05,45642.48383868278,439.8508005765814,46082.334639259374,65.19932961125028,10800.0,10800.0
greedy_same_plan,2025-08-06,43877.47682466095,18834.678458061677,62712.15528272263,2823.070618308246,10800.0,10699.595557123914
greedy_same_plan,2025-08-07,46848.823885201724,827.4609259028136,47676.28481110453,122.2177259191701,10699.595557123914,10787.574210794704
greedy_same_plan,2025-08-08,26046.12588583774,0.0,26046.125885837733,0.0,10787.574210794704,10800.0
greedy_same_plan,2025-08-09,23634.363538515747,765.9113046267853,24400.27484314253,173.24605494550923,10800.0,10800.0
greedy_same_plan,2025-08-10,44355.51731232199,2830.254452955117,47185.77176527712,411.7367407588688,10800.0,10753.870557074131
greedy_same_plan,2025-08-11,44089.785201301784,2179.192600405656,46268.97780170745,324.2986242412154,10753.870557074131,10716.717943214488
greedy_same_plan,2025-08-12,43474.67441973144,20008.79641171279,63483.47083144424,2953.76618460578,10716.717943214488,10735.412183492917
greedy_same_plan,2025-08-13,44993.66886887382,512.5253131281764,45506.194182002,84.97346664991812,10735.412183492917,10800.0
greedy_same_plan,2025-08-14,44622.9119558691,2827.3388611556097,47450.25081702471,446.2875302634859,10800.0,10800.0
greedy_same_plan,2025-08-15,24510.531197902535,0.0,24510.531197902535,0.0,10800.0,10800.0
greedy_same_plan,2025-08-16,23030.9064928882,2277.9200828247026,25308.826575712905,362.7704944135627,10800.0,10785.441258766405
greedy_same_plan,2025-08-17,43092.07299135905,3533.4381555894092,46625.511146948455,520.8266597847908,10785.441258766405,10679.86076000029
greedy_same_plan,2025-08-18,44137.462307562935,2274.8025298868997,46412.26483744984,346.16321381305903,10679.86076000029,10800.0
greedy_same_plan,2025-08-19,44915.80664440367,1590.4612006205884,46506.26784502425,235.81976979351998,10800.0,10775.263194653951
greedy_same_plan,2025-08-20,44558.25816077989,28277.246695605972,72835.50485638587,4450.069583688197,10775.263194653951,10762.793451191199
greedy_same_plan,2025-08-21,45629.62075078806,1204.3626644961375,46833.9834152842,185.28321909940962,10762.793451191199,10765.475283571814
greedy_same_plan,2025-08-22,24017.91326074057,2416.05189034148,26433.96515108205,374.2766683624475,10765.475283571814,10741.857636583816
greedy_same_plan,2025-08-23,24290.922030924965,0.0,24290.922030924965,0.0,10741.857636583816,10800.0
greedy_same_plan,2025-08-24,46068.07125646561,3409.4310791508215,49477.50233561643,519.870818119702,10800.0,10704.432318627107
greedy_same_plan,2025-08-25,45771.50012674151,22014.29896958343,67785.79909632495,3236.0900499202626,10704.432318627107,10800.0
greedy_same_plan,2025-08-26,47966.85067178716,359.0429294999451,48325.8936012871,53.16702576951684,10800.0,10800.0
greedy_same_plan,2025-08-27,47891.96716494445,260.985200126453,48152.952365070894,38.7317715027865,10800.0,10800.0
greedy_same_plan,2025-08-28,46923.54890486333,8480.017315202676,55403.56622006601,1229.2100039393445,10800.0,10676.408871063602
greedy_same_plan,2025-08-29,25773.364683874308,0.0,25773.364683874308,0.0,10676.408871063602,10800.0
greedy_same_plan,2025-08-30,25688.44920516631,0.0,25688.44920516631,0.0,10800.0,10800.0
greedy_same_plan,2025-08-31,48534.60875198778,387.6383071805376,48922.247059168316,56.49134614689467,10800.0,10800.0
greedy_same_plan,2025-09-01,46894.97090145126,0.0,46894.97090145127,0.0,10800.0,10800.0
greedy_same_plan,2025-09-02,36763.4479646969,2275.9174388325814,39039.365403529475,335.0731604238796,10800.0,10800.0
greedy_same_plan,2025-09-03,38023.48221938843,4859.765571659924,42883.24779104836,768.3227587060464,10800.0,10728.806715594703
greedy_same_plan,2025-09-04,38056.90792386821,4158.151606142552,42215.05953001076,600.8124079850131,10728.806715594703,10800.0
greedy_same_plan,2025-09-05,23219.450436428117,0.0,23219.45043642812,0.0,10800.0,10800.0
greedy_same_plan,2025-09-06,18618.52164410602,1459.626197164706,20078.147841270722,361.8715550371264,10800.0,10800.0
greedy_same_plan,2025-09-07,34402.49377093956,21735.671350878092,56138.16512181764,3511.523063632042,10800.0,10589.982142072553
greedy_same_plan,2025-09-08,36060.79868582997,30822.21629484339,66883.01498067338,4596.215707026953,10589.982142072553,10619.22842796672
greedy_same_plan,2025-09-09,40134.606526125746,228.9887109733259,40363.595237099056,38.436244171477504,10619.22842796672,10800.0
greedy_same_plan,2025-09-10,40265.28555484394,10183.761569615655,50449.0471244596,1578.220690732837,10800.0,10800.0
greedy_same_plan,2025-09-11,41864.29260399025,40.929104999999566,41905.22170899026,6.0716666666666015,10800.0,10800.0
greedy_same_plan,2025-09-12,19194.100493020265,0.0,19194.100493020265,0.0,10800.0,10800.0
greedy_same_plan,2025-09-13,18332.32434296333,0.0,18332.32434296333,0.0,10800.0,10800.0
greedy_same_plan,2025-09-14,40162.724577434026,1487.091229240962,41649.81580667498,220.73022208014243,10800.0,10688.65260587345
greedy_same_plan,2025-09-15,42931.53705161011,0.0,42931.5370516101,0.0,10688.65260587345,10800.0
greedy_same_plan,2025-09-16,42294.64415093587,55.38174766666634,42350.02589860253,8.238266666666618,10800.0,10800.0
greedy_same_plan,2025-09-17,42666.27186325942,0.0,42666.27186325942,0.0,10800.0,10800.0
greedy_same_plan,2025-09-18,40466.54672994414,178.5287509931055,40645.075480937245,34.98921191301214,10800.0,10753.868246801045
greedy_same_plan,2025-09-19,18349.787455851212,1125.6962599959645,19475.48371584718,161.36700974712795,10753.868246801045,10800.0
greedy_same_plan,2025-09-20,18506.006073029654,129.96027488943753,18635.966347919086,26.853485310931934,10800.0,10800.0
greedy_same_plan,2025-09-21,44077.52961313019,0.0,44077.52961313019,0.0,10800.0,10800.0
greedy_same_plan,2025-09-22,41133.277290507016,1084.490624739162,42217.76791524618,164.80496396714332,10800.0,10722.004010738481
greedy_same_plan,2025-09-23,41879.60577318992,3600.012141150667,45479.61791434059,519.5864655618559,10722.004010738481,10798.14343953844
greedy_same_plan,2025-09-24,45319.46561258037,0.0,45319.46561258036,0.0,10798.14343953844,10800.0
greedy_same_plan,2025-09-25,41813.010275960056,103.49743166666593,41916.50770762672,15.371666666666556,10800.0,10800.0
greedy_same_plan,2025-09-26,19193.91571060892,0.0,19193.91571060892,0.0,10800.0,10800.0
greedy_same_plan,2025-09-27,18752.539624175457,3147.0939494771087,21899.63357365257,473.2207016055392,10800.0,10682.551783199857
greedy_same_plan,2025-09-28,44632.157419827956,0.0,44632.157419827956,0.0,10682.551783199857,10800.0
greedy_same_plan,2025-09-29,44452.044294095474,17.757059137265575,44469.80135323274,3.7910032316963225,10800.0,10800.0
greedy_same_plan,2025-09-30,44409.32878492195,850.8046453334621,45260.1334302554,166.75625647130516,10800.0,10800.0
greedy_same_plan,2025-10-01,45588.50858382751,0.0,45588.50858382752,0.0,10800.0,10800.0
greedy_same_plan,2025-10-02,42557.638176748864,0.0,42557.638176748864,0.0,10800.0,10800.0
greedy_same_plan,2025-10-03,18154.07782206044,0.0,18154.07782206044,0.0,10800.0,10800.0
greedy_same_plan,2025-10-04,17019.531029285572,1045.6988516193846,18065.229880904957,280.11805340426105,10800.0,10800.0
greedy_same_plan,2025-10-05,38663.94329732173,3450.345793547773,42114.28909086951,578.2911370021307,10800.0,10800.0
greedy_same_plan,2025-10-06,36591.781064412055,10917.532387462867,47509.31345187493,1638.1575532976326,10800.0,10782.729016641677
greedy_same_plan,2025-10-07,39369.396945933455,157.6249184495502,39527.02186438301,32.938563054890075,10782.729016641677,10800.0
greedy_same_plan,2025-10-08,37955.91597624699,4962.919192820402,42918.835169067395,776.6227051489175,10800.0,10759.006328737374
greedy_same_plan,2025-10-09,37414.45942057201,3111.4931886841573,40525.95260925618,516.7167088577708,10759.006328737374,10711.847699376025
greedy_same_plan,2025-10-10,16734.252651662668,1217.9203527848215,17952.173004447493,251.38675189413954,10711.847699376025,10800.0
greedy_same_plan,2025-10-11,16675.47625967444,2340.021997287343,19015.498256961782,441.1906993638215,10800.0,10800.0
greedy_same_plan,2025-10-12,40106.714684720464,1884.8355858969103,41991.55027061737,293.32590636724717,10800.0,10765.777670566598
greedy_same_plan,2025-10-13,39867.94572464082,618.9864608221548,40486.93218546298,115.35847905756404,10765.777670566598,10800.0
greedy_same_plan,2025-10-14,39546.82433725693,4913.547291868406,44460.37162912534,837.4721974813117,10800.0,10651.566519052089
greedy_same_plan,2025-10-15,40045.36781772754,6226.405836142263,46271.77365386982,931.5181243306938,10651.566519052089,10790.545372779725
greedy_same_plan,2025-10-16,37882.309762206234,29673.385382581844,67555.69514478807,4769.502245973491,10790.545372779725,10800.0
greedy_same_plan,2025-10-17,18918.027208575033,0.0,18918.027208575033,0.0,10800.0,10800.0
greedy_same_plan,2025-10-18,17512.66959947008,0.0,17512.66959947008,0.0,10800.0,10800.0
greedy_same_plan,2025-10-19,44998.974980056286,1678.4202532898853,46677.39523334617,276.8274469306783,10800.0,10753.672020124955
greedy_same_plan,2025-10-20,44761.23440133002,2493.29693385233,47254.53133518235,519.2180256757381,10753.672020124955,10800.0
greedy_same_plan,2025-10-21,45028.68142319611,0.0,45028.68142319612,0.0,10800.0,10800.0
greedy_same_plan,2025-10-22,45102.49286138132,5819.162998090589,50921.65585947191,975.8654807824895,10800.0,10800.0
greedy_same_plan,2025-10-23,45859.41688329146,0.0,45859.41688329146,0.0,10800.0,10800.0
greedy_same_plan,2025-10-24,17859.847834778157,815.3450163771605,18675.19285115532,156.50020366299964,10800.0,10800.0
greedy_same_plan,2025-10-25,18288.88628546281,0.0,18288.88628546281,0.0,10800.0,10800.0
greedy_same_plan,2025-10-26,46357.397731485005,0.0,46357.397731485005,0.0,10800.0,10800.0
greedy_same_plan,2025-10-27,46056.72423846694,0.0,46056.724238466944,0.0,10800.0,10800.0
greedy_same_plan,2025-10-28,46235.960171578874,0.0,46235.960171578874,0.0,10800.0,10800.0
greedy_same_plan,2025-10-29,44588.629878337735,11564.971912267622,56153.60179060535,1783.5104961880547,10800.0,10749.704179830587
greedy_same_plan,2025-10-30,48289.479664474595,0.0,48289.47966447458,0.0,10749.704179830587,10800.0
greedy_same_plan,2025-10-31,18548.53536313489,0.0,18548.53536313489,0.0,10800.0,10800.0
greedy_same_plan,2025-11-01,18787.389927885157,0.0,18787.38992788516,0.0,10800.0,10800.0
greedy_same_plan,2025-11-02,48154.72248393991,0.0,48154.72248393991,0.0,10800.0,10800.0
greedy_same_plan,2025-11-03,48660.79232992531,0.0,48660.7923299253,0.0,10800.0,10800.0
greedy_same_plan,2025-11-04,49254.33246986172,155.8171780333324,49410.14964789506,33.599549999999795,10800.0,10800.0
greedy_same_plan,2025-11-05,49245.91344180649,0.0,49245.91344180649,0.0,10800.0,10800.0
greedy_same_plan,2025-11-06,46804.29529674057,6549.723467763219,53354.018764503795,1359.4942224070928,10800.0,10727.075284596376
greedy_same_plan,2025-11-07,19834.73756064557,0.0,19834.73756064557,0.0,10727.075284596376,10800.0
greedy_same_plan,2025-11-08,18620.72823102944,0.0,18620.72823102944,0.0,10800.0,10800.0
greedy_same_plan,2025-11-09,46863.07251353613,5477.413034482588,52340.48554801871,811.0220453297011,10800.0,10761.626668634868
greedy_same_plan,2025-11-10,48520.53416467618,5460.100646635515,53980.6348113117,805.632261114283,10761.626668634868,10800.0
greedy_same_plan,2025-11-11,49974.40644597962,4.0347901582005345,49978.44123613782,0.9212901377327398,10800.0,10800.0
greedy_same_plan,2025-11-12,49431.38019815499,42.48216985612685,49473.86236801112,9.700232870447962,10800.0,10800.0
greedy_same_plan,2025-11-13,51210.714424479214,0.0,51210.714424479214,0.0,10800.0,10800.0
greedy_same_plan,2025-11-14,19528.34848027925,0.0,19528.34848027925,0.0,10800.0,10800.0
greedy_same_plan,2025-11-15,19107.556446315262,0.0,19107.556446315262,0.0,10800.0,10800.0
greedy_same_plan,2025-11-16,50357.22880496362,0.0,50357.228804963626,0.0,10800.0,10800.0
greedy_same_plan,2025-11-17,51311.66821032658,0.0,51311.66821032658,0.0,10800.0,10800.0
greedy_same_plan,2025-11-18,50497.63969667755,956.3305934495679,51453.970290127116,155.4825282689344,10800.0,10763.979175219425
greedy_same_plan,2025-11-19,51212.098016726944,6.301057499999959,51218.39907422694,1.384999999999991,10763.979175219425,10745.598159154635
greedy_same_plan,2025-11-20,51239.70695874852,365.54770871093183,51605.25466745945,77.3234604155133,10745.598159154635,10740.834663516835
greedy_same_plan,2025-11-21,20327.56423193904,0.0,20327.56423193904,0.0,10740.834663516835,10800.0
greedy_same_plan,2025-11-22,19691.653339008855,0.0,19691.65333900886,0.0,10800.0,10781.3235580827
greedy_same_plan,2025-11-23,51574.83792661314,898.7583428962898,52473.59626950943,203.30466993164427,10781.3235580827,10800.0
greedy_same_plan,2025-11-24,51657.480017148366,399.8540283310008,52057.334045479365,75.1876282454192,10800.0,10732.629644520915
greedy_same_plan,2025-11-25,51052.52394114391,286.0219939703293,51338.545935114234,67.63612263575621,10732.629644520915,10800.0
greedy_same_plan,2025-11-26,51829.0195854912,154.539992666666,51983.55957815787,32.993166666666525,10800.0,10800.0
greedy_same_plan,2025-11-27,52219.044362067485,790.868209999162,53009.912572066656,113.36986955263217,10800.0,10800.0
greedy_same_plan,2025-11-28,20007.276852927083,52.469122934375655,20059.74597586146,8.583203490000926,10800.0,10800.0
greedy_same_plan,2025-11-29,19819.715456365557,10265.126157966162,30084.84161433172,1551.3687054178354,10800.0,10750.070037188321
greedy_same_plan,2025-11-30,54126.17950698135,137.92712849785778,54264.10663547921,21.187028631806243,10750.070037188321,10691.085349872585
greedy_same_plan,2025-12-01,54275.17067261446,29154.93927376945,83430.1099463839,5575.863865692832,10691.085349872585,10708.249524522662
greedy_same_plan,2025-12-02,58912.51392022989,10405.025799730853,69317.53971996077,2119.8091837286597,10708.249524522662,10800.0
greedy_same_plan,2025-12-03,62729.64550985989,0.0,62729.64550985989,0.0,10800.0,10800.0
greedy_same_plan,2025-12-04,63090.39666005907,490.72989353004505,63581.12655358912,87.29328484921882,10800.0,10800.0
greedy_same_plan,2025-12-05,25515.044269682414,208.04314579677109,25723.08741547919,42.89549397871569,10800.0,10800.0
greedy_same_plan,2025-12-06,25382.48629355595,3761.7047385804863,29144.19103213643,748.1053994929024,10800.0,10800.0
greedy_same_plan,2025-12-07,62938.360607060975,0.0,62938.360607060975,0.0,10800.0,10800.0
greedy_same_plan,2025-12-08,62773.014209117886,0.0,62773.01420911789,0.0,10800.0,10800.0
greedy_same_plan,2025-12-09,61163.71568841221,1075.7904624152088,62239.506150827416,188.94321034608524,10800.0,10800.0
greedy_same_plan,2025-12-10,60806.82917405525,0.0,60806.82917405525,0.0,10800.0,10800.0
greedy_same_plan,2025-12-11,62056.67004399829,6.54593233805332,62063.215976336345,1.1205910019778003,10800.0,10800.0
greedy_same_plan,2025-12-12,26689.399453911374,0.0,26689.399453911374,0.0,10800.0,10800.0
greedy_same_plan,2025-12-13,26622.26878381728,0.0,26622.268783817275,0.0,10800.0,10800.0
greedy_same_plan,2025-12-14,62452.727495115774,0.0,62452.727495115774,0.0,10800.0,10800.0
greedy_same_plan,2025-12-15,62538.937261035884,156.488488305714,62695.42574934159,31.80983602108222,10800.0,10800.0
greedy_same_plan,2025-12-16,61827.264635838306,260.52624026239783,62087.790876100706,43.39298784293078,10800.0,10710.39068623937
greedy_same_plan,2025-12-17,61515.009821911444,233.41055159394904,61748.42037350541,45.18239381694984,10710.39068623937,10799.83815743678
greedy_same_plan,2025-12-18,60129.85229745104,777.1726183301583,60907.0249157812,155.4921477212022,10799.83815743678,10792.674253612975
greedy_same_plan,2025-12-19,26951.714270159966,671.6962691362751,27623.410539296245,110.44060502534384,10792.674253612975,10783.454626001327
greedy_same_plan,2025-12-20,26558.149750184788,0.0,26558.149750184788,0.0,10783.454626001327,10733.454174311233
greedy_same_plan,2025-12-21,61006.4614405583,942.8106626921357,61949.27210325043,135.15061105105156,10733.454174311233,10800.0
greedy_same_plan,2025-12-22,60837.346594723465,2963.4286426383633,63800.77523736183,459.5007843561209,10800.0,10800.0
greedy_same_plan,2025-12-23,61910.437985277036,0.0,61910.437985277036,0.0,10800.0,10800.0
greedy_same_plan,2025-12-24,61059.372526194486,45.738659486219355,61105.1111856807,6.5565738942401595,10800.0,10800.0
greedy_same_plan,2025-12-25,61554.88865006955,327.31168096499437,61882.20033103454,47.75073252299069,10800.0,10800.0
greedy_same_plan,2025-12-26,26686.53200976782,0.0,26686.53200976782,0.0,10800.0,10800.0
greedy_same_plan,2025-12-27,26209.447974496412,764.3009717673781,26973.74894626379,125.02878648247639,10800.0,10800.0
greedy_same_plan,2025-12-28,60182.229019615916,1164.1260584797033,61346.35507809562,204.74824881578803,10800.0,10800.0
greedy_same_plan,2025-12-29,61717.403728161036,0.0,61717.40372816104,0.0,10800.0,10800.0
greedy_same_plan,2025-12-30,59771.16300584888,730.6758972880781,60501.83890313696,129.0564465991766,10800.0,10800.0
greedy_same_plan,2025-12-31,54979.61602434811,4623.470016852859,59603.086041200964,829.9599637541335,10800.0,1282.2813986383183
delayed_same_plan,2025-02-01,23162.67895921615,0.0,23162.678959216144,0.0,10800.0,10800.0
delayed_same_plan,2025-02-02,56593.958508311036,1393.9915964951917,57987.95010480623,205.0139469026169,10800.0,10800.0
delayed_same_plan,2025-02-03,55241.52401164731,337.80680143428543,55579.33081308159,48.42414011385972,10800.0,10800.0
delayed_same_plan,2025-02-04,53930.255364369616,5578.614467606126,59508.86983197574,1023.0657130672147,10800.0,10760.37401811227
delayed_same_plan,2025-02-05,54282.22576117804,3092.3916626864793,57374.617423864525,601.5855973514005,10760.37401811227,10774.664253505598
delayed_same_plan,2025-02-06,54526.866274861764,308.27725645416314,54835.14353131592,53.08391576902934,10774.664253505598,10736.106071951157
delayed_same_plan,2025-02-07,22278.820613219737,0.0,22278.820613219737,0.0,10736.106071951157,10800.0
delayed_same_plan,2025-02-08,20136.146742714976,1325.1797568870181,21461.326499601993,227.61323369822207,10800.0,10800.0
delayed_same_plan,2025-02-09,51246.256021415684,8895.76860535232,60142.024626768005,1755.513298760353,10800.0,10740.241742152255
delayed_same_plan,2025-02-10,52887.354097419164,323.86834980771516,53211.22244722688,71.24836805495264,10740.241742152255,10734.880225411369
delayed_same_plan,2025-02-11,52207.56305248135,1177.73826276104,53385.30131524239,207.1406683620286,10734.880225411369,10800.0
delayed_same_plan,2025-02-12,49513.11633318415,4534.831756109015,54047.948089293175,858.541043093029,10800.0,10755.988737551592
delayed_same_plan,2025-02-13,50286.12965718528,456.32945228261633,50742.4591094679,78.90420319829317,10755.988737551592,10767.428245645968
delayed_same_plan,2025-02-14,18928.639671368015,650.852441177593,19579.492112545613,106.47021776175251,10767.428245645968,10800.0
delayed_same_plan,2025-02-15,19099.898558937988,1084.7403546168734,20184.63891355486,187.29052704512588,10800.0,10772.142599523779
delayed_same_plan,2025-02-16,48765.8592169215,5630.854229846358,54396.713446767855,1086.1765734095645,10772.142599523779,10675.770765607956
delayed_same_plan,2025-02-17,48750.25466921923,418.8156854253084,49169.07035464455,62.51958543392527,10675.770765607956,10756.112712451824
delayed_same_plan,2025-02-18,48025.592194333934,592.5033263874768,48618.09552072143,95.53222714151434,10756.112712451824,10800.0
delayed_same_plan,2025-02-19,47666.185061188415,5911.957864055446,53578.142925243876,1213.508912388419,10800.0,10657.772546845541
delayed_same_plan,2025-02-20,47801.44490463495,1319.768787795936,49121.21369243089,240.00105362681333,10657.772546845541,10776.563560589515
delayed_same_plan,2025-02-21,18157.850770796467,104.36943746125365,18262.220208257717,19.070783125457037,10776.563560589515,10800.0
delayed_same_plan,2025-02-22,18093.62705658948,1211.8631038525718,19305.490160442052,205.4766912094408,10800.0,10800.0
delayed_same_plan,2025-02-23,48674.12070740531,410.8743650149502,49084.99507242025,64.75331066429953,10800.0,10728.339977238915
delayed_same_plan,2025-02-24,46369.13221084648,2331.7893703721056,48700.92158121858,475.79104471774644,10728.339977238915,10780.546846254727
delayed_same_plan,2025-02-25,46974.288811216386,400.98603209339797,47375.27484330979,89.74382762429525,10780.546846254727,10800.0
delayed_same_plan,2025-02-26,44957.90341268896,3671.501707841893,48629.40512053086,821.8412264511045,10800.0,10800.0
delayed_same_plan,2025-02-27,44857.78618230753,3734.054526203276,48591.8407085108,754.7970242229677,10800.0,10800.0
delayed_same_plan,2025-02-28,17895.843667027955,0.0,17895.843667027955,0.0,10800.0,10800.0
delayed_same_plan,2025-03-01,17814.95719059471,0.0,17814.95719059471,0.0,10800.0,10800.0
delayed_same_plan,2025-03-02,46161.33146882143,12399.998867027356,58561.330335848776,2355.713382465765,10800.0,10697.113380216068
delayed_same_plan,2025-03-03,44222.99556103295,21179.65911212918,65402.65467316213,4300.685482602268,10697.113380216068,10761.811442000999
delayed_same_plan,2025-03-04,47780.78451318425,0.0,47780.78451318425,0.0,10761.811442000999,10800.0
delayed_same_plan,2025-03-05,45996.14554108243,67.36906347975585,46063.51460456219,13.066947618151222,10800.0,10800.0
delayed_same_plan,2025-03-06,46072.318520928544,0.0,46072.318520928544,0.0,10800.0,10800.0
delayed_same_plan,2025-03-07,17650.470797968206,0.0,17650.470797968206,0.0,10800.0,10800.0
delayed_same_plan,2025-03-08,16595.02207879404,1131.5815290029075,17726.603607796947,353.53706395121833,10800.0,10800.0
delayed_same_plan,2025-03-09,43233.156405501606,1563.2567998752165,44796.41320537682,298.5463238142361,10800.0,10741.80895268098
delayed_same_plan,2025-03-10,42691.30119922973,9449.709118286664,52141.01031751639,1706.0755370847671,10741.80895268098,10754.424471441225
delayed_same_plan,2025-03-11,45002.895939031485,0.0,45002.89593903149,0.0,10754.424471441225,10800.0
delayed_same_plan,2025-03-12,43742.24571007279,1448.4611464505033,45190.706856523306,228.5301710250208,10800.0,10789.933481279146
delayed_same_plan,2025-03-13,41522.23824239372,18007.460902408697,59529.69914480242,3093.1259850500373,10789.933481279146,10800.0
delayed_same_plan,2025-03-14,16588.96004081032,0.0,16588.96004081032,0.0,10800.0,10800.0
delayed_same_plan,2025-03-15,16535.890751943585,230.3566162251887,16766.24736816877,48.281240194392105,10800.0,10735.723371365428
delayed_same_plan,2025-03-16,42577.07883939627,7.461180000003042,42584.54001939628,1.6400000000006685,10735.723371365428,10651.922426438194
delayed_same_plan,2025-03-17,45191.94232081995,0.0,45191.942320819944,0.0,10651.922426438194,10800.0
delayed_same_plan,2025-03-18,43924.79201757563,0.0,43924.79201757564,0.0,10800.0,10800.0
delayed_same_plan,2025-03-19,41445.77601791198,833.2344125505741,42279.010430462564,173.70166936437954,10800.0,10800.0
delayed_same_plan,2025-03-20,43488.85137581065,492.3015113501317,43981.15288716078,70.94584474380076,10800.0,10800.0
delayed_same_plan,2025-03-21,16078.279352828555,0.0,16078.279352828555,0.0,10800.0,10800.0
delayed_same_plan,2025-03-22,16176.438089371317,0.0,16176.438089371319,0.0,10800.0,10800.0
delayed_same_plan,2025-03-23,40344.638358428005,2585.719048661473,42930.357407089476,496.50656421048143,10800.0,10800.0
delayed_same_plan,2025-03-24,40313.528533446246,0.0,40313.528533446246,0.0,10800.0,10800.0
delayed_same_plan,2025-03-25,38251.87363685008,7984.232161608525,46236.1057984586,1514.9896930352215,10800.0,10766.34567104303
delayed_same_plan,2025-03-26,38356.131671410585,0.0,38356.13167141059,0.0,10766.34567104303,10800.0
delayed_same_plan,2025-03-27,40478.17253208372,0.0,40478.17253208372,0.0,10800.0,10800.0
delayed_same_plan,2025-03-28,15509.290180394497,0.0,15509.290180394497,0.0,10800.0,10800.0
delayed_same_plan,2025-03-29,15183.665030379167,310.66765239843767,15494.332682777604,52.58491600101432,10800.0,10800.0
delayed_same_plan,2025-03-30,38783.64594820932,0.0,38783.64594820931,0.0,10800.0,10800.0
delayed_same_plan,2025-03-31,36337.0231054537,4138.804511143111,40475.82761659681,732.0578354621709,10800.0,10800.0
delayed_same_plan,2025-04-01,36489.67677246301,19078.496636107022,55568.17340857003,3006.482411784028,10800.0,10800.0
delayed_same_plan,2025-04-02,37165.20675613053,12440.313392305095,49605.52014843562,2337.795129618895,10800.0,10800.0
delayed_same_plan,2025-04-03,36574.4973833513,2588.890055908334,39163.38743925963,483.40122037509065,10800.0,10771.17801481101
delayed_same_plan,2025-04-04,15061.44634536988,0.0,15061.446345369883,0.0,10771.17801481101,10800.0
delayed_same_plan,2025-04-05,14535.909508710962,649.8510187182002,15185.760527429164,136.035437599001,10800.0,10758.171688535327
delayed_same_plan,2025-04-06,36214.139096811916,291.2406236755346,36505.37972048745,56.16110984036307,10758.171688535327,10788.44803810045
delayed_same_plan,2025-04-07,36338.62406547459,0.0,36338.62406547459,0.0,10788.44803810045,10800.0
delayed_same_plan,2025-04-08,38400.66935320108,1488.9707515873688,39889.64010478844,254.0056097168077,10800.0,10800.0
delayed_same_plan,2025-04-09,39114.62654737884,254.84706715991052,39369.47361453875,61.4736439044878,10800.0,10800.0
delayed_same_plan,2025-04-10,39576.65774724741,0.0,39576.65774724741,0.0,10800.0,10800.0
delayed_same_plan,2025-04-11,15415.1832949374,0.0,15415.183294937398,0.0,10800.0,10800.0
delayed_same_plan,2025-04-12,14435.561241649619,0.0,14435.561241649619,0.0,10800.0,10800.0
delayed_same_plan,2025-04-13,36039.556735611295,1505.22865153661,37544.7853871479,261.22134604399963,10800.0,10800.0
delayed_same_plan,2025-04-14,35445.28329101969,271.09348941444034,35716.37678043413,38.88680688786815,10800.0,10794.755186833321
delayed_same_plan,2025-04-15,36031.494241767476,217.0232161089281,36248.517457876405,50.98801076448187,10794.755186833321,10800.0
delayed_same_plan,2025-04-16,35182.523073846416,1495.1272705827319,36677.650344429145,331.6244652012623,10800.0,10751.880727696243
delayed_same_plan,2025-04-17,34489.84225248789,1326.259160510297,35816.101412998185,193.84579167815377,10751.880727696243,10800.0
delayed_same_plan,2025-04-18,14093.20722258608,0.0,14093.20722258608,0.0,10800.0,10800.0
delayed_same_plan,2025-04-19,14110.18043424958,0.0,14110.18043424958,0.0,10800.0,10800.0
delayed_same_plan,2025-04-20,34422.69829044625,0.0,34422.69829044625,0.0,10800.0,10800.0
delayed_same_plan,2025-04-21,34120.59924418881,321.1334647301978,34441.73270891901,61.33702982285763,10800.0,10741.19097082291
delayed_same_plan,2025-04-22,34688.62136370182,85.70866440889193,34774.330028110715,23.45612052788504,10741.19097082291,10800.0
delayed_same_plan,2025-04-23,35740.516820358716,0.0,35740.51682035872,0.0,10800.0,10800.0
delayed_same_plan,2025-04-24,33753.00369471348,0.0,33753.00369471348,0.0,10800.0,10800.0
delayed_same_plan,2025-04-25,12994.147670795623,102.53355973449716,13096.681230530117,21.08164734979448,10800.0,10730.593945760706
delayed_same_plan,2025-04-26,12807.613427522287,2226.8695631228616,15034.482990645149,453.6357861496213,10730.593945760706,10715.917216271691
delayed_same_plan,2025-04-27,32122.64183737137,4715.82623520103,36838.4680725724,910.369891966063,10715.917216271691,10741.72600541333
delayed_same_plan,2025-04-28,31853.05672632863,39543.97093833794,71397.02766466656,6336.735392538252,10741.72600541333,10800.0
delayed_same_plan,2025-04-29,35524.7865141916,14.821072173933644,35539.60758636553,2.1245803001625063,10800.0,10800.0
delayed_same_plan,2025-04-30,33798.30073604586,207.74101661057114,34006.04175265643,44.91809011866141,10800.0,10790.458786939036
delayed_same_plan,2025-05-01,32070.99393550024,13460.153694752626,45531.14763025286,2241.53905891173,10790.458786939036,10240.865631907152
delayed_same_plan,2025-05-02,13612.639731278548,12460.929208720154,26073.568939998702,2220.6635346765206,10240.865631907152,10437.648156260864
delayed_same_plan,2025-05-03,13794.082741345243,8766.508329386823,22560.591070732065,1598.8572477673595,10437.648156260864,10622.755275927768
delayed_same_plan,2025-05-04,33571.576122159575,11383.605312454407,44955.18143461398,1856.2238907546885,10622.755275927768,10390.053890668787
delayed_same_plan,2025-05-05,36728.143549699744,3142.846086563247,39870.98963626298,498.8494553429425,10390.053890668787,10769.448157047855
delayed_same_plan,2025-05-06,37547.66508109069,658.299741111585,38205.96482220227,115.58999834100436,10769.448157047855,10561.394874873531
delayed_same_plan,2025-05-07,39083.1418793247,0.0,39083.1418793247,0.0,10561.394874873531,10800.0
delayed_same_plan,2025-05-08,39520.703463397476,243.22893262499974,39763.93239602247,35.99924999999996,10800.0,10800.0
delayed_same_plan,2025-05-09,19938.470635502505,0.0,19938.470635502505,0.0,10800.0,10800.0
delayed_same_plan,2025-05-10,15892.097102351432,0.0,15892.097102351432,0.0,10800.0,10800.0
delayed_same_plan,2025-05-11,37227.48957533995,277.3610394583323,37504.85061479827,41.18071666666651,10800.0,10800.0
delayed_same_plan,2025-05-12,39744.933090008366,0.0,39744.933090008366,0.0,10800.0,10800.0
delayed_same_plan,2025-05-13,38974.21963534794,0.0,38974.21963534794,0.0,10800.0,10800.0
delayed_same_plan,2025-05-14,38191.72668957949,0.0,38191.7266895795,0.0,10800.0,10800.0
delayed_same_plan,2025-05-15,38241.2253792762,0.0,38241.2253792762,0.0,10800.0,10800.0
delayed_same_plan,2025-05-16,15516.575320483622,0.0,15516.575320483622,0.0,10800.0,10800.0
delayed_same_plan,2025-05-17,16608.530063597565,0.0,16608.530063597562,0.0,10800.0,10800.0
delayed_same_plan,2025-05-18,39137.25518951898,0.0,39137.25518951899,0.0,10800.0,10800.0
delayed_same_plan,2025-05-19,38356.988443987066,428.0680453866234,38785.05648937369,63.46920385300962,10800.0,10800.0
delayed_same_plan,2025-05-20,37401.74796215775,0.0,37401.747962157744,0.0,10800.0,10800.0
delayed_same_plan,2025-05-21,38375.07194510575,0.0,38375.071945105745,0.0,10800.0,10800.0
delayed_same_plan,2025-05-22,38066.79975052581,8.469691588224636,38075.26944211403,1.2557923624026444,10800.0,10800.0
delayed_same_plan,2025-05-23,17836.3142834994,0.0,17836.3142834994,0.0,10800.0,10800.0
delayed_same_plan,2025-05-24,16828.118684449903,0.0,16828.118684449903,0.0,10800.0,10800.0
delayed_same_plan,2025-05-25,38603.28916117927,0.0,38603.28916117927,0.0,10800.0,10800.0
delayed_same_plan,2025-05-26,38781.58231298831,0.0,38781.5823129883,0.0,10800.0,10800.0
delayed_same_plan,2025-05-27,35283.72444802287,0.0,35283.72444802287,0.0,10800.0,10800.0
delayed_same_plan,2025-05-28,36329.71579929765,0.0,36329.71579929765,0.0,10800.0,10800.0
delayed_same_plan,2025-05-29,35569.979806177376,2446.0239939261282,38016.00380010351,400.76709438895114,10800.0,10800.0
delayed_same_plan,2025-05-30,16049.411450455635,0.0,16049.411450455633,0.0,10800.0,10800.0
delayed_same_plan,2025-05-31,15583.933455091334,1298.8414034515358,16882.774858542867,409.72632405226017,10800.0,10800.0
delayed_same_plan,2025-06-01,35042.100907454034,85095.31745937983,120137.41836683388,14861.71908588523,10800.0,9823.887635312032
delayed_same_plan,2025-06-02,37401.88674448413,51884.850216995415,89286.73696147955,9913.774521497657,9823.887635312032,9783.47192644735
delayed_same_plan,2025-06-03,49925.21793949917,102.8195436828378,50028.037483182015,15.249256167895965,9783.47192644735,10800.0
delayed_same_plan,2025-06-04,49933.77825059612,0.0,49933.77825059612,0.0,10800.0,10800.0
delayed_same_plan,2025-06-05,48970.87857659336,279.22853421167304,49250.10711080503,41.47163734021581,10800.0,10800.0
delayed_same_plan,2025-06-06,23806.537959052966,0.0,23806.537959052966,0.0,10800.0,10800.0
delayed_same_plan,2025-06-07,18113.896798744696,11953.827388363035,30067.724187107728,2522.3154139512712,10800.0,10445.476792238705
delayed_same_plan,2025-06-08,54603.39478658736,738.3549574035999,55341.749743990964,109.5168987959953,10445.476792238705,10800.0
delayed_same_plan,2025-06-09,50268.89233527436,48.939357279945845,50317.831692554304,7.256187601741544,10800.0,10800.0
delayed_same_plan,2025-06-10,52781.06513532265,0.0,52781.06513532265,0.0,10800.0,10800.0
delayed_same_plan,2025-06-11,47946.88395581546,22311.030124769553,70257.914080585,4685.105760500144,10800.0,10800.0
delayed_same_plan,2025-06-12,54817.75107887224,0.0,54817.75107887224,0.0,10800.0,10800.0
delayed_same_plan,2025-06-13,22421.156462290484,0.0,22421.156462290484,0.0,10800.0,10800.0
delayed_same_plan,2025-06-14,21161.398545585558,0.0,21161.398545585555,0.0,10800.0,10800.0
delayed_same_plan,2025-06-15,52359.479752827036,0.0,52359.479752827036,0.0,10800.0,10800.0
delayed_same_plan,2025-06-16,53578.8333095331,0.0,53578.83330953312,0.0,10800.0,10800.0
delayed_same_plan,2025-06-17,50666.03140041887,2107.657272926313,52773.68867334518,356.49342384054916,10800.0,10800.0
delayed_same_plan,2025-06-18,50443.51125478219,63.27104271289909,50506.7822974951,9.381131694402711,10800.0,10800.0
delayed_same_plan,2025-06-19,50367.59993714241,649.3737848390688,51016.97372198146,96.46490027521952,10800.0,10800.0
delayed_same_plan,2025-06-20,21333.316954851718,0.0,21333.316954851718,0.0,10800.0,10800.0
delayed_same_plan,2025-06-21,20456.533248762305,214.074474044647,20670.607722806948,53.235327494969596,10800.0,10800.0
delayed_same_plan,2025-06-22,45318.74434113279,1692.9381756360208,47011.68251676881,388.42901745402,10800.0,10800.0
delayed_same_plan,2025-06-23,46254.122952700505,44.819075078356356,46298.94202777886,6.648727945164865,10800.0,10800.0
delayed_same_plan,2025-06-24,45862.034664243896,33059.47617029596,78921.51083453986,6456.0092227733985,10800.0,10800.0
delayed_same_plan,2025-06-25,54147.62346057409,113.14437210645214,54260.76783268054,16.747639386350556,10800.0,10800.0
delayed_same_plan,2025-06-26,47619.12336728828,935.852733838353,48554.97610112663,138.7728243663861,10800.0,10783.832572509942
delayed_same_plan,2025-06-27,20588.849519256455,0.0,20588.84951925646,0.0,10783.832572509942,10800.0
delayed_same_plan,2025-06-28,19609.30627104742,0.0,19609.30627104742,0.0,10800.0,10800.0
delayed_same_plan,2025-06-29,49542.5542783067,0.0,49542.5542783067,0.0,10800.0,10800.0
delayed_same_plan,2025-06-30,50468.232162286164,87.66194134064142,50555.89410362681,12.999534669173158,10800.0,10800.0
delayed_same_plan,2025-07-01,51021.844910063846,15013.3291292584,66035.17403932224,2834.014495423672,10800.0,10077.079652888162
delayed_same_plan,2025-07-02,51682.48702662974,13527.832862391959,65210.31988902169,2796.731059060593,10077.079652888162,9989.045596870477
delayed_same_plan,2025-07-03,47817.501984361545,37762.44265616228,85579.94464052384,6718.926932961507,9989.045596870477,10672.503166828003
delayed_same_plan,2025-07-04,26775.89315247622,0.0,26775.89315247622,0.0,10672.503166828003,10800.0
delayed_same_plan,2025-07-05,20326.683935728157,26171.61313169084,46498.297067418986,5795.170315583008,10800.0,10263.261622027721
delayed_same_plan,2025-07-06,48049.1678477857,36298.17553199977,84347.34337978548,6792.626218910218,10263.261622027721,10800.0
delayed_same_plan,2025-07-07,61104.38442398576,0.0,61104.38442398575,0.0,10800.0,10800.0
delayed_same_plan,2025-07-08,57796.07125606673,0.0,57796.07125606673,0.0,10800.0,10800.0
delayed_same_plan,2025-07-09,57769.46368106923,0.0,57769.46368106923,0.0,10800.0,10800.0
delayed_same_plan,2025-07-10,56923.892260875,0.0,56923.892260874985,0.0,10800.0,10800.0
delayed_same_plan,2025-07-11,27560.659152067117,0.0,27560.659152067114,0.0,10800.0,10800.0
delayed_same_plan,2025-07-12,26640.98364390307,0.0,26640.98364390307,0.0,10800.0,10800.0
delayed_same_plan,2025-07-13,53662.19011148165,40.560949353971715,53702.75106083563,6.033610911710184,10800.0,10800.0
delayed_same_plan,2025-07-14,55384.583523503214,0.0,55384.583523503214,0.0,10800.0,10800.0
delayed_same_plan,2025-07-15,53593.69028478621,0.0,53593.690284786215,0.0,10800.0,10800.0
delayed_same_plan,2025-07-16,50999.53830200847,301.9034797782704,51301.44178178673,44.71043343385509,10800.0,10800.0
delayed_same_plan,2025-07-17,50722.23330544964,12.71547475354479,50734.948780203194,1.8819617780721956,10800.0,10800.0
delayed_same_plan,2025-07-18,27366.623457362868,0.0,27366.623457362864,0.0,10800.0,10800.0
delayed_same_plan,2025-07-19,25958.670815712136,0.0,25958.670815712136,0.0,10800.0,10800.0
delayed_same_plan,2025-07-20,50114.47174529124,190.3221154936843,50304.79386078493,27.282413344851534,10800.0,10800.0
delayed_same_plan,2025-07-21,49984.36312387705,562.6570578720871,50547.02018174915,94.55547376521626,10800.0,10800.0
delayed_same_plan,2025-07-22,51907.942808138934,180.79718774161168,52088.739995880554,26.81956114198738,10800.0,10800.0
delayed_same_plan,2025-07-23,52968.45069442609,0.0,52968.45069442609,0.0,10800.0,10800.0
delayed_same_plan,2025-07-24,54369.93032470548,0.0,54369.93032470549,0.0,10800.0,10800.0
delayed_same_plan,2025-07-25,28564.466209410573,0.0,28564.466209410573,0.0,10800.0,10800.0
delayed_same_plan,2025-07-26,26487.577371776315,0.0,26487.577371776315,0.0,10800.0,10800.0
delayed_same_plan,2025-07-27,49708.059452642075,2944.41828768681,52652.4777403289,571.9105311408422,10800.0,10800.0
delayed_same_plan,2025-07-28,52961.75393487902,93.35813292171781,53055.112067800736,13.842113265878538,10800.0,10800.0
delayed_same_plan,2025-07-29,54741.22819717256,324.24769594124496,55065.475893113806,47.98309263428348,10800.0,10800.0
delayed_same_plan,2025-07-30,54102.106423013436,0.0,54102.10642301343,0.0,10800.0,10800.0
delayed_same_plan,2025-07-31,53976.97537684418,242.54639265223108,54219.5217694964,36.02121032313937,10800.0,10800.0
delayed_same_plan,2025-08-01,28404.073468812876,0.0,28404.073468812872,0.0,10800.0,10800.0
delayed_same_plan,2025-08-02,27499.812625581042,0.0,27499.81262558104,0.0,10800.0,10800.0
delayed_same_plan,2025-08-03,47863.29001996452,3299.003658016422,51162.293677980946,530.6600097758654,10800.0,10634.098405475685
delayed_same_plan,2025-08-04,45504.03098207589,2352.3477595699014,47856.37874164579,380.85007758449046,10634.098405475685,10800.0
delayed_same_plan,2025-08-05,45642.48383868278,439.85080057659064,46082.33463925938,65.19932961125164,10800.0,10800.0
delayed_same_plan,2025-08-06,43877.47682466095,13441.439654586538,57318.9164792475,2823.0706183082466,10800.0,10699.595557123914
delayed_same_plan,2025-08-07,46848.823885201724,827.4609259028136,47676.28481110453,122.2177259191701,10699.595557123914,10787.574210794704
delayed_same_plan,2025-08-08,26046.12588583774,0.0,26046.125885837733,0.0,10787.574210794704,10800.0
delayed_same_plan,2025-08-09,23634.363538515747,765.9113046267853,24400.27484314253,173.24605494550923,10800.0,10800.0
delayed_same_plan,2025-08-10,44355.51731232199,2776.6604060579803,47132.17771837998,411.73674075886964,10800.0,10753.870557074131
delayed_same_plan,2025-08-11,44089.785201301784,2179.192600405665,46268.97780170746,324.29862424121677,10753.870557074131,10716.717943214488
delayed_same_plan,2025-08-12,43474.67441973144,16408.9516312983,59883.62605102974,2953.7661846057827,10716.717943214488,10735.412183492917
delayed_same_plan,2025-08-13,44993.66886887382,512.5253131281764,45506.194182002,84.97346664991812,10735.412183492917,10800.0
delayed_same_plan,2025-08-14,44622.9119558691,2805.9652000794777,47428.877155948576,446.28753026348716,10800.0,10800.0
delayed_same_plan,2025-08-15,24510.531197902535,0.0,24510.531197902535,0.0,10800.0,10800.0
delayed_same_plan,2025-08-16,23030.9064928882,2107.3076759960013,25138.214168884202,362.77049441356263,10800.0,10785.441258766405
delayed_same_plan,2025-08-17,43092.07299135905,3507.0914594522264,46599.16445081127,520.8266597847913,10785.441258766405,10679.86076000029
delayed_same_plan,2025-08-18,44137.462307562935,2271.231224227873,46408.69353179081,346.1632138130596,10679.86076000029,10800.0
delayed_same_plan,2025-08-19,44915.80664440367,1590.461200620593,46506.26784502426,235.81976979352066,10800.0,10775.263194653951
delayed_same_plan,2025-08-20,44558.25816077989,26831.273067866834,71389.53122864672,4450.069583688197,10775.263194653951,10762.793451191199
delayed_same_plan,2025-08-21,45629.62075078806,1204.3626644961375,46833.9834152842,185.28321909940962,10762.793451191199,10765.475283571814
delayed_same_plan,2025-08-22,24017.91326074057,2367.368269813607,26385.281530554177,374.27666836244737,10765.475283571814,10741.857636583816
delayed_same_plan,2025-08-23,24290.922030924965,0.0,24290.922030924965,0.0,10741.857636583816,10800.0
delayed_same_plan,2025-08-24,46068.07125646561,3202.645347467304,49270.71660393292,519.8708181197009,10800.0,10704.432318627107
delayed_same_plan,2025-08-25,45771.50012674151,18171.053255470124,63942.55338221164,3236.0900499202653,10704.432318627107,10800.0
delayed_same_plan,2025-08-26,47966.85067178716,359.0429294999497,48325.8936012871,53.16702576951752,10800.0,10800.0
delayed_same_plan,2025-08-27,47891.96716494445,260.9852001264576,48152.9523650709,38.73177150278718,10800.0,10800.0
delayed_same_plan,2025-08-28,46923.54890486333,7393.934331754514,54317.483236617845,1229.2100039393438,10800.0,10676.408871063602
delayed_same_plan,2025-08-29,25773.364683874308,0.0,25773.364683874308,0.0,10676.408871063602,10800.0
delayed_same_plan,2025-08-30,25688.44920516631,0.0,25688.44920516631,0.0,10800.0,10800.0
delayed_same_plan,2025-08-31,48534.60875198778,387.63830718054226,48922.247059168316,56.49134614689535,10800.0,10800.0
delayed_same_plan,2025-09-01,46894.97090145126,0.0,46894.97090145127,0.0,10800.0,10800.0
delayed_same_plan,2025-09-02,36763.4479646969,2268.127355941272,39031.57532063817,349.5974347515843,10800.0,10800.0
delayed_same_plan,2025-09-03,38023.48221938843,4439.801816642586,42463.284036031015,768.3227587060471,10800.0,10728.806715594703
delayed_same_plan,2025-09-04,38056.90792386821,3541.867241364951,41598.775165233164,600.8124079850104,10728.806715594703,10800.0
delayed_same_plan,2025-09-05,23219.450436428117,0.0,23219.45043642812,0.0,10800.0,10800.0
delayed_same_plan,2025-09-06,18618.52164410602,1337.381696487898,19955.903340593915,361.8715550371257,10800.0,10800.0
delayed_same_plan,2025-09-07,34402.49377093956,17339.800594696753,51742.294365636306,3511.523063632044,10800.0,10589.982142072553
delayed_same_plan,2025-09-08,36060.79868582997,24075.859125176354,60136.65781100634,4596.215707026951,10589.982142072553,10619.22842796672
delayed_same_plan,2025-09-09,40134.606526125746,228.9887109733259,40363.595237099056,38.436244171477504,10619.22842796672,10800.0
delayed_same_plan,2025-09-10,40265.28555484394,9271.381298092367,49536.666852936316,1578.2206907328373,10800.0,10800.0
delayed_same_plan,2025-09-11,41864.29260399025,40.929104999999566,41905.22170899026,6.0716666666666015,10800.0,10800.0
delayed_same_plan,2025-09-12,19194.100493020265,0.0,19194.100493020265,0.0,10800.0,10800.0
delayed_same_plan,2025-09-13,18332.32434296333,16.209092968027896,18348.533435931357,8.730995404270345,10800.0,10800.0
delayed_same_plan,2025-09-14,40162.724577434026,1430.8201392136789,41593.544716647695,220.7302220801426,10800.0,10688.65260587345
delayed_same_plan,2025-09-15,42931.53705161011,0.0,42931.5370516101,0.0,10688.65260587345,10800.0
delayed_same_plan,2025-09-16,42294.64415093587,55.38174766666634,42350.02589860253,8.238266666666618,10800.0,10800.0
delayed_same_plan,2025-09-17,42666.27186325942,0.0,42666.27186325942,0.0,10800.0,10800.0
delayed_same_plan,2025-09-18,40466.54672994414,178.5287509931055,40645.075480937245,34.98921191301214,10800.0,10753.868246801045
delayed_same_plan,2025-09-19,18349.787455851212,1265.2730941963987,19615.060550047612,202.065576413795,10753.868246801045,10800.0
delayed_same_plan,2025-09-20,18506.006073029654,129.96027488943753,18635.966347919086,26.853485310931934,10800.0,10800.0
delayed_same_plan,2025-09-21,44077.52961313019,0.0,44077.52961313019,0.0,10800.0,10800.0
delayed_same_plan,2025-09-22,41133.277290507016,1281.7826591015032,42415.05994960852,248.8710178316134,10800.0,10722.004010738481
delayed_same_plan,2025-09-23,41879.60577318992,3508.9811351127,45388.58690830262,519.5864655618558,10722.004010738481,10798.14343953844
delayed_same_plan,2025-09-24,45319.46561258037,0.0,45319.46561258036,0.0,10798.14343953844,10800.0
delayed_same_plan,2025-09-25,41813.010275960056,239.30068962898952,42052.310965589044,77.52215027439759,10800.0,10800.0
delayed_same_plan,2025-09-26,19193.91571060892,0.0,19193.91571060892,0.0,10800.0,10800.0
delayed_same_plan,2025-09-27,18752.539624175457,3060.643802879329,21813.183427054788,473.2207016055394,10800.0,10682.551783199857
delayed_same_plan,2025-09-28,44632.157419827956,0.0,44632.157419827956,0.0,10682.551783199857,10800.0
delayed_same_plan,2025-09-29,44452.044294095474,17.75705913726877,44469.801353232746,3.7910032316970046,10800.0,10800.0
delayed_same_plan,2025-09-30,44409.32878492195,728.9508505643328,45138.27963548627,166.75625647130482,10800.0,10800.0
delayed_same_plan,2025-10-01,45588.50858382751,25.918627327809265,45614.42721115533,11.963363640807415,10800.0,10800.0
delayed_same_plan,2025-10-02,42557.638176748864,0.0,42557.638176748864,0.0,10800.0,10800.0
delayed_same_plan,2025-10-03,18154.07782206044,0.0,18154.07782206044,0.0,10800.0,10800.0
delayed_same_plan,2025-10-04,17019.531029285572,1045.6988516193846,18065.229880904957,280.11805340426105,10800.0,10800.0
delayed_same_plan,2025-10-05,38663.94329732173,3455.0195462869383,42118.96284360868,615.8640065663926,10800.0,10800.0
delayed_same_plan,2025-10-06,36591.781064412055,9759.554298801402,46351.33536321346,1638.1575532976335,10800.0,10782.729016641677
delayed_same_plan,2025-10-07,39369.396945933455,157.6249184495502,39527.02186438301,32.938563054890075,10782.729016641677,10800.0
delayed_same_plan,2025-10-08,37955.91597624699,4827.911580975632,42783.82755722263,776.6227051489175,10800.0,10759.006328737374
delayed_same_plan,2025-10-09,37414.45942057201,2892.0529395232033,40306.51236009522,516.7167088577703,10759.006328737374,10711.847699376025
delayed_same_plan,2025-10-10,16734.252651662668,1217.9203527848215,17952.173004447493,251.38675189413954,10711.847699376025,10800.0
delayed_same_plan,2025-10-11,16675.47625967444,2340.021997287343,19015.498256961782,441.1906993638215,10800.0,10800.0
delayed_same_plan,2025-10-12,40106.714684720464,1835.6564905436567,41942.37117526412,293.32590636724797,10800.0,10765.777670566598
delayed_same_plan,2025-10-13,39867.94572464082,612.2744915457943,40480.22021618662,115.35847905756415,10765.777670566598,10800.0
delayed_same_plan,2025-10-14,39546.82433725693,4317.583209741014,43864.40754699794,837.4721974813104,10800.0,10651.566519052089
delayed_same_plan,2025-10-15,40045.36781772754,5195.810945607152,45241.17876333471,931.5181243306927,10651.566519052089,10790.545372779725
delayed_same_plan,2025-10-16,37882.309762206234,23327.40235950087,61209.712121707096,4769.502245973488,10790.545372779725,10800.0
delayed_same_plan,2025-10-17,18918.027208575033,0.0,18918.027208575033,0.0,10800.0,10800.0
delayed_same_plan,2025-10-18,17512.66959947008,0.0,17512.66959947008,0.0,10800.0,10800.0
delayed_same_plan,2025-10-19,44998.974980056286,1659.454355161771,46658.429335218054,276.8274469306783,10800.0,10753.672020124955
delayed_same_plan,2025-10-20,44761.23440133002,2493.29693385233,47254.53133518235,519.2180256757381,10753.672020124955,10800.0
delayed_same_plan,2025-10-21,45028.68142319611,0.0,45028.68142319612,0.0,10800.0,10800.0
delayed_same_plan,2025-10-22,45102.49286138132,5718.058928962371,50820.5517903437,975.8654807824902,10800.0,10800.0
delayed_same_plan,2025-10-23,45859.41688329146,0.0,45859.41688329146,0.0,10800.0,10800.0
delayed_same_plan,2025-10-24,17859.847834778157,815.3450163771605,18675.19285115532,156.50020366299964,10800.0,10800.0
delayed_same_plan,2025-10-25,18288.88628546281,0.0,18288.88628546281,0.0,10800.0,10800.0
delayed_same_plan,2025-10-26,46357.397731485005,0.0,46357.397731485005,0.0,10800.0,10800.0
delayed_same_plan,2025-10-27,46056.72423846694,0.0,46056.724238466944,0.0,10800.0,10800.0
delayed_same_plan,2025-10-28,46235.960171578874,0.0,46235.960171578874,0.0,10800.0,10800.0
delayed_same_plan,2025-10-29,44588.629878337735,10346.582771037563,54935.2126493753,1783.5104961880547,10800.0,10749.704179830587
delayed_same_plan,2025-10-30,48289.479664474595,0.0,48289.47966447458,0.0,10749.704179830587,10800.0
delayed_same_plan,2025-10-31,18548.53536313489,0.0,18548.53536313489,0.0,10800.0,10800.0
delayed_same_plan,2025-11-01,18787.389927885157,0.0,18787.38992788516,0.0,10800.0,10800.0
delayed_same_plan,2025-11-02,48154.72248393991,0.0,48154.72248393991,0.0,10800.0,10800.0
delayed_same_plan,2025-11-03,48660.79232992531,0.0,48660.7923299253,0.0,10800.0,10800.0
delayed_same_plan,2025-11-04,49254.33246986172,155.8171780333387,49410.14964789506,33.59955000000116,10800.0,10800.0
delayed_same_plan,2025-11-05,49245.91344180649,0.0,49245.91344180649,0.0,10800.0,10800.0
delayed_same_plan,2025-11-06,46804.29529674057,6549.723467763219,53354.018764503795,1359.4942224070928,10800.0,10727.075284596376
delayed_same_plan,2025-11-07,19834.73756064557,0.0,19834.73756064557,0.0,10727.075284596376,10800.0
delayed_same_plan,2025-11-08,18620.72823102944,0.0,18620.72823102944,0.0,10800.0,10800.0
delayed_same_plan,2025-11-09,46863.07251353613,4387.580115207525,51250.65262874364,811.0220453297002,10800.0,10761.626668634868
delayed_same_plan,2025-11-10,48520.53416467618,4486.108982053005,53006.643146729184,805.6322611142837,10761.626668634868,10800.0
delayed_same_plan,2025-11-11,49974.40644597962,4.0347901582005345,49978.44123613782,0.9212901377327398,10800.0,10800.0
delayed_same_plan,2025-11-12,49431.38019815499,42.48216985612685,49473.86236801112,9.700232870447962,10800.0,10800.0
delayed_same_plan,2025-11-13,51210.714424479214,0.0,51210.714424479214,0.0,10800.0,10800.0
delayed_same_plan,2025-11-14,19528.34848027925,0.0,19528.34848027925,0.0,10800.0,10800.0
delayed_same_plan,2025-11-15,19107.556446315262,0.0,19107.556446315262,0.0,10800.0,10800.0
delayed_same_plan,2025-11-16,50357.22880496362,0.0,50357.228804963626,0.0,10800.0,10800.0
delayed_same_plan,2025-11-17,51311.66821032658,0.0,51311.66821032658,0.0,10800.0,10800.0
delayed_same_plan,2025-11-18,50497.63969667755,758.481562017083,51256.121258694635,155.48252826893463,10800.0,10763.979175219425
delayed_same_plan,2025-11-19,51212.098016726944,6.301057500003062,51218.39907422694,1.385000000000673,10763.979175219425,10745.598159154635
delayed_same_plan,2025-11-20,51239.70695874852,365.54770871093183,51605.25466745945,77.3234604155133,10745.598159154635,10740.834663516835
delayed_same_plan,2025-11-21,20327.56423193904,0.0,20327.56423193904,0.0,10740.834663516835,10800.0
delayed_same_plan,2025-11-22,19691.653339008855,0.0,19691.65333900886,0.0,10800.0,10781.3235580827
delayed_same_plan,2025-11-23,51574.83792661314,898.7583428962898,52473.59626950943,203.30466993164427,10781.3235580827,10800.0
delayed_same_plan,2025-11-24,51657.480017148366,399.85402833100403,52057.33404547937,75.18762824541989,10800.0,10732.629644520915
delayed_same_plan,2025-11-25,51052.52394114391,286.0219939703293,51338.545935114234,67.63612263575621,10732.629644520915,10800.0
delayed_same_plan,2025-11-26,51829.0195854912,154.5399926666692,51983.559578157874,32.99316666666721,10800.0,10800.0
delayed_same_plan,2025-11-27,52219.044362067485,782.7398623560617,53001.78422442355,113.36986955263228,10800.0,10800.0
delayed_same_plan,2025-11-28,20007.276852927083,52.469122934375655,20059.74597586146,8.583203490000926,10800.0,10800.0
delayed_same_plan,2025-11-29,19819.715456365557,8694.473890155346,28514.189346520903,1551.3687054178367,10800.0,10750.070037188321
delayed_same_plan,2025-11-30,54126.17950698135,137.92712849786096,54264.10663547921,21.187028631806925,10750.070037188321,10691.085349872585
delayed_same_plan,2025-12-01,54275.17067261446,23465.91614919673,77741.08682181119,5585.209365692831,10691.085349872585,10718.633413411551
delayed_same_plan,2025-12-02,58912.51392022989,10219.896887140232,69132.41080737015,2119.809183728661,10718.633413411551,10800.0
delayed_same_plan,2025-12-03,62729.64550985989,0.0,62729.64550985989,0.0,10800.0,10800.0
delayed_same_plan,2025-12-04,63090.39666005907,490.729893530049,63581.12655358913,87.2932848492195,10800.0,10800.0
delayed_same_plan,2025-12-05,25515.044269682414,154.31981445427976,25669.364084136698,74.99099302249553,10800.0,10800.0
delayed_same_plan,2025-12-06,25382.48629355595,2083.169739231376,27465.65603278732,748.1053994929025,10800.0,10800.0
delayed_same_plan,2025-12-07,62938.360607060975,0.0,62938.360607060975,0.0,10800.0,10800.0
delayed_same_plan,2025-12-08,62773.014209117886,0.0,62773.01420911789,0.0,10800.0,10800.0
delayed_same_plan,2025-12-09,61163.71568841221,1075.7904624152168,62239.50615082742,188.9432103460866,10800.0,10800.0
delayed_same_plan,2025-12-10,60806.82917405525,0.0,60806.82917405525,0.0,10800.0,10800.0
delayed_same_plan,2025-12-11,62056.67004399829,6.5459323380573045,62063.215976336345,1.1205910019784824,10800.0,10800.0
delayed_same_plan,2025-12-12,26689.399453911374,0.0,26689.399453911374,0.0,10800.0,10800.0
delayed_same_plan,2025-12-13,26622.26878381728,0.0,26622.268783817275,0.0,10800.0,10800.0
delayed_same_plan,2025-12-14,62452.727495115774,0.0,62452.727495115774,0.0,10800.0,10800.0
delayed_same_plan,2025-12-15,62538.937261035884,156.488488305714,62695.42574934159,31.80983602108222,10800.0,10800.0
delayed_same_plan,2025-12-16,61827.264635838306,260.52624026240585,62087.79087610071,43.39298784293214,10800.0,10710.39068623937
delayed_same_plan,2025-12-17,61515.009821911444,233.41055159395302,61748.42037350541,45.18239381695052,10710.39068623937,10799.83815743678
delayed_same_plan,2025-12-18,60129.85229745104,773.9829374706175,60903.83523492166,155.49214772120294,10799.83815743678,10792.674253612975
delayed_same_plan,2025-12-19,26951.714270159966,671.6962691362751,27623.410539296245,110.44060502534384,10792.674253612975,10783.454626001327
delayed_same_plan,2025-12-20,26558.149750184788,0.0,26558.149750184788,0.0,10783.454626001327,10733.454174311233
delayed_same_plan,2025-12-21,61006.4614405583,919.8949776420462,61926.35641820034,135.15061105105167,10733.454174311233,10800.0
delayed_same_plan,2025-12-22,60837.346594723465,2879.0891192533254,63716.43571397679,459.5007843561209,10800.0,10800.0
delayed_same_plan,2025-12-23,61910.437985277036,0.0,61910.437985277036,0.0,10800.0,10800.0
delayed_same_plan,2025-12-24,61059.372526194486,45.738659486219355,61105.1111856807,6.5565738942401595,10800.0,10800.0
delayed_same_plan,2025-12-25,61554.88865006955,327.31168096499437,61882.20033103454,47.75073252299069,10800.0,10800.0
delayed_same_plan,2025-12-26,26686.53200976782,0.0,26686.53200976782,0.0,10800.0,10800.0
delayed_same_plan,2025-12-27,26209.447974496412,764.3009717673781,26973.74894626379,125.02878648247639,10800.0,10800.0
delayed_same_plan,2025-12-28,60182.229019615916,1164.126058479711,61346.35507809563,204.7482488157894,10800.0,10800.0
delayed_same_plan,2025-12-29,61717.403728161036,0.0,61717.40372816104,0.0,10800.0,10800.0
delayed_same_plan,2025-12-30,59771.16300584888,730.675897288086,60501.838903136966,129.05644659917797,10800.0,10800.0
delayed_same_plan,2025-12-31,54979.61602434811,4388.532640892696,59368.148665240806,829.9599637541352,10800.0,1282.2813986383183
