方案,日期,计划购电费_元,紧急购电费_元,总费用_元,计划购电_kWh,紧急购电_kWh,富余电量_kWh,日初储电_kWh,日末储电_kWh
risk,2025-02-01,45559.08519011554,264.5953571114586,45823.680547227,68641.07740004666,111.30350325193311,30668.105130787433,10691.657650070038,10424.33006036437
risk,2025-02-02,48405.80671098861,83188.9694604811,131594.7761714697,73847.31787197725,17027.62561333506,16643.506821967207,10424.33006036437,2752.659184801329
risk,2025-02-03,84195.06136807367,2391.9065064925353,86586.96787456621,119667.29590960853,624.7971432250266,28334.14903071443,2752.659184801329,10376.235803439728
risk,2025-02-04,81410.3053778332,6131.70786380162,87542.01324163482,112537.99749353642,1381.1185120543187,27847.846540943345,10376.235803439728,10681.01535736746
risk,2025-02-05,80892.92815359209,4269.3667358571565,85162.29488944924,111005.90372261008,1474.770312220667,27555.890302857668,10681.01535736746,10272.521215259338
risk,2025-02-06,81504.83087305941,1664.4203811535408,83169.25125421296,112770.08513283663,368.6300208811271,27768.047950000466,10272.521215259338,10731.72990717695
risk,2025-02-07,76269.2736055828,1251.853754677937,77521.12736026074,104424.82404466176,250.62640579589748,68481.25672465512,10731.72990717695,10688.987345413481
risk,2025-02-08,41705.92608211345,1341.6386317014071,43047.564713814856,62419.26241987768,500.36011734246404,27654.77125704143,10688.987345413481,10326.905395952619
risk,2025-02-09,45899.06874542116,90954.55215192377,136853.62089734492,69940.1882755582,18796.384108270973,14075.862371081254,10326.905395952619,2413.4826209721346
risk,2025-02-10,86328.98578461379,894.1316612052224,87223.117445819,123557.43673061216,238.82754880189106,37142.601679801825,2413.4826209721346,10555.448281187078
risk,2025-02-11,77763.54480489323,3672.480723657942,81436.02552855117,108098.53998717836,832.9106184199951,28739.549870947965,10555.448281187078,10800.0
risk,2025-02-12,75539.41695273618,4344.371656008674,79883.78860874486,103626.49134863967,1493.6577051213208,26324.15739801235,10800.0,9940.724804004778
risk,2025-02-13,78231.25859461527,892.9504047322887,79124.20899934755,107981.80368080141,385.87834180697996,31680.077603307,9940.724804004778,10800.0
risk,2025-02-14,69822.92154588347,55.70603998706212,69878.62758587053,95841.61600816422,25.194952504324796,62147.67792358831,10800.0,10634.428187775962
risk,2025-02-15,40787.97234310563,524.4184731272913,41312.390816232924,61847.19838226889,221.85552547357514,29356.690893062183,10634.428187775962,10342.159291169084
risk,2025-02-16,44206.9049602241,85866.45263676948,130073.35759699358,67590.66077048295,17927.742078684965,14930.308426946514,10342.159291169084,2511.579065060364
risk,2025-02-17,82221.41465593182,1889.42152131568,84110.8361772475,117919.44756159396,428.1849337715452,35019.338537935575,2511.579065060364,10464.595624324333
risk,2025-02-18,75281.16955566597,4004.923807626023,79286.09336329199,105201.13161966226,848.9956477454712,29082.85338517336,10464.595624324333,10800.0
risk,2025-02-19,74122.47017802816,5079.629365805747,79202.0995438339,103269.32627377294,1395.4425546915822,28014.80432105241,10800.0,9998.459043398336
risk,2025-02-20,77231.87640135291,1168.8725163113143,78400.74891766423,107713.36089675792,296.4234930386741,31898.936951238775,9998.459043398336,10800.0
risk,2025-02-21,68940.89103040825,17.25549653354479,68958.1465269418,95159.91515539019,7.908110235355082,65730.73561045784,10800.0,10601.494463098452
risk,2025-02-22,38117.590607709266,1083.2210299934447,39200.81163770271,58587.48382661941,219.18537837443762,27468.930938293932,10601.494463098452,10282.82964479533
risk,2025-02-23,43980.5071745967,73306.83186013333,117287.33903473003,67745.90404029659,15140.955707011146,15531.455369071264,10282.82964479533,2505.653553831306
risk,2025-02-24,77768.69627607666,1438.5743460333633,79207.27062211002,112626.71233979467,344.0482466681539,33264.33173038972,2505.653553831306,9998.630483869245
risk,2025-02-25,72236.54079519675,1626.2192219901522,73862.7600171869,101648.45371743776,452.7413015520998,31360.401451276506,9998.630483869245,10543.935288746663
risk,2025-02-26,68860.43816776686,2420.140133156603,71280.57830092346,96611.95773770171,530.3951563055028,24425.92149266313,10543.935288746663,10149.893636288247
risk,2025-02-27,72952.82194076394,4297.097801929121,77249.91974269306,102989.82414951059,882.0537313320236,31881.032500030895,10149.893636288247,10800.0
risk,2025-02-28,65345.27386419973,0.0,65345.27386419973,89836.67657396154,0.0,62708.1882893657,10800.0,10633.544097029295
risk,2025-03-01,36506.067966177434,1104.4213590197328,37610.489325197166,56899.07782669441,212.55913671243053,30198.500395110266,10633.544097029295,10162.787154660875
risk,2025-03-02,39481.06922296802,93840.55897876548,133321.6282017335,61380.618968107694,20443.34384697053,13654.513618023315,10162.787154660875,2499.848102605197
risk,2025-03-03,80068.66525199036,3830.064929388597,83898.73018137895,116116.21935432113,816.2829293324071,32651.920958317613,2499.848102605197,10513.274519521048
risk,2025-03-04,75368.93740191916,1058.6590939573648,76427.59649587653,105311.91888865366,296.70870065558074,31743.81252875684,10513.274519521048,10572.057596777502
risk,2025-03-05,72082.29879132037,1179.3992329601547,73261.69802428053,101311.93326727259,375.6208112813522,31007.959329967758,10572.057596777502,10626.405206437186
risk,2025-03-06,70764.66139703448,1342.4571546018706,72107.11855163635,99492.66984810226,305.9939377746708,29965.036905389545,10626.405206437186,10212.371381108636
risk,2025-03-07,64685.32559198748,234.93887778252807,64920.26446977001,90612.94110361367,61.47014070709787,65367.11521022058,10212.371381108636,10657.815974778998
risk,2025-03-08,33198.11690151521,722.5170765469127,33920.63397806213,51237.353812350484,309.20968395316095,28979.721228478847,10657.815974778998,10376.730289658239
risk,2025-03-09,36481.507550983944,79785.20242125548,116266.70997223942,57364.972042692665,17182.0031915963,15696.163107675948,10376.730289658239,2491.2579699992075
risk,2025-03-10,74264.8545147971,2966.0186779448295,77230.87319274193,107862.37791844826,639.4390875316834,28637.95909810355,2491.2579699992075,10510.492781647497
risk,2025-03-11,72652.52721660092,774.2743654025974,73426.80158200352,102678.06530902073,183.4470497848178,34519.1946225508,10510.492781647497,10555.396984640896
risk,2025-03-12,66587.81015638474,1515.3087856571074,68103.11894204185,93643.373239091,432.2991262768056,28162.748828853328,10555.396984640896,9818.322996121107
risk,2025-03-13,68964.97615824785,5642.913411646605,74607.88956989445,97819.25274898499,1153.8081433280945,26306.62182310535,9818.322996121107,10800.0
risk,2025-03-14,64843.00287392748,61.14288857731544,64904.14576250479,90303.33164556697,27.957425046783463,70012.16992253161,10800.0,10686.343324682695
risk,2025-03-15,30412.68580158541,1473.86771399882,31886.55351558423,46475.844771693686,513.3001335461993,23448.477572583055,10686.343324682695,9874.827732302743
risk,2025-03-16,39538.004029633565,73751.0635593186,113289.06758895217,62710.10579808643,15771.001144752663,18715.7043201368,9874.827732302743,2693.0107279389326
risk,2025-03-17,72232.67367344293,209.64923223333255,72442.32290567626,105635.1353088719,41.41906666666652,36289.56216318142,2693.0107279389326,10626.578123304957
risk,2025-03-18,62413.43842840538,10778.222338150797,73191.66076655618,88377.18205400882,2308.7682121746607,25693.937280322018,10626.578123304957,10258.27749282136
risk,2025-03-19,64960.74762322233,1263.0791112870045,66223.82673450933,90680.81656109792,371.95931561879826,27042.84716612969,10258.27749282136,10689.89336295407
risk,2025-03-20,63218.96041844191,1208.6504745014054,64427.61089294331,88018.34405357047,405.71907411197867,22539.611251634487,10689.89336295407,10124.919780400753
risk,2025-03-21,59519.565679276064,0.0,59519.565679276064,82328.61369732994,0.0,65763.84176746898,10124.919780400753,10672.878262923477
risk,2025-03-22,27959.280490869744,433.8932027960087,28393.17369366575,41828.977628013905,191.81762932723336,23325.163828223263,10672.878262923477,10309.571003712255
risk,2025-03-23,34593.012497398755,60415.46567388513,95008.47817128389,53773.510163844614,12057.316340557574,12151.582833181672,10309.571003712255,2482.462919257565
risk,2025-03-24,66039.88218307187,2792.432502508437,68832.3146855803,96741.41842635922,638.0492915631539,28741.2443115657,2482.462919257565,9574.033576792079
risk,2025-03-25,63547.87216445435,3457.9967121710997,67005.86887662545,90374.56990865598,759.5066536858624,25261.28211790961,9574.033576792079,10397.842046025724
risk,2025-03-26,63157.56687323158,920.1014554446715,64077.668328676256,88301.05453403814,273.16194868782446,28854.093852546524,10397.842046025724,10553.367708560332
risk,2025-03-27,60823.29227402026,1984.9152281561078,62808.207502176374,85323.54552478381,447.29584909674276,23463.367571912142,10553.367708560332,10308.044954242658
risk,2025-03-28,56699.683115329724,112.31433993806864,56811.997455267796,78320.85006526553,60.49789385298607,63400.07022394523,10308.044954242658,10603.856892077047
risk,2025-03-29,27451.95794863157,219.59446803883313,27671.552416670405,41359.313862691095,111.6758284267861,31011.944101783367,10603.856892077047,9899.854940670479
risk,2025-03-30,30041.418455115985,73240.73817217642,103282.15662729241,46086.86153988264,16277.841846417505,11800.27783692447,9899.854940670479,2413.3269034852465
risk,2025-03-31,65021.007680674375,127.42519124678799,65148.43287192116,95781.87570966207,42.99514747667217,27131.090738841332,2413.3269034852465,10441.160559922206
risk,2025-04-01,60533.70415444963,3252.56041684469,63786.26457129432,85935.30860368279,1000.5744321237604,22969.841714899987,10441.160559922206,10179.683095893986
risk,2025-04-02,63215.18334987799,11214.923433678605,74430.10678355659,89895.405615065,2277.744822646655,27518.992308573426,10179.683095893986,10545.055667958743
risk,2025-04-03,62594.13951636089,1260.811326545422,63854.95084290631,87688.3626803946,332.27971084518,29443.75483110915,10545.055667958743,9325.308475743952
risk,2025-04-04,54815.06669949432,0.8950687195392978,54815.961768213856,76431.70138805236,0.413140419819662,65088.01889840556,9325.308475743952,10621.060790003417
risk,2025-04-05,26304.52318069444,6.8807604579233494,26311.403941152363,39734.11516379709,2.4109181702604587,25766.085825547594,10621.060790003417,9254.150507095585
risk,2025-04-06,31352.116729555102,66755.5954525481,98107.7121821032,48849.49303522107,14356.65047877221,12804.78280736366,9254.150507095585,2552.679456857462
risk,2025-04-07,62577.175284265744,89.9321356708125,62667.107419936554,92557.6418539878,28.53554112346618,27970.919549401595,2552.679456857462,10552.132387041871
risk,2025-04-08,59426.689307690496,3926.318082069303,63353.0073897598,85382.79384016599,814.7977393109406,28484.02841647769,10552.132387041871,9818.592900789328
risk,2025-04-09,59614.512570859515,1516.263941941018,61130.776512800534,84126.51288782389,321.2290802429146,20564.11535282774,9818.592900789328,10608.056087010376
risk,2025-04-10,60875.379163751655,2581.7562165200166,63457.13538027167,86075.08871900123,770.504014227102,28934.198213145282,10608.056087010376,10109.617328924687
risk,2025-04-11,53315.13572412985,103.70726110102609,53418.84298523087,74019.50088250852,55.861708107205004,64714.735606918344,10109.617328924687,10624.724406868112
risk,2025-04-12,25280.205998017867,394.93112430894746,25675.137122326814,38041.13023683491,98.27593754546402,26649.44886428098,10624.724406868112,10209.151805183626
risk,2025-04-13,29179.538267046933,69385.9078040374,98565.44607108433,45120.20510472932,14901.515937726006,10622.709579202168,10209.151805183626,2575.3253355528723
risk,2025-04-14,61524.82271003039,1826.390900476928,63351.21361050732,90757.17844980101,597.4311445447659,27952.24080015388,2575.3253355528723,10195.461206873506
risk,2025-04-15,58314.70803538628,102.85147232398431,58417.55950771026,83807.45533612848,49.65705748070868,29723.08426882665,10195.461206873506,10244.829780680568
risk,2025-04-16,55190.18250353695,4801.807656168177,59991.99015970512,79108.5700293147,1139.2685601895325,20413.96972703762,10244.829780680568,10398.540443786138
risk,2025-04-17,60278.13373295004,15.835488451377875,60293.969221401414,86994.475204402,5.548524334750482,29758.434182293626,10398.540443786138,10687.745919627963
risk,2025-04-18,51153.91045162978,45.10929856556402,51199.019750195344,72037.96793974613,20.74944736226496,61859.64566901635,10687.745919627963,10655.79495453059
risk,2025-04-19,24352.232069344525,1086.9290354072207,25439.161104751747,36396.3446268839,334.0006636254116,27150.625148963263,10655.79495453059,10330.309736342708
risk,2025-04-20,28582.40514136361,69328.92992263265,97911.33506399626,44989.55295716332,14964.192863121074,13005.298642371137,10330.309736342708,2480.9053954758965
risk,2025-04-21,62418.371062315935,0.0,62418.371062315935,93210.2265013126,0.0,33435.83085285935,2480.9053954758965,10202.464327220174
risk,2025-04-22,53670.54087064127,2868.212374461414,56538.753245102685,77200.59674284303,815.4551854717711,21987.644869314987,10202.464327220174,9949.89125345649
risk,2025-04-23,60284.635034754305,898.5717937096385,61183.206828463946,87597.77627846753,200.57265374589701,31559.37348238635,9949.89125345649,10800.0
risk,2025-04-24,55585.35798199389,1095.6032549091253,56680.961236903015,80487.76413947316,354.3196522463368,30728.31676737357,10800.0,9732.400079829751
risk,2025-04-25,48735.035837168405,0.0,48735.035837168405,69863.67584518096,0.0,62823.93326872894,9732.400079829751,10698.70941390132
risk,2025-04-26,22056.77028564585,491.1249627100341,22547.895248355882,32833.426381230965,139.82893110679558,31175.737522409385,10698.70941390132,8747.001483799848
risk,2025-04-27,28528.498766970537,68515.36620162544,97043.86496859597,44852.76310168443,14786.926545592218,14170.78849207778,8747.001483799848,2909.5013958800355
risk,2025-04-28,62107.66224285954,4619.182309545657,66726.8445524052,91900.36677783157,952.7727446868057,25131.414224122418,2909.5013958800355,10758.080589567342
risk,2025-04-29,60819.52763995331,483.34941725478427,61302.8770572081,86780.948883898,222.11941230999003,36106.67009630297,10758.080589567342,10053.64620428453
risk,2025-04-30,53318.74835568822,1661.1113524421257,54979.859708130345,77018.48436794698,553.5036506545107,25211.490367221457,10053.64620428453,10228.847198466096
risk,2025-05-01,57799.286861767025,3928.299196202305,61727.58605796933,84605.25146726638,740.7734575883483,32936.42630988116,10228.847198466096,7677.378553261677
risk,2025-05-02,52409.87774294523,358.20784411986057,52768.08558706509,73980.59780995539,167.2673781063465,53236.42689935402,7677.378553261677,10557.751823296623
risk,2025-05-03,30234.10791857029,594.7633685003183,30828.871287070608,45821.95217832414,168.1039353621325,34072.87489312233,10557.751823296623,10125.226341077107
risk,2025-05-04,31322.86935602645,54586.85498703172,85909.72434305817,47980.409684713784,11471.82164031262,12232.184574047937,10125.226341077107,2789.528448099948
risk,2025-05-05,60688.07490341944,8731.540937433067,69419.61584085251,90735.67150889258,2031.6239641466736,26885.251940998263,2789.528448099948,10041.663469397998
risk,2025-05-06,61249.17196523327,1849.6829008948716,63098.85486612814,86970.97229305239,393.901232509955,30276.734769629235,10041.663469397998,10271.647291431564
risk,2025-05-07,60052.14530127778,2025.6062265271844,62077.75152780496,85434.14429328717,432.01819084530246,27223.6660414729,10271.647291431564,9757.773933752022
risk,2025-05-08,61392.15065515604,761.3089977725319,62153.45965292857,87382.77263972102,155.6924081315844,27095.353320332128,9757.773933752022,10426.34264728352
risk,2025-05-09,55314.87527659479,12.916197584118255,55327.791474178906,78084.5297976829,6.957283912802723,65008.67617236135,10426.34264728352,10720.518984597089
risk,2025-05-10,24863.558479387313,2648.9569299038285,27512.51540929114,35531.72967551931,1201.3615734356654,22635.006686527173,10720.518984597089,9571.954769254235
risk,2025-05-11,33632.583546221234,66077.32884760053,99709.91239382175,53289.23032227083,14014.098727234286,15303.714837490152,9571.954769254235,3028.487693675211
risk,2025-05-12,65298.45230110351,825.3600821041542,66123.81238320767,96584.0269991741,178.71884872582612,33740.61915220906,3028.487693675211,10594.579691805533
risk,2025-05-13,55232.566547917406,8029.7203211999,63262.286869117306,79447.33104805881,2073.8088862284317,24773.705251931697,10594.579691805533,10165.783709076451
risk,2025-05-14,57663.29706659256,1245.728751929501,58909.02581852206,82768.8566375279,417.9835077799329,26143.258557478366,10165.783709076451,10120.975936703959
risk,2025-05-15,59062.85946447047,1648.8039290694765,60711.66339353995,85401.20447585084,434.251948186217,28489.82632596005,10120.975936703959,10699.128878566631
risk,2025-05-16,52573.586169030095,0.0,52573.586169030095,74305.64932574752,0.0,67922.43346973468,10699.128878566631,10675.31224626791
risk,2025-05-17,23802.950306652485,1165.593171732807,24968.54347838529,34052.797313254516,501.6768096523824,23278.29196790474,10675.31224626791,8713.85833587773
risk,2025-05-18,31724.314352815585,59520.35189817927,91244.66625099487,48860.87888314314,12581.239117128738,11251.644697481426,8713.85833587773,2694.3688935679806
risk,2025-05-19,61263.58590126247,172.50215732351657,61436.088058585985,92251.52182798128,36.44808304177627,34138.85067007486,2694.3688935679806,10060.298335588732
risk,2025-05-20,54568.23617467719,2188.0071328257727,56756.24330750297,78095.172101871,494.1312142442508,20970.19354661196,10060.298335588732,9076.822275873204
risk,2025-05-21,58064.07652401892,1484.0063041872029,59548.08282820613,84034.86806184353,529.0210639177504,29309.67558971844,9076.822275873204,9221.332717510977
risk,2025-05-22,57295.70072533986,1240.6842648414636,58536.38499018132,82850.4221382474,334.6950403750603,26866.487320138927,9221.332717510977,10800.0
risk,2025-05-23,50307.888986134836,0.0,50307.888986134836,71092.69012323796,0.0,60928.636295850636,10800.0,10688.940775420648
risk,2025-05-24,24052.11245059411,224.69922200963953,24276.81167260375,34676.70160121946,102.88588907301042,28035.179468029222,10688.940775420648,10117.1446942045
risk,2025-05-25,25866.829976505906,69039.96979783667,94906.79977434258,39242.21655574544,15111.514171054892,10236.229052645844,10117.1446942045,3004.342382008364
risk,2025-05-26,58255.11987467992,5512.468816881733,63767.58869156165,86758.76265893714,1239.4365624827578,22388.346409715174,3004.342382008364,10637.46108514774
risk,2025-05-27,60068.114400855484,216.23473625787105,60284.34913711336,86292.52964065726,80.92626017900227,33383.510565618424,10637.46108514774,10152.423921690897
risk,2025-05-28,55160.49366982415,3147.2017522622214,58307.69542208637,79195.68226664045,840.090397622858,23568.513215051105,10152.423921690897,10237.307909927164
risk,2025-05-29,56926.667935078876,3278.408995507779,60205.076930586656,82443.41431580581,664.5192236661513,25952.585893731353,10237.307909927164,9367.489127472852
risk,2025-05-30,52997.080321862886,67.46782242135428,53064.54814428424,75000.35481897702,30.988946834353158,63566.14580714689,9367.489127472852,10670.867824860865
risk,2025-05-31,24620.667291606263,2015.2461267696658,26635.91341837593,35299.33345284473,749.322405240132,25336.27413166567,10670.867824860865,9917.107493330808
risk,2025-06-01,31835.59513242559,108370.10269421988,140205.69782664548,50231.030252050194,23025.231996819355,7718.955539253691,9917.107493330808,1440.66618303738
risk,2025-06-02,75669.77520970808,5210.855665842424,80880.6308755505,110088.23277868645,1237.0894030382804,31053.492557270823,1440.66618303738,9571.305913750242
risk,2025-06-03,70711.11191314273,2494.214769256452,73205.32668239917,98749.36697029776,578.0024669711644,26500.68651586611,9571.305913750242,10251.577567255254
risk,2025-06-04,71281.89942493066,1429.032810661591,72710.93223559225,99329.50469481401,392.6515205975722,25825.21376324036,10251.577567255254,10464.289843351666
risk,2025-06-05,70398.09924781304,5730.910091025215,76129.00933883825,98993.96423366822,1447.3555864083064,25965.41744853785,10464.289843351666,9654.541726317992
risk,2025-06-06,67898.52790384777,0.0,67898.52790384777,94374.35218384452,0.0,58866.610413376875,9654.541726317992,10746.408805939916
risk,2025-06-07,38149.468022449684,3185.1713872466285,41334.63940969631,55858.220334397,1301.8107211408574,23329.60634518983,10746.408805939916,10114.901301715818
risk,2025-06-08,45921.06321579122,49569.99853598303,95491.06175177425,70368.90213535933,10043.611597217077,19775.850676372876,10114.901301715818,2297.1161267863313
risk,2025-06-09,70566.71344675541,10920.671534300836,81487.38498105625,103129.54260133748,2205.15814769799,24270.501170562675,2297.1161267863313,9003.17687037855
risk,2025-06-10,73119.85121001734,4636.3827984689,77756.23400848624,102507.10171897453,1015.9801795254368,26602.613843106985,9003.17687037855,10467.435521500784
risk,2025-06-11,66668.9812480713,9885.849347539002,76554.8305956103,92551.72277678802,2288.4031620865485,15819.730233685354,10467.435521500784,9272.45573427969
risk,2025-06-12,70919.46864716212,2103.142143693934,73022.61079085605,97641.59393720223,839.5884080357001,20537.83623750886,9272.45573427969,10585.224702535092
risk,2025-06-13,62775.53573944504,83.42012309084733,62858.955862535884,85096.1639861091,44.934081923429744,52908.96800631054,10585.224702535092,10632.739194616672
risk,2025-06-14,34683.56643716516,203.75118681199828,34887.31762397716,49751.888114409696,93.11706770162975,20825.698960951697,10632.739194616672,10100.526674117493
risk,2025-06-15,36080.49232916845,88109.18050230358,124189.67283147204,53317.34008483212,19205.708509313903,6764.603164820584,10100.526674117493,2434.803355817651
risk,2025-06-16,77546.01036913706,2271.1748141607472,79817.18518329781,111174.1566343869,582.6555107816883,27608.83320026986,2434.803355817651,10114.841294291871
risk,2025-06-17,74333.4138855561,5477.878546034352,79811.29243159045,102960.32182506636,1156.2546340072768,25752.209487943503,10114.841294291871,9731.200954275413
risk,2025-06-18,70988.30718395335,3130.3485240342957,74118.65570798765,96828.71004713891,835.8332404419176,21569.728463841926,9731.200954275413,10740.634155124859
risk,2025-06-19,67487.18302248509,7118.338216879971,74605.52123936506,92391.33641070752,1542.7371676825992,22125.95572038391,10740.634155124859,10260.331322772743
risk,2025-06-20,62703.97886756142,0.0,62703.97886756142,84777.3906994964,0.0,58235.89301789874,10260.331322772743,10716.228898359
risk,2025-06-21,31005.881941165444,3221.0434092375663,34226.92535040301,43588.90074290567,1331.6267862936843,22711.449126151958,10716.228898359,10267.992565213439
risk,2025-06-22,31609.591392029808,88210.82941887851,119820.42081090831,45692.123225223884,19919.31559173986,3375.004237649278,10267.992565213439,2236.808534868084
risk,2025-06-23,76864.48062381495,5057.464590219173,81921.94521403412,111405.24015102551,1026.3868438313907,33745.34343339921,2236.808534868084,9913.215550970315
risk,2025-06-24,72421.7114540762,10587.66202512339,83009.3734791996,100568.64783756275,2397.8186917849284,21503.750663187224,9913.215550970315,10554.225334369334
risk,2025-06-25,73197.6796084637,1384.7503400980102,74582.42994856171,99096.25935084803,309.96158875428057,24707.85403137926,10554.225334369334,10579.01368947184
risk,2025-06-26,66563.46068517382,4042.452142143399,70605.91282731722,90004.38939157664,1033.5690784132594,19577.917342848436,10579.01368947184,10284.96833626315
risk,2025-06-27,62692.58624184937,0.0,62692.58624184937,83773.94892236698,0.0,59615.908813196205,10284.96833626315,10707.657363892582
risk,2025-06-28,30090.557526422792,1854.421085047551,31944.978611470342,42332.647257128236,748.8663161244965,19810.331610005218,10707.657363892582,9340.363070199563
risk,2025-06-29,35574.51548460639,80905.78453915016,116480.30002375654,53240.82972199788,17099.888749580885,4837.234644531526,9340.363070199563,2660.147025643834
risk,2025-06-30,75689.3311468107,5103.813452832218,80793.14459964291,108926.80404901071,1337.440552320548,29481.22702402354,2660.147025643834,9907.326101261708
risk,2025-07-01,77684.89264533008,3391.466059855527,81076.3587051856,109134.73644656033,781.886750459667,30296.971404910346,9907.326101261708,6492.5600987992175
risk,2025-07-02,75132.8934644532,1041.4221744582724,76174.31563891147,103709.64343157402,357.15386366973047,24309.166168682757,6492.5600987992175,9677.092020896613
risk,2025-07-03,68569.94196336827,10778.875588784524,79348.81755215279,93601.80080050137,2395.028440129802,13222.595973384794,9677.092020896613,8738.191731681132
risk,2025-07-04,71745.24966699415,0.0,71745.24966699415,96805.14154417592,0.0,62217.01695201376,8738.191731681132,10657.155816188133
risk,2025-07-05,37661.622368515134,1377.6476539330004,39039.27002244814,53151.805179304974,593.4560486964185,21764.401708891117,10657.155816188133,10272.51303748692
risk,2025-07-06,39886.619071671696,100406.5635107759,140293.1825824476,57703.32667797126,22246.507489564305,5212.546245387309,10272.51303748692,2308.03689438793
risk,2025-07-07,86696.93200816217,111.02687529143226,86807.9588834536,123757.17766668735,50.784394765412344,38275.105564117046,2308.03689438793,10512.699829910034
risk,2025-07-08,76265.91090218876,8167.352961763014,84433.26386395177,106762.32385072351,1873.846314209388,30827.414515606757,10512.699829910034,8682.165648764692
risk,2025-07-09,79763.58070367867,160.9628544998077,79924.54355817848,110675.73862804635,59.95870203744167,30503.575727925614,8682.165648764692,10685.923701919357
risk,2025-07-10,76326.64302100314,2710.4868275317936,79037.12984853494,106019.5021949662,662.9127570576584,30294.80818212899,10685.923701919357,10103.796791609671
risk,2025-07-11,73196.92876293519,0.0,73196.92876293519,100338.20610500313,0.0,63543.24147754509,10103.796791609671,10544.417657612374
risk,2025-07-12,45927.89617503985,22.44704819880238,45950.343223238655,68933.27909492914,12.091057473095816,35564.369438419984,10544.417657612374,9218.200338329427
risk,2025-07-13,45906.71941247591,70242.8108867393,116149.53029921521,69125.39975654196,15044.384657713832,18532.535655058855,9218.200338329427,2131.508824245569
risk,2025-07-14,78434.66142986642,1951.470850645278,80386.1322805117,112611.45944540702,487.9948502592404,29911.680836258285,2131.508824245569,9789.401767513158
risk,2025-07-15,76953.70757944476,606.3628455006939,77560.07042494546,107372.47630412754,154.77627806128942,29609.71640449959,9789.401767513158,10721.802395466733
risk,2025-07-16,72823.95589603012,3270.0771666730757,76094.0330627032,101616.05695775921,1215.8485326616146,27551.864658656425,10721.802395466733,9915.283058292089
risk,2025-07-17,72989.46871728962,7006.4026067881905,79995.87132407782,102245.7999589685,1438.071383238062,27557.116982542655,9915.283058292089,9422.045408216909
risk,2025-07-18,71007.35718605322,0.0,71007.35718605322,97505.6302054326,0.0,61036.203690954986,9422.045408216909,10673.009831817795
risk,2025-07-19,41450.85110636747,1271.7033836503608,42722.55449001783,60911.21284395266,667.517353483021,31846.853578892147,10673.009831817795,9666.55296431293
risk,2025-07-20,43923.67521745007,70658.13114252749,114581.80635997756,65761.1361079118,15004.10169813877,13364.265230759505,9666.55296431293,2171.1340652206495
risk,2025-07-21,78214.73669336578,3809.931362340185,82024.66805570596,113381.39158178554,785.4901101407024,29267.758147502813,2171.1340652206495,9732.75752738543
risk,2025-07-22,77888.29087517285,4533.9815822784785,82422.27245745133,109794.93375364522,1013.6371238082777,32390.96507323897,9732.75752738543,10228.79626406051
risk,2025-07-23,73761.35951747719,5249.383507967475,79010.74302544467,102037.67340473269,1232.2098060932633,25881.265953604656,10228.79626406051,9200.757263945374
risk,2025-07-24,75633.39245918629,1381.3010766314842,77014.69353581777,105229.74981190049,350.8467326721218,26353.027604547802,9200.757263945374,10800.0
risk,2025-07-25,70372.67836968467,0.0,70372.67836968467,96144.72871420938,0.0,65911.09476007725,10800.0,10587.651808495584
risk,2025-07-26,39473.34965178253,930.1516760657537,40403.50132784829,57199.909179951355,385.9494716608537,25997.520212194053,10587.651808495584,10320.96180283002
risk,2025-07-27,42078.97212203985,85829.74107985466,127908.71320189451,62403.209544659214,19139.837290107112,13262.2799835067,10320.96180283002,1955.5514247627755
risk,2025-07-28,81796.09053094758,1198.219199069003,82994.30973001658,116592.53704638963,315.98299286645806,27279.946670802514,1955.5514247627755,9852.365045910923
risk,2025-07-29,80203.34589516665,4877.6463103763235,85080.99220554298,110795.6056042476,1324.2578861869226,31620.56008876886,9852.365045910923,10225.31723048082
risk,2025-07-30,76624.99078509802,4050.1786896047147,80675.16947470274,105825.94722432317,990.2157619290167,28539.477699508694,10225.31723048082,10296.933387056328
risk,2025-07-31,74562.61584812355,2019.2413361516246,76581.85718427517,102537.52702386881,574.5302187366972,24865.630971086048,10296.933387056328,9616.17752222523
risk,2025-08-01,73594.19914696159,8.227985205440868,73602.42713216702,100156.31599598318,3.7622246023963726,73847.57157717552,9616.17752222523,10720.008368432236
risk,2025-08-02,36472.217045051635,1930.0402405217208,38402.25728557335,51721.52871326788,503.42271211874333,28495.26843527599,10720.008368432236,10242.217991489732
risk,2025-08-03,40520.72303588526,62078.629071804506,102599.35210768977,59747.35456131081,13212.531288470887,16089.997569082094,10242.217991489732,1644.8528897450815
risk,2025-08-04,70156.21543796966,1329.5310216564249,71485.74645962608,100786.68442991609,263.72956011088627,24185.834349332785,1644.8528897450815,10112.894112328644
risk,2025-08-05,70515.10817028156,3683.027981683842,74198.1361519654,98130.84368701378,836.7535519037525,29780.17689793627,10112.894112328644,10442.209834897985
risk,2025-08-06,65642.22003056048,3106.42130151576,68748.64133207624,90789.01387399778,1115.2547109997251,22419.888368441963,10442.209834897985,7991.7413157503925
risk,2025-08-07,72397.85552067406,1676.7758627263006,74074.63138340035,101920.72784782671,486.2785840607712,32621.9797820514,7991.7413157503925,10511.605136883969
risk,2025-08-08,61539.89259294623,78.13804327927826,61618.03063622551,83484.82456112019,35.832209700033104,63971.30348256338,10511.605136883969,10683.489085032099
risk,2025-08-09,34137.822410239314,1998.1959607697934,36136.01837100911,47540.257946568374,792.0992464753817,26925.673345777162,10683.489085032099,10274.622586474075
risk,2025-08-10,37454.67028885946,71114.17874605428,108568.84903491374,54208.00550042499,15474.015041444183,10376.701753957588,10274.622586474075,1816.7704338754613
risk,2025-08-11,72615.28455761021,3829.9900659607965,76445.27462357101,104678.77101787794,840.5277836173323,29130.427302923297,1816.7704338754613,10370.238755601325
risk,2025-08-12,67850.54736201203,1574.579863479371,69425.12722549141,94043.83319014302,762.5663284583825,24673.605788579902,10370.238755601325,8953.999005925136
risk,2025-08-13,69608.75870086541,2453.890353618206,72062.64905448361,96348.2568372913,733.7894837086958,25565.588529286517,8953.999005925136,10599.918556129083
risk,2025-08-14,69164.17583742923,4900.437552312678,74064.6133897419,95900.73000742553,1089.8169231896059,28013.67086537293,10599.918556129083,9663.446114931547
risk,2025-08-15,66268.21246502062,87.2483033899409,66355.46076841057,90131.28516471574,39.99221805714648,68090.181472417,9663.446114931547,10670.764096698464
risk,2025-08-16,35368.0413547898,455.3132621251741,35823.35461691497,49661.45699050397,128.03606899158217,29534.468960708877,10670.764096698464,10421.04752710389
risk,2025-08-17,36354.88188573152,71455.99928278707,107810.8811685186,51468.62877960882,16087.66175668287,10388.53806489659,10421.04752710389,1864.16679075502
risk,2025-08-18,74533.2194813583,4726.686832803127,79259.90631416143,107158.67546427292,928.9063837278238,31741.13794626186,1864.16679075502,10371.294916119405
risk,2025-08-19,69868.69375131447,298.0696519594446,70166.76340327392,95349.28609100869,142.12207239526762,27649.602392727607,10371.294916119405,10102.46023830868
risk,2025-08-20,66711.52880907284,12030.252003772526,78741.78081284536,92175.47214629254,2755.0068192584527,20428.683301977348,10102.46023830868,10158.572719259282
risk,2025-08-21,73426.41005538042,0.0,73426.41005538042,101516.0279008339,0.0,31274.846390692095,10158.572719259282,10608.358665143072
risk,2025-08-22,65312.96171339817,0.0,65312.96171339817,88958.45405190755,0.0,63755.38707859197,10608.358665143072,10721.020768786959
risk,2025-08-23,36327.73814184965,1474.5729556356453,37802.3110974853,49382.00956151124,557.3207074293337,24798.2363321457,10721.020768786959,10306.315097929159
risk,2025-08-24,39430.95398074093,75323.23090415694,114754.18488489787,57047.78709428668,16453.547760354966,15090.400079142832,10306.315097929159,1680.6814525683612
risk,2025-08-25,73511.48399064354,1155.7337799025086,74667.21777054605,105242.16374687085,304.6658928112016,22352.592065585515,1680.6814525683612,10410.602515375675
risk,2025-08-26,73944.10515880148,3424.757657361724,77368.86281616321,102291.46110023453,734.6668869958062,33335.984704906376,10410.602515375675,10712.737491947646
risk,2025-08-27,67714.45159312093,6315.484803475371,74029.9363965963,92889.07815374901,1519.3404505314013,23578.024602123915,10712.737491947646,9394.457430311053
risk,2025-08-28,71478.92970772661,4647.353760624649,76126.28346835126,99091.68973217293,1042.402863397751,24179.9877990857,9394.457430311053,10531.130941670555
risk,2025-08-29,67961.77822600029,0.0,67961.77822600029,92221.50788120614,0.0,65877.36439480034,10531.130941670555,10625.436488797439
risk,2025-08-30,37525.10055575791,825.7040137615606,38350.804569519474,52426.09113269262,415.1390978953635,31648.979840192533,10625.436488797439,9601.348606111605
risk,2025-08-31,39829.695365645355,67910.69516008017,107740.39052572552,56945.691500684676,14669.02200940205,9859.416747806983,9601.348606111605,2211.8197181674186
risk,2025-09-01,72146.81525795817,1943.342119919907,74090.15737787807,102657.27460383895,407.88201942371427,38312.067803177415,2211.8197181674186,10684.04360824002
risk,2025-09-02,59780.741272405125,6501.2072058889735,66281.9484782941,83384.26582159744,1600.221302690023,27516.821566122562,10684.04360824002,10225.326705666022
risk,2025-09-03,60912.914164012014,438.78779647981605,61351.70196049183,83941.87467956997,185.26290671279176,26092.341998844935,10225.326705666022,9127.559161091134
risk,2025-09-04,62541.166450838115,3406.7915734190856,65947.9580242572,87328.29408854211,743.8449574193968,28845.16982754355,9127.559161091134,10653.944384209202
risk,2025-09-05,60164.98768547542,0.0,60164.98768547542,82591.03104484716,0.0,72221.4122493896,10653.944384209202,10684.962046837132
risk,2025-09-06,28801.393453748573,2599.35781842495,31400.751272173522,40090.85168012373,963.268556358343,30044.586778594065,10684.962046837132,10506.11296548756
risk,2025-09-07,32280.73338864177,66082.98934043571,98363.72272907748,47643.93005100342,14202.854026135446,12620.989492589466,10506.11296548756,2093.098259209402
risk,2025-09-08,68689.12085953998,2930.4494382800294,71619.57029782001,99494.32320591006,604.6346082553738,30494.796342401693,2093.098259209402,9181.114851347924
risk,2025-09-09,69810.72800130959,594.22743323905,70404.95543454864,97895.56829613958,157.2820545845484,39641.51667764101,9181.114851347924,10601.229422633376
risk,2025-09-10,59726.2393134409,10124.455306697295,69850.6946201382,81832.40108210672,2135.5107892140454,19312.42684477116,10601.229422633376,10308.864301875152
risk,2025-09-11,66526.2807536979,471.1365610499302,66997.41731474783,91597.87892720231,217.30857108266937,34442.607819558376,10308.864301875152,10193.641323169311
risk,2025-09-12,58108.66994718886,0.0,58108.66994718886,78634.35857930698,0.0,62966.27811117357,10193.641323169311,10737.648731948027
risk,2025-09-13,30362.373074983476,1048.3190547851414,31410.692129768617,43219.382113514745,532.7548724982188,32480.3025180404,10737.648731948027,10335.445676820264
risk,2025-09-14,34062.05690979305,71144.75790316236,105206.81481295542,50341.892385156396,15123.710798981861,11216.732889319816,10335.445676820264,1770.9708578156478
risk,2025-09-15,74195.94537149242,2846.439891707099,77042.38526319951,106655.62209119482,723.8532222509649,39686.68438627682,1770.9708578156478,10783.448461555223
risk,2025-09-16,65539.83333251966,715.6647238710322,66255.49805639069,90049.85720768869,215.97503720458172,27715.643450756,10783.448461555223,10032.693921267839
risk,2025-09-17,66360.66917909138,5396.875330836445,71757.54450992781,92826.97993599383,1115.0594153127302,29551.44357821133,10032.693921267839,10564.02909229484
risk,2025-09-18,65129.68862323782,690.8846361958414,65820.57325943366,89304.36520608357,191.13375998394255,26485.29061051211,10564.02909229484,10487.319853256751
risk,2025-09-19,60347.99925442845,21.503086342546982,60369.502340770996,81180.55144274663,9.97591572375179,61297.91965464197,10487.319853256751,10657.722316816344
risk,2025-09-20,33177.066852022646,1437.4554710289653,34614.52232305161,48209.32540240642,386.31282355558875,29340.414686712735,10657.722316816344,10508.463677344893
risk,2025-09-21,37214.34299745424,55505.28218657849,92719.62518403273,54775.32724593023,11714.071546151792,13843.451482678174,10508.463677344893,2109.4445631426433
risk,2025-09-22,68870.26044551763,4857.827797217368,73728.088242735,100299.55957119507,1024.7536049298628,29525.636542047934,2109.4445631426433,10100.789452558736
risk,2025-09-23,67255.2829172343,3315.468609535091,70570.7515267694,94308.15148215146,737.6715013738979,28487.24873202564,10100.789452558736,10460.554340676665
risk,2025-09-24,66301.5828598966,5151.491307265228,71453.07416716183,91207.817203804,1266.6023285068902,27405.026031426933,10460.554340676665,10475.9571798022
risk,2025-09-25,68415.05782745521,49.25725479052479,68464.31508224574,95727.66109344372,10.51606635152109,31884.1144191823,10475.9571798022,10074.038949147134
risk,2025-09-26,62319.24411871255,139.69265604032128,62458.936774752874,85479.0671515172,64.95822182763138,63659.61749880256,10074.038949147134,10658.509210763084
risk,2025-09-27,31909.89896160643,2172.6078637308083,34082.50682533724,46398.03904590483,753.7947499863225,27803.123857261548,10658.509210763084,8713.115237897066
risk,2025-09-28,38652.316716423345,70749.31045941083,109401.62717583418,58838.76976210107,15180.721998332496,14212.156972509443,8713.115237897066,1929.080517794041
risk,2025-09-29,76511.674798305,557.144032317922,77068.81883062293,109418.4702116544,164.31273963569154,34823.361683398354,1929.080517794041,10360.322678396376
risk,2025-09-30,71906.90654783483,5686.554669799827,77593.46121763466,98915.40199774408,1227.5397234967552,30875.29528064247,10360.322678396376,10201.304954508616
risk,2025-10-01,67447.03284938325,2233.150064359976,69680.18291374322,92569.16178414738,792.5090134563065,39163.746672813264,10201.304954508616,10735.89893529323
risk,2025-10-02,57605.96954856017,3683.0777753179077,61289.047323878076,81175.3056819165,765.5000032493704,26065.147653029344,10735.89893529323,10800.0
risk,2025-10-03,53437.648000882895,16.68737155439269,53454.33537243729,73718.1296230861,8.988619205167083,62005.97198402555,10800.0,10669.764195631698
risk,2025-10-04,26549.05376446,2201.861064792457,28750.91482925246,39152.734209821225,727.273560688157,24267.21865243031,10669.764195631698,9684.721186332627
risk,2025-10-05,33265.411180092946,67344.54711044271,100609.95829053567,51517.21593711525,14414.427849539452,15128.723709620803,9684.721186332627,2235.3041080031808
risk,2025-10-06,64487.89424650086,2459.422562667643,66947.31680916851,94767.25911169399,539.7768336200596,26511.019467228896,2235.3041080031808,9899.474246197808
risk,2025-10-07,63069.534294759236,4800.213038148781,67869.74733290802,89211.38175596806,1006.708351243925,27663.928470735616,9899.474246197808,10745.4258885549
risk,2025-10-08,63065.497776047,1978.9259292997813,65044.42370534678,88914.0634340323,514.5630785564065,28832.480777060126,10745.4258885549,10598.848563381676
risk,2025-10-09,60892.600395686764,1716.179091960169,62608.779487646934,86056.62078669871,437.055316289253,27525.96447446267,10598.848563381676,9683.278827048998
risk,2025-10-10,56878.99059133994,0.0,56878.99059133994,79259.38392894126,0.0,64839.86122850439,9683.278827048998,10643.984490804221
risk,2025-10-11,28512.707211334997,413.71329096697355,28926.42050230197,42589.25772857373,113.54085847338177,25344.202531360166,10643.984490804221,10544.017574275002
risk,2025-10-12,32638.275146930224,74675.4232038247,107313.69835075492,49329.0183282556,16581.274604963895,12945.391252291145,10544.017574275002,2071.148097253105
risk,2025-10-13,67806.25576653016,1406.0502938904403,69212.3060604206,99492.3996611132,286.3322722652418,30837.829375591846,2071.148097253105,10527.092186429792
risk,2025-10-14,61922.05125643828,6449.109415587105,68371.16067202539,86764.48597772158,1641.9896655548996,24112.791236975783,10527.092186429792,9969.820595865542
risk,2025-10-15,65707.59889992664,226.93560859865244,65934.53450852529,92387.83896864223,47.62205589347772,25517.9237240184,9969.820595865542,10779.92060535053
risk,2025-10-16,65606.73627557131,2381.573469995298,67988.30974556661,92011.59033270928,556.9872422416067,26381.38401768785,10779.92060535053,9677.420877418592
risk,2025-10-17,63007.58374005187,0.0,63007.58374005187,87481.63508948074,0.0,66436.16287370486,9677.420877418592,10745.81126066111
risk,2025-10-18,28821.467949650112,1826.3371168616195,30647.805066511733,42879.36867065866,779.3674718417128,25120.90653028328,10745.81126066111,9736.384414863543
risk,2025-10-19,35584.910692098274,83780.7837200865,119365.69441218478,55355.39815816794,18319.240774913138,13393.497255964161,9736.384414863543,2600.0134812528418
risk,2025-10-20,73062.81386918016,4888.384396677209,77951.19826585737,105369.87127300841,1020.4086579455513,30186.696029576917,2600.0134812528418,10619.131686267701
risk,2025-10-21,69311.43641676179,1633.424037911292,70944.86045467308,96253.00450554787,515.8575557911688,25791.579195903563,10619.131686267701,10619.704462630769
risk,2025-10-22,68224.73436142398,4356.194922759576,72580.92928418356,95473.10758211208,928.7409399206686,27117.975356111056,10619.704462630769,9952.09159121917
risk,2025-10-23,69642.10391286839,114.94842274812618,69757.05233561652,97350.69807405534,32.19228275433119,28719.54545986373,9952.09159121917,10759.633736423948
risk,2025-10-24,62193.442217493124,99.07446105456265,62292.51667854769,86252.08584419494,41.11205622491775,63893.03011516832,10759.633736423948,10729.178170786052
risk,2025-10-25,31425.14346960703,659.3822941531148,32084.525763760143,46838.417396970995,319.1203862402797,24469.634440305228,10729.178170786052,10357.826683330964
risk,2025-10-26,37488.436704089545,75925.59597195599,113414.03267604554,57427.248827269985,16487.820497660185,13874.919282659488,10357.826683330964,2747.373834390815
risk,2025-10-27,74117.56331974092,564.1948113671322,74681.75813110806,106976.77620198822,134.97991155638863,32657.57892302372,2747.373834390815,9884.093415186006
risk,2025-10-28,69639.89996886963,4351.793991274348,73991.69396014398,96854.42636182277,994.1808327710896,26674.889757230034,9884.093415186006,10771.127626119705
risk,2025-10-29,69775.50221251724,2640.546274587625,72416.04848710487,97085.57943209136,606.5386493812296,24678.822779497776,10771.127626119705,9935.099333077018
risk,2025-10-30,72262.56864566711,1321.6052468633045,73584.17389253041,100618.21783603374,361.094424309234,31014.486758862855,9935.099333077018,10688.073433077307
risk,2025-10-31,62826.29169716931,0.0,62826.29169716931,86725.95919647919,0.0,58943.69709630763,10688.073433077307,10633.537055038381
risk,2025-11-01,34691.738935618836,976.9592340586337,35668.69816967747,52313.79508837279,282.63093216241253,26757.26513108788,10633.537055038381,10394.77676989371
risk,2025-11-02,39863.666743926995,85806.69299485601,125670.35973878301,61343.388569852315,18017.262070039815,14989.463813225744,10394.77676989371,2740.7733743127555
risk,2025-11-03,76481.7409966545,1592.7834635419695,78074.52446019647,109241.33506308393,328.2587843210446,28653.422540293985,2740.7733743127555,10506.241703923815
risk,2025-11-04,74794.82772106279,1420.5632642430448,76215.39098530583,104625.03535241733,321.56680184018865,32826.08562378012,10506.241703923815,10633.5906264183
risk,2025-11-05,72292.00368177073,3205.484176193454,75497.48785796418,99725.90943281003,725.3615364654792,26318.32767622974,10633.5906264183,10738.002935536404
risk,2025-11-06,71947.88711575305,6355.938955600694,78303.82607135375,99415.30609177826,1529.6871980310661,25687.865301613903,10738.002935536404,10249.995455162963
risk,2025-11-07,70439.25721657372,110.42477508307108,70549.68199165679,96544.65126626348,22.947431167617594,68612.23851307848,10249.995455162963,10618.668351850252
risk,2025-11-08,38608.17298579459,0.0,38608.17298579459,58076.73748636043,0.0,30440.39008344509,10618.668351850252,10627.76122296917
risk,2025-11-09,41281.64764420947,87181.21174631297,128462.85939052244,62953.220706125954,18698.469859914534,15093.9282836495,10627.76122296917,2451.7554362714222
risk,2025-11-10,80813.77452010037,3332.3301993693094,84146.10471946967,115606.09284104728,671.3209897986873,30674.286134152666,2451.7554362714222,10399.309218501436
risk,2025-11-11,76895.73358078321,2401.2269733937146,79296.96055417693,106169.4112235858,623.0643914062304,30557.973907575066,10399.309218501436,10507.733553526938
risk,2025-11-12,77675.83015942236,2507.0296985509203,80182.85985797328,107150.25726573617,506.7882944853939,32015.45753831797,10507.733553526938,10800.0
risk,2025-11-13,74858.86651529316,1625.2475031850856,76484.11401847826,102401.24257221422,424.48555285892803,26247.018157170445,10800.0,10430.24354589486
risk,2025-11-14,70269.94711451221,0.0,70269.94711451221,96150.98590281737,0.0,64506.75160325407,10430.24354589486,10611.935995432865
risk,2025-11-15,40482.84954615665,1351.438644685851,41834.2881908425,61227.38700182125,342.2514328460885,29658.424272506552,10611.935995432865,10440.065194959741
risk,2025-11-16,44733.76122422607,87410.6140306084,132144.37525483448,67617.4090389962,18526.098032642534,16542.5398318206,10440.065194959741,2284.6567388212643
risk,2025-11-17,85437.379505869,311.3645611084404,85748.74406697744,121540.81025118282,65.35293864563124,36183.730865391255,2284.6567388212643,10800.0
risk,2025-11-18,73892.9038673057,6079.4995030416585,79972.40337034735,101070.79816380417,1716.6089064370044,23907.62349961356,10800.0,10193.218720851328
risk,2025-11-19,79423.35588206134,3863.3850518069676,83286.7409338683,110247.22422797176,835.5832724276571,30824.08309357103,10193.218720851328,10563.326489197509
risk,2025-11-20,80821.81431611488,531.9163682279981,81353.73068434288,111430.0753830467,113.58103737373213,31958.017921065926,10563.326489197509,10800.0
risk,2025-11-21,71268.3444287171,233.38215721196104,71501.72658592906,97118.6976795827,56.20716053230533,64340.30458377461,10800.0,10704.725679503723
risk,2025-11-22,39424.735976112315,2415.677560402309,41840.41353651462,59856.94279837084,776.3523722089213,27031.186015170017,10704.725679503723,10107.295684414166
risk,2025-11-23,48178.48192918342,79574.19848408751,127752.68041327092,73354.28170962603,15934.793126229284,18356.619922912185,10107.295684414166,2530.473640491054
risk,2025-11-24,83922.75895969302,1313.9930831079882,85236.752042801,119551.12022552086,270.8280499849815,33847.819129239986,2530.473640491054,10433.689300188185
risk,2025-11-25,77432.869687377,5506.386570969852,82939.25625834685,107175.97229373816,1158.073186971949,27246.16144722428,10433.689300188185,10717.161207003142
risk,2025-11-26,77883.11787509125,2454.0058959900275,80337.12377108129,106872.53050015436,681.2466825984054,26190.061179982833,10717.161207003142,10686.00995547384
risk,2025-11-27,79780.5136717209,1391.5014892756028,81172.0151609965,109604.67705936698,364.60420467942106,29482.052548523938,10686.00995547384,10777.334372682748
risk,2025-11-28,70761.33207481526,1.3333372041986518,70762.66541201946,95880.95719873103,0.6126061126573177,61047.87371262195,10777.334372682748,10589.411406157691
risk,2025-11-29,43032.97424646182,298.03242583349424,43331.00667229531,64414.24783814759,60.27080647211664,25874.48391822448,10589.411406157691,10274.878649824459
risk,2025-11-30,49014.256854113366,87240.79093371754,136255.0477878309,74372.78746962652,17916.232782175233,16207.828047824487,10274.878649824459,2480.2940659668147
risk,2025-12-01,87147.97856144646,10302.036787983565,97450.01534943003,123881.13257471567,2483.929320609587,27962.27765901666,2480.2940659668147,10546.175459036152
risk,2025-12-02,88766.23563531079,2651.3782142142736,91417.61384952506,122340.59301757142,532.2125819249386,29493.55920329035,10546.175459036152,10577.691177003471
risk,2025-12-03,85236.37213530863,3752.373687764454,88988.74582307308,116460.19209972885,1238.586333368405,25874.508124511674,10577.691177003471,10444.069905399023
risk,2025-12-04,87778.71447818752,3238.5995295061352,91017.31400769365,121260.53596490737,683.823236500598,30282.79430846671,10444.069905399023,10627.70989363136
risk,2025-12-05,79458.16605864387,220.52179114947023,79678.68784979334,107732.95989958991,76.55143461457396,62397.40387503394,10627.70989363136,10579.632992529008
risk,2025-12-06,50781.45746227317,966.7724889890258,51748.22995126219,75694.62686992977,202.26804607383,28256.275199141055,10579.632992529008,10487.989502321163
risk,2025-12-07,54270.78791850376,87551.43767112412,141822.22558962787,81422.69997163204,17945.201348466144,15787.513456807563,10487.989502321163,2474.848234154987
risk,2025-12-08,92056.478832772,2464.689553709323,94521.16838648132,130388.23420462135,497.6365703607726,30495.10058743079,2474.848234154987,10762.52543912086
risk,2025-12-09,87849.3290294809,5460.93943256258,93310.26846204347,120987.44066964473,1136.349733661356,30349.36637326381,10762.52543912086,10354.442863229871
risk,2025-12-10,86709.49707520517,1129.5524816302411,87839.04955683541,118253.43760693008,405.2795823232913,25332.10193506608,10354.442863229871,10562.176970909672
risk,2025-12-11,89070.81904267293,2063.736622709433,91134.55566538236,122660.56833422363,476.64435084916585,32254.555128156484,10562.176970909672,10800.0
risk,2025-12-12,78639.09152108867,331.08693014188395,78970.17845123056,106296.61310064646,85.40155473545077,58665.38144682983,10800.0,10631.505004358793
risk,2025-12-13,51488.57647846757,1228.4308127798167,52717.007291247384,76835.2322202027,286.5923124723616,29456.589179240986,10631.505004358793,10445.172049080236
risk,2025-12-14,54998.972331745244,87085.95310636994,142084.9254381152,81943.5754841085,17722.60128746146,15901.504221233501,10445.172049080236,2244.8412797240358
risk,2025-12-15,93457.73292034677,1493.603273920813,94951.33619426758,132653.0843594237,312.82553509846224,30876.588167957892,2244.8412797240358,10653.751726117087
risk,2025-12-16,87366.86737572277,4662.979197661566,92029.84657338433,120415.79879553648,1191.5874767738674,27942.829688599362,10653.751726117087,10037.356534973436
risk,2025-12-17,89706.00334459223,2036.8729525668432,91742.87629715908,123248.19575656709,563.8350773674201,30260.69497763243,10037.356534973436,10682.652755036925
risk,2025-12-18,85587.33122550735,6574.94393282574,92162.2751583331,117153.30187330615,1687.7643209679973,26868.24349984982,10682.652755036925,10583.465132813415
risk,2025-12-19,81914.92110210037,2.8493630056348094,81917.770465106,110760.80444762314,0.5616168336719838,63714.924166983415,10583.465132813415,10607.730675679391
risk,2025-12-20,50337.82776602422,2806.612446103773,53144.44021212799,74727.84158030691,638.2913853499366,28403.44004855534,10607.730675679391,10651.119657405132
risk,2025-12-21,53928.09343737562,89255.37158131864,143183.46501869426,80262.52007982173,18599.71135531785,14861.554283611207,10651.119657405132,2364.88791449719
risk,2025-12-22,93235.09553579494,3723.5029760776524,96958.5985118726,132506.4409549203,811.7786365447361,32180.050543852038,2364.88791449719,10494.340790725635
risk,2025-12-23,89375.4859440256,1534.7306357152531,90910.21657974085,123344.90959463344,321.01935789816616,31480.570312995766,10494.340790725635,10650.55676846567
risk,2025-12-24,87287.82954896809,5327.642367476971,92615.47191644507,120006.11196685828,1363.1813479971254,28773.938697255366,10650.55676846567,10649.223844408043
risk,2025-12-25,87771.09155777475,792.1882637644887,88563.27982153924,120277.35870604953,263.8132976614436,27764.087712486948,10649.223844408043,10788.82598734395
risk,2025-12-26,81258.88390172657,156.61155585685697,81415.49545758343,110518.99593738945,48.940034623569424,63557.70603608153,10788.82598734395,10645.57591697324
risk,2025-12-27,51448.83662536417,934.5224687980453,52383.35909416222,76814.70797683462,214.0052036122741,29920.398020707347,10645.57591697324,10316.323329270901
risk,2025-12-28,55158.5859986562,83105.82773538209,138264.4137340383,82688.32694177031,16762.89034078727,17313.643664072868,10316.323329270901,2365.288067418236
risk,2025-12-29,91479.39839523088,2363.7920876555936,93843.19048288646,129911.30143532457,495.700793748714,31053.258087070164,2365.288067418236,10199.609417859834
risk,2025-12-30,88883.55252689397,3492.8722278856503,92376.42475477961,123343.3959371671,738.5972421154125,32569.85356059391,10199.609417859834,10800.0
risk,2025-12-31,84473.07679093111,6073.0795057935575,90546.15629672467,115777.77025606768,1528.363250295044,24387.930249389097,10800.0,10360.254526278743
neutral,2025-02-01,24448.66121842072,0.0,24448.66121842072,41217.65589510374,0.0,4288.574480713898,10691.657650070036,10045.062038699576
neutral,2025-02-02,27060.0601538569,131689.0343551622,158749.0945090191,47107.62113168183,31551.004840898946,1119.639530104791,10045.062038699576,5381.142617280045
neutral,2025-02-03,60328.46832833757,0.0,60328.46832833757,89918.27993667117,0.0,2556.2851128650673,5381.142617280045,8772.708629170329
neutral,2025-02-04,59549.95472690106,0.0,59549.95472690106,87327.76845662453,0.0,2503.7103231266747,8772.708629170329,8823.986886392247
neutral,2025-02-05,59023.66128394695,2826.6353638293745,61850.296647776326,86335.86544156933,696.8271732732782,1205.5437117555725,8823.986886392247,10234.433829124971
neutral,2025-02-06,58669.93260318933,0.0,58669.93260318933,86575.67549523858,0.0,2983.173670633203,10234.433829124971,9796.24938348707
neutral,2025-02-07,53323.92636896549,0.0,53323.92636896549,79428.9292271703,0.0,43217.378091640574,9796.24938348707,10688.987345413481
neutral,2025-02-08,22813.69904322719,2335.085650958885,25148.784694186073,38590.8538811129,843.9858053530696,7025.1668759386675,10688.987345413481,8249.521379813223
neutral,2025-02-09,26757.37355847733,139579.3864770488,166336.76003552612,45954.13741739435,34790.09056142306,1414.9658112224345,8249.521379813223,4320.9242881222135
neutral,2025-02-10,62973.42683433801,0.0,62973.42683433801,94085.75201367881,0.0,9722.676408125291,4320.9242881222135,10552.450836204816
neutral,2025-02-11,55307.566263549976,3245.3139378704013,58552.880201420376,80857.71894633793,682.7899158417608,2700.295789002243,10552.450836204816,10599.652339800925
neutral,2025-02-12,51923.10205463359,1598.040955031588,53521.14300966518,77397.9158603875,575.4209870179094,1187.5932410381392,10599.652339800925,8335.017212076904
neutral,2025-02-13,55253.1690914785,0.0,55253.1690914785,83348.44863465338,0.0,6076.814083360197,8335.017212076904,10713.4360223298
neutral,2025-02-14,46463.77385807654,0.0,46463.77385807654,69263.84395017842,0.0,36029.734828778885,10713.4360223298,10634.428187775962
neutral,2025-02-15,22363.71968161808,711.7234150700524,23075.443096688134,37694.47399525443,309.56832909253353,6141.931374312507,10634.428187775962,9881.432436528028
neutral,2025-02-16,25043.581285701403,131577.64531767875,156621.22660338014,43426.976072839345,32324.234712538804,1494.115882835385,9881.432436528028,5002.470674068603
neutral,2025-02-17,58529.25339197744,0.0,58529.25339197744,87375.65732357063,0.0,7360.110929231943,5002.470674068603,10122.107241533578
neutral,2025-02-18,53112.434921408436,0.0,53112.434921408436,77674.07259823478,0.0,2828.37210154073,10122.107241533578,9600.07838322769
neutral,2025-02-19,50833.48982194705,6090.946269529864,56924.43609147691,77309.35870692108,1311.4266181762575,2026.3376552478665,9600.07838322769,9476.625526046297
neutral,2025-02-20,53692.96464111839,0.0,53692.96464111839,81200.15154882,0.0,5137.269936457455,9476.625526046297,10800.0
neutral,2025-02-21,45523.1465204268,0.0,45523.1465204268,68137.62457882447,0.0,39404.7041646673,10800.0,10601.494463098452
neutral,2025-02-22,21576.548255093167,803.8986806384021,22380.44693573157,36654.07460718424,191.33880831604847,7486.199493400132,10601.494463098452,8856.239888693704
neutral,2025-02-23,24878.058265031348,119322.09092700042,144200.14919203176,43628.27549179527,29052.923154292854,1428.4128016583797,8856.239888693704,4970.123662931108
neutral,2025-02-24,54686.51183175321,0.0,54686.51183175321,82491.64076745059,0.0,6045.405836235265,4970.123662931108,9627.071675478292
neutral,2025-02-25,50786.07451131755,699.3582297679011,51485.43274108545,74700.46684537394,174.96871576860127,4733.239538608081,9627.071675478292,10545.85834980042
neutral,2025-02-26,46106.152536523194,4301.673364518565,50407.82590104176,70020.95794070052,1242.556371410561,1487.4522471848704,10545.85834980042,7872.646769366804
neutral,2025-02-27,50908.9470200255,3484.1882151362097,54393.13523516171,79102.43672961378,723.7629525292657,6010.610713675715,7872.646769366804,10800.0
neutral,2025-02-28,42388.65168556287,0.0,42388.65168556287,62988.40610019675,0.0,36190.42496553957,10800.0,10633.544097029295
neutral,2025-03-01,21171.34021367383,894.1039958325562,22065.444209506386,36002.29174516213,162.73270620137234,9306.638424687873,10633.544097029295,10421.408543643802
neutral,2025-03-02,22227.953061074535,135758.37063046213,157986.32369153667,37912.63925800477,33656.44524835194,1088.3787112024525,10421.408543643802,4870.836112309843
neutral,2025-03-03,56810.48905090376,3912.480104333057,60722.96915523682,85824.03658164018,821.0803152098108,5465.911683091572,4870.836112309843,10238.265140220621
neutral,2025-03-04,53324.58792602793,0.0,53324.58792602793,78052.20298383829,0.0,4993.264643660111,10238.265140220621,10572.057596777504
neutral,2025-03-05,48584.88264384355,0.0,48584.88264384355,74393.54677837002,0.0,4584.627899078035,10572.057596777504,10361.153234557347
neutral,2025-03-06,47527.01988845688,0.0,47527.01988845688,72843.52263084863,0.0,3700.6975214629915,10361.153234557347,9695.659029094344
neutral,2025-03-07,42065.360472990054,0.0,42065.360472990054,64042.66781302316,0.0,38563.455562465024,9695.659029094344,10657.815974778998
neutral,2025-03-08,18692.87154778393,2269.777226573672,20962.6487743576,30622.290283700506,989.2795529879842,9783.617955547255,10657.815974778998,10109.397508102575
neutral,2025-03-09,21859.63210194779,108243.2271854254,130102.8592873732,37505.671650769385,24843.38337246734,939.4192183180268,10109.397508102575,4841.43931619211
neutral,2025-03-10,50453.174980607655,1198.0792636692627,51651.25424427692,76082.02246731395,344.16898793003384,2762.361871051813,4841.43931619211,7094.4367973016015
neutral,2025-03-11,51429.108890207644,356.9119955083333,51786.020885715974,77611.02456481609,73.5021,7604.305107675475,7094.4367973016015,9728.649474242544
neutral,2025-03-12,44011.70212093591,1353.6919823864014,45365.39410332231,67612.37332519292,393.7861915622676,1906.0962574957039,9728.649474242544,9722.117182056303
neutral,2025-03-13,46082.376497773446,9434.80752232579,55517.18402009924,71032.76663888393,2932.0040683655902,3569.390227656102,9722.117182056303,8972.497075030975
neutral,2025-03-14,42692.027058900014,0.0,42692.027058900014,64637.043736323,0.0,43609.58808413846,8972.497075030975,10686.343324682695
neutral,2025-03-15,18317.20225614688,1999.3733896896947,20316.575645836576,30327.333341742058,712.4768683095058,7777.5239588707345,10686.343324682695,9706.433451433983
neutral,2025-03-16,22870.535853735877,104860.9327731171,127731.46862685299,39812.80762256775,24058.457266794336,1619.7480691668047,9706.433451433983,5167.2441865782475
neutral,2025-03-17,50390.95798369916,209.64923223333255,50600.6072159325,76891.2827830109,41.41906666666652,9985.344427032645,5167.2441865782475,10608.74631509878
neutral,2025-03-18,42852.781605906115,11765.773065614794,54618.554671520906,62714.07569048173,2814.709699126818,1800.79249976777,10608.74631509878,10069.840752054468
neutral,2025-03-19,44577.81536034686,0.0,44577.81536034686,67571.6069114113,0.0,3888.982757035274,10069.840752054468,10742.79936868063
neutral,2025-03-20,42964.61027168865,1305.8173657522711,44270.427637440924,64710.02408315678,278.71290786046023,2205.706848178458,10742.79936868063,7996.486497739963
neutral,2025-03-21,40404.08543011038,0.0,40404.08543011038,61434.97384908956,0.0,43520.43128234623,7996.486497739963,10672.878262923477
neutral,2025-03-22,18285.973379758718,586.762932519343,18872.736312278063,30918.916646734426,241.80290216936402,13885.76463736501,10672.878262923477,8837.17873585218
neutral,2025-03-23,22233.683575659852,92963.11864556825,115196.8022212281,38947.036537480686,20614.637163940824,1368.574827384949,8837.17873585218,5126.627037534494
neutral,2025-03-24,47265.863534931734,522.4398912656226,47788.30342619736,71100.06952289629,206.79246195315096,6761.061159327726,5126.627037534494,8607.634193407715
neutral,2025-03-25,46523.10135652082,3657.069422320939,50180.170778841755,68673.36361637631,776.1584338928149,4490.004731917541,8607.634193407715,9497.690053135908
neutral,2025-03-26,43503.361198086575,0.0,43503.361198086575,66735.04149087088,0.0,6447.154950883671,9497.690053135908,10520.21914068027
neutral,2025-03-27,41147.14975532517,3251.6061339681546,44398.75588929332,62773.55569070269,853.2111382556983,3421.677680786156,10520.21914068027,8510.277478323136
neutral,2025-03-28,37647.18517007037,0.0,37647.18517007037,57454.68689758312,0.0,41168.31383603018,8510.277478323136,10603.856892077047
neutral,2025-03-29,18284.741029052777,420.6860615680479,18705.427090620826,31063.665826753928,191.86964832068276,20523.800735821682,10603.856892077047,9846.393966861408
neutral,2025-03-30,20839.854101860074,96712.31420566331,117552.16830752339,36032.89435089224,22332.973041670884,4569.5402052488835,9846.393966861408,5007.46226970489
neutral,2025-03-31,46245.94001901365,84.24859055795137,46330.1886095716,69855.63454519508,29.51947812121632,7037.751908459707,5007.46226970489,7946.043692503304
neutral,2025-04-01,43936.15701171929,4564.678583076973,48500.83559479626,65493.04173680138,1498.627400799016,3001.4616435897424,7946.043692503304,8721.138769615975
neutral,2025-04-02,43849.91715465853,8715.655720155724,52565.57287481425,68756.52703798085,1768.6183883572994,4696.242211161156,8721.138769615975,10517.867551832238
neutral,2025-04-03,42435.67570453242,0.0,42435.67570453242,65348.12697283375,0.0,7935.337884828681,10517.867551832238,8492.42242540528
neutral,2025-04-04,35900.08332545824,15.966704947012195,35916.050030405255,54732.7852830772,7.369815345955317,42865.61142987009,8492.42242540528,10621.060790003417
neutral,2025-04-05,18027.86227507259,77.20360383718938,18105.06587890978,30803.79614219479,35.14582785348951,16616.42097196716,10621.060790003417,9525.702557753155
neutral,2025-04-06,20531.89208281698,92386.62377964499,112918.51586246197,35759.40946989704,21159.802424312285,3556.831004959712,9525.702557753155,5207.702328287769
neutral,2025-04-07,44401.225739806585,163.44855525929714,44564.67429506588,67019.31190524134,62.95605876736315,6970.793656613327,5207.702328287769,9162.03919027419
neutral,2025-04-08,43085.90175785402,5159.8793253193735,48245.781083173395,64353.895893528934,1151.8536635374462,7430.3289028739955,9162.03919027419,9644.758933506313
neutral,2025-04-09,40652.617871670634,11037.273182634523,51689.89105430516,62189.77856677506,3630.473815589859,3383.7446387473815,9644.758933506313,9300.081745221803
neutral,2025-04-10,41750.06965785235,397.5142498069025,42147.58390765925,65092.41485779709,183.97007639207177,6500.995681514631,9300.081745221803,9968.06550737717
neutral,2025-04-11,34462.349761994206,134.62602525206688,34596.97578724627,52342.279785919134,61.79821720099545,43034.735381600076,9968.06550737717,10624.724406868112
neutral,2025-04-12,17322.558463211506,638.2831507818911,17960.841613993398,29641.197017832113,211.54490497024162,19371.96377519341,10624.724406868112,8916.597250900482
neutral,2025-04-13,20102.387039036177,93637.52815646859,113739.91519550476,35220.234336333764,21102.25958785334,2607.1900616612256,8916.597250900482,5187.594676497004
neutral,2025-04-14,43288.75814836993,3452.836474241278,46741.594622611214,65426.521650279115,1357.9461598556818,6185.399979759719,5187.594676497004,10168.55786983088
neutral,2025-04-15,41394.16605822384,0.0,41394.16605822384,61349.907005011424,0.0,10012.219303569642,10168.55786983088,8325.64346011446
neutral,2025-04-16,37158.873156413705,12527.754137364833,49686.62729377854,57774.554184635286,4579.7619113685105,1706.8645230442444,8325.64346011446,9620.433712890537
neutral,2025-04-17,41769.006866299955,0.0,41769.006866299955,65237.46303983079,0.0,7858.347523373804,9620.433712890537,10456.88776402828
neutral,2025-04-18,33198.486556592135,16.07107864330576,33214.55763523544,48827.102547578885,7.414569154927687,39076.50252714582,10456.88776402828,10655.79495453059
neutral,2025-04-19,16323.580002112616,1073.4001534329086,17396.980155545523,27837.49833185765,310.9931217217319,18498.674220792247,10655.79495453059,10214.975124100205
neutral,2025-04-20,19385.396035981576,93945.49881382253,113330.89484980411,34439.37789496423,21310.519978583994,5529.812588565254,10214.975124100205,5107.669233904093
neutral,2025-04-21,43503.39740931647,82.17139040333878,43585.56879971981,66632.44288417428,41.00269777562263,9735.329166992022,5107.669233904093,10196.353473012343
neutral,2025-04-22,36721.95137366652,5220.348491419652,41942.29986508617,53617.44589043305,1478.910590486196,3808.1750781442615,10196.353473012343,6475.603143147732
neutral,2025-04-23,41896.557270474135,630.8397673636142,42527.39703783775,67108.03346730981,125.33606083517058,7923.301736488462,6475.603143147732,10800.0
neutral,2025-04-24,36141.2678448246,1567.3813261922933,37708.64917101689,55468.816982336015,646.2443788770493,6625.655110857455,10800.0,9783.545287312485
neutral,2025-04-25,30781.09313837973,0.0,30781.09313837973,46970.44007536042,0.0,40661.32061732698,9783.545287312485,10698.70941390132
neutral,2025-04-26,14981.825746394254,2406.2406239715438,17388.0663703658,25562.535865879592,1018.4485753139978,24315.779371909506,10698.70941390132,9141.813597140885
neutral,2025-04-27,20061.933675320623,86737.17752525024,106799.11120057086,35821.81354215698,19355.172097600822,7171.195351998933,9141.813597140885,5319.9721465337225
neutral,2025-04-28,42569.76462887902,7245.839323690987,49815.60395257,64675.56210897518,1738.6700552123525,5048.303519956658,5319.9721465337225,7210.772486355816
neutral,2025-04-29,43420.927004259254,989.1399119845561,44410.06691624381,66265.224106067,460.56778836005304,13681.579856917082,7210.772486355816,9751.226966149097
neutral,2025-04-30,35143.56426596287,6405.172660533474,41548.73692649635,53720.30050690978,2143.172559457553,3872.365677467764,9751.226966149097,10084.974919621063
neutral,2025-05-01,38417.70987237972,7490.754201679254,45908.46407405897,60683.812844560794,1386.2462875127007,10035.537375286109,10084.974919621063,7519.788055083786
neutral,2025-05-02,34701.20643287654,60.33840744912536,34761.54484032567,51709.54942295214,32.18404858679082,31088.3968196303,7519.788055083786,10557.751823296623
neutral,2025-05-03,19016.171993391305,965.4835132509862,19981.65550664229,31938.049342783997,359.64185990800905,20147.94232411946,10557.751823296623,10097.14626711411
neutral,2025-05-04,21297.013446556346,81869.97602624437,103166.98947280072,36493.88488009166,18529.131397496036,4538.387062433763,10097.14626711411,5446.33815221888
neutral,2025-05-05,42574.73465847753,11567.340110889156,54142.074769366685,63340.82728246847,3126.02921395036,4659.374454977629,5446.33815221888,9198.810163462198
neutral,2025-05-06,43973.90303887312,2296.6402625495684,46270.54330142269,64231.41134947477,587.7488004752769,7642.411058594474,9198.810163462198,10272.472322723474
neutral,2025-05-07,40859.81116978619,4550.581039079514,45410.392208865705,61776.532234131824,1015.0515055644563,5909.878496302087,10272.472322723474,8612.200359184977
neutral,2025-05-08,42598.16229943989,659.5634208023763,43257.72572024227,64616.74326050511,132.50590659963817,4692.473952326229,8612.200359184977,9449.11925958407
neutral,2025-05-09,36701.271223617885,0.0,36701.271223617885,55050.32586104749,0.0,41803.87629395911,9449.11925958407,10720.518984597089
neutral,2025-05-10,16371.396233830787,3163.2470406103594,19534.643274441147,27456.177215898482,1441.5556627402832,15690.677390790306,10720.518984597089,8409.598546800547
neutral,2025-05-11,22520.83361679263,88339.67617886326,110860.50979565589,39683.68249028419,19787.570674820014,3212.3040804918364,8409.598546800547,5825.981890212307
neutral,2025-05-12,47264.727345913794,370.9070317022267,47635.63437761602,71706.25663622853,71.1067231609601,12078.47110043553,5825.981890212307,10460.831814221696
neutral,2025-05-13,39586.6788574736,10800.998819106986,50387.677676580584,57104.170682783966,2930.060484932118,4267.091123801415,10460.831814221696,9901.146580674564
neutral,2025-05-14,39518.26980724455,1931.2407987848324,41449.510606029384,61199.08974624315,647.7170267492137,5004.909723004378,9901.146580674564,10031.351908409099
neutral,2025-05-15,40788.326329870426,2081.6595776151926,42869.98590748562,63542.64460404661,531.3598299654507,7979.006386553816,10031.351908409099,9696.04399865355
neutral,2025-05-16,35302.17820684783,0.0,35302.17820684783,53512.604645623505,0.0,46460.45484136167,9696.04399865355,10675.31224626791
neutral,2025-05-17,16549.167430818543,3567.214146190656,20116.381577009197,28518.284235290303,1119.5219190951384,18084.829651768665,10675.31224626791,8320.179113907983
neutral,2025-05-18,21463.105289603573,89861.27788036213,111324.3831699657,37680.10913272548,20887.548835308062,4141.2258710673805,8320.179113907983,5851.727420924959
neutral,2025-05-19,44022.15675869986,39.501002625000034,44061.65776132486,67933.30573043814,7.785750000000007,13384.147046258238,5851.727420924959,9940.530572072592
neutral,2025-05-20,39362.62863922746,9669.478716270396,49032.10735549786,57620.29188078442,2660.9430072849123,6057.374226024096,9940.530572072592,6718.30574870994
neutral,2025-05-21,41851.58012681441,1781.0944137393883,43632.6745405538,65820.88308362718,720.7464846386748,9602.981155480222,6718.30574870994,9027.307205828603
neutral,2025-05-22,40767.95161730493,2510.8396205924864,43278.791237897414,62894.387362133944,657.46210038831,7373.232674614937,9027.307205828603,10702.768666829477
neutral,2025-05-23,34033.529553208136,0.0,34033.529553208136,50092.96324913575,0.0,40465.895104858806,10702.768666829477,10688.940775420648
neutral,2025-05-24,16807.01641443724,240.3559147892723,17047.372329226513,28798.416372374675,110.92084251937445,21756.80326245274,10688.940775420648,10071.277692805204
neutral,2025-05-25,18677.52969918368,93371.56183176089,112049.09153094457,33317.04571486092,21540.379303996062,7044.766712518802,10071.277692805204,5845.357236476892
neutral,2025-05-26,41189.74871350665,7434.058737565103,48623.80745107175,61243.185919965195,2007.8073914266781,4703.776354108116,5845.357236476892,7154.40159517166
neutral,2025-05-27,45714.25462811101,253.5653559925918,45967.819984103604,69048.84128152375,63.67907915349515,13693.784169005809,7154.40159517166,10152.4239216909
neutral,2025-05-28,38098.786864521884,5812.756130006121,43911.542994528005,58725.88868710877,1780.7160990410182,4559.165472659555,10152.4239216909,10203.569824118062
neutral,2025-05-29,40267.847880420246,2381.2761670440823,42649.12404746433,62011.80215731909,533.1624305310079,6350.03531213082,10203.569824118062,8761.262047658478
neutral,2025-05-30,36540.83585621804,0.0,36540.83585621804,55013.87755159929,0.0,43353.65354078193,8761.262047658478,10669.586185929675
neutral,2025-05-31,17062.82212949601,1793.8897263700242,18856.711855866033,29108.337472208434,649.9653935476392,18545.698948281264,10669.586185929675,9781.55841770254
neutral,2025-06-01,21102.151193404985,143856.0666135319,164958.21780693688,39282.38496367508,33012.95528375976,1928.906896124482,9781.55841770254,5359.154740300479
neutral,2025-06-02,56724.98547356263,1887.6853918348477,58612.67086539748,83934.71667419333,463.94589229162983,9969.921726057299,5359.154740300479,8118.92969815506
neutral,2025-06-03,54427.813538455695,5309.917565427256,59737.73110388295,78548.44683805198,1283.5276982569926,6218.621537275698,8118.92969815506,10124.615807158538
neutral,2025-06-04,52513.62673096349,86.78509283538466,52600.41182379888,78088.9886664651,17.397031740079115,6553.677897608841,10124.615807158538,8379.832035405554
neutral,2025-06-05,52269.46077820334,3712.271064172479,55981.73184237582,78923.61847010543,773.6325308294147,4268.039954514423,8379.832035405554,8984.77941658845
neutral,2025-06-06,49223.563446680215,0.0,49223.563446680215,72634.36130129592,0.0,36762.446115804196,8984.77941658845,10746.408805939915
neutral,2025-06-07,23257.703624575253,3866.4415075809984,27124.145132156253,36718.266124819216,1621.6484530966875,4501.910131787765,10746.408805939915,9897.361361542678
neutral,2025-06-08,29407.326836291853,84020.47082264366,113427.79765893551,49325.67250558988,19635.291098152713,4712.986716164825,9897.361361542678,5316.3455376465545
neutral,2025-06-09,52743.05627256593,11799.916055680376,64542.97232824631,78386.05634489586,2815.302876313769,4405.707349058211,5316.3455376465545,7876.082375524633
neutral,2025-06-10,56670.368373526275,4269.272615202703,60939.64098872898,82343.90645414911,867.7368729284916,6235.184099183362,7876.082375524633,10125.499722484676
neutral,2025-06-11,53302.39303216673,10723.636573507227,64026.02960567395,79672.89247540996,2396.6048347982596,4054.3896906301225,10125.499722484676,8063.728052000626
neutral,2025-06-12,57651.21462703425,0.0,57651.21462703425,85656.87021341507,0.0,6607.137304932086,8063.728052000626,10676.236947811272
neutral,2025-06-13,48952.92798586095,0.0,48952.92798586095,71080.27850053224,0.0,39254.67354522758,10676.236947811272,10636.154226426503
neutral,2025-06-14,24295.76551087012,143.94776478253456,24439.71327565265,39233.460835216785,65.7777325399744,11137.864146899738,10636.154226426503,9218.781352852608
neutral,2025-06-15,25605.309327258106,121436.70661137329,147042.0159386314,42734.372481395556,30223.142015746133,1862.705127772323,9218.781352852608,5966.4991491560095
neutral,2025-06-16,56567.77536819582,4454.754283875365,61022.529652071185,84218.88396349836,1234.6896254575756,5768.105674863695,5966.4991491560095,9383.5410361154
neutral,2025-06-17,55355.04038381146,0.0,55355.04038381146,80340.2490714404,0.0,4677.088385325052,9383.5410361154,6783.262826985431
neutral,2025-06-18,57708.36093036014,0.0,57708.36093036014,86201.57607181801,0.0,7787.0394771984575,6783.262826985431,10750.63488293877
neutral,2025-06-19,52935.350595398406,1437.7764239729595,54373.127019371364,78050.14680438096,297.07267683221653,7012.132098801857,10750.63488293877,10217.283745387344
neutral,2025-06-20,48234.329656940274,0.0,48234.329656940274,69836.60692705863,0.0,43779.563283886644,10217.283745387344,10716.228898359
neutral,2025-06-21,20140.650698606394,4352.476939505257,24493.12763811165,32589.88844475598,1867.5900869846155,11842.592829839214,10716.228898359,10302.363348685449
neutral,2025-06-22,21539.219486355527,126433.17342420829,147972.39291056382,36567.88384154061,31711.07479955534,1283.5482861933192,10302.363348685449,5996.142351068281
neutral,2025-06-23,54616.881735267714,255.02755098333373,54871.90928625105,81134.27844285694,54.134483333333414,6735.102216898294,5996.142351068281,9786.81087617492
neutral,2025-06-24,52131.227232465855,18724.226409802184,70855.45364226804,74676.51217841735,4304.904101077668,2950.876071331747,9786.81087617492,6283.806689128507
neutral,2025-06-25,60043.43040340199,0.0,60043.43040340199,89579.20428095009,0.0,11139.177883500837,6283.806689128507,10665.003988920733
neutral,2025-06-26,51269.60003626108,621.3287096495604,51890.92874591064,74838.78659203896,131.88892159829345,4341.137957260515,10665.003988920733,10188.905335578609
neutral,2025-06-27,47705.518084032214,0.0,47705.518084032214,68351.05181099937,0.0,44720.921685845795,10188.905335578609,10707.657363892584
neutral,2025-06-28,19860.612932846852,4795.7342517761645,24656.347184623017,32571.917009691624,1865.2491452520153,10591.352823766818,10707.657363892584,9213.782873244345
neutral,2025-06-29,24425.10663732377,122572.92269538032,146998.02933270409,42353.758820715535,30264.47835687153,2921.1502086261535,9213.782873244345,6019.319596414545
neutral,2025-06-30,54202.90475155036,1227.0628465579803,55429.96759810834,79611.45193250696,293.8662011013979,4111.088947289263,6019.319596414545,8977.002307980936
neutral,2025-07-01,58005.17825515631,0.0,58005.17825515631,84477.279817111,0.0,5871.334619035181,8977.002307980936,5563.051148459402
neutral,2025-07-02,60701.339711666646,0.0,60701.339711666646,91438.62000123659,0.0,11029.076157332987,5563.051148459402,9706.622434017232
neutral,2025-07-03,53555.30531012571,19796.71000960312,73352.01531972883,78975.05322890215,4867.795721776174,2478.30446202433,9706.622434017232,7799.354870534191
neutral,2025-07-04,57732.59741533135,0.0,57732.59741533135,83705.09678538737,0.0,48936.991060913526,7799.354870534191,10657.155816188133
neutral,2025-07-05,28362.213341160066,1512.4406553257504,29874.653996485817,44334.485572223275,595.0209173954838,13310.998670346742,10657.155816188133,9948.509075648468
neutral,2025-07-06,30966.125091243994,129610.76124374045,160576.88633498445,49431.89569690952,30833.510870154365,1429.2077399482819,9948.509075648468,5274.667679304754
neutral,2025-07-07,64359.19791592886,0.0,64359.19791592886,93679.9562398766,0.0,11651.36559989753,5274.667679304754,10527.644154878924
neutral,2025-07-08,55922.3373900203,5826.4851570099645,61748.822547030264,80022.60057886432,1365.5804253111137,5343.033801898738,10527.644154878924,7623.952713246667
neutral,2025-07-09,58665.21977919071,0.0,58665.21977919071,85512.71099117427,0.0,6171.050431083231,7623.952713246667,9541.308762638919
neutral,2025-07-10,55258.30827432173,3811.839326418669,59070.1476007404,80213.19991802203,1094.364132806295,5217.671637311302,9541.308762638919,9416.383432241564
neutral,2025-07-11,52082.028784810755,0.0,52082.028784810755,73916.71090844768,0.0,37132.406142669155,9416.383432241564,10544.417657612375
neutral,2025-07-12,29404.120901807313,263.5403149019873,29667.6612167093,46865.86784784589,72.13679466081999,14160.200768041977,10544.417657612375,8830.798126950596
neutral,2025-07-13,30346.54124837501,96483.45086879203,126829.99211716704,48583.89373197596,21899.65418262687,1240.8110784151897,8830.798126950596,5387.608623374674
neutral,2025-07-14,57016.81871761101,0.0,57016.81871761101,81599.96618155346,0.0,4417.167094735338,5387.608623374674,7959.094716593776
neutral,2025-07-15,57273.134060207994,0.0,57273.134060207994,81811.03039056485,0.0,6170.066805399086,7959.094716593776,8309.761190472256
neutral,2025-07-16,54942.710212932245,1844.862827626146,56787.57304055839,79645.82857122223,670.215752878715,4310.2136510839855,8309.761190472256,9122.811812427208
neutral,2025-07-17,54649.76128170715,4551.5606359714775,59201.32191767863,78670.375285185,903.46224375292,3297.898752554467,9122.811812427208,9483.58254160987
neutral,2025-07-18,52292.55094285241,0.0,52292.55094285241,73047.02272823214,0.0,37397.19453537674,9483.58254160987,10673.009831817795
neutral,2025-07-19,27405.15654288036,1415.0662424535622,28820.22278533392,43159.27820877328,650.5319192158654,14306.43593231377,10673.009831817795,9442.42746205752
neutral,2025-07-20,31345.449152653942,102557.09032802453,133902.53948067848,50733.78837261058,24051.960155594745,2863.449036082824,9442.42746205752,5695.473537396207
neutral,2025-07-21,56664.515082854836,3066.689604469768,59731.2046873246,81857.04401915518,685.7137184768312,3361.520767414351,5695.473537396207,8045.48257213664
neutral,2025-07-22,58674.81110980203,0.0,58674.81110980203,84257.15545338241,0.0,5573.759832430882,8045.48257213664,9548.735778453773
neutral,2025-07-23,55309.166300236495,2295.7194029727016,57604.8857032092,79964.79675296263,473.3176512166484,3550.9770821054526,9548.735778453773,8825.368232855637
neutral,2025-07-24,57233.383577736284,369.22505035648555,57602.60862809277,82862.25032100585,73.18046646427231,5883.269833790411,8825.368232855637,8977.575761273065
neutral,2025-07-25,51160.14478742321,0.0,51160.14478742321,74275.82556868729,0.0,42826.473418926194,8977.575761273065,10587.651808495584
neutral,2025-07-26,27453.38639392973,1053.882055096878,28507.268449026607,43249.506230561885,466.1277973815024,12013.840627386706,10587.651808495584,10252.897347548305
neutral,2025-07-27,29281.418142800037,114846.80987742919,144128.22802022923,47000.603587154925,26691.526817939557,1145.0931818301258,10252.897347548305,5446.635443788633
neutral,2025-07-28,58488.27397359004,3010.082818981535,61498.356792571576,85405.59367815463,747.188374521714,4245.397128512345,5446.635443788633,6506.351535740031
neutral,2025-07-29,60166.6460522346,0.0,60166.6460522346,87603.51433441797,0.0,4628.451531082752,6506.351535740031,10220.227885954315
neutral,2025-07-30,55483.50649631904,1029.8734758205273,56513.37997213956,82448.20154863107,235.12224925766452,5620.772472962559,10220.227885954315,9593.377353649033
neutral,2025-07-31,54073.26514655861,0.0,54073.26514655861,79270.63611875658,0.0,2391.463321669935,9593.377353649033,8354.307485111709
neutral,2025-08-01,52813.84655252864,0.0,52813.84655252864,77308.48125293921,0.0,50184.65200580825,8354.307485111709,10720.008368432236
neutral,2025-08-02,25150.524979456357,2006.8376375263501,27157.362616982708,40555.60597085012,536.0297584171759,16852.99120055902,10720.008368432236,10252.28248465607
neutral,2025-08-03,28563.043043928752,90720.09959618057,119283.14264010932,47648.29599323319,20353.577863262486,5594.327008275397,10252.28248465607,6234.472848446311
neutral,2025-08-04,50336.114604097456,2812.3586157718746,53148.47321986933,71126.0244242461,836.6159754527342,1634.5037993628769,6234.472848446311,8396.971947007245
neutral,2025-08-05,52052.180056237055,2283.1733992337886,54335.353455470846,74434.46827010837,433.2834269134707,4583.107955660444,8396.971947007245,10412.623515656607
neutral,2025-08-06,46574.93222355006,8690.072423810292,55265.00464736035,67853.25791079721,2428.805758082973,1108.1132950644717,10412.623515656607,8113.137205824916
neutral,2025-08-07,52696.72947370483,2408.9336861848906,55105.66315988972,79064.49412268779,663.4014792359145,10246.358901312098,8113.137205824916,10468.04774430169
neutral,2025-08-08,43786.42250421501,27.720551915661176,43814.14305613067,62587.16631349054,12.956556165300853,43027.872946118245,10468.04774430169,10683.489085032097
neutral,2025-08-09,24379.293425052885,2584.2978061378394,26963.591231190723,40206.618493615126,898.7980644230556,19493.45206746487,10683.489085032097,9635.53225595103
neutral,2025-08-10,27666.31147667155,106709.05727438348,134375.36875105504,47264.222093274344,24704.33166953134,5862.327759282393,9635.53225595103,6887.98632743845
neutral,2025-08-11,52377.135060060566,5914.6835635195075,58291.818623580075,75542.75032368355,1428.5460020888993,6245.53573151704,6887.98632743845,10098.008300060583
neutral,2025-08-12,50893.817626581105,2120.830025422393,53014.6476520035,71869.97875773214,895.7295847870489,4568.521752690328,10098.008300060583,7435.872998524551
neutral,2025-08-13,50541.3513900707,2183.635363089324,52724.98675316002,74771.86859403369,568.8789034610232,2546.4994556379743,7435.872998524551,10734.288773931587
neutral,2025-08-14,48940.460756576416,5413.396137561796,54353.85689413821,72640.09706645613,1177.8773086540507,5432.616963431253,10734.288773931587,9533.997864407416
neutral,2025-08-15,46903.59347423714,16.092359690584463,46919.685833927724,67916.32009336232,7.521551619810452,46077.67731692029,9533.997864407416,10670.764096698464
neutral,2025-08-16,25348.48081225089,2304.5713550385226,27653.052167289414,42144.6433299888,703.2516780270146,22425.197186339865,10670.764096698464,9879.606840039423
neutral,2025-08-17,26752.03997883357,104921.53093829725,131673.57091713083,44895.650363045264,24966.307512604904,6130.211875132524,9879.606840039423,6849.85123732725
neutral,2025-08-18,52906.27409850361,4248.551148816414,57154.82524732002,76204.23951536082,813.6074430855664,6989.08354360532,6849.85123732725,9558.595655182258
neutral,2025-08-19,50414.02576327628,1912.2903162300786,52326.31607950636,70639.0745290479,879.0686790128019,4574.347738661756,9558.595655182258,9147.127849079092
neutral,2025-08-20,47876.589179117436,18115.270189513765,65991.85936863121,69960.84094996969,4553.8219983765675,1455.6767499820767,9147.127849079092,8110.84669743139
neutral,2025-08-21,53875.101236940296,156.5819050659284,54031.68314200622,80772.55311303875,72.7286415265936,8886.52471620186,8110.84669743139,10615.975298335876
neutral,2025-08-22,46370.53980877437,0.0,46370.53980877437,66279.25730262525,0.0,41794.370521797944,10615.975298335876,10721.020768786957
neutral,2025-08-23,25566.889018815604,2221.288695001176,27788.17771381678,40515.60417245076,913.3856487516254,15715.052921844126,10721.020768786957,10224.927713771242
neutral,2025-08-24,27745.35485583332,107062.551673721,134807.9065295543,46546.98478557277,24358.89836383639,6987.4213672648875,10224.927713771242,6759.618042071716
neutral,2025-08-25,53354.98962816848,7530.049202059591,60885.03883022807,75632.40662214815,2232.36987245625,4877.805477075567,6759.618042071716,6266.997457180911
neutral,2025-08-26,57101.8287628167,1831.804243755404,58933.633006572105,82418.63637853708,364.92148813526916,9845.104758789257,6266.997457180911,10697.66893338541
neutral,2025-08-27,49253.594844096806,5815.257110650149,55068.851954746955,70863.26123099009,1647.7960517790918,3050.445002905853,10697.66893338541,8780.671621176101
neutral,2025-08-28,53065.709056013366,6388.482894293777,59454.19195030714,77748.80818961488,1617.7678900691606,4665.76708648716,8780.671621176101,9389.792159321101
neutral,2025-08-29,49732.416465889815,0.0,49732.416465889815,71286.24014288586,0.0,44210.25394283453,9389.792159321101,10625.436488797443
neutral,2025-08-30,26253.176101898775,1051.2417354435352,27304.41783734231,42470.56828848935,492.69240894541434,21256.275403058127,10625.436488797443,9553.317912443306
neutral,2025-08-31,28777.975539319756,102814.2704928484,131592.24603216816,47587.87122308866,23823.97555043508,4126.66472802591,9553.317912443306,6620.061766225993
neutral,2025-09-01,51786.78325213278,0.0,51786.78325213278,72855.26284671033,0.0,12461.176637238397,6620.061766225993,10684.043608240021
neutral,2025-09-02,41664.51730070618,7428.222313846051,49092.739614552236,58729.18561419006,1790.3213347870364,4378.233701412109,10684.043608240021,9547.03899860953
neutral,2025-09-03,41213.566060048535,3102.719867952529,44316.28592800107,60729.695193669046,910.8961487066481,4805.566878008929,9547.03899860953,7531.4575965917265
neutral,2025-09-04,43400.004458325275,5615.618455518287,49015.62291384356,64743.78517180147,1406.9614521252877,5888.047455980355,7531.4575965917265,10339.941412172097
neutral,2025-09-05,40787.10541357621,0.0,40787.10541357621,59130.1790418576,0.0,48786.62833035867,10339.941412172097,10684.96204683713
neutral,2025-09-06,18584.155638208824,3196.071211528858,21780.226849737683,31032.484084419895,1247.0921528945357,20880.278488455635,10684.96204683713,10381.018561961371
neutral,2025-09-07,21463.24483130844,102907.52499223463,124370.76982354306,36916.83406965336,23697.72325679725,6552.6206420394055,10381.018561961371,5933.029490666448
neutral,2025-09-08,45818.05515694384,624.9263429357306,46442.98149987957,66483.67893274804,160.24864086509618,4590.5480004433475,5933.029490666448,5845.499616535586
neutral,2025-09-09,49893.52850660889,0.0,49893.52850660889,72614.28652535449,0.0,11959.558430490943,5845.499616535586,10417.151261616698
neutral,2025-09-10,40539.059524927725,18684.872976005736,59223.93250093346,59526.737385063825,5038.8450126063635,1914.1160628120354,10417.151261616698,8376.020625892434
neutral,2025-09-11,47592.438430507376,0.0,47592.438430507376,69554.8916525827,0.0,11354.39820387278,8376.020625892434,9926.855830682176
neutral,2025-09-12,39788.71022513407,0.0,39788.71022513407,57134.13106376107,0.0,41561.814883548395,9926.855830682176,10737.648731948027
neutral,2025-09-13,19509.931623743512,1687.0820733256858,21197.013697069196,32234.27812393222,796.25976512435,22193.820566954964,10737.648731948027,9563.890304237642
neutral,2025-09-14,23065.249178628037,106219.71315551212,129284.96233414015,39576.306577811614,24558.281611148333,4613.3117774409575,9563.890304237642,5522.787851092184
neutral,2025-09-15,50701.3907802608,140.23704588901245,50841.627826149816,73950.0459184509,38.06307662836413,10985.724755593017,5522.787851092184,10193.76244319485
neutral,2025-09-16,45786.39919039156,1548.4314835704924,47334.83067396205,63933.817761016784,625.3817288731982,5375.099754850788,10193.76244319485,6972.987307336844
neutral,2025-09-17,48275.587371998656,2463.224746871163,50738.81211886982,72571.5533730246,489.4949190268011,6302.992450904716,6972.987307336844,10349.093837088074
neutral,2025-09-18,45542.66635067099,0.0,45542.66635067099,66088.88705489328,0.0,4227.402379640125,10349.093837088074,9792.858285734881
neutral,2025-09-19,41328.02088360295,0.0,41328.02088360295,58359.78397648482,0.0,38298.20748799751,9792.858285734881,10657.722316816342
neutral,2025-09-20,20716.956018100213,2441.3931492674674,23158.34916736768,34307.65307137452,746.6752979820878,17030.01898421412,10657.722316816342,9484.642877712662
neutral,2025-09-21,23672.975276782992,94266.82668105344,117939.80195783643,41024.26553545677,21793.150983432766,4566.789738373958,9484.642877712662,5993.577446429361
neutral,2025-09-22,47875.57578577676,3913.935830021553,51789.511615798314,69170.19694399531,812.928980318394,3673.222386066971,5993.577446429361,8782.558782771755
neutral,2025-09-23,48533.511949177264,407.3694954533476,48940.88144463061,68950.2367771042,85.15923618625723,4241.065852159766,8782.558782771755,8364.358290201326
neutral,2025-09-24,47614.799743572104,4775.533474852052,52390.33321842416,68767.51361169701,1088.9989016814498,3415.109143703098,8364.358290201326,10475.9571798022
neutral,2025-09-25,48193.671925029455,0.0,48193.671925029455,70809.78670997178,0.0,7651.741003088843,10475.9571798022,9877.754949071981
neutral,2025-09-26,42361.40532272748,0.0,42361.40532272748,60737.06498508588,0.0,39075.89181949431,9877.754949071981,10658.509210763086
neutral,2025-09-27,19757.590871930537,8271.369720638206,28028.960592568743,32685.455921920777,2342.9884683075516,16392.698212056806,10658.509210763086,8156.007534857052
neutral,2025-09-28,25371.891303996337,101383.69096514452,126755.58226914085,43769.813964647605,23287.56158605216,2401.9783776943623,8156.007534857052,5908.89658048237
neutral,2025-09-29,53227.14548691323,8.535821351601317,53235.68130826483,77180.38069432942,1.8223358991463101,7294.466967464705,5908.89658048237,10193.107541706804
neutral,2025-09-30,50700.84701814112,0.0,50700.84701814112,71404.04135900832,0.0,4530.005584646963,10193.107541706804,8511.809486773971
neutral,2025-10-01,47678.544329028824,190.01013572511206,47868.554464753935,69316.58886852411,44.41710481877132,14084.233694645382,8511.809486773971,10735.89893529323
neutral,2025-10-02,39755.83259163615,4070.5500711476056,43826.382662783755,59586.70046577529,867.4118895324686,5103.420793069922,10735.89893529323,10724.329757529911
neutral,2025-10-03,35613.6116387286,0.0,35613.6116387286,51843.332168693916,0.0,40632.52839215455,10724.329757529911,10669.764195631698
neutral,2025-10-04,18512.794152675284,2129.538216327323,20642.332369002608,31291.65311255756,653.6682716284516,16739.25840711339,10669.764195631698,9156.6821615683
neutral,2025-10-05,22434.47571361665,88056.40695034413,110490.88266396077,39306.556693397695,19849.70039904228,5433.893761536674,9156.6821615683,4966.38680929062
neutral,2025-10-06,45810.4178910506,2923.840808902265,48734.258699952865,67485.92683762452,825.4653595839037,4704.375334003076,4966.38680929062,7860.368874026288
neutral,2025-10-07,46325.163774926405,4717.230113157212,51042.393888083614,67034.86935205036,1111.8084388139646,4350.1799801374245,7860.368874026288,10745.4258885549
neutral,2025-10-08,43545.30555344477,1021.9829390288014,44567.28849247357,64941.2773523065,252.3184093884209,5366.9428228508095,10745.4258885549,10426.273451547104
neutral,2025-10-09,41818.17697835331,0.0,41818.17697835331,62071.14627293986,0.0,3793.860241240134,10426.273451547104,9482.013007174384
neutral,2025-10-10,38514.617175490275,0.0,38514.617175490275,56333.78981347867,0.0,42661.60535628896,9482.013007174384,10643.984490804221
neutral,2025-10-11,20240.05889467743,315.1794731953614,20555.238367872793,33774.436238910064,90.80081974963448,16565.833589343063,10643.984490804221,10417.593424124534
neutral,2025-10-12,21679.573437493113,101589.73550928189,123269.30894677501,37127.81491847018,23618.09187863351,4626.198117272811,10417.593424124534,4684.405237945883
neutral,2025-10-13,47878.73307228359,1846.9545489193804,49725.68762120297,71400.93953205296,460.4179902517402,5947.843376096399,4684.405237945883,10225.500873594949
neutral,2025-10-14,43697.8281270218,7935.648329120462,51633.47645614226,61994.2638653156,2310.4193453276853,2621.757865068786,10225.500873594949,7978.137656163905
neutral,2025-10-15,46028.30676241605,396.54431490236874,46424.85107731842,70532.20697188428,120.1649439098087,3872.440939508469,7978.137656163905,9170.058351310232
neutral,2025-10-16,45384.54140506439,1937.0265864530552,47321.56799151744,69729.38297593674,469.11569681625633,3654.843362570132,9170.058351310232,8758.60777283737
neutral,2025-10-17,42997.78691443152,0.0,42997.78691443152,64306.8643666217,0.0,42806.01574243594,8758.60777283737,10745.811260661108
neutral,2025-10-18,18948.56800791133,3257.3659355457416,22205.933943457072,31002.492425470402,1419.7068659615484,14317.735858317077,10745.811260661108,9484.253517808838
neutral,2025-10-19,23733.885825269215,109508.42251074058,133242.3083360098,40873.74341009553,24955.993687698578,3180.115879936158,9484.253517808838,4852.145349983298
neutral,2025-10-20,52557.72256377901,5477.639238717053,58035.36180249606,77835.11589513908,1122.3622308862814,5376.470793893015,4852.145349983298,10432.834485266361
neutral,2025-10-21,49718.29444380176,1015.2486990691955,50733.543142870956,71386.45941802207,420.6717248526452,3321.2206176480913,10432.834485266361,9078.902139128411
neutral,2025-10-22,47318.778821469285,4967.273529098735,52286.05235056802,72532.76050302738,1030.2631628571278,3788.17478145963,9078.902139128411,9442.488501001826
neutral,2025-10-23,48367.88879528383,0.37740274574836075,48368.266198029574,73258.04521282621,0.09056941342653246,5585.677747726586,9442.488501001826,9856.190105028609
neutral,2025-10-24,41837.6217579088,0.0,41837.6217579088,62744.488461441084,0.0,39840.680733752866,9856.190105028609,10729.178170786052
neutral,2025-10-25,20081.14807043723,1845.133186880747,21926.281257317976,32763.44038250101,847.4973309399675,12226.030117768147,10729.178170786052,9467.837886484827
neutral,2025-10-26,23904.548221124565,105184.48548272956,129089.03370385413,40798.09810721369,24492.29000461097,1904.3165301762583,9467.837886484827,4952.886978586102
neutral,2025-10-27,52029.11372891185,1044.8542883395867,53073.968017251435,77660.8650325387,294.41247833143166,7072.856810030439,4952.886978586102,8787.820434469293
neutral,2025-10-28,49624.84236512373,4389.495523078214,54014.337888201946,71610.80856216773,1094.361333860913,2835.7112060692734,8787.820434469293,9341.062272692587
neutral,2025-10-29,48427.87770892162,5449.7875702303645,53877.66527915198,74155.13941098649,1215.3847702845042,2980.616653449709,9341.062272692587,8569.472457921704
neutral,2025-10-30,50659.07097078745,933.5895293912434,51592.66050017869,77835.78275187535,258.77237565472296,7365.956265354883,8569.472457921704,10479.966585908109
neutral,2025-10-31,41503.905809100106,0.0,41503.905809100106,62814.64742095719,0.0,35072.10956060425,10479.966585908109,10633.537055038381
neutral,2025-11-01,20320.097031120335,2383.961010410668,22704.058041531003,32954.75397409492,925.9891553920695,8914.605479471951,10633.537055038381,9812.845692714582
neutral,2025-11-02,24243.40110051372,115287.8442455489,139531.2453460626,41197.47981976039,26782.83197968463,751.66415107519,9812.845692714582,4815.960500793224
neutral,2025-11-03,53918.18863544561,1882.1643598020883,55800.3529952477,79869.57701969208,563.8960743746928,3185.0215160939,4815.960500793224,9233.754705826428
neutral,2025-11-04,54094.19420334234,0.0,54094.19420334234,79229.67046736565,0.0,7319.154269544476,9233.754705826428,10082.77734028791
neutral,2025-11-05,48675.76726277557,3585.0358720405225,52260.80313481609,73849.62488645845,854.4050246034797,2141.7155750088664,10082.77734028791,9083.841960371077
neutral,2025-11-06,48906.66582489337,9988.623529578606,58895.28935447197,74821.97169575239,2533.0849237803504,1557.9055269502824,9083.841960371077,9565.46822384114
neutral,2025-11-07,47260.84954880707,0.0,47260.84954880707,71495.90849910419,0.0,43368.123568605995,9565.46822384114,10618.668351850254
neutral,2025-11-08,22388.41557164253,15.392422420334187,22403.807994062863,37590.70189432495,6.961746911051193,11366.63419164702,10618.668351850254,9785.411682736989
neutral,2025-11-09,23958.82002348258,126316.88285217638,150275.70287565896,40904.23718775612,30433.4145080335,1178.4787434217,9785.411682736989,4968.134310413666
neutral,2025-11-10,57513.88013224793,2479.8570426445285,59993.737174892456,85630.23748137322,524.8897825284686,4138.7417522907335,4968.134310413666,9588.092694094865
neutral,2025-11-11,54951.134894105024,1603.0905857261037,56554.225479831126,79699.25906191271,456.3310956467721,4260.34550531245,9588.092694094865,10313.230213404173
neutral,2025-11-12,53710.96304348975,0.0,53710.96304348975,81045.88927943862,0.0,5589.062141205762,10313.230213404173,10800.0
neutral,2025-11-13,50866.43388728615,1473.4977079666548,52339.931595252805,76110.16524468939,430.0107845680785,2690.8918619151264,10800.0,8339.456927333611
neutral,2025-11-14,46310.97885614409,0.0,46310.97885614409,71686.65365694843,0.0,37990.6702184132,8339.456927333611,10611.935995432863
neutral,2025-11-15,21923.940320930546,2050.765380519368,23974.705701449915,35982.75556649633,604.5071473179253,5165.139329173758,10611.935995432863,10441.011779958242
neutral,2025-11-16,24332.232431741846,131410.64650181713,155742.87893355897,41365.52089225859,32266.012598028232,959.2764829663067,10441.011779958242,4919.1572170661875
neutral,2025-11-17,61464.70678620525,0.0,61464.70678620525,90948.74538692061,0.0,8803.034315511984,4919.1572170661875,10800.0
neutral,2025-11-18,51261.516850413325,4577.009626863752,55838.526477277075,73196.6444505254,1771.326967313663,1479.065921484203,10800.0,6066.778702989559
neutral,2025-11-19,57557.53920400291,2095.871767973103,59653.410971976016,88291.55716275657,442.1193162184055,4869.107952895135,6066.778702989559,10507.116406988791
neutral,2025-11-20,56909.97865662484,0.0,56909.97865662484,84928.93766925903,0.0,6492.337800811249,10507.116406988791,10143.91880860456
neutral,2025-11-21,47870.06439186825,0.0,47870.06439186825,71278.16141195646,0.0,37980.6064486421,10143.91880860456,10704.725679503723
neutral,2025-11-22,21161.873278762447,3252.601889546244,24414.47516830869,34472.26776262371,1070.0997142631518,2892.9154457417976,10704.725679503723,9753.036363495177
neutral,2025-11-23,27774.185361635093,121544.42490787499,149318.61026951007,46813.53417033095,28882.252753002922,2152.2434258155417,9753.036363495177,4396.124404403071
neutral,2025-11-24,61092.33796879811,0.0,61092.33796879811,90155.60593439109,0.0,7531.325337894922,4396.124404403071,9079.752195015604
neutral,2025-11-25,56089.96065572978,5775.24941638308,61865.21007211286,81322.72542498066,1207.9807296287759,2509.148927008845,9079.752195015604,9429.424259406547
neutral,2025-11-26,55901.82582138797,603.5738643856932,56505.399685773664,83626.81071969388,132.86686245688603,2701.8213749311153,9429.424259406547,9644.314429776037
neutral,2025-11-27,57479.181559389195,0.0,57479.181559389195,85923.78528817935,0.0,5452.919985915575,9644.314429776037,10236.518132828083
neutral,2025-11-28,48262.04730336063,0.0,48262.04730336063,71267.43197005417,0.0,36306.644863555106,10236.518132828083,10589.411406157691
neutral,2025-11-29,24014.424649038272,429.2312196846782,24443.65586872295,39892.80609494992,102.42798391818647,4638.790134901146,10589.411406157691,7905.321094023012
neutral,2025-11-30,29975.07173540914,129948.27708289959,159923.34881830873,51676.27154080146,30804.342425000912,1945.956755188747,7905.321094023012,4294.151893220249
neutral,2025-12-01,63918.358992043955,13020.939306267861,76939.29829831181,94365.09412282571,3680.2802931731967,2997.268315418306,4294.151893220249,9033.350119290952
neutral,2025-12-02,67256.38213722344,1313.6386073937092,68570.02074461714,96814.13718149137,270.0026897491108,4258.6263235565675,9033.350119290952,9309.811196756631
neutral,2025-12-03,63205.17273246213,1259.898733392335,64465.07146585447,92992.8399920029,323.63027067348196,2142.2223789797736,9309.811196756631,9118.349612519864
neutral,2025-12-04,65734.91603175773,220.30951429402003,65955.22554605175,97871.38949796112,44.42171878092953,5512.125116005128,9118.349612519864,10362.533514172812
neutral,2025-12-05,56832.55914836633,0.0,56832.55914836633,83189.27325431057,0.0,37982.44477190228,10362.533514172812,10579.632992529008
neutral,2025-12-06,30169.262699562216,0.0,30169.262699562216,49995.013064847815,0.0,4186.2293148346525,10579.632992529008,9473.832439138163
neutral,2025-12-07,33682.28533429759,133736.36943430337,167418.65476860094,56559.81163469642,31472.40081646802,1473.5814518738866,9473.832439138163,4199.39081283075
neutral,2025-12-08,68956.74365777044,0.0,68956.74365777044,101331.20958057411,0.0,3259.884105020236,4199.39081283075,10190.894711426296
neutral,2025-12-09,65801.84573556266,2289.00860919116,68090.85434475382,94352.98896647542,455.8747561433537,4016.5226347816633,10190.894711426296,9576.872769881149
neutral,2025-12-10,64204.703268719175,0.0,64204.703268719175,94284.87788244945,0.0,2686.4416175022,9576.872769881149,8618.165079460166
neutral,2025-12-11,66812.34046131825,0.0,66812.34046131825,99541.37277332263,0.0,7275.962194201795,8618.165079460166,10800.0
neutral,2025-12-12,55539.31746822365,0.0,55539.31746822365,80909.0915402924,0.0,33752.35812624915,10800.0,10631.505004358793
neutral,2025-12-13,30707.17851557298,0.0,30707.17851557298,51239.85504048717,0.0,5021.945406869013,10631.505004358793,9911.947978480988
neutral,2025-12-14,33714.73549997648,136027.20533743053,169741.94083740702,56427.87109192743,32301.107014083627,1623.9113234847655,9911.947978480988,4093.8996017691143
neutral,2025-12-15,70365.7627067833,0.0,70365.7627067833,103395.87593158898,0.0,3131.4497427527363,4093.8996017691143,10549.099044567281
neutral,2025-12-16,65269.48933824227,3235.0872101507366,68504.576548393,93271.28908205182,850.0621980950688,2034.7489170126328,10549.099044567281,9312.243188643888
neutral,2025-12-17,67072.4844550771,0.0,67072.4844550771,99109.79110454122,0.0,5184.553053645269,9312.243188643888,10800.0
neutral,2025-12-18,62601.33348816422,3489.6396722059726,66090.9731603702,92211.32564099455,716.4382273199554,2396.9673632238637,10800.0,9647.790726186271
neutral,2025-12-19,57679.205399369275,0.0,57679.205399369275,86878.23439567587,0.0,39024.111446828785,9647.790726186271,10607.730675679391
neutral,2025-12-20,28797.511912875918,0.0,28797.511912875918,48616.53562566071,0.0,2607.7613058256375,10607.730675679391,10379.894335570403
neutral,2025-12-21,32231.436816344543,141907.33824616278,174138.7750625073,54680.02586582829,34817.028666582075,1390.2032393829911,10379.894335570403,5083.8258160317555
neutral,2025-12-22,69659.45512207804,0.0,69659.45512207804,101966.93274779404,0.0,3841.8168928401938,5083.8258160317555,10206.628794022137
neutral,2025-12-23,67113.33394297794,0.0,67113.33394297794,96012.32831243257,0.0,4434.93765885643,10206.628794022137,10622.32721238127
neutral,2025-12-24,61851.737369771625,0.0,61851.737369771625,93251.53243011585,0.0,1617.782082009347,10622.32721238127,9866.855625387883
neutral,2025-12-25,62667.162460978594,112.33435440912348,62779.49681538772,94362.22107968331,50.93373584634935,1626.252650134437,9866.855625387883,10378.596886529825
neutral,2025-12-26,56173.68188408058,0.0,56173.68188408058,83736.6239723182,0.0,36935.8659616567,10378.596886529825,10645.57591697324
neutral,2025-12-27,28718.290893590645,0.0,28718.290893590645,48287.52453231487,0.0,2419.0699148689546,10645.57591697324,9992.395523812595
neutral,2025-12-28,32034.06412421094,133723.96954493626,165758.0336691472,54483.45033787965,31781.421287162353,310.6904678171679,9992.395523812595,4995.575510198115
neutral,2025-12-29,67630.4888815849,0.0,67630.4888815849,99263.89895876056,0.0,3867.27773137865,4995.575510198115,8964.491262552527
neutral,2025-12-30,67023.75438409628,0.0,67023.75438409628,97225.5747897485,0.0,5564.923371763016,8964.491262552527,10616.443998012366
neutral,2025-12-31,59374.46918150726,8574.0285216597,67948.49770316696,88616.70549281721,2425.7557994322347,259.8871532745988,10616.443998012366,8416.082932453248
