policy,date,normal_cost,emergency_cost,total_cost,emergency_kwh,start_kwh,end_kwh
main,2025-02-01,21663.2191089926,2.599921966606189e-11,21663.219108992624,4.733102798581967e-12,10800.0,2653.3191112171125
main,2025-02-02,55924.455306482574,1393.9915964952247,57318.4469029778,205.01394690262413,2653.3191112171125,1388.5030961757632
main,2025-02-03,56749.436471018256,4.890973775745384e-11,56749.43647101831,9.28026535826354e-12,1388.5030961757632,2041.177384840755
main,2025-02-04,55187.48920333377,2.7583003880948808e-11,55187.4892033338,5.730527163905208e-12,2041.177384840755,1734.6867467337345
main,2025-02-05,56415.31232931513,59.605905720973226,56474.9182350361,10.26184139123417,1734.6867467337345,1649.860137505111
main,2025-02-06,56511.50954282402,126.66871353040172,56638.17825635442,21.68786587422015,1649.860137505111,1552.5543711329
main,2025-02-07,25125.06130867947,2.6780654138747195e-11,25125.061308679495,5.144329406903125e-12,1552.5543711329,2421.9831374636615
main,2025-02-08,22769.22053812016,2.583320535265443e-11,22769.220538120186,5.312195128226449e-12,2421.9831374636615,1886.2344570622338
main,2025-02-09,52975.24316472292,1176.7589114660332,54152.00207618895,179.1412853458797,1886.2344570622338,1345.7717538914133
main,2025-02-10,54669.98791108889,2.408863242209236e-11,54669.98791108891,4.928946140125845e-12,1345.7717538914133,1393.6475525582755
main,2025-02-11,54722.43995578607,186.8779041656114,54909.317859951676,39.07609482689111,1393.6475525582755,1567.735811653653
main,2025-02-12,51904.24377938587,304.67375428146113,52208.91753366733,50.41272979320901,1567.735811653653,1431.9444842204045
main,2025-02-13,52548.13532551492,3.29962801248751e-11,52548.13532551496,7.1998518258453714e-12,1431.9444842204045,1571.1964280455031
main,2025-02-14,20284.41430135705,3.287837824217377e-11,20284.414301357083,6.6919803032305936e-12,1571.1964280455031,1901.2406227228141
main,2025-02-15,20957.867653211775,2.0304655734548762e-11,20957.867653211797,3.709033080667723e-12,1901.2406227228141,1718.1787638534308
main,2025-02-16,50548.92774740441,1168.3380352148667,51717.26578261927,182.18795403459941,1718.1787638534308,1368.6873119385305
main,2025-02-17,51011.04604186438,3.0820741736548033e-11,51011.04604186441,6.0174087934683484e-12,1368.6873119385305,1407.7853597748358
main,2025-02-18,50090.34855587169,4.577422646074463,50094.92597851777,0.9772465085557072,1407.7853597748358,1782.2592913169678
main,2025-02-19,49519.24454251551,195.39386337022782,49714.63840588574,44.61556419002786,1782.2592913169678,1238.0441881287986
main,2025-02-20,50431.96709561254,138.8287090381871,50570.79580465073,29.63892165631585,1238.0441881287986,1517.7752394470815
main,2025-02-21,19462.79179042059,1.4488928057332371e-11,19462.791790420604,2.5123236824242667e-12,1517.7752394470815,1744.6599587914423
main,2025-02-22,19117.492463851442,193.88671919140808,19311.37918304285,31.717114214201676,1744.6599587914423,1713.1008310453149
main,2025-02-23,50239.09276182845,22.848511617369095,50261.94127344582,4.877991378601099,1713.1008310453149,1401.1802440652116
main,2025-02-24,48065.24601789095,668.6158871890387,48733.86190507999,119.48200706278405,1401.1802440652116,1404.5342875406564
main,2025-02-25,49080.26470844066,346.0953215711751,49426.36003001184,77.23518443151401,1404.5342875406564,2045.1221749019087
main,2025-02-26,47275.47755494263,642.2589983143351,47917.73655325696,106.81206247099657,2045.1221749019087,1681.1045483045093
main,2025-02-27,47110.568148141305,269.1562591702948,47379.7244073116,55.157222015718354,1681.1045483045093,1866.177757131025
main,2025-02-28,18326.752131655023,2.7187358142555242e-11,18326.75213165505,4.725109192804666e-12,1866.177757131025,1991.8103146682374
main,2025-03-01,19259.28649025791,2.3038341900871727e-11,19259.28649025793,4.293454480830405e-12,1991.8103146682374,1947.6997226522203
main,2025-03-02,47818.566246735245,8562.488865186839,56381.05511192208,1577.8492084605587,1947.6997226522203,1258.94528527055
main,2025-03-03,46061.56383997173,12269.927435191348,58331.491275163076,2469.590167756885,1258.94528527055,1435.0316668633363
main,2025-03-04,49519.03744455069,2.393579556780878e-11,49519.03744455071,5.425437876738215e-12,1435.0316668633363,1693.6639204160965
main,2025-03-05,47661.29829409412,14.95269000002636,47676.25098409415,3.286666666671558,1693.6639204160965,1592.5742658986467
main,2025-03-06,45910.808780896434,5.0821274744095035e-11,45910.808780896485,1.0546230555519287e-11,1592.5742658986467,1518.7044884955026
main,2025-03-07,19228.134099674826,1.0853542287136973e-11,19228.134099674837,1.986633080264255e-12,1518.7044884955026,2301.250956593889
main,2025-03-08,18830.7782478528,2.7456718232343745e-11,18830.778247852828,7.02371494298859e-12,2301.250956593889,1934.938620546508
main,2025-03-09,44646.030823848465,460.3820013898857,45106.41282523835,132.05219588325483,1934.938620546508,1341.1972898083159
main,2025-03-10,44382.309444114544,3.2069956135138965e-11,44382.30944411457,6.673106511811966e-12,1341.1972898083159,1470.878212166467
main,2025-03-11,44880.87617123278,5.469664349222469e-11,44880.87617123284,1.154465412156469e-11,1470.878212166467,1903.900269996937
main,2025-03-12,45128.41790512835,4.4112550501296256e-11,45128.41790512839,9.811929047032208e-12,1903.900269996937,1348.8976856221661
main,2025-03-13,43357.140572019096,6378.503538063064,49735.64411008216,1126.1255177933956,1348.8976856221661,1516.037715113676
main,2025-03-14,18506.929662326904,1.7730092949364008e-11,18506.929662326922,3.4434677331773855e-12,1516.037715113676,2154.8452054422733
main,2025-03-15,18853.464315035504,2.1167152031154046e-11,18853.464315035526,4.367173289665516e-12,2154.8452054422733,1432.0460452375903
main,2025-03-16,45542.182649357565,7.461180000044673,45549.64382935761,1.640000000009401,1432.0460452375903,1627.0501252109862
main,2025-03-17,44952.828418551115,3.604045284433255e-11,44952.82841855115,6.672884467207041e-12,1627.0501252109862,2108.9361949387567
main,2025-03-18,43515.9449135333,2.9007685142801168e-11,43515.94491353333,5.433875571725366e-12,2108.9361949387567,1882.8373052931202
main,2025-03-19,43379.213918126086,3.540534487811442e-11,43379.21391812612,6.759925952337653e-12,1882.8373052931202,2104.0723463251315
main,2025-03-20,43082.33405525424,492.3015113501468,43574.63556660439,70.94584474380507,2104.0723463251315,1587.540625085357
main,2025-03-21,16673.38938897355,2.081608041493155e-11,16673.38938897357,4.175326751010289e-12,1587.540625085357,1876.3586087534854
main,2025-03-22,16515.859754041696,2.4563341582961585e-11,16515.85975404172,4.5776715751344454e-12,1876.3586087534854,2264.2095625307297
main,2025-03-23,42596.24193848883,2.4830822287214004e-11,42596.24193848885,5.7691629251621634e-12,2264.2095625307297,1635.7682406458096
main,2025-03-24,40131.32887951024,2.9073055851647215e-11,40131.32887951027,5.742295527966235e-12,1635.7682406458096,1802.9900319344854
main,2025-03-25,40263.477523708585,2.997867087906059e-11,40263.477523708614,6.908695837637424e-12,1802.9900319344854,1622.2837970457365
main,2025-03-26,40428.53282479363,2.714771196732357e-11,40428.532824793656,5.689004822784227e-12,1622.2837970457365,1742.1921816782512
main,2025-03-27,40244.99581039317,3.7990337098392504e-11,40244.99581039321,8.519407401763601e-12,1742.1921816782512,1612.4855870013312
main,2025-03-28,16262.923847749073,1.388967590942869e-11,16262.923847749087,2.8806956819948937e-12,1612.4855870013312,1863.032402855199
main,2025-03-29,15722.044028361262,2.892948014476815e-11,15722.044028361292,5.167422045815329e-12,1863.032402855199,1761.2410924789822
main,2025-03-30,38541.34479824522,3.13300514420689e-11,38541.34479824525,8.234302129039861e-12,1761.2410924789822,1805.5746492371563
main,2025-03-31,38484.31733901841,3.200844078676823e-11,38484.31733901844,6.254552431528282e-12,1805.5746492371563,1957.0833844119566
main,2025-04-01,38201.16967445068,1521.8048500141642,39722.974524464844,229.28279772073563,1957.0833844119566,1653.0325297735756
main,2025-04-02,39058.7825634452,7769.73712685475,46828.51969029995,1559.7133778580555,1653.0325297735756,1648.6128329897022
main,2025-04-03,38643.71532326365,1.8239262100649967e-11,38643.71532326367,4.1882053380959405e-12,1648.6128329897022,1680.8751025340812
main,2025-04-04,16035.770928936927,1.953396022713605e-11,16035.770928936947,3.554045946430051e-12,1680.8751025340812,2167.17809115888
main,2025-04-05,15016.166277349546,2.0496403796421703e-11,15016.166277349566,4.108158258020467e-12,2167.17809115888,1622.8628011890419
main,2025-04-06,37903.082375710466,2.409369637135228e-11,37903.08237571049,5.991651619297045e-12,1622.8628011890419,1566.762876172506
main,2025-04-07,38119.17163247048,3.300616176378501e-11,38119.17163247052,6.544809832975673e-12,1566.762876172506,1835.531099270079
main,2025-04-08,38122.78328998404,1489.1455573820022,39611.92884736604,254.00560971681332,1835.531099270079,1365.5902513649762
main,2025-04-09,39061.842150308345,263.7074238533735,39325.54957416172,66.18064150432788,1365.5902513649762,1590.634246246556
main,2025-04-10,39416.07727662865,3.1329179861483425e-11,39416.07727662868,6.188494161563085e-12,1590.634246246556,1870.1878568550667
main,2025-04-11,15703.654965931051,1.234624535939588e-11,15703.654965931064,2.3310242625029787e-12,1870.1878568550667,2325.1041900714995
main,2025-04-12,14512.568893940417,2.132591059300637e-11,14512.568893940439,3.848199536804486e-12,2325.1041900714995,2015.816470739122
main,2025-04-13,35675.313979460596,1505.2286515366345,37180.54263099723,261.2213460440053,2015.816470739122,1559.6630339008962
main,2025-04-14,36593.41037449014,2.8256510242741226e-11,36593.410374490166,6.978861932793734e-12,1559.6630339008962,1753.9791553295863
main,2025-04-15,37998.73099548024,2.626688155871193e-11,37998.73099548027,5.1736392947532295e-12,1753.9791553295863,1764.6767340402146
main,2025-04-16,37096.205633420715,2.689311495718272e-11,37096.205633420745,5.6402105208519515e-12,1764.6767340402146,1680.2206502417105
main,2025-04-17,35906.49126351392,3.1804393285650435e-11,35906.49126351395,6.85906886843668e-12,1680.2206502417105,1902.2012894951736
main,2025-04-18,14226.984490409377,2.021017220243948e-11,14226.984490409397,3.483435762063891e-12,1902.2012894951736,2329.869819597733
main,2025-04-19,14155.869689687772,1.0250531867761481e-11,14155.869689687783,2.113198505071523e-12,2329.869819597733,2227.008444762571
main,2025-04-20,35624.03235930202,3.439426232709764e-11,35624.03235930206,7.489564524121306e-12,2227.008444762571,1960.0044549671877
main,2025-04-21,35259.56893344555,2.9312995586394666e-11,35259.56893344558,6.9331207441791776e-12,1960.0044549671877,1506.9846442448404
main,2025-04-22,36058.63029750757,3.074369581135272e-11,36058.630297507596,7.190248396682364e-12,1506.9846442448404,1681.6554453982558
main,2025-04-23,35536.33719534629,2.808425625389077e-11,35536.33719534632,5.2451376575390896e-12,1681.6554453982558,1891.0252410273586
main,2025-04-24,34868.27963729543,3.5222236682841415e-11,34868.27963729547,6.609823799408332e-12,1891.0252410273586,1959.5244075736957
main,2025-04-25,12931.514854481737,1.928188964051003e-11,12931.514854481757,3.290256955779114e-12,1959.5244075736957,1673.286384685701
main,2025-04-26,12973.750526924081,2.5305643358564113e-11,12973.750526924106,4.616973470206176e-12,1673.286384685701,1469.4671765048597
main,2025-04-27,33277.998080219135,2736.702138955796,36014.700219174934,466.91367339745346,1469.4671765048597,1438.1001075387674
main,2025-04-28,33287.03299850569,26831.808699886173,60118.84169839186,4318.4152480510475,1438.1001075387674,1610.3159433878209
main,2025-04-29,35354.778510642165,14.821072173962786,35369.599582816125,2.1245803001683043,1610.3159433878209,1788.1853623682541
main,2025-04-30,35576.580641503715,2.329601844763829e-11,35576.58064150374,5.10702591327572e-12,1788.1853623682541,1695.2417800190128
main,2025-05-01,33712.15261638107,11861.945722393357,45574.09833877443,2225.91369875944,1695.2417800190128,1253.739122520755
main,2025-05-02,14097.242318282273,9506.153366380933,23603.395684663206,1712.775405888432,1253.739122520755,1200.0
main,2025-05-03,14126.44250048888,6446.364692772861,20572.807193261742,1161.0437600054668,1200.0,1200.0
main,2025-05-04,35116.079466768526,9469.491079787695,44585.57054655622,1769.927655917751,1200.0,1208.1742217452916
main,2025-05-05,38171.125051325114,251.34273117753605,38422.46778250265,36.02963462980912,1208.1742217452916,1551.2217307474912
main,2025-05-06,39613.89817027985,2.5847185058935905e-11,39613.89817027988,6.0107474553205975e-12,1551.2217307474912,1538.094074973094
main,2025-05-07,38849.29028079098,3.076629062626068e-11,38849.29028079101,5.945022252262788e-12,1538.094074973094,1834.3622598456996
main,2025-05-08,39243.3772742647,243.22893262502748,39486.60620688972,35.99925000000575,1834.3622598456996,2308.8838840773487
main,2025-05-09,18912.87418891151,1.4944298243335652e-11,18912.874188911526,2.575717417130363e-12,2308.8838840773487,4574.960870898082
main,2025-05-10,15078.50581120759,2.1771294982098064e-11,15078.505811207611,4.505021355960537e-12,4574.960870898082,2044.2036093007928
main,2025-05-11,38916.44775897148,210.7301215018879,39127.17788047337,31.28297837293892,2044.2036093007928,1944.0962894722513
main,2025-05-12,39415.044300684494,2.5947429538319967e-11,39415.04430068452,5.015321491441682e-12,1944.0962894722513,2720.646893635037
main,2025-05-13,38272.53375352373,2.3144975713762505e-11,38272.53375352375,4.305888978706207e-12,2720.646893635037,2109.610704161287
main,2025-05-14,37782.556495619574,1.8338733198675074e-11,37782.556495619596,4.437339384821826e-12,2109.610704161287,1904.4076879487618
main,2025-05-15,37930.347430082074,3.4093973505511244e-11,37930.34743008211,7.1833095027784566e-12,1904.4076879487618,2842.132316712758
main,2025-05-16,15442.746169951966,2.059735415560482e-11,15442.746169951986,3.751110533301016e-12,2842.132316712758,2334.8415985310744
main,2025-05-17,15477.355502182469,1.7960010478823564e-11,15477.355502182487,3.6368130729158565e-12,2334.8415985310744,2077.673972543066
main,2025-05-18,38743.38269000419,2.3207995511476122e-11,38743.38269000421,5.898920241165229e-12,2077.673972543066,2438.6320873932364
main,2025-05-19,37790.21700745904,428.0680453866407,38218.28505284568,63.469203853013354,2438.6320873932364,2234.2334180549606
main,2025-05-20,36932.88348824276,1.9750988400346613e-11,36932.883488242784,4.050093593832571e-12,2234.2334180549606,1826.9546433086941
main,2025-05-21,38101.29400429421,3.296669137675679e-11,38101.29400429424,7.56739115814753e-12,1826.9546433086941,1993.9186101392415
main,2025-05-22,37713.04606960245,8.469691588240666,37721.51576119069,1.2557923624062843,1993.9186101392415,2795.6185286112395
main,2025-05-23,16510.607878220286,2.0807233006014947e-11,16510.607878220308,3.67965380387858e-12,2795.6185286112395,3488.424532430508
main,2025-05-24,15215.561594417482,1.4593680042196412e-11,15215.561594417497,2.7045032879868813e-12,3488.424532430508,2746.2582180584136
main,2025-05-25,37889.36106628068,2.664541626229422e-11,37889.36106628071,6.547762332331786e-12,2746.2582180584136,2280.270618196319
main,2025-05-26,38290.666020205594,2.1273755201889343e-11,38290.666020205615,4.4426684553400264e-12,2280.270618196319,2518.4283910465974
main,2025-05-27,37131.474834867935,3.3198174875792574e-11,37131.47483486797,7.66231522675298e-12,2518.4283910465974,2053.144018631494
main,2025-05-28,38252.96406740106,3.413645011107747e-11,38252.964067401095,7.66497976201208e-12,2053.144018631494,2397.789378071457
main,2025-05-29,37062.08739819391,119.7776955833609,37181.86509377727,17.81743333333993,2397.789378071457,2677.7206413161193
main,2025-05-30,16147.870880978367,2.149895550473957e-11,16147.87088097839,3.824496275228739e-12,2677.7206413161193,3258.5681871176266
main,2025-05-31,15229.719833294796,1.0560640362200502e-11,15229.719833294806,2.1103119252074976e-12,3258.5681871176266,2883.9999286550014
main,2025-06-01,36532.785229912064,68956.27377388718,105489.05900379925,12521.166493783738,2883.9999286550014,1200.0
main,2025-06-02,39682.25483746456,36902.18973342504,76584.44457088961,7513.391430464413,1200.0,1200.0
main,2025-06-03,49516.622198140176,102.81954368286186,49619.44174182304,15.249256167900786,1200.0,2417.3768906351706
main,2025-06-04,49377.18805331521,3.227692957352701e-11,49377.188053315236,6.348699344016495e-12,2417.3768906351706,2512.0450507996125
main,2025-06-05,51311.48550651204,72.80343091566209,51384.28893742771,10.812926023419882,2512.0450507996125,2299.3057163660847
main,2025-06-06,27647.61741606717,4.044456680674102e-11,27647.61741606721,8.665068662594422e-12,2299.3057163660847,3719.571165619424
main,2025-06-07,19091.79820500399,4620.808895730846,23712.607100734836,694.1440828682393,3719.571165619424,1202.248233769987
main,2025-06-08,54482.590697009575,738.3549574036174,55220.94565441319,109.51689879599925,1202.248233769987,1417.4231963089692
main,2025-06-09,50191.27995757571,48.93935727998391,50240.21931485569,7.256187601749348,1417.4231963089692,2615.8343352271786
main,2025-06-10,52129.47965641739,3.7796681784385556e-11,52129.479656417425,7.049472117159894e-12,2615.8343352271786,2755.0218414766114
main,2025-06-11,49816.533505864856,12417.263981412692,62233.79748727755,2528.4163401837905,2755.0218414766114,2066.286232631148
main,2025-06-12,54429.333306775254,2.980086133419491e-11,54429.33330677528,5.739408948102209e-12,2066.286232631148,2860.5872687002084
main,2025-06-13,23883.78833578149,1.0405400985291634e-11,23883.7883357815,1.8616219676914625e-12,2860.5872687002084,2429.4786330304064
main,2025-06-14,22168.54817160247,8.89236639878277e-12,22168.548171602477,1.9335644196871726e-12,2429.4786330304064,2242.2650498289013
main,2025-06-15,51886.768127292344,3.7451217238526624e-11,51886.76812729238,7.365663634573139e-12,2242.2650498289013,2669.00490161138
main,2025-06-16,52901.83229989621,2.656798026023921e-11,52901.83229989624,5.302425165609748e-12,2669.00490161138,3097.290316371601
main,2025-06-17,52506.149300822275,317.4915208666846,52823.64082168896,46.90184322562809,3097.290316371601,2051.4611677835223
main,2025-06-18,52962.8554816723,3.6288745675072674e-11,52962.85548167233,7.37365724035044e-12,2051.4611677835223,2319.024081149422
main,2025-06-19,49858.12073560516,649.373784839103,50507.49452044426,96.46490027522675,2319.024081149422,2102.397329288311
main,2025-06-20,22114.09663879816,1.524143344866502e-11,22114.096638798175,3.214095656289828e-12,2102.397329288311,2798.8743879747394
main,2025-06-21,20192.587366081472,9.104769493895048e-12,20192.587366081483,2.0479173912235638e-12,2798.8743879747394,2997.9008792907903
main,2025-06-22,47381.311590925754,2.5617567178670698e-11,47381.31159092578,5.2802207051172445e-12,2997.9008792907903,2447.078885697551
main,2025-06-23,48557.376730360455,3.7464759294891795e-11,48557.37673036049,7.0325967271855916e-12,2447.078885697551,2205.389264792366
main,2025-06-24,48512.97367142622,16558.011908372428,65070.985579798646,3223.1545529188684,2205.389264792366,1740.9120347233163
main,2025-06-25,53915.05992927495,113.14437210648988,54028.20430138144,16.747639386357825,1740.9120347233163,2086.675043067916
main,2025-06-26,50064.22541634294,422.20977540755985,50486.4351917505,62.56440491493865,2086.675043067916,1708.7454926983305
main,2025-06-27,21960.030432129308,1.8695146764002858e-11,21960.030432129326,3.19033688356285e-12,1708.7454926983305,3096.6418972054867
main,2025-06-28,19424.797588162895,1.8885364605480955e-11,19424.797588162914,3.54694051907245e-12,3096.6418972054867,2776.651662608429
main,2025-06-29,48814.0981169132,3.952890176295298e-11,48814.098116913236,8.21442913689907e-12,2776.651662608429,2760.0337483752405
main,2025-06-30,49747.71936389613,87.66194134066308,49835.3813052368,12.999534669177327,2760.0337483752405,2134.6614717625835
main,2025-07-01,50600.675398422914,16142.51742794782,66743.19282637074,3441.4179591977118,2134.6614717625835,1200.0
main,2025-07-02,54147.597396830315,9232.488793601147,63380.086190431466,1920.7139733241975,1200.0,1200.0
main,2025-07-03,51615.00509959404,14098.263121924934,65713.26822151897,2328.6444447797867,1200.0,1448.4292718585232
main,2025-07-04,29903.007968250073,2.1897063273712547e-11,29903.007968250095,4.122036045828281e-12,1448.4292718585232,2531.668788053299
main,2025-07-05,20381.740503380428,21321.484484113986,41703.22498749441,4540.771991895352,2531.668788053299,1200.0
main,2025-07-06,47854.266781406695,36442.26253829882,84296.52931970551,6860.922521156325,1200.0,1507.8954940837702
main,2025-07-07,60983.435815652956,2.0985285995034353e-11,60983.43581565298,4.2511827391678025e-12,1507.8954940837702,3485.694358968542
main,2025-07-08,56728.71331851966,2.885622985004943e-11,56728.71331851969,5.432543304095816e-12,3485.694358968542,3545.4110038960544
main,2025-07-09,56673.56782242957,2.869520643322687e-11,56673.5678224296,5.097700039868869e-12,3545.4110038960544,2944.3465913324235
main,2025-07-10,56115.27792355143,2.55925316494654e-11,56115.27792355146,5.137223979545524e-12,2944.3465913324235,2408.453968480937
main,2025-07-11,29603.389055630993,2.104484586595845e-11,29603.389055631014,4.3156589413229085e-12,2408.453968480937,3245.70793841665
main,2025-07-12,26719.58653144448,1.5354505222830993e-11,26719.586531444496,3.3004710076056654e-12,3245.70793841665,2467.399018486034
main,2025-07-13,56376.99798520171,2.8338909885405884e-11,56376.99798520174,4.831690603168681e-12,2467.399018486034,2933.4599886912633
main,2025-07-14,54581.17298224212,2.1860911303406286e-11,54581.17298224214,5.148326209791776e-12,2933.4599886912633,2330.4901270498326
main,2025-07-15,53078.71884726267,2.6756782567360917e-11,53078.7188472627,5.797140545382717e-12,2330.4901270498326,3100.119319595139
main,2025-07-16,52819.61643335209,105.45698247048395,52925.07341582257,15.60822651824103,3100.119319595139,2330.1369621909835
main,2025-07-17,52301.0609493528,4.092155414525677e-11,52301.06094935285,7.898126597183364e-12,2330.1369621909835,2230.172594492819
main,2025-07-18,27907.097377092272,8.290984343517495e-12,27907.09737709228,1.821653938804957e-12,2230.172594492819,3514.690925357512
main,2025-07-19,26080.783829687025,1.3657290409696543e-11,26080.78382968704,2.8421709430404007e-12,3514.690925357512,2513.5015144600607
main,2025-07-20,52994.261902898186,25.02092975564612,53019.28283265383,3.5867158480013277,2513.5015144600607,2325.259847228008
main,2025-07-21,52695.32962398944,63.07789318178063,52758.407517171225,9.042129183169594,2325.259847228008,2315.8835317943353
main,2025-07-22,54435.054062488365,32.97000460421299,54468.02406709258,4.890966415104447,2315.8835317943353,2756.2240713575666
main,2025-07-23,52249.75892165051,2.4410586663137225e-11,52249.75892165053,4.887201754399939e-12,2756.2240713575666,2343.890090722695
main,2025-07-24,53848.540304582646,4.655665364339256e-11,53848.54030458269,9.155343150268891e-12,2343.890090722695,2742.783078056586
main,2025-07-25,29285.937336688694,1.2165855878265575e-11,29285.937336688705,2.3163693185779266e-12,2742.783078056586,4533.205508435183
main,2025-07-26,26290.13462211028,1.2871079146936638e-11,26290.134622110294,2.5158763961030672e-12,4533.205508435183,3179.691737089102
main,2025-07-27,51778.46384525335,1492.8565413067377,53271.32038656009,298.92315771789504,3179.691737089102,2252.648416873822
main,2025-07-28,52484.06867652979,93.35813292174774,52577.426809451536,13.842113265884434,2252.648416873822,1857.9904219832042
main,2025-07-29,54452.58411837593,324.2476959412711,54776.83181431721,47.983092634288596,1857.9904219832042,2357.969164345641
main,2025-07-30,53573.9725266252,1.9125915962092675e-11,53573.97252662522,3.835154416265141e-12,2357.969164345641,2452.476495171394
main,2025-07-31,53403.57246899042,242.54639265225208,53646.118861642666,36.02121032314411,2452.476495171394,2197.122863564141
main,2025-08-01,29421.4159283253,1.492624956966893e-11,29421.415928325314,2.8754776337791554e-12,2197.122863564141,4313.580594400323
main,2025-08-02,26981.822063978474,1.2426973228230056e-11,26981.822063978485,2.3305801732931286e-12,4313.580594400323,3719.8834623238163
main,2025-08-03,49082.98778053738,1541.971876253036,50624.95965679042,234.19291640054126,3719.8834623238163,1454.4632536684244
main,2025-08-04,49916.079027050975,1.9773391923827432e-11,49916.079027051,4.5432546613710656e-12,1454.4632536684244,2170.408090371875
main,2025-08-05,47704.408772501454,137.44281120494458,47841.8515837064,20.36296243827836,2170.408090371875,1668.2068399314444
main,2025-08-06,45923.35114994674,8866.594506525187,54789.94565647193,1780.5688060260527,1668.2068399314444,1395.9392537198146
main,2025-08-07,49061.13563502859,399.9433025852795,49461.07893761387,59.2286191728773,1395.9392537198146,1724.8587522582645
main,2025-08-08,26848.950020383854,1.9748799928720472e-11,26848.950020383872,3.177902385687048e-12,1724.8587522582645,3604.1322047815484
main,2025-08-09,23432.52100654343,1.1299255503471883e-11,23432.52100654344,2.18897122650219e-12,3604.1322047815484,2239.130312900887
main,2025-08-10,47699.30725974984,315.8909177694174,48015.198177519254,45.90087850187766,2239.130312900887,1551.9409563974916
main,2025-08-11,46725.214548217664,971.787440939828,47697.00198915749,144.12472023766927,1551.9409563974916,1580.6606229868507
main,2025-08-12,45471.629512643995,6743.176785816331,52214.806298460324,1074.8392491992283,1580.6606229868507,1532.3977367891914
main,2025-08-13,47564.01752532378,133.56516454451997,47697.5826898683,19.14638253218574,1532.3977367891914,2078.305988455591
main,2025-08-14,46275.80647354269,489.682753748755,46765.489227291444,77.92425977069986,2078.305988455591,1812.5553278390698
main,2025-08-15,25180.65855124086,1.4961680228076093e-11,25180.658551240875,2.6563196087181495e-12,1812.5553278390698,2623.3606682967497
main,2025-08-16,23092.176769111487,736.213298729622,23828.39006784111,106.91809001106496,2623.3606682967497,1709.9524582686736
main,2025-08-17,45184.2619240816,1607.5915613336829,46791.85348541528,238.52064263294207,1709.9524582686736,1580.8523083627472
main,2025-08-18,45983.57100341188,1050.7649464639762,47034.33594987586,154.8350025672983,1580.8523083627472,1844.1298635443893
main,2025-08-19,46674.84283788782,1131.7554424174468,47806.59828030527,167.79973114735483,1844.1298635443893,1770.1772171431257
main,2025-08-20,46615.12565925131,10059.633222691722,56674.75888194303,1718.6531532156682,1770.1772171431257,1516.782069937667
main,2025-08-21,47805.409500861715,162.85961925741282,47968.26912011913,24.113075851474548,1516.782069937667,1742.960360085199
main,2025-08-22,24583.823538239725,1.3839234203061324e-11,24583.82353823974,2.5410784587620583e-12,1742.960360085199,1948.7292494279707
main,2025-08-23,24655.42138316508,1.3171945312251409e-11,24655.421383165096,2.632560835991171e-12,1948.7292494279707,2342.5241649348905
main,2025-08-24,48133.29169893865,14.135354236871919,48147.427053175525,2.0983232000131267,2342.5241649348905,1925.1509298628034
main,2025-08-25,47082.050878196475,5988.4090426601015,53070.45992085658,1229.4937752386506,1925.1509298628034,1634.4961575572243
main,2025-08-26,49434.7715883402,183.4457984675251,49618.21738680772,27.225699323580052,1634.4961575572243,2034.8371314567303
main,2025-08-27,49356.719159189175,69.54402223731222,49426.26318142649,10.318116016873578,2034.8371314567303,1836.4640389878648
main,2025-08-28,48607.6849307745,550.4501339064905,49158.13506468099,81.62841008956096,1836.4640389878648,1806.2440052275583
main,2025-08-29,26227.92940585527,8.602116352562917e-12,26227.929405855277,1.602273869139026e-12,1806.2440052275583,2536.5578117678406
main,2025-08-30,25726.52081672834,1.9877328671924488e-11,25726.52081672836,3.814726312612038e-12,2536.5578117678406,2301.0392368693197
main,2025-08-31,48033.744290860704,387.6383071805644,48421.382598041266,56.49134614690063,2301.0392368693197,1919.7937978317093
main,2025-09-01,48904.43428944738,2.988119973679204e-11,48904.43428944741,5.7767124417296145e-12,1919.7937978317093,5630.566979295621
main,2025-09-02,37342.54748423348,1612.773352309834,38955.32083654332,243.0576955734506,5630.566979295621,2529.0498568885514
main,2025-09-03,40093.973730479585,820.7603669085111,40914.73409738809,170.25359972074233,2529.0498568885514,1978.0543289528687
main,2025-09-04,40500.38247266126,560.8153915758705,41061.19786423713,84.34639175248716,1978.0543289528687,2155.0266602447045
main,2025-09-05,23139.98821304446,1.3982926816424879e-11,23139.988213044475,2.4442670110147446e-12,2155.0266602447045,5062.809698858783
main,2025-09-06,18190.00354301787,1.835579133135923e-11,18190.003543017887,3.906430734446076e-12,5062.809698858783,3387.14545129478
main,2025-09-07,36144.10323457187,240.28038690018772,36384.38362147206,108.47793523726003,3387.14545129478,1200.0
main,2025-09-08,38386.58720710993,10087.095499185158,48473.68270629509,1794.9357640847136,1200.0,1200.0
main,2025-09-09,40086.561543130214,228.98871097333486,40315.550254103546,38.43624417148211,1200.0,1370.7247933589147
main,2025-09-10,40210.04171215836,9258.880298092376,49468.92201025074,1578.2206907328396,1370.7247933589147,1440.384634082266
main,2025-09-11,41775.68169759819,40.92910500003132,41816.610802598225,6.071666666673652,1440.384634082266,1667.3565969145984
main,2025-09-12,21823.44965502726,9.874595363612571e-12,21823.44965502727,1.9664270212160773e-12,1667.3565969145984,3989.431395294161
main,2025-09-13,18632.77524996255,1.697817353374376e-11,18632.775249962568,3.4781066915456904e-12,3989.431395294161,3282.789962604446
main,2025-09-14,40622.60377332526,2.6100527961148147e-11,40622.60377332529,6.184164291767047e-12,3282.789962604446,1832.3767582949552
main,2025-09-15,42609.22493167661,2.324932307784522e-11,42609.22493167663,4.641231843294236e-12,1832.3767582949552,2154.568165868374
main,2025-09-16,41863.93933281825,55.38174766668401,41919.32108048493,8.238266666671713,2154.568165868374,1526.1631148246918
main,2025-09-17,42536.573064591714,1.8722768231616003e-11,42536.573064591736,5.45004319452147e-12,1526.1631148246918,1654.7616645695314
main,2025-09-18,40275.24922594867,178.52875099313545,40453.777976941805,34.98921191301837,1654.7616645695314,1358.3208249620143
main,2025-09-19,19463.620010381208,2.530046872006863e-11,19463.620010381233,5.557554416668609e-12,1358.3208249620143,2993.380057635536
main,2025-09-20,18714.949124832987,2.561906509157552e-11,18714.949124833012,4.837019673686882e-12,2993.380057635536,2489.352446053152
main,2025-09-21,43486.46312480406,3.3329005777460457e-11,43486.4631248041,6.502354210624617e-12,2489.352446053152,1736.3479446850547
main,2025-09-22,43496.89880714148,2.395191447956968e-11,43496.8988071415,6.0794147493936634e-12,1736.3479446850547,2194.900065751549
main,2025-09-23,43831.703741524165,2.4009790600132418e-11,43831.70374152419,5.416112003331364e-12,2194.900065751549,2368.544679622345
main,2025-09-24,44785.500110041954,1.7267710150647986e-11,44785.50011004197,3.999189868153508e-12,2368.544679622345,2625.856038428794
main,2025-09-25,42668.00233722807,32.87037776859656,42700.872714996665,4.881980954792719,2625.856038428794,1880.3138921713341
main,2025-09-26,19856.914967955097,2.162107737291308e-11,19856.91496795512,3.61577434659921e-12,1880.3138921713341,2573.435675074541
main,2025-09-27,18790.37024183316,629.1839397335801,19419.55418156674,91.0872979057395,2573.435675074541,1611.362691238272
main,2025-09-28,44413.19410972716,3.4685238237130997e-11,44413.1941097272,7.143841074253032e-12,1611.362691238272,2198.609011610854
main,2025-09-29,45971.019783065305,2.1774000380503368e-11,45971.01978306533,4.852118706821784e-12,2198.609011610854,2536.0004123672516
main,2025-09-30,45367.31935549034,76.20803269225313,45443.52738818259,11.279217448718864,2536.0004123672516,2327.5396986791898
main,2025-10-01,46752.187936142334,2.2702749902236972e-11,46752.187936142356,4.625633209798252e-12,2327.5396986791898,4342.000735458222
main,2025-10-02,41081.32049260197,2.922326580723223e-11,41081.320492602,6.519895734413694e-12,4342.000735458222,3049.937168962701
main,2025-10-03,18526.513736239987,1.5122822105695377e-11,18526.513736240002,2.5579538487363607e-12,3049.937168962701,4515.8708099972055
main,2025-10-04,16516.859592320485,1.9136542905862086e-11,16516.859592320503,3.742117726801553e-12,4515.8708099972055,3078.640307701919
main,2025-10-05,39845.76660058407,1220.6749798890605,41066.44158047313,238.28856249253585,3078.640307701919,1656.2361815401205
main,2025-10-06,38180.22278387534,2227.7049745977124,40407.92775847305,362.2633503402342,1656.2361815401205,1513.2478463751497
main,2025-10-07,40673.23676960659,9.739855144630382e-12,40673.2367696066,2.1245227799226996e-12,1513.2478463751497,1803.775572362778
main,2025-10-08,39138.45086315325,2696.3328492699666,41834.78371242322,416.69813252533135,1803.775572362778,1484.1201522340216
main,2025-10-09,39389.700963910494,3.7269915598159285e-11,39389.70096391053,8.893441538759816e-12,1484.1201522340216,1434.8988786083485
main,2025-10-10,17152.42805012694,1.7038696231708173e-11,17152.428050126957,3.12061487761639e-12,1434.8988786083485,1711.7644461870418
main,2025-10-11,17010.255670394516,948.6219172821891,17958.877587676703,156.06877630253365,1711.7644461870418,1732.0251230292565
main,2025-10-12,41012.22606172268,642.6399306105814,41654.86599233326,93.61074735126199,1732.0251230292565,1345.7897551437593
main,2025-10-13,40901.14592673478,2.9341610918720566e-11,40901.14592673481,6.203482172395525e-12,1345.7897551437593,1650.7364738511492
main,2025-10-14,41110.773359709885,1.821054204653727e-11,41110.77335970991,4.670208664236952e-12,1650.7364738511492,1424.3485175875214
main,2025-10-15,40810.12648302771,692.6365232432331,41502.76300627094,129.20550635213937,1424.3485175875214,1492.4701048796105
main,2025-10-16,40984.33653443535,12560.983503789928,53545.32003822528,2370.4418662108674,1492.4701048796105,1593.2567346026403
main,2025-10-17,18445.677041483228,1.4813281268288848e-11,18445.677041483243,2.5934809855243657e-12,1593.2567346026403,2097.305940826538
main,2025-10-18,16746.012414736848,1.869705603188554e-11,16746.012414736866,3.789833030731771e-12,2097.305940826538,1770.0471355856293
main,2025-10-19,44752.455735444106,1646.9533551618151,46399.40909060592,276.8274469306894,1770.0471355856293,1413.8905694609182
main,2025-10-20,44666.20128641646,2493.2969338523435,47159.4982202688,519.2180256757414,1413.8905694609182,1313.2569200981761
main,2025-10-21,46893.51106609112,1.9271906908854827e-11,46893.511066091145,4.2577712189295625e-12,1313.2569200981761,2016.3850824271835
main,2025-10-22,47060.42487078444,1658.3387616697057,48718.763632454145,264.91062265694546,2016.3850824271835,1605.4368825922963
main,2025-10-23,45691.74594986308,2.792882902724614e-11,45691.74594986311,5.467626351673971e-12,1605.4368825922963,1534.6583456064195
main,2025-10-24,18377.203421181082,123.89388072567569,18501.097301906757,26.501721312406165,1534.6583456064195,1809.7194098303485
main,2025-10-25,18604.430778232843,2.222329520407129e-11,18604.430778232865,3.978595231046711e-12,1809.7194098303485,2169.400372942193
main,2025-10-26,45919.58828617903,2.6245005280145506e-11,45919.58828617906,5.199396468924533e-12,2169.400372942193,1940.2685949815561
main,2025-10-27,45728.668914804104,2.7680616465630693e-11,45728.66891480413,6.062594870570592e-12,1940.2685949815561,1737.936776761359
main,2025-10-28,46004.82178884352,2.8657296979872626e-11,46004.82178884355,5.212719145220035e-12,1737.936776761359,1975.801465655865
main,2025-10-29,45542.67280979102,3372.271329719729,48914.94413951075,525.5255728901052,1975.801465655865,1381.746067410885
main,2025-10-30,48208.20681148599,2.7912528732798593e-11,48208.206811486016,5.574207762037986e-12,1381.746067410885,1821.9379953364837
main,2025-10-31,19235.177196314755,2.1984289499954456e-11,19235.177196314777,4.022115973612017e-12,1821.9379953364837,2263.4512307265977
main,2025-11-01,19143.896800896917,3.3327744120015266e-11,19143.89680089695,6.574518707225252e-12,2263.4512307265977,2620.1148769247548
main,2025-11-02,47501.090906103214,2.457150225648741e-11,47501.090906103236,5.515185530491351e-12,2620.1148769247548,1612.5732942339453
main,2025-11-03,48489.70305532058,1.9308344478830012e-11,48489.7030553206,4.213962512267244e-12,1612.5732942339453,1999.708267885099
main,2025-11-04,48897.805542878086,155.81717803336056,49053.622720911444,33.59955000000615,1999.708267885099,1725.2033861241305
main,2025-11-05,49020.87435318638,3.577844109869943e-11,49020.87435318642,7.100986465502501e-12,1725.2033861241305,1981.7679888635148
main,2025-11-06,47646.41546005395,4601.049866392735,52247.46532644668,955.4438871723407,1981.7679888635148,1690.313970525769
main,2025-11-07,20598.729051741764,2.7388299628228197e-11,20598.729051741793,4.764189043271472e-12,1690.313970525769,2489.365986765497
main,2025-11-08,19193.88652172483,2.5120956870239298e-11,19193.886521724857,4.9187320882992935e-12,2489.365986765497,2124.393432810565
main,2025-11-09,47932.090045406076,139.088094842318,48071.17814024839,30.676686114317718,2124.393432810565,1626.3705494051194
main,2025-11-10,49760.745962343295,2.5194239139381126e-11,49760.74596234332,4.511058193656936e-12,1626.3705494051194,1567.7135140473267
main,2025-11-11,51417.791111383805,2.682498734252192e-11,51417.791111383835,5.283329329586195e-12,1567.7135140473267,1843.3132102231534
main,2025-11-12,50455.990051684406,3.408976489982507e-11,50455.99005168444,6.433742427702782e-12,1843.3132102231534,1891.697823296528
main,2025-11-13,50905.92450045352,3.5566628753258556e-11,50905.924500453555,6.8900440908237215e-12,1891.697823296528,1812.748114080894
main,2025-11-14,20129.496634616888,3.038927665066638e-11,20129.496634616917,5.60484991751764e-12,1812.748114080894,2245.8076041255445
main,2025-11-15,19863.351295862296,2.411131827528834e-11,19863.35129586232,4.673372799857134e-12,2245.8076041255445,2033.8499883318777
main,2025-11-16,51094.918214665755,3.317414309922384e-11,51094.91821466579,7.0181638278654646e-12,2033.8499883318777,1702.8318451840398
main,2025-11-17,52425.21769266242,2.5730879427143804e-11,52425.21769266245,5.213607323639735e-12,1702.8318451840398,1873.2701335463082
main,2025-11-18,51779.84725117397,2.8334436574795066e-11,51779.847251174,5.95923310697799e-12,1873.2701335463082,1699.2796133920908
main,2025-11-19,52328.11982096005,6.301057500038239,52334.420878460085,1.3850000000075482,1699.2796133920908,1508.8976144218004
main,2025-11-20,52774.783284791,3.157866945713295e-11,52774.78328479103,6.7270633508087485e-12,1508.8976144218004,1657.2870228908314
main,2025-11-21,21981.95532078007,2.7907196775700524e-11,21981.9553207801,6.079137193637507e-12,1657.2870228908314,2471.714586934063
main,2025-11-22,21019.94118564581,3.1745280487660565e-11,21019.941185645843,7.212397346023636e-12,2471.714586934063,1846.76860560315
main,2025-11-23,52703.710247492076,4.299023004250557e-11,52703.71024749212,8.736789069985207e-12,1846.76860560315,1744.1546278648316
main,2025-11-24,52919.83587049127,88.24499866671665,53008.08086915799,18.839666666676713,1744.1546278648316,1391.6725286910632
main,2025-11-25,52901.75214034847,3.656991709455326e-11,52901.75214034851,7.708056415367537e-12,1391.6725286910632,1611.1241867720964
main,2025-11-26,53195.41380671706,151.75906043634708,53347.17286715341,32.39945782159377,1611.1241867720964,2023.7751144859672
main,2025-11-27,53264.796773222435,4.2477776185378956e-11,53264.79677322248,8.214207092294146e-12,2023.7751144859672,1801.0611222586097
main,2025-11-28,22809.55847885373,3.5012178933868656e-11,22809.558478853767,6.3513638792755955e-12,1801.0611222586097,1980.994967460392
main,2025-11-29,21121.588813474275,3.016483507423118e-11,21121.588813474304,6.602718372050731e-12,1980.994967460392,1828.9125456852519
main,2025-11-30,55267.46359899412,12.60802232522464,55280.071621319345,2.691721247913399,1828.9125456852519,1423.6439973238382
main,2025-12-01,55470.99293101095,18698.19008473183,74169.18301574278,4225.831830082718,1423.6439973238382,1360.3014674663862
main,2025-12-02,60856.378725055416,7231.988771163128,68088.36749621855,1488.5129909686432,1360.3014674663862,2454.0132224124363
main,2025-12-03,62155.50650965766,1.71111128599577e-11,62155.50650965767,3.898437128668775e-12,2454.0132224124363,2475.920681596901
main,2025-12-04,62505.76398690751,490.72989353007677,62996.493880437585,87.29328484922512,2475.920681596901,2442.351503645614
main,2025-12-05,29226.48160904314,3.8643882316335974e-11,29226.48160904318,7.061462525825846e-12,2442.351503645614,4035.8130311531854
main,2025-12-06,28685.52229950364,3.30974745388346e-11,28685.52229950367,7.52020667960096e-12,4035.8130311531854,2434.120989746965
main,2025-12-07,62373.74998630554,1.5924001672829038e-11,62373.74998630556,3.6339820042030624e-12,2434.120989746965,1634.943525049161
main,2025-12-08,64051.118292705694,2.2614218053718103e-11,64051.118292705716,4.384936858059518e-12,1634.943525049161,2136.0065602068184
main,2025-12-09,62477.27120910348,232.76821782794264,62710.03942693142,39.91436887634736,2136.0065602068184,1934.6140241760618
main,2025-12-10,62369.30318284096,1.904335206193153e-11,62369.30318284098,4.102607142897341e-12,1934.6140241760618,1783.171814860716
main,2025-12-11,61803.86407801336,6.545932338085876,61810.41001035144,1.1205910019836431,1783.171814860716,1995.5755296806226
main,2025-12-12,28432.391635669665,1.9912079096684463e-11,28432.391635669683,3.524291969370097e-12,1995.5755296806226,2630.731094451209
main,2025-12-13,29603.31543108846,2.03312757740548e-11,29603.315431088482,3.788080960021034e-12,2630.731094451209,3147.1757102813845
main,2025-12-14,61547.16083893461,3.739654363954514e-11,61547.160838934644,8.069545032185488e-12,3147.1757102813845,1614.2178687890878
main,2025-12-15,62367.06023521925,156.48848830574312,62523.548723525,31.809836021087417,1614.2178687890878,1688.9607430541687
main,2025-12-16,63286.97379464752,34.097765635718595,63321.07156028324,5.837159228918023,1688.9607430541687,1641.9374133769036
main,2025-12-17,62551.95364968688,37.232601599141915,62589.186251286024,6.373808370991769,1641.9374133769036,1706.1084190034499
main,2025-12-18,61624.65254182282,65.64120354893097,61690.29374537175,11.98130866065192,1706.1084190034499,1775.649091071189
main,2025-12-19,28405.055633603402,3.031223339000633e-11,28405.05563360343,5.763833854643963e-12,1775.649091071189,1815.2600528075998
main,2025-12-20,28630.925318582274,3.1314109083524504e-11,28630.925318582307,7.061018436615996e-12,1815.2600528075998,1888.0516736442057
main,2025-12-21,62149.556558373675,3.708366258514672e-11,62149.55655837371,8.37374614093278e-12,1888.0516736442057,1621.159875037729
main,2025-12-22,62275.40859260658,982.6971805030314,63258.105773109615,148.85657528736385,1621.159875037729,1448.2294870886046
main,2025-12-23,62938.446213768664,2.7940344260457553e-11,62938.44621376869,4.9675819013828004e-12,1448.2294870886046,1755.362515041247
main,2025-12-24,62045.58576756259,2.967770651451928e-11,62045.58576756262,5.590194973592588e-12,1755.362515041247,1575.8093803034085
main,2025-12-25,61401.409290237556,327.31168096501773,61728.72097120257,47.75073252299668,1575.8093803034085,1563.6326292843628
main,2025-12-26,29129.504122985403,3.0954068919175624e-11,29129.504122985436,5.667827318589502e-12,1563.6326292843628,2222.9047767135144
main,2025-12-27,28877.51495748182,2.94848701010153e-11,28877.51495748185,6.6560090772327385e-12,2222.9047767135144,1791.8051018036188
main,2025-12-28,61466.66223148437,284.3846766727878,61751.04690815716,48.74818249739658,1791.8051018036188,1710.2849661762555
main,2025-12-29,62633.151863075844,2.2390280296491484e-11,62633.151863075866,4.0243364196612674e-12,1710.2849661762555,1705.1063741075125
main,2025-12-30,61190.89371978939,480.12115634322487,61671.01487613261,82.44383379699228,1705.1063741075125,1694.1211900495064
main,2025-12-31,60835.70993147056,473.6540547572616,61309.36398622782,108.62220757372333,1694.1211900495064,1350.2817220781249
same_plan_greedy,2025-02-01,21663.2191089926,0.0,21663.2191089926,0.0,10800.0,2653.3191112171125
same_plan_greedy,2025-02-02,55924.455306482574,1426.670702076351,57351.126008558924,205.0139469026169,2653.3191112171125,1388.5030961757632
same_plan_greedy,2025-02-03,56749.436471018256,0.0,56749.436471018256,0.0,1388.5030961757632,2041.177384840755
same_plan_greedy,2025-02-04,55187.48920333377,0.0,55187.48920333377,0.0,2041.177384840755,1734.6867467337345
same_plan_greedy,2025-02-05,56415.31232931513,59.60590572093341,56474.918235036064,10.261841391225516,1734.6867467337345,1649.860137505111
same_plan_greedy,2025-02-06,56511.50954282402,126.66871353036423,56638.17825635438,21.68786587421266,1649.860137505111,1552.5543711329
same_plan_greedy,2025-02-07,25125.06130867947,0.0,25125.06130867947,0.0,1552.5543711329,2421.9831374636615
same_plan_greedy,2025-02-08,22769.22053812016,0.0,22769.22053812016,0.0,2421.9831374636615,1886.2344570622338
same_plan_greedy,2025-02-09,52975.24316472292,1195.4749596819108,54170.718124404826,179.14128534586976,1886.2344570622338,1345.7717538914133
same_plan_greedy,2025-02-10,54669.98791108889,0.0,54669.98791108889,0.0,1345.7717538914133,1393.6475525582755
same_plan_greedy,2025-02-11,54722.43995578607,186.87790416557982,54909.31785995165,39.076094826884834,1393.6475525582755,1567.735811653653
same_plan_greedy,2025-02-12,51904.24377938587,308.1441045314579,52212.38788391733,50.412729793200285,1567.735811653653,1431.9444842204045
same_plan_greedy,2025-02-13,52548.13532551492,0.0,52548.13532551492,0.0,1431.9444842204045,1571.1964280455031
same_plan_greedy,2025-02-14,20284.41430135705,0.0,20284.41430135705,0.0,1571.1964280455031,1901.2406227228141
same_plan_greedy,2025-02-15,20957.867653211775,0.0,20957.867653211775,0.0,1901.2406227228141,1718.1787638534308
same_plan_greedy,2025-02-16,50548.92774740441,1203.8462793074816,51752.774026711886,182.1879540345907,1718.1787638534308,1368.6873119385305
same_plan_greedy,2025-02-17,51011.04604186438,0.0,51011.04604186438,0.0,1368.6873119385305,1407.7853597748358
same_plan_greedy,2025-02-18,50090.34855587169,4.577422646048847,50094.92597851774,0.9772465085501381,1407.7853597748358,1782.2592913169678
same_plan_greedy,2025-02-19,49519.24454251551,195.39386337019107,49714.6384058857,44.615564190019654,1782.2592913169678,1238.0441881287986
same_plan_greedy,2025-02-20,50431.96709561254,138.8287090381406,50570.79580465068,29.638921656306707,1238.0441881287986,1517.7752394470815
same_plan_greedy,2025-02-21,19462.79179042059,0.0,19462.79179042059,0.0,1517.7752394470815,1744.6599587914423
same_plan_greedy,2025-02-22,19117.492463851442,193.88671919137693,19311.37918304282,31.717114214195476,1744.6599587914423,1713.1008310453149
same_plan_greedy,2025-02-23,50239.09276182845,22.84851161733032,50261.94127344578,4.877991378593151,1713.1008310453149,1401.1802440652116
same_plan_greedy,2025-02-24,48065.24601789095,738.0033344009769,48803.24935229193,119.48200706277942,1401.1802440652116,1404.5342875406564
same_plan_greedy,2025-02-25,49080.26470844066,346.0953215711543,49426.36003001182,77.23518443150988,1404.5342875406564,2045.1221749019087
same_plan_greedy,2025-02-26,47275.47755494263,745.120947797619,48020.59850274025,106.81206247098896,2045.1221749019087,1681.1045483045093
same_plan_greedy,2025-02-27,47110.568148141305,269.15625917024937,47379.72440731155,55.15722201571047,1681.1045483045093,1866.177757131025
same_plan_greedy,2025-02-28,18326.752131655023,0.0,18326.752131655023,0.0,1866.177757131025,1991.8103146682374
same_plan_greedy,2025-03-01,19259.28649025791,0.0,19259.28649025791,0.0,1991.8103146682374,1947.6997226522203
same_plan_greedy,2025-03-02,47818.566246735245,10639.876158721461,58458.442405456706,1577.8492084605534,1947.6997226522203,1258.94528527055
same_plan_greedy,2025-03-03,46061.56383997173,15432.887676701619,61494.45151667335,2469.590167756883,1258.94528527055,1435.0316668633363
same_plan_greedy,2025-03-04,49519.03744455069,0.0,49519.03744455069,0.0,1435.0316668633363,1693.6639204160965
same_plan_greedy,2025-03-05,47661.29829409412,14.95268999999985,47676.25098409412,3.2866666666666333,1693.6639204160965,1592.5742658986467
same_plan_greedy,2025-03-06,45910.808780896434,0.0,45910.808780896434,0.0,1592.5742658986467,1518.7044884955026
same_plan_greedy,2025-03-07,19228.134099674826,0.0,19228.134099674826,0.0,1518.7044884955026,2301.250956593889
same_plan_greedy,2025-03-08,18830.7782478528,0.0,18830.7782478528,0.0,2301.250956593889,1934.938620546508
same_plan_greedy,2025-03-09,44646.030823848465,460.84073049864804,45106.87155434711,132.05219588324894,1934.938620546508,1341.1972898083159
same_plan_greedy,2025-03-10,44382.309444114544,0.0,44382.309444114544,0.0,1341.1972898083159,1470.878212166467
same_plan_greedy,2025-03-11,44880.87617123278,0.0,44880.87617123278,0.0,1470.878212166467,1903.900269996937
same_plan_greedy,2025-03-12,45128.41790512835,0.0,45128.41790512835,0.0,1903.900269996937,1348.8976856221661
same_plan_greedy,2025-03-13,43357.140572019096,7742.328656896845,51099.46922891594,1126.1255177933936,1348.8976856221661,1516.037715113676
same_plan_greedy,2025-03-14,18506.929662326904,0.0,18506.929662326904,0.0,1516.037715113676,2154.8452054422733
same_plan_greedy,2025-03-15,18853.464315035504,0.0,18853.464315035504,0.0,2154.8452054422733,1432.0460452375903
same_plan_greedy,2025-03-16,45542.182649357565,7.461179999999938,45549.64382935756,1.6399999999999864,1432.0460452375903,1627.0501252109862
same_plan_greedy,2025-03-17,44952.828418551115,0.0,44952.828418551115,0.0,1627.0501252109862,2108.9361949387567
same_plan_greedy,2025-03-18,43515.9449135333,0.0,43515.9449135333,0.0,2108.9361949387567,1882.8373052931202
same_plan_greedy,2025-03-19,43379.213918126086,0.0,43379.213918126086,0.0,1882.8373052931202,2104.0723463251315
same_plan_greedy,2025-03-20,43082.33405525424,494.91821293273114,43577.252268186974,70.94584474379747,2104.0723463251315,1587.540625085357
same_plan_greedy,2025-03-21,16673.38938897355,0.0,16673.38938897355,0.0,1587.540625085357,1876.3586087534854
same_plan_greedy,2025-03-22,16515.859754041696,0.0,16515.859754041696,0.0,1876.3586087534854,2264.2095625307297
same_plan_greedy,2025-03-23,42596.24193848883,0.0,42596.24193848883,0.0,2264.2095625307297,1635.7682406458096
same_plan_greedy,2025-03-24,40131.32887951024,0.0,40131.32887951024,0.0,1635.7682406458096,1802.9900319344854
same_plan_greedy,2025-03-25,40263.477523708585,0.0,40263.477523708585,0.0,1802.9900319344854,1622.2837970457365
same_plan_greedy,2025-03-26,40428.53282479363,0.0,40428.53282479363,0.0,1622.2837970457365,1742.1921816782512
same_plan_greedy,2025-03-27,40244.99581039317,0.0,40244.99581039317,0.0,1742.1921816782512,1612.4855870013312
same_plan_greedy,2025-03-28,16262.923847749073,0.0,16262.923847749073,0.0,1612.4855870013312,1863.032402855199
same_plan_greedy,2025-03-29,15722.044028361262,0.0,15722.044028361262,0.0,1863.032402855199,1761.2410924789822
same_plan_greedy,2025-03-30,38541.34479824522,0.0,38541.34479824522,0.0,1761.2410924789822,1805.5746492371563
same_plan_greedy,2025-03-31,38484.31733901841,0.0,38484.31733901841,0.0,1805.5746492371563,1957.0833844119566
same_plan_greedy,2025-04-01,38201.16967445068,1599.4767968998062,39800.64647135048,229.2827977207291,1957.0833844119566,1653.0325297735756
same_plan_greedy,2025-04-02,39058.7825634452,7769.737126854738,46828.51969029994,1559.7133778580514,1653.0325297735756,1648.6128329897022
same_plan_greedy,2025-04-03,38643.71532326365,0.0,38643.71532326365,0.0,1648.6128329897022,1680.8751025340812
same_plan_greedy,2025-04-04,16035.770928936927,0.0,16035.770928936927,0.0,1680.8751025340812,2167.17809115888
same_plan_greedy,2025-04-05,15016.166277349546,0.0,15016.166277349546,0.0,2167.17809115888,1622.8628011890419
same_plan_greedy,2025-04-06,37903.082375710466,0.0,37903.082375710466,0.0,1622.8628011890419,1566.762876172506
same_plan_greedy,2025-04-07,38119.17163247048,0.0,38119.17163247048,0.0,1566.762876172506,1835.531099270079
same_plan_greedy,2025-04-08,38122.78328998404,1498.059824502608,39620.84311448665,254.00560971680758,1835.531099270079,1365.5902513649762
same_plan_greedy,2025-04-09,39061.842150308345,0.0,39061.842150308345,0.0,1365.5902513649762,1517.1002001306438
same_plan_greedy,2025-04-10,39416.07727662865,0.0,39416.07727662865,0.0,1517.1002001306438,1870.1878568550667
same_plan_greedy,2025-04-11,15703.654965931051,0.0,15703.654965931051,0.0,1870.1878568550667,2325.1041900714995
same_plan_greedy,2025-04-12,14512.568893940417,0.0,14512.568893940417,0.0,2325.1041900714995,2015.816470739122
same_plan_greedy,2025-04-13,35675.313979460596,1772.0505578971079,37447.3645373577,261.22134604399963,2015.816470739122,1559.6630339008962
same_plan_greedy,2025-04-14,36593.41037449014,0.0,36593.41037449014,0.0,1559.6630339008962,1753.9791553295863
same_plan_greedy,2025-04-15,37998.73099548024,0.0,37998.73099548024,0.0,1753.9791553295863,1764.6767340402146
same_plan_greedy,2025-04-16,37096.205633420715,0.0,37096.205633420715,0.0,1764.6767340402146,1680.2206502417105
same_plan_greedy,2025-04-17,35906.49126351392,0.0,35906.49126351392,0.0,1680.2206502417105,1902.2012894951736
same_plan_greedy,2025-04-18,14226.984490409377,0.0,14226.984490409377,0.0,1902.2012894951736,2329.869819597733
same_plan_greedy,2025-04-19,14155.869689687772,0.0,14155.869689687772,0.0,2329.869819597733,2227.008444762571
same_plan_greedy,2025-04-20,35624.03235930202,0.0,35624.03235930202,0.0,2227.008444762571,1960.0044549671877
same_plan_greedy,2025-04-21,35259.56893344555,0.0,35259.56893344555,0.0,1960.0044549671877,1506.9846442448404
same_plan_greedy,2025-04-22,36058.63029750757,0.0,36058.63029750757,0.0,1506.9846442448404,1681.6554453982558
same_plan_greedy,2025-04-23,35536.33719534629,0.0,35536.33719534629,0.0,1681.6554453982558,1891.0252410273586
same_plan_greedy,2025-04-24,34868.27963729543,0.0,34868.27963729543,0.0,1891.0252410273586,1959.5244075736957
same_plan_greedy,2025-04-25,12931.514854481737,0.0,12931.514854481737,0.0,1959.5244075736957,1673.286384685701
same_plan_greedy,2025-04-26,12973.750526924081,0.0,12973.750526924081,0.0,1673.286384685701,1469.4671765048597
same_plan_greedy,2025-04-27,33277.998080219135,3257.1897856205865,36535.18786583972,466.9136733974465,1469.4671765048597,1438.1001075387674
same_plan_greedy,2025-04-28,33287.03299850569,29189.186984832628,62476.21998333832,4318.415248051044,1438.1001075387674,1610.3159433878209
same_plan_greedy,2025-04-29,35354.778510642165,14.821072173933644,35369.599582816096,2.1245803001625063,1610.3159433878209,1788.1853623682541
same_plan_greedy,2025-04-30,35576.580641503715,0.0,35576.580641503715,0.0,1788.1853623682541,1695.2417800190128
same_plan_greedy,2025-05-01,33712.15261638107,12233.068925845782,45945.22154222685,2225.913698759435,1695.2417800190128,1253.739122520755
same_plan_greedy,2025-05-02,14097.242318282273,9628.949491094423,23726.191809376694,1712.7754058884288,1253.739122520755,1200.0
same_plan_greedy,2025-05-03,14126.44250048888,6487.690433806177,20614.132934295056,1161.0437600054638,1200.0,1200.0
same_plan_greedy,2025-05-04,35116.079466768526,9665.635545811547,44781.71501258007,1769.9276559177429,1200.0,1208.1742217452916
same_plan_greedy,2025-05-05,38171.125051325114,251.3427311775082,38422.46778250262,36.029634629803354,1208.1742217452916,1551.2217307474912
same_plan_greedy,2025-05-06,39613.89817027985,0.0,39613.89817027985,0.0,1551.2217307474912,1538.094074973094
same_plan_greedy,2025-05-07,38849.29028079098,0.0,38849.29028079098,0.0,1538.094074973094,1834.3622598456996
same_plan_greedy,2025-05-08,39243.3772742647,243.22893262499971,39486.6062068897,35.99924999999996,1834.3622598456996,2308.8838840773487
same_plan_greedy,2025-05-09,18912.87418891151,0.0,18912.87418891151,0.0,2308.8838840773487,4574.960870898082
same_plan_greedy,2025-05-10,15078.50581120759,0.0,15078.50581120759,0.0,4574.960870898082,2044.2036093007928
same_plan_greedy,2025-05-11,38916.44775897148,210.73012150184823,39127.177880473326,31.282978372930756,2044.2036093007928,1944.0962894722513
same_plan_greedy,2025-05-12,39415.044300684494,0.0,39415.044300684494,0.0,1944.0962894722513,2720.646893635037
same_plan_greedy,2025-05-13,38272.53375352373,0.0,38272.53375352373,0.0,2720.646893635037,2109.610704161287
same_plan_greedy,2025-05-14,37782.556495619574,0.0,37782.556495619574,0.0,2109.610704161287,1904.4076879487618
same_plan_greedy,2025-05-15,37930.347430082074,0.0,37930.347430082074,0.0,1904.4076879487618,2842.132316712758
same_plan_greedy,2025-05-16,15442.746169951966,0.0,15442.746169951966,0.0,2842.132316712758,2334.8415985310744
same_plan_greedy,2025-05-17,15477.355502182469,0.0,15477.355502182469,0.0,2334.8415985310744,2077.673972543066
same_plan_greedy,2025-05-18,38743.38269000419,0.0,38743.38269000419,0.0,2077.673972543066,2438.6320873932364
same_plan_greedy,2025-05-19,37790.21700745904,428.0680453866226,38218.28505284566,63.4692038530095,2438.6320873932364,2234.2334180549606
same_plan_greedy,2025-05-20,36932.88348824276,0.0,36932.88348824276,0.0,2234.2334180549606,1826.9546433086941
same_plan_greedy,2025-05-21,38101.29400429421,0.0,38101.29400429421,0.0,1826.9546433086941,1993.9186101392415
same_plan_greedy,2025-05-22,37713.04606960245,8.469691588224634,37721.515761190676,1.2557923624026444,1993.9186101392415,2795.6185286112395
same_plan_greedy,2025-05-23,16510.607878220286,0.0,16510.607878220286,0.0,2795.6185286112395,3488.424532430508
same_plan_greedy,2025-05-24,15215.561594417482,0.0,15215.561594417482,0.0,3488.424532430508,2746.2582180584136
same_plan_greedy,2025-05-25,37889.36106628068,0.0,37889.36106628068,0.0,2746.2582180584136,2280.270618196319
same_plan_greedy,2025-05-26,38290.666020205594,0.0,38290.666020205594,0.0,2280.270618196319,2518.4283910465974
same_plan_greedy,2025-05-27,37131.474834867935,0.0,37131.474834867935,0.0,2518.4283910465974,2053.144018631494
same_plan_greedy,2025-05-28,38252.96406740106,0.0,38252.96406740106,0.0,2053.144018631494,2397.789378071457
same_plan_greedy,2025-05-29,37062.08739819391,119.77769558333291,37181.86509377724,17.81743333333327,2397.789378071457,2677.7206413161193
same_plan_greedy,2025-05-30,16147.870880978367,0.0,16147.870880978367,0.0,2677.7206413161193,3258.5681871176266
same_plan_greedy,2025-05-31,15229.719833294796,0.0,15229.719833294796,0.0,3258.5681871176266,2883.9999286550014
same_plan_greedy,2025-06-01,36532.785229912064,75277.17693023,111809.96216014205,12521.166493783734,2883.9999286550014,1200.0
same_plan_greedy,2025-06-02,39682.25483746456,46076.076862822236,85758.3317002868,7513.391430464409,1200.0,1200.0
same_plan_greedy,2025-06-03,49516.622198140176,102.81954368283704,49619.441741823015,15.249256167895851,1200.0,2417.3768906351706
same_plan_greedy,2025-06-04,49377.18805331521,0.0,49377.18805331521,0.0,2417.3768906351706,2512.0450507996125
same_plan_greedy,2025-06-05,51311.48550651204,72.80343091562183,51384.288937427664,10.812926023410341,2512.0450507996125,2299.3057163660847
same_plan_greedy,2025-06-06,27647.61741606717,0.0,27647.61741606717,0.0,2299.3057163660847,3719.571165619424
same_plan_greedy,2025-06-07,19091.79820500399,4750.28475998671,23842.0829649907,694.1440828682354,3719.571165619424,1202.248233769987
same_plan_greedy,2025-06-08,54482.590697009575,738.3549574035953,55220.94565441317,109.51689879599462,1202.248233769987,1417.4231963089692
same_plan_greedy,2025-06-09,50191.27995757571,48.939357279945845,50240.219314855654,7.256187601741544,1417.4231963089692,2615.8343352271786
same_plan_greedy,2025-06-10,52129.47965641739,0.0,52129.47965641739,0.0,2615.8343352271786,2755.0218414766114
same_plan_greedy,2025-06-11,49816.533505864856,13356.599066554569,63173.132572419425,2528.4163401837886,2755.0218414766114,2066.286232631148
same_plan_greedy,2025-06-12,54429.333306775254,0.0,54429.333306775254,0.0,2066.286232631148,2860.5872687002084
same_plan_greedy,2025-06-13,23883.78833578149,0.0,23883.78833578149,0.0,2860.5872687002084,2429.4786330304064
same_plan_greedy,2025-06-14,22168.54817160247,0.0,22168.54817160247,0.0,2429.4786330304064,2242.2650498289013
same_plan_greedy,2025-06-15,51886.768127292344,0.0,51886.768127292344,0.0,2242.2650498289013,2669.00490161138
same_plan_greedy,2025-06-16,52901.83229989621,0.0,52901.83229989621,0.0,2669.00490161138,3097.290316371601
same_plan_greedy,2025-06-17,52506.149300822275,317.49152086665543,52823.64082168893,46.90184322562118,3097.290316371601,2051.4611677835223
same_plan_greedy,2025-06-18,52962.8554816723,0.0,52962.8554816723,0.0,2051.4611677835223,2319.024081149422
same_plan_greedy,2025-06-19,49858.12073560516,649.3737848390681,50507.49452044423,96.4649002752194,2319.024081149422,2102.397329288311
same_plan_greedy,2025-06-20,22114.09663879816,0.0,22114.09663879816,0.0,2102.397329288311,2798.8743879747394
same_plan_greedy,2025-06-21,20192.587366081472,0.0,20192.587366081472,0.0,2798.8743879747394,2997.9008792907903
same_plan_greedy,2025-06-22,47381.311590925754,0.0,47381.311590925754,0.0,2997.9008792907903,2447.078885697551
same_plan_greedy,2025-06-23,48557.376730360455,0.0,48557.376730360455,0.0,2447.078885697551,2205.389264792366
same_plan_greedy,2025-06-24,48512.97367142622,17394.78458631439,65907.75825774061,3223.1545529188643,2205.389264792366,1740.9120347233163
same_plan_greedy,2025-06-25,53915.05992927495,113.14437210645137,54028.2043013814,16.747639386350443,1740.9120347233163,2086.675043067916
same_plan_greedy,2025-06-26,50064.22541634294,422.20977540752847,50486.43519175047,62.56440491493254,2086.675043067916,1708.7454926983305
same_plan_greedy,2025-06-27,21960.030432129308,0.0,21960.030432129308,0.0,1708.7454926983305,3096.6418972054867
same_plan_greedy,2025-06-28,19424.797588162895,0.0,19424.797588162895,0.0,3096.6418972054867,2776.651662608429
same_plan_greedy,2025-06-29,48814.0981169132,0.0,48814.0981169132,0.0,2776.651662608429,2760.0337483752405
same_plan_greedy,2025-06-30,49747.71936389613,87.66194134063683,49835.38130523677,12.999534669172476,2760.0337483752405,2134.6614717625835
same_plan_greedy,2025-07-01,50600.675398422914,17532.46244540434,68133.13784382725,3441.4179591977054,2134.6614717625835,1200.0
same_plan_greedy,2025-07-02,54147.597396830315,9244.634962818309,63392.232359648624,1920.7139733241918,1200.0,1200.0
same_plan_greedy,2025-07-03,51615.00509959404,15894.488318472144,67509.49341806618,2328.6444447797808,1200.0,1448.4292718585232
same_plan_greedy,2025-07-04,29903.007968250073,0.0,29903.007968250073,0.0,1448.4292718585232,2531.668788053299
same_plan_greedy,2025-07-05,20381.740503380428,23450.560949204995,43832.30145258542,4540.771991895348,2531.668788053299,1200.0
same_plan_greedy,2025-07-06,47854.266781406695,45605.633536395406,93459.9003178021,6860.922521156322,1200.0,1507.8954940837702
same_plan_greedy,2025-07-07,60983.435815652956,0.0,60983.435815652956,0.0,1507.8954940837702,3485.694358968542
same_plan_greedy,2025-07-08,56728.71331851966,0.0,56728.71331851966,0.0,3485.694358968542,3545.4110038960544
same_plan_greedy,2025-07-09,56673.56782242957,0.0,56673.56782242957,0.0,3545.4110038960544,2944.3465913324235
same_plan_greedy,2025-07-10,56115.27792355143,0.0,56115.27792355143,0.0,2944.3465913324235,2408.453968480937
same_plan_greedy,2025-07-11,29603.389055630993,0.0,29603.389055630993,0.0,2408.453968480937,3245.70793841665
same_plan_greedy,2025-07-12,26719.58653144448,0.0,26719.58653144448,0.0,3245.70793841665,2467.399018486034
same_plan_greedy,2025-07-13,56376.99798520171,0.0,56376.99798520171,0.0,2467.399018486034,2933.4599886912633
same_plan_greedy,2025-07-14,54581.17298224212,0.0,54581.17298224212,0.0,2933.4599886912633,2330.4901270498326
same_plan_greedy,2025-07-15,53078.71884726267,0.0,53078.71884726267,0.0,2330.4901270498326,3100.119319595139
same_plan_greedy,2025-07-16,52819.61643335209,105.4569824704565,52925.073415822546,15.608226518235256,3100.119319595139,2330.1369621909835
same_plan_greedy,2025-07-17,52301.0609493528,0.0,52301.0609493528,0.0,2330.1369621909835,2230.172594492819
same_plan_greedy,2025-07-18,27907.097377092272,0.0,27907.097377092272,0.0,2230.172594492819,3514.690925357512
same_plan_greedy,2025-07-19,26080.783829687025,0.0,26080.783829687025,0.0,3514.690925357512,2513.5015144600607
same_plan_greedy,2025-07-20,52994.261902898186,25.0209297556229,53019.28283265381,3.586715847996402,2513.5015144600607,2325.259847228008
same_plan_greedy,2025-07-21,52695.32962398944,63.07789318175192,52758.407517171196,9.04212918316398,2325.259847228008,2315.8835317943353
same_plan_greedy,2025-07-22,54435.054062488365,32.9700046041931,54468.024067092556,4.890966415100593,2315.8835317943353,2756.2240713575666
same_plan_greedy,2025-07-23,52249.75892165051,0.0,52249.75892165051,0.0,2756.2240713575666,2343.890090722695
same_plan_greedy,2025-07-24,53848.540304582646,0.0,53848.540304582646,0.0,2343.890090722695,2742.783078056586
same_plan_greedy,2025-07-25,29285.937336688694,0.0,29285.937336688694,0.0,2742.783078056586,4533.205508435183
same_plan_greedy,2025-07-26,26290.13462211028,0.0,26290.13462211028,0.0,4533.205508435183,3179.691737089102
same_plan_greedy,2025-07-27,51778.46384525335,1492.8565413067179,53271.320386560066,298.9231577178906,3179.691737089102,2252.648416873822
same_plan_greedy,2025-07-28,52484.06867652979,93.3581329217178,52577.42680945151,13.842113265878538,2252.648416873822,1857.9904219832042
same_plan_greedy,2025-07-29,54452.58411837593,324.2476959412403,54776.83181431717,47.9830926342828,1857.9904219832042,2357.969164345641
same_plan_greedy,2025-07-30,53573.9725266252,0.0,53573.9725266252,0.0,2357.969164345641,2452.476495171394
same_plan_greedy,2025-07-31,53403.57246899042,242.54639265223028,53646.118861642644,36.02121032313926,2452.476495171394,2197.122863564141
same_plan_greedy,2025-08-01,29421.4159283253,0.0,29421.4159283253,0.0,2197.122863564141,4313.580594400323
same_plan_greedy,2025-08-02,26981.822063978474,0.0,26981.822063978474,0.0,4313.580594400323,3719.8834623238163
same_plan_greedy,2025-08-03,49082.98778053738,1541.971876253017,50624.9596567904,234.19291640053754,3719.8834623238163,1454.4632536684244
same_plan_greedy,2025-08-04,49916.079027050975,0.0,49916.079027050975,0.0,1454.4632536684244,2170.408090371875
same_plan_greedy,2025-08-05,47704.408772501454,137.4428112049232,47841.851583706375,20.362962438273826,2170.408090371875,1668.2068399314444
same_plan_greedy,2025-08-06,45923.35114994674,11957.92154481761,57881.27269476435,1780.5688060260454,1668.2068399314444,1395.9392537198146
same_plan_greedy,2025-08-07,49061.13563502859,399.9433025852589,49461.07893761385,59.22861917287196,1395.9392537198146,1724.8587522582645
same_plan_greedy,2025-08-08,26848.950020383854,0.0,26848.950020383854,0.0,1724.8587522582645,3604.1322047815484
same_plan_greedy,2025-08-09,23432.52100654343,0.0,23432.52100654343,0.0,3604.1322047815484,2239.130312900887
same_plan_greedy,2025-08-10,47699.30725974984,315.8909177693904,48015.19817751923,45.90087850187058,2239.130312900887,1551.9409563974916
same_plan_greedy,2025-08-11,46725.214548217664,971.787440939805,47697.00198915747,144.12472023766452,1551.9409563974916,1580.6606229868507
same_plan_greedy,2025-08-12,45471.629512643995,7406.399893919648,52878.02940656364,1074.8392491992217,1580.6606229868507,1532.3977367891914
same_plan_greedy,2025-08-13,47564.01752532378,133.56516454448877,47697.58268986827,19.146382532180155,1532.3977367891914,2078.305988455591
same_plan_greedy,2025-08-14,46275.80647354269,489.6827537487282,46765.489227291415,77.9242597706946,2078.305988455591,1812.5553278390698
same_plan_greedy,2025-08-15,25180.65855124086,0.0,25180.65855124086,0.0,1812.5553278390698,2623.3606682967497
same_plan_greedy,2025-08-16,23092.176769111487,745.8605959171658,23838.037365028653,106.91809001106162,2623.3606682967497,1709.9524582686736
same_plan_greedy,2025-08-17,45184.2619240816,1607.5915613336629,46791.85348541526,238.52064263293732,1709.9524582686736,1580.8523083627472
same_plan_greedy,2025-08-18,45983.57100341188,1050.7649464639514,47034.33594987584,154.83500256729167,1580.8523083627472,1844.1298635443893
same_plan_greedy,2025-08-19,46674.84283788782,1131.755442417428,47806.598280305254,167.79973114735026,1844.1298635443893,1770.1772171431257
same_plan_greedy,2025-08-20,46615.12565925131,10933.444124102512,57548.56978335382,1718.6531532156646,1770.1772171431257,1516.782069937667
same_plan_greedy,2025-08-21,47805.409500861715,162.85961925738775,47968.269120119105,24.11307585146926,1516.782069937667,1742.960360085199
same_plan_greedy,2025-08-22,24583.823538239725,0.0,24583.823538239725,0.0,1742.960360085199,1948.7292494279707
same_plan_greedy,2025-08-23,24655.42138316508,0.0,24655.42138316508,0.0,1948.7292494279707,2342.5241649348905
same_plan_greedy,2025-08-24,48133.29169893865,14.135354236838168,48147.42705317549,2.098323200005666,2342.5241649348905,1925.1509298628034
same_plan_greedy,2025-08-25,47082.050878196475,8483.226303845131,55565.27718204161,1229.493775238644,1925.1509298628034,1634.4961575572243
same_plan_greedy,2025-08-26,49434.7715883402,183.44579846750366,49618.2173868077,27.225699323575327,1634.4961575572243,2034.8371314567303
same_plan_greedy,2025-08-27,49356.719159189175,69.54402223727831,49426.26318142645,10.318116016867293,2034.8371314567303,1836.4640389878648
same_plan_greedy,2025-08-28,48607.6849307745,550.4501339064509,49158.13506468095,81.62841008955286,1836.4640389878648,1806.2440052275583
same_plan_greedy,2025-08-29,26227.92940585527,0.0,26227.92940585527,0.0,1806.2440052275583,2536.5578117678406
same_plan_greedy,2025-08-30,25726.52081672834,0.0,25726.52081672834,0.0,2536.5578117678406,2301.0392368693197
same_plan_greedy,2025-08-31,48033.744290860704,387.6383071805368,48421.382598041244,56.49134614689456,2301.0392368693197,1919.7937978317093
same_plan_greedy,2025-09-01,48904.43428944738,0.0,48904.43428944738,0.0,1919.7937978317093,5630.566979295621
same_plan_greedy,2025-09-02,37342.54748423348,1648.7934672493534,38991.34095148283,243.05769557344553,5630.566979295621,2529.0498568885514
same_plan_greedy,2025-09-03,40093.973730479585,820.7603669084924,40914.73409738808,170.25359972073883,2529.0498568885514,1978.0543289528687
same_plan_greedy,2025-09-04,40500.38247266126,560.815391575851,41061.19786423711,84.34639175248299,1978.0543289528687,2155.0266602447045
same_plan_greedy,2025-09-05,23139.98821304446,0.0,23139.98821304446,0.0,2155.0266602447045,5062.809698858783
same_plan_greedy,2025-09-06,18190.00354301787,0.0,18190.00354301787,0.0,5062.809698858783,3387.14545129478
same_plan_greedy,2025-09-07,36144.10323457187,240.28038690016473,36384.383621472036,108.4779352372529,3387.14545129478,1200.0
same_plan_greedy,2025-09-08,38386.58720710993,11987.721065045083,50374.308272155016,1794.9357640847043,1200.0,1200.0
same_plan_greedy,2025-09-09,40086.561543130214,228.98871097330988,40315.550254103524,38.43624417147514,1200.0,1370.7247933589147
same_plan_greedy,2025-09-10,40210.04171215836,10183.761569615654,50393.80328177402,1578.2206907328366,1370.7247933589147,1440.384634082266
same_plan_greedy,2025-09-11,41775.68169759819,40.92910499999956,41816.610802598196,6.0716666666666015,1440.384634082266,1667.3565969145984
same_plan_greedy,2025-09-12,21823.44965502726,0.0,21823.44965502726,0.0,1667.3565969145984,3989.431395294161
same_plan_greedy,2025-09-13,18632.77524996255,0.0,18632.77524996255,0.0,3989.431395294161,3282.789962604446
same_plan_greedy,2025-09-14,40622.60377332526,0.0,40622.60377332526,0.0,3282.789962604446,1832.3767582949552
same_plan_greedy,2025-09-15,42609.22493167661,0.0,42609.22493167661,0.0,1832.3767582949552,2154.568165868374
same_plan_greedy,2025-09-16,41863.93933281825,55.38174766666634,41919.321080484915,8.238266666666618,2154.568165868374,1526.1631148246918
same_plan_greedy,2025-09-17,42536.573064591714,0.0,42536.573064591714,0.0,1526.1631148246918,1654.7616645695314
same_plan_greedy,2025-09-18,40275.24922594867,178.52875099310546,40453.777976941776,34.98921191301214,1654.7616645695314,1358.3208249620143
same_plan_greedy,2025-09-19,19463.620010381208,0.0,19463.620010381208,0.0,1358.3208249620143,2993.380057635536
same_plan_greedy,2025-09-20,18714.949124832987,0.0,18714.949124832987,0.0,2993.380057635536,2489.352446053152
same_plan_greedy,2025-09-21,43486.46312480406,0.0,43486.46312480406,0.0,2489.352446053152,1736.3479446850547
same_plan_greedy,2025-09-22,43496.89880714148,0.0,43496.89880714148,0.0,1736.3479446850547,2194.900065751549
same_plan_greedy,2025-09-23,43831.703741524165,0.0,43831.703741524165,0.0,2194.900065751549,2368.544679622345
same_plan_greedy,2025-09-24,44785.500110041954,0.0,44785.500110041954,0.0,2368.544679622345,2625.856038428794
same_plan_greedy,2025-09-25,42668.00233722807,32.87037776856382,42700.872714996636,4.881980954784467,2625.856038428794,1880.3138921713341
same_plan_greedy,2025-09-26,19856.914967955097,0.0,19856.914967955097,0.0,1880.3138921713341,2573.435675074541
same_plan_greedy,2025-09-27,18790.37024183316,635.4249901903975,19425.795232023556,91.08729790573358,2573.435675074541,1611.362691238272
same_plan_greedy,2025-09-28,44413.19410972716,0.0,44413.19410972716,0.0,1611.362691238272,2198.609011610854
same_plan_greedy,2025-09-29,45971.019783065305,0.0,45971.019783065305,0.0,2198.609011610854,2536.0004123672516
same_plan_greedy,2025-09-30,45367.31935549034,76.20803269222313,45443.52738818256,11.279217448712075,2536.0004123672516,2327.5396986791898
same_plan_greedy,2025-10-01,46752.187936142334,0.0,46752.187936142334,0.0,2327.5396986791898,4342.000735458222
same_plan_greedy,2025-10-02,41081.32049260197,0.0,41081.32049260197,0.0,4342.000735458222,3049.937168962701
same_plan_greedy,2025-10-03,18526.513736239987,0.0,18526.513736239987,0.0,3049.937168962701,4515.8708099972055
same_plan_greedy,2025-10-04,16516.859592320485,0.0,16516.859592320485,0.0,4515.8708099972055,3078.640307701919
same_plan_greedy,2025-10-05,39845.76660058407,1227.5536696861388,41073.32027027021,238.2885624925294,3078.640307701919,1656.2361815401205
same_plan_greedy,2025-10-06,38180.22278387534,2294.045091901466,40474.26787577681,362.263350340225,1656.2361815401205,1513.2478463751497
same_plan_greedy,2025-10-07,40673.23676960659,0.0,40673.23676960659,0.0,1513.2478463751497,1803.775572362778
same_plan_greedy,2025-10-08,39138.45086315325,2771.2122158647408,41909.66307901799,416.698132525324,1803.775572362778,1484.1201522340216
same_plan_greedy,2025-10-09,39389.700963910494,0.0,39389.700963910494,0.0,1484.1201522340216,1434.8988786083485
same_plan_greedy,2025-10-10,17152.42805012694,0.0,17152.42805012694,0.0,1434.8988786083485,1711.7644461870418
same_plan_greedy,2025-10-11,17010.255670394516,948.6219172821667,17958.87758767668,156.06877630252944,1711.7644461870418,1732.0251230292565
same_plan_greedy,2025-10-12,41012.22606172268,653.028573522373,41665.25463524505,93.6107473512576,1732.0251230292565,1345.7897551437593
same_plan_greedy,2025-10-13,40901.14592673478,0.0,40901.14592673478,0.0,1345.7897551437593,1650.7364738511492
same_plan_greedy,2025-10-14,41110.773359709885,0.0,41110.773359709885,0.0,1650.7364738511492,1424.3485175875214
same_plan_greedy,2025-10-15,40810.12648302771,732.8332913269774,41542.959774354684,129.20550635213348,1424.3485175875214,1492.4701048796105
same_plan_greedy,2025-10-16,40984.33653443535,15022.390056902459,56006.72659133781,2370.441866210863,1492.4701048796105,1593.2567346026403
same_plan_greedy,2025-10-17,18445.677041483228,0.0,18445.677041483228,0.0,1593.2567346026403,2097.305940826538
same_plan_greedy,2025-10-18,16746.012414736848,0.0,16746.012414736848,0.0,2097.305940826538,1770.0471355856293
same_plan_greedy,2025-10-19,44752.455735444106,1678.420253289885,46430.87598873399,276.8274469306783,1770.0471355856293,1413.8905694609182
same_plan_greedy,2025-10-20,44666.20128641646,2493.29693385233,47159.49822026879,519.2180256757381,1413.8905694609182,1313.2569200981761
same_plan_greedy,2025-10-21,46893.51106609112,0.0,46893.51106609112,0.0,1313.2569200981761,2016.3850824271835
same_plan_greedy,2025-10-22,47060.42487078444,1673.8726780474199,48734.297548831855,264.91062265694063,2016.3850824271835,1605.4368825922963
same_plan_greedy,2025-10-23,45691.74594986308,0.0,45691.74594986308,0.0,1605.4368825922963,1534.6583456064195
same_plan_greedy,2025-10-24,18377.203421181082,123.89388072564998,18501.09730190673,26.50172131240106,1534.6583456064195,1809.7194098303485
same_plan_greedy,2025-10-25,18604.430778232843,0.0,18604.430778232843,0.0,1809.7194098303485,2169.400372942193
same_plan_greedy,2025-10-26,45919.58828617903,0.0,45919.58828617903,0.0,2169.400372942193,1940.2685949815561
same_plan_greedy,2025-10-27,45728.668914804104,0.0,45728.668914804104,0.0,1940.2685949815561,1737.936776761359
same_plan_greedy,2025-10-28,46004.82178884352,0.0,46004.82178884352,0.0,1737.936776761359,1975.801465655865
same_plan_greedy,2025-10-29,45542.67280979102,3485.2608984134126,49027.93370820444,525.5255728901009,1975.801465655865,1381.746067410885
same_plan_greedy,2025-10-30,48208.20681148599,0.0,48208.20681148599,0.0,1381.746067410885,1821.9379953364837
same_plan_greedy,2025-10-31,19235.177196314755,0.0,19235.177196314755,0.0,1821.9379953364837,2263.4512307265977
same_plan_greedy,2025-11-01,19143.896800896917,0.0,19143.896800896917,0.0,2263.4512307265977,2620.1148769247548
same_plan_greedy,2025-11-02,47501.090906103214,0.0,47501.090906103214,0.0,2620.1148769247548,1612.5732942339453
same_plan_greedy,2025-11-03,48489.70305532058,0.0,48489.70305532058,0.0,1612.5732942339453,1999.708267885099
same_plan_greedy,2025-11-04,48897.805542878086,155.81717803333237,49053.62272091142,33.599549999999795,1999.708267885099,1725.2033861241305
same_plan_greedy,2025-11-05,49020.87435318638,0.0,49020.87435318638,0.0,1725.2033861241305,1981.7679888635148
same_plan_greedy,2025-11-06,47646.41546005395,4619.07597026053,52265.491430314476,955.4438871723337,1981.7679888635148,1690.313970525769
same_plan_greedy,2025-11-07,20598.729051741764,0.0,20598.729051741764,0.0,1690.313970525769,2489.365986765497
same_plan_greedy,2025-11-08,19193.88652172483,0.0,19193.88652172483,0.0,2489.365986765497,2124.393432810565
same_plan_greedy,2025-11-09,47932.090045406076,139.08809484228627,48071.17814024836,30.676686114311043,2124.393432810565,1626.3705494051194
same_plan_greedy,2025-11-10,49760.745962343295,0.0,49760.745962343295,0.0,1626.3705494051194,1567.7135140473267
same_plan_greedy,2025-11-11,51417.791111383805,0.0,51417.791111383805,0.0,1567.7135140473267,1843.3132102231534
same_plan_greedy,2025-11-12,50455.990051684406,0.0,50455.990051684406,0.0,1843.3132102231534,1891.697823296528
same_plan_greedy,2025-11-13,50905.92450045352,0.0,50905.92450045352,0.0,1891.697823296528,1812.748114080894
same_plan_greedy,2025-11-14,20129.496634616888,0.0,20129.496634616888,0.0,1812.748114080894,2245.8076041255445
same_plan_greedy,2025-11-15,19863.351295862296,0.0,19863.351295862296,0.0,2245.8076041255445,2033.8499883318777
same_plan_greedy,2025-11-16,51094.918214665755,0.0,51094.918214665755,0.0,2033.8499883318777,1702.8318451840398
same_plan_greedy,2025-11-17,52425.21769266242,0.0,52425.21769266242,0.0,1702.8318451840398,1873.2701335463082
same_plan_greedy,2025-11-18,51779.84725117397,0.0,51779.84725117397,0.0,1873.2701335463082,1699.2796133920908
same_plan_greedy,2025-11-19,52328.11982096005,6.301057499999959,52334.42087846005,1.384999999999991,1699.2796133920908,1508.8976144218004
same_plan_greedy,2025-11-20,52774.783284791,0.0,52774.783284791,0.0,1508.8976144218004,1657.2870228908314
same_plan_greedy,2025-11-21,21981.95532078007,0.0,21981.95532078007,0.0,1657.2870228908314,2471.714586934063
same_plan_greedy,2025-11-22,21019.94118564581,0.0,21019.94118564581,0.0,2471.714586934063,1846.76860560315
same_plan_greedy,2025-11-23,52703.710247492076,0.0,52703.710247492076,0.0,1846.76860560315,1744.1546278648316
same_plan_greedy,2025-11-24,52919.83587049127,88.24499866666596,53008.08086915794,18.839666666666517,1744.1546278648316,1391.6725286910632
same_plan_greedy,2025-11-25,52901.75214034847,0.0,52901.75214034847,0.0,1391.6725286910632,1611.1241867720964
same_plan_greedy,2025-11-26,53195.41380671706,151.75906043631414,53347.17286715337,32.399457821587134,1611.1241867720964,2023.7751144859672
same_plan_greedy,2025-11-27,53264.796773222435,0.0,53264.796773222435,0.0,2023.7751144859672,1801.0611222586097
same_plan_greedy,2025-11-28,22809.55847885373,0.0,22809.55847885373,0.0,1801.0611222586097,1980.994967460392
same_plan_greedy,2025-11-29,21121.588813474275,0.0,21121.588813474275,0.0,1980.994967460392,1828.9125456852519
same_plan_greedy,2025-11-30,55267.46359899412,12.608022325189586,55280.071621319315,2.691721247905548,1828.9125456852519,1423.6439973238382
same_plan_greedy,2025-12-01,55470.99293101095,21376.063426766497,76847.05635777744,4216.486330082714,1423.6439973238382,1349.9175785774971
same_plan_greedy,2025-12-02,60856.378725055416,7286.617545081437,68142.99627013685,1488.5129909686339,1349.9175785774971,2454.0132224124363
same_plan_greedy,2025-12-03,62155.50650965766,0.0,62155.50650965766,0.0,2454.0132224124363,2475.920681596901
same_plan_greedy,2025-12-04,62505.76398690751,490.72989353004505,62996.49388043755,87.29328484921882,2475.920681596901,2442.351503645614
same_plan_greedy,2025-12-05,29226.48160904314,0.0,29226.48160904314,0.0,2442.351503645614,4035.8130311531854
same_plan_greedy,2025-12-06,28685.52229950364,0.0,28685.52229950364,0.0,4035.8130311531854,2434.120989746965
same_plan_greedy,2025-12-07,62373.74998630554,0.0,62373.74998630554,0.0,2434.120989746965,1634.943525049161
same_plan_greedy,2025-12-08,64051.118292705694,0.0,64051.118292705694,0.0,1634.943525049161,2136.0065602068184
same_plan_greedy,2025-12-09,62477.27120910348,232.76821782790591,62710.039426931384,39.91436887634063,2136.0065602068184,1934.6140241760618
same_plan_greedy,2025-12-10,62369.30318284096,0.0,62369.30318284096,0.0,1934.6140241760618,1783.171814860716
same_plan_greedy,2025-12-11,61803.86407801336,6.545932338052656,61810.41001035141,1.1205910019776866,1783.171814860716,1995.5755296806226
same_plan_greedy,2025-12-12,28432.391635669665,0.0,28432.391635669665,0.0,1995.5755296806226,2630.731094451209
same_plan_greedy,2025-12-13,29603.31543108846,0.0,29603.31543108846,0.0,2630.731094451209,3147.1757102813845
same_plan_greedy,2025-12-14,61547.16083893461,0.0,61547.16083893461,0.0,3147.1757102813845,1614.2178687890878
same_plan_greedy,2025-12-15,62367.06023521925,156.488488305714,62523.54872352497,31.80983602108222,1614.2178687890878,1688.9607430541687
same_plan_greedy,2025-12-16,63286.97379464752,34.097765635677575,63321.0715602832,5.837159228909968,1688.9607430541687,1641.9374133769036
same_plan_greedy,2025-12-17,62551.95364968688,37.232601599106815,62589.18625128599,6.373808370984648,1641.9374133769036,1706.1084190034499
same_plan_greedy,2025-12-18,61624.65254182282,65.64120354890102,61690.29374537172,11.981308660645823,1706.1084190034499,1775.649091071189
same_plan_greedy,2025-12-19,28405.055633603402,0.0,28405.055633603402,0.0,1775.649091071189,1815.2600528075998
same_plan_greedy,2025-12-20,28630.925318582274,0.0,28630.925318582274,0.0,1815.2600528075998,1888.0516736442057
same_plan_greedy,2025-12-21,62149.556558373675,0.0,62149.556558373675,0.0,1888.0516736442057,1621.159875037729
same_plan_greedy,2025-12-22,62275.40859260658,1006.9908672891065,63282.399459895685,148.8565752873569,1621.159875037729,1448.2294870886046
same_plan_greedy,2025-12-23,62938.446213768664,0.0,62938.446213768664,0.0,1448.2294870886046,1755.362515041247
same_plan_greedy,2025-12-24,62045.58576756259,0.0,62045.58576756259,0.0,1755.362515041247,1575.8093803034085
same_plan_greedy,2025-12-25,61401.409290237556,327.31168096498175,61728.720971202536,47.75073252298887,1575.8093803034085,1563.6326292843628
same_plan_greedy,2025-12-26,29129.504122985403,0.0,29129.504122985403,0.0,1563.6326292843628,2222.9047767135144
same_plan_greedy,2025-12-27,28877.51495748182,0.0,28877.51495748182,0.0,2222.9047767135144,1791.8051018036188
same_plan_greedy,2025-12-28,61466.66223148437,284.3846766727577,61751.04690815713,48.74818249739019,1791.8051018036188,1710.2849661762555
same_plan_greedy,2025-12-29,62633.151863075844,0.0,62633.151863075844,0.0,1710.2849661762555,1705.1063741075125
same_plan_greedy,2025-12-30,61190.89371978939,480.12115634318036,61671.01487613257,82.44383379698354,1705.1063741075125,1694.1211900495064
same_plan_greedy,2025-12-31,60835.70993147056,474.9317885273676,61310.64171999793,108.62220757371321,1694.1211900495064,1350.2817220781249
independent_greedy,2025-02-01,21663.2191089926,0.0,21663.2191089926,0.0,10800.0,2653.3191112171125
independent_greedy,2025-02-02,55924.455306482574,1426.670702076351,57351.126008558924,205.0139469026169,2653.3191112171125,1388.5030961757632
independent_greedy,2025-02-03,56749.436471018256,0.0,56749.436471018256,0.0,1388.5030961757632,2041.177384840755
independent_greedy,2025-02-04,55187.48920333377,0.0,55187.48920333377,0.0,2041.177384840755,1734.6867467337345
independent_greedy,2025-02-05,56415.31232931513,59.60590572093341,56474.918235036064,10.261841391225516,1734.6867467337345,1649.860137505111
independent_greedy,2025-02-06,56511.50954282402,126.66871353036423,56638.17825635438,21.68786587421266,1649.860137505111,1552.5543711329
independent_greedy,2025-02-07,25125.06130867947,0.0,25125.06130867947,0.0,1552.5543711329,2421.9831374636615
independent_greedy,2025-02-08,22769.22053812016,0.0,22769.22053812016,0.0,2421.9831374636615,1886.2344570622338
independent_greedy,2025-02-09,52975.24316472292,1195.4749596819108,54170.718124404826,179.14128534586976,1886.2344570622338,1345.7717538914133
independent_greedy,2025-02-10,54669.98791108889,0.0,54669.98791108889,0.0,1345.7717538914133,1393.6475525582755
independent_greedy,2025-02-11,54722.43995578607,186.87790416557982,54909.31785995165,39.076094826884834,1393.6475525582755,1567.735811653653
independent_greedy,2025-02-12,51904.24377938587,308.1441045314579,52212.38788391733,50.412729793200285,1567.735811653653,1431.9444842204045
independent_greedy,2025-02-13,52548.13532551492,0.0,52548.13532551492,0.0,1431.9444842204045,1571.1964280455031
independent_greedy,2025-02-14,20284.41430135705,0.0,20284.41430135705,0.0,1571.1964280455031,1901.2406227228141
independent_greedy,2025-02-15,20957.867653211775,0.0,20957.867653211775,0.0,1901.2406227228141,1718.1787638534308
independent_greedy,2025-02-16,50548.92774740441,1203.8462793074816,51752.774026711886,182.1879540345907,1718.1787638534308,1368.6873119385305
independent_greedy,2025-02-17,51011.04604186438,0.0,51011.04604186438,0.0,1368.6873119385305,1407.7853597748358
independent_greedy,2025-02-18,50090.34855587169,4.577422646048847,50094.92597851774,0.9772465085501381,1407.7853597748358,1782.2592913169678
independent_greedy,2025-02-19,49519.24454251551,195.39386337019107,49714.6384058857,44.615564190019654,1782.2592913169678,1238.0441881287986
independent_greedy,2025-02-20,50431.96709561254,138.8287090381406,50570.79580465068,29.638921656306707,1238.0441881287986,1517.7752394470815
independent_greedy,2025-02-21,19462.79179042059,0.0,19462.79179042059,0.0,1517.7752394470815,1744.6599587914423
independent_greedy,2025-02-22,19117.492463851442,193.88671919137693,19311.37918304282,31.717114214195476,1744.6599587914423,1713.1008310453149
independent_greedy,2025-02-23,50239.09276182845,22.84851161733032,50261.94127344578,4.877991378593151,1713.1008310453149,1401.1802440652116
independent_greedy,2025-02-24,48065.24601789095,738.0033344009769,48803.24935229193,119.48200706277942,1401.1802440652116,1404.5342875406564
independent_greedy,2025-02-25,49080.26470844066,346.0953215711543,49426.36003001182,77.23518443150988,1404.5342875406564,2045.1221749019087
independent_greedy,2025-02-26,47275.47755494263,745.120947797619,48020.59850274025,106.81206247098896,2045.1221749019087,1681.1045483045093
independent_greedy,2025-02-27,47110.568148141305,269.15625917024937,47379.72440731155,55.15722201571047,1681.1045483045093,1866.177757131025
independent_greedy,2025-02-28,18326.752131655023,0.0,18326.752131655023,0.0,1866.177757131025,1991.8103146682374
independent_greedy,2025-03-01,19259.28649025791,0.0,19259.28649025791,0.0,1991.8103146682374,1947.6997226522203
independent_greedy,2025-03-02,47818.566246735245,10639.876158721461,58458.442405456706,1577.8492084605534,1947.6997226522203,1258.94528527055
independent_greedy,2025-03-03,46061.56383997173,15432.887676701619,61494.45151667335,2469.590167756883,1258.94528527055,1435.0316668633363
independent_greedy,2025-03-04,49519.03744455069,0.0,49519.03744455069,0.0,1435.0316668633363,1693.6639204160965
independent_greedy,2025-03-05,47661.29829409412,14.95268999999985,47676.25098409412,3.2866666666666333,1693.6639204160965,1592.5742658986467
independent_greedy,2025-03-06,45910.808780896434,0.0,45910.808780896434,0.0,1592.5742658986467,1518.7044884955026
independent_greedy,2025-03-07,19228.134099674826,0.0,19228.134099674826,0.0,1518.7044884955026,2301.250956593889
independent_greedy,2025-03-08,18830.7782478528,0.0,18830.7782478528,0.0,2301.250956593889,1934.938620546508
independent_greedy,2025-03-09,44646.030823848465,460.84073049864804,45106.87155434711,132.05219588324894,1934.938620546508,1341.1972898083159
independent_greedy,2025-03-10,44382.309444114544,0.0,44382.309444114544,0.0,1341.1972898083159,1470.878212166467
independent_greedy,2025-03-11,44880.87617123278,0.0,44880.87617123278,0.0,1470.878212166467,1903.900269996937
independent_greedy,2025-03-12,45128.41790512835,0.0,45128.41790512835,0.0,1903.900269996937,1348.8976856221661
independent_greedy,2025-03-13,43357.140572019096,7742.328656896845,51099.46922891594,1126.1255177933936,1348.8976856221661,1516.037715113676
independent_greedy,2025-03-14,18506.929662326904,0.0,18506.929662326904,0.0,1516.037715113676,2154.8452054422733
independent_greedy,2025-03-15,18853.464315035504,0.0,18853.464315035504,0.0,2154.8452054422733,1432.0460452375903
independent_greedy,2025-03-16,45542.182649357565,7.461179999999938,45549.64382935756,1.6399999999999864,1432.0460452375903,1627.0501252109862
independent_greedy,2025-03-17,44952.828418551115,0.0,44952.828418551115,0.0,1627.0501252109862,2108.9361949387567
independent_greedy,2025-03-18,43515.9449135333,0.0,43515.9449135333,0.0,2108.9361949387567,1882.8373052931202
independent_greedy,2025-03-19,43379.213918126086,0.0,43379.213918126086,0.0,1882.8373052931202,2104.0723463251315
independent_greedy,2025-03-20,43082.33405525424,494.91821293273114,43577.252268186974,70.94584474379747,2104.0723463251315,1587.540625085357
independent_greedy,2025-03-21,16673.38938897355,0.0,16673.38938897355,0.0,1587.540625085357,1876.3586087534854
independent_greedy,2025-03-22,16515.859754041696,0.0,16515.859754041696,0.0,1876.3586087534854,2264.2095625307297
independent_greedy,2025-03-23,42596.24193848883,0.0,42596.24193848883,0.0,2264.2095625307297,1635.7682406458096
independent_greedy,2025-03-24,40131.32887951024,0.0,40131.32887951024,0.0,1635.7682406458096,1802.9900319344854
independent_greedy,2025-03-25,40263.477523708585,0.0,40263.477523708585,0.0,1802.9900319344854,1622.2837970457365
independent_greedy,2025-03-26,40428.53282479363,0.0,40428.53282479363,0.0,1622.2837970457365,1742.1921816782512
independent_greedy,2025-03-27,40244.99581039317,0.0,40244.99581039317,0.0,1742.1921816782512,1612.4855870013312
independent_greedy,2025-03-28,16262.923847749073,0.0,16262.923847749073,0.0,1612.4855870013312,1863.032402855199
independent_greedy,2025-03-29,15722.044028361262,0.0,15722.044028361262,0.0,1863.032402855199,1761.2410924789822
independent_greedy,2025-03-30,38541.34479824522,0.0,38541.34479824522,0.0,1761.2410924789822,1805.5746492371563
independent_greedy,2025-03-31,38484.31733901841,0.0,38484.31733901841,0.0,1805.5746492371563,1957.0833844119566
independent_greedy,2025-04-01,38201.16967445068,1599.4767968998062,39800.64647135048,229.2827977207291,1957.0833844119566,1653.0325297735756
independent_greedy,2025-04-02,39058.7825634452,7769.737126854738,46828.51969029994,1559.7133778580514,1653.0325297735756,1648.6128329897022
independent_greedy,2025-04-03,38643.71532326365,0.0,38643.71532326365,0.0,1648.6128329897022,1680.8751025340812
independent_greedy,2025-04-04,16035.770928936927,0.0,16035.770928936927,0.0,1680.8751025340812,2167.17809115888
independent_greedy,2025-04-05,15016.166277349546,0.0,15016.166277349546,0.0,2167.17809115888,1622.8628011890419
independent_greedy,2025-04-06,37903.082375710466,0.0,37903.082375710466,0.0,1622.8628011890419,1566.762876172506
independent_greedy,2025-04-07,38119.17163247048,0.0,38119.17163247048,0.0,1566.762876172506,1835.531099270079
independent_greedy,2025-04-08,38122.78328998404,1498.059824502608,39620.84311448665,254.00560971680758,1835.531099270079,1365.5902513649762
independent_greedy,2025-04-09,39061.842150308345,0.0,39061.842150308345,0.0,1365.5902513649762,1517.1002001306438
independent_greedy,2025-04-10,39451.30008471817,0.0,39451.30008471817,0.0,1517.1002001306438,1870.1878568550667
independent_greedy,2025-04-11,15703.654965931051,0.0,15703.654965931051,0.0,1870.1878568550667,2325.1041900714995
independent_greedy,2025-04-12,14512.568893940417,0.0,14512.568893940417,0.0,2325.1041900714995,2015.816470739122
independent_greedy,2025-04-13,35675.313979460596,1772.0505578971079,37447.3645373577,261.22134604399963,2015.816470739122,1559.6630339008962
independent_greedy,2025-04-14,36593.41037449014,0.0,36593.41037449014,0.0,1559.6630339008962,1753.9791553295863
independent_greedy,2025-04-15,37998.73099548024,0.0,37998.73099548024,0.0,1753.9791553295863,1764.6767340402146
independent_greedy,2025-04-16,37096.205633420715,0.0,37096.205633420715,0.0,1764.6767340402146,1680.2206502417105
independent_greedy,2025-04-17,35906.49126351392,0.0,35906.49126351392,0.0,1680.2206502417105,1902.2012894951736
independent_greedy,2025-04-18,14226.984490409377,0.0,14226.984490409377,0.0,1902.2012894951736,2329.869819597733
independent_greedy,2025-04-19,14155.869689687772,0.0,14155.869689687772,0.0,2329.869819597733,2227.008444762571
independent_greedy,2025-04-20,35624.03235930202,0.0,35624.03235930202,0.0,2227.008444762571,1960.0044549671877
independent_greedy,2025-04-21,35259.56893344555,0.0,35259.56893344555,0.0,1960.0044549671877,1506.9846442448404
independent_greedy,2025-04-22,36058.63029750757,0.0,36058.63029750757,0.0,1506.9846442448404,1681.6554453982558
independent_greedy,2025-04-23,35536.33719534629,0.0,35536.33719534629,0.0,1681.6554453982558,1891.0252410273586
independent_greedy,2025-04-24,34868.27963729543,0.0,34868.27963729543,0.0,1891.0252410273586,1959.5244075736957
independent_greedy,2025-04-25,12931.514854481737,0.0,12931.514854481737,0.0,1959.5244075736957,1673.286384685701
independent_greedy,2025-04-26,12973.750526924081,0.0,12973.750526924081,0.0,1673.286384685701,1469.4671765048597
independent_greedy,2025-04-27,33277.998080219135,3257.1897856205865,36535.18786583972,466.9136733974465,1469.4671765048597,1438.1001075387674
independent_greedy,2025-04-28,33287.03299850569,29189.186984832628,62476.21998333832,4318.415248051044,1438.1001075387674,1610.3159433878209
independent_greedy,2025-04-29,35354.778510642165,14.821072173933644,35369.599582816096,2.1245803001625063,1610.3159433878209,1788.1853623682541
independent_greedy,2025-04-30,35576.580641503715,0.0,35576.580641503715,0.0,1788.1853623682541,1695.2417800190128
independent_greedy,2025-05-01,33712.15261638107,12233.068925845782,45945.22154222685,2225.913698759435,1695.2417800190128,1253.739122520755
independent_greedy,2025-05-02,14097.242318282273,9628.949491094423,23726.191809376694,1712.7754058884288,1253.739122520755,1200.0
independent_greedy,2025-05-03,14126.44250048888,6487.690433806177,20614.132934295056,1161.0437600054638,1200.0,1200.0
independent_greedy,2025-05-04,35116.079466768526,9665.635545811547,44781.71501258007,1769.9276559177429,1200.0,1208.1742217452916
independent_greedy,2025-05-05,38171.125051325114,251.3427311775082,38422.46778250262,36.029634629803354,1208.1742217452916,1551.2217307474912
independent_greedy,2025-05-06,39613.89817027985,0.0,39613.89817027985,0.0,1551.2217307474912,1538.094074973094
independent_greedy,2025-05-07,38849.29028079098,0.0,38849.29028079098,0.0,1538.094074973094,1834.3622598456996
independent_greedy,2025-05-08,39243.3772742647,243.22893262499971,39486.6062068897,35.99924999999996,1834.3622598456996,2308.8838840773487
independent_greedy,2025-05-09,18912.87418891151,0.0,18912.87418891151,0.0,2308.8838840773487,4574.960870898082
independent_greedy,2025-05-10,15078.50581120759,0.0,15078.50581120759,0.0,4574.960870898082,2044.2036093007928
independent_greedy,2025-05-11,38916.44775897148,210.73012150184823,39127.177880473326,31.282978372930756,2044.2036093007928,1944.0962894722513
independent_greedy,2025-05-12,39415.044300684494,0.0,39415.044300684494,0.0,1944.0962894722513,2720.646893635037
independent_greedy,2025-05-13,38272.53375352373,0.0,38272.53375352373,0.0,2720.646893635037,2109.610704161287
independent_greedy,2025-05-14,37782.556495619574,0.0,37782.556495619574,0.0,2109.610704161287,1904.4076879487618
independent_greedy,2025-05-15,37930.347430082074,0.0,37930.347430082074,0.0,1904.4076879487618,2842.132316712758
independent_greedy,2025-05-16,15442.746169951966,0.0,15442.746169951966,0.0,2842.132316712758,2334.8415985310744
independent_greedy,2025-05-17,15477.355502182469,0.0,15477.355502182469,0.0,2334.8415985310744,2077.673972543066
independent_greedy,2025-05-18,38743.38269000419,0.0,38743.38269000419,0.0,2077.673972543066,2438.6320873932364
independent_greedy,2025-05-19,37790.21700745904,428.0680453866226,38218.28505284566,63.4692038530095,2438.6320873932364,2234.2334180549606
independent_greedy,2025-05-20,36932.88348824276,0.0,36932.88348824276,0.0,2234.2334180549606,1826.9546433086941
independent_greedy,2025-05-21,38101.29400429421,0.0,38101.29400429421,0.0,1826.9546433086941,1993.9186101392415
independent_greedy,2025-05-22,37713.04606960245,8.469691588224634,37721.515761190676,1.2557923624026444,1993.9186101392415,2795.6185286112395
independent_greedy,2025-05-23,16510.607878220286,0.0,16510.607878220286,0.0,2795.6185286112395,3488.424532430508
independent_greedy,2025-05-24,15215.561594417482,0.0,15215.561594417482,0.0,3488.424532430508,2746.2582180584136
independent_greedy,2025-05-25,37889.36106628068,0.0,37889.36106628068,0.0,2746.2582180584136,2280.270618196319
independent_greedy,2025-05-26,38290.666020205594,0.0,38290.666020205594,0.0,2280.270618196319,2518.4283910465974
independent_greedy,2025-05-27,37131.474834867935,0.0,37131.474834867935,0.0,2518.4283910465974,2053.144018631494
independent_greedy,2025-05-28,38252.96406740106,0.0,38252.96406740106,0.0,2053.144018631494,2397.789378071457
independent_greedy,2025-05-29,37062.08739819391,119.77769558333291,37181.86509377724,17.81743333333327,2397.789378071457,2677.7206413161193
independent_greedy,2025-05-30,16147.870880978367,0.0,16147.870880978367,0.0,2677.7206413161193,3258.5681871176266
independent_greedy,2025-05-31,15229.719833294796,0.0,15229.719833294796,0.0,3258.5681871176266,2883.9999286550014
independent_greedy,2025-06-01,36532.785229912064,75277.17693023,111809.96216014205,12521.166493783734,2883.9999286550014,1200.0
independent_greedy,2025-06-02,39682.25483746456,46076.076862822236,85758.3317002868,7513.391430464409,1200.0,1200.0
independent_greedy,2025-06-03,49516.622198140176,102.81954368283704,49619.441741823015,15.249256167895851,1200.0,2417.3768906351706
independent_greedy,2025-06-04,49377.18805331521,0.0,49377.18805331521,0.0,2417.3768906351706,2512.0450507996125
independent_greedy,2025-06-05,51311.48550651204,72.80343091562183,51384.288937427664,10.812926023410341,2512.0450507996125,2299.3057163660847
independent_greedy,2025-06-06,27647.61741606717,0.0,27647.61741606717,0.0,2299.3057163660847,3719.571165619424
independent_greedy,2025-06-07,19091.79820500399,4750.28475998671,23842.0829649907,694.1440828682354,3719.571165619424,1202.248233769987
independent_greedy,2025-06-08,54482.590697009575,738.3549574035953,55220.94565441317,109.51689879599462,1202.248233769987,1417.4231963089692
independent_greedy,2025-06-09,50191.27995757571,48.939357279945845,50240.219314855654,7.256187601741544,1417.4231963089692,2615.8343352271786
independent_greedy,2025-06-10,52129.47965641739,0.0,52129.47965641739,0.0,2615.8343352271786,2755.0218414766114
independent_greedy,2025-06-11,49816.533505864856,13356.599066554569,63173.132572419425,2528.4163401837886,2755.0218414766114,2066.286232631148
independent_greedy,2025-06-12,54429.333306775254,0.0,54429.333306775254,0.0,2066.286232631148,2860.5872687002084
independent_greedy,2025-06-13,23883.78833578149,0.0,23883.78833578149,0.0,2860.5872687002084,2429.4786330304064
independent_greedy,2025-06-14,22168.54817160247,0.0,22168.54817160247,0.0,2429.4786330304064,2242.2650498289013
independent_greedy,2025-06-15,51886.768127292344,0.0,51886.768127292344,0.0,2242.2650498289013,2669.00490161138
independent_greedy,2025-06-16,52901.83229989621,0.0,52901.83229989621,0.0,2669.00490161138,3097.290316371601
independent_greedy,2025-06-17,52506.149300822275,317.49152086665543,52823.64082168893,46.90184322562118,3097.290316371601,2051.4611677835223
independent_greedy,2025-06-18,52962.8554816723,0.0,52962.8554816723,0.0,2051.4611677835223,2319.024081149422
independent_greedy,2025-06-19,49858.12073560516,649.3737848390681,50507.49452044423,96.4649002752194,2319.024081149422,2102.397329288311
independent_greedy,2025-06-20,22114.09663879816,0.0,22114.09663879816,0.0,2102.397329288311,2798.8743879747394
independent_greedy,2025-06-21,20192.587366081472,0.0,20192.587366081472,0.0,2798.8743879747394,2997.9008792907903
independent_greedy,2025-06-22,47381.311590925754,0.0,47381.311590925754,0.0,2997.9008792907903,2447.078885697551
independent_greedy,2025-06-23,48557.376730360455,0.0,48557.376730360455,0.0,2447.078885697551,2205.389264792366
independent_greedy,2025-06-24,48512.97367142622,17394.78458631439,65907.75825774061,3223.1545529188643,2205.389264792366,1740.9120347233163
independent_greedy,2025-06-25,53915.05992927495,113.14437210645137,54028.2043013814,16.747639386350443,1740.9120347233163,2086.675043067916
independent_greedy,2025-06-26,50064.22541634294,422.20977540752847,50486.43519175047,62.56440491493254,2086.675043067916,1708.7454926983305
independent_greedy,2025-06-27,21960.030432129308,0.0,21960.030432129308,0.0,1708.7454926983305,3096.6418972054867
independent_greedy,2025-06-28,19424.797588162895,0.0,19424.797588162895,0.0,3096.6418972054867,2776.651662608429
independent_greedy,2025-06-29,48814.0981169132,0.0,48814.0981169132,0.0,2776.651662608429,2760.0337483752405
independent_greedy,2025-06-30,49747.71936389613,87.66194134063683,49835.38130523677,12.999534669172476,2760.0337483752405,2134.6614717625835
independent_greedy,2025-07-01,50600.675398422914,17532.46244540434,68133.13784382725,3441.4179591977054,2134.6614717625835,1200.0
independent_greedy,2025-07-02,54147.597396830315,9244.634962818309,63392.232359648624,1920.7139733241918,1200.0,1200.0
independent_greedy,2025-07-03,51615.00509959404,15894.488318472144,67509.49341806618,2328.6444447797808,1200.0,1448.4292718585232
independent_greedy,2025-07-04,29903.007968250073,0.0,29903.007968250073,0.0,1448.4292718585232,2531.668788053299
independent_greedy,2025-07-05,20381.740503380428,23450.560949204995,43832.30145258542,4540.771991895348,2531.668788053299,1200.0
independent_greedy,2025-07-06,47854.266781406695,45605.633536395406,93459.9003178021,6860.922521156322,1200.0,1507.8954940837702
independent_greedy,2025-07-07,60983.435815652956,0.0,60983.435815652956,0.0,1507.8954940837702,3485.694358968542
independent_greedy,2025-07-08,56728.71331851966,0.0,56728.71331851966,0.0,3485.694358968542,3545.4110038960544
independent_greedy,2025-07-09,56673.56782242957,0.0,56673.56782242957,0.0,3545.4110038960544,2944.3465913324235
independent_greedy,2025-07-10,56115.27792355143,0.0,56115.27792355143,0.0,2944.3465913324235,2408.453968480937
independent_greedy,2025-07-11,29603.389055630993,0.0,29603.389055630993,0.0,2408.453968480937,3245.70793841665
independent_greedy,2025-07-12,26719.58653144448,0.0,26719.58653144448,0.0,3245.70793841665,2467.399018486034
independent_greedy,2025-07-13,56376.99798520171,0.0,56376.99798520171,0.0,2467.399018486034,2933.4599886912633
independent_greedy,2025-07-14,54581.17298224212,0.0,54581.17298224212,0.0,2933.4599886912633,2330.4901270498326
independent_greedy,2025-07-15,53078.71884726267,0.0,53078.71884726267,0.0,2330.4901270498326,3100.119319595139
independent_greedy,2025-07-16,52819.61643335209,105.4569824704565,52925.073415822546,15.608226518235256,3100.119319595139,2330.1369621909835
independent_greedy,2025-07-17,52301.0609493528,0.0,52301.0609493528,0.0,2330.1369621909835,2230.172594492819
independent_greedy,2025-07-18,27907.097377092272,0.0,27907.097377092272,0.0,2230.172594492819,3514.690925357512
independent_greedy,2025-07-19,26080.783829687025,0.0,26080.783829687025,0.0,3514.690925357512,2513.5015144600607
independent_greedy,2025-07-20,52994.261902898186,25.0209297556229,53019.28283265381,3.586715847996402,2513.5015144600607,2325.259847228008
independent_greedy,2025-07-21,52695.32962398944,63.07789318175192,52758.407517171196,9.04212918316398,2325.259847228008,2315.8835317943353
independent_greedy,2025-07-22,54435.054062488365,32.9700046041931,54468.024067092556,4.890966415100593,2315.8835317943353,2756.2240713575666
independent_greedy,2025-07-23,52249.75892165051,0.0,52249.75892165051,0.0,2756.2240713575666,2343.890090722695
independent_greedy,2025-07-24,53848.540304582646,0.0,53848.540304582646,0.0,2343.890090722695,2742.783078056586
independent_greedy,2025-07-25,29285.937336688694,0.0,29285.937336688694,0.0,2742.783078056586,4533.205508435183
independent_greedy,2025-07-26,26290.13462211028,0.0,26290.13462211028,0.0,4533.205508435183,3179.691737089102
independent_greedy,2025-07-27,51778.46384525335,1492.8565413067179,53271.320386560066,298.9231577178906,3179.691737089102,2252.648416873822
independent_greedy,2025-07-28,52484.06867652979,93.3581329217178,52577.42680945151,13.842113265878538,2252.648416873822,1857.9904219832042
independent_greedy,2025-07-29,54452.58411837593,324.2476959412403,54776.83181431717,47.9830926342828,1857.9904219832042,2357.969164345641
independent_greedy,2025-07-30,53573.9725266252,0.0,53573.9725266252,0.0,2357.969164345641,2452.476495171394
independent_greedy,2025-07-31,53403.57246899042,242.54639265223028,53646.118861642644,36.02121032313926,2452.476495171394,2197.122863564141
independent_greedy,2025-08-01,29421.4159283253,0.0,29421.4159283253,0.0,2197.122863564141,4313.580594400323
independent_greedy,2025-08-02,26981.822063978474,0.0,26981.822063978474,0.0,4313.580594400323,3719.8834623238163
independent_greedy,2025-08-03,49082.98778053738,1541.971876253017,50624.9596567904,234.19291640053754,3719.8834623238163,1454.4632536684244
independent_greedy,2025-08-04,49916.079027050975,0.0,49916.079027050975,0.0,1454.4632536684244,2170.408090371875
independent_greedy,2025-08-05,47704.408772501454,137.4428112049232,47841.851583706375,20.362962438273826,2170.408090371875,1668.2068399314444
independent_greedy,2025-08-06,45923.35114994674,11957.92154481761,57881.27269476435,1780.5688060260454,1668.2068399314444,1395.9392537198146
independent_greedy,2025-08-07,49061.13563502859,399.9433025852589,49461.07893761385,59.22861917287196,1395.9392537198146,1724.8587522582645
independent_greedy,2025-08-08,26848.950020383854,0.0,26848.950020383854,0.0,1724.8587522582645,3604.1322047815484
independent_greedy,2025-08-09,23432.52100654343,0.0,23432.52100654343,0.0,3604.1322047815484,2239.130312900887
independent_greedy,2025-08-10,47699.30725974984,315.8909177693904,48015.19817751923,45.90087850187058,2239.130312900887,1551.9409563974916
independent_greedy,2025-08-11,46725.214548217664,971.787440939805,47697.00198915747,144.12472023766452,1551.9409563974916,1580.6606229868507
independent_greedy,2025-08-12,45471.629512643995,7406.399893919648,52878.02940656364,1074.8392491992217,1580.6606229868507,1532.3977367891914
independent_greedy,2025-08-13,47564.01752532378,133.56516454448877,47697.58268986827,19.146382532180155,1532.3977367891914,2078.305988455591
independent_greedy,2025-08-14,46275.80647354269,489.6827537487282,46765.489227291415,77.9242597706946,2078.305988455591,1812.5553278390698
independent_greedy,2025-08-15,25180.65855124086,0.0,25180.65855124086,0.0,1812.5553278390698,2623.3606682967497
independent_greedy,2025-08-16,23092.176769111487,745.8605959171658,23838.037365028653,106.91809001106162,2623.3606682967497,1709.9524582686736
independent_greedy,2025-08-17,45184.2619240816,1607.5915613336629,46791.85348541526,238.52064263293732,1709.9524582686736,1580.8523083627472
independent_greedy,2025-08-18,45983.57100341188,1050.7649464639514,47034.33594987584,154.83500256729167,1580.8523083627472,1844.1298635443893
independent_greedy,2025-08-19,46674.84283788782,1131.755442417428,47806.598280305254,167.79973114735026,1844.1298635443893,1770.1772171431257
independent_greedy,2025-08-20,46615.12565925131,10933.444124102512,57548.56978335382,1718.6531532156646,1770.1772171431257,1516.782069937667
independent_greedy,2025-08-21,47805.409500861715,162.85961925738775,47968.269120119105,24.11307585146926,1516.782069937667,1742.960360085199
independent_greedy,2025-08-22,24583.823538239725,0.0,24583.823538239725,0.0,1742.960360085199,1948.7292494279707
independent_greedy,2025-08-23,24655.42138316508,0.0,24655.42138316508,0.0,1948.7292494279707,2342.5241649348905
independent_greedy,2025-08-24,48133.29169893865,14.135354236838168,48147.42705317549,2.098323200005666,2342.5241649348905,1925.1509298628034
independent_greedy,2025-08-25,47082.050878196475,8483.226303845131,55565.27718204161,1229.493775238644,1925.1509298628034,1634.4961575572243
independent_greedy,2025-08-26,49434.7715883402,183.44579846750366,49618.2173868077,27.225699323575327,1634.4961575572243,2034.8371314567303
independent_greedy,2025-08-27,49356.719159189175,69.54402223727831,49426.26318142645,10.318116016867293,2034.8371314567303,1836.4640389878648
independent_greedy,2025-08-28,48607.6849307745,550.4501339064509,49158.13506468095,81.62841008955286,1836.4640389878648,1806.2440052275583
independent_greedy,2025-08-29,26227.92940585527,0.0,26227.92940585527,0.0,1806.2440052275583,2536.5578117678406
independent_greedy,2025-08-30,25726.52081672834,0.0,25726.52081672834,0.0,2536.5578117678406,2301.0392368693197
independent_greedy,2025-08-31,48033.744290860704,387.6383071805368,48421.382598041244,56.49134614689456,2301.0392368693197,1919.7937978317093
independent_greedy,2025-09-01,48904.43428944738,0.0,48904.43428944738,0.0,1919.7937978317093,5630.566979295621
independent_greedy,2025-09-02,37342.54748423348,1648.7934672493534,38991.34095148283,243.05769557344553,5630.566979295621,2529.0498568885514
independent_greedy,2025-09-03,40093.973730479585,820.7603669084924,40914.73409738808,170.25359972073883,2529.0498568885514,1978.0543289528687
independent_greedy,2025-09-04,40500.38247266126,560.815391575851,41061.19786423711,84.34639175248299,1978.0543289528687,2155.0266602447045
independent_greedy,2025-09-05,23139.98821304446,0.0,23139.98821304446,0.0,2155.0266602447045,5062.809698858783
independent_greedy,2025-09-06,18190.00354301787,0.0,18190.00354301787,0.0,5062.809698858783,3387.14545129478
independent_greedy,2025-09-07,36144.10323457187,240.28038690016473,36384.383621472036,108.4779352372529,3387.14545129478,1200.0
independent_greedy,2025-09-08,38386.58720710993,11987.721065045083,50374.308272155016,1794.9357640847043,1200.0,1200.0
independent_greedy,2025-09-09,40086.561543130214,228.98871097330988,40315.550254103524,38.43624417147514,1200.0,1370.7247933589147
independent_greedy,2025-09-10,40210.04171215836,10183.761569615654,50393.80328177402,1578.2206907328366,1370.7247933589147,1440.384634082266
independent_greedy,2025-09-11,41775.68169759819,40.92910499999956,41816.610802598196,6.0716666666666015,1440.384634082266,1667.3565969145984
independent_greedy,2025-09-12,21823.44965502726,0.0,21823.44965502726,0.0,1667.3565969145984,3989.431395294161
independent_greedy,2025-09-13,18632.77524996255,0.0,18632.77524996255,0.0,3989.431395294161,3282.789962604446
independent_greedy,2025-09-14,40622.60377332526,0.0,40622.60377332526,0.0,3282.789962604446,1832.3767582949552
independent_greedy,2025-09-15,42609.22493167661,0.0,42609.22493167661,0.0,1832.3767582949552,2154.568165868374
independent_greedy,2025-09-16,41863.93933281825,55.38174766666634,41919.321080484915,8.238266666666618,2154.568165868374,1526.1631148246918
independent_greedy,2025-09-17,42536.573064591714,0.0,42536.573064591714,0.0,1526.1631148246918,1654.7616645695314
independent_greedy,2025-09-18,40275.24922594867,178.52875099310546,40453.777976941776,34.98921191301214,1654.7616645695314,1358.3208249620143
independent_greedy,2025-09-19,19463.620010381208,0.0,19463.620010381208,0.0,1358.3208249620143,2993.380057635536
independent_greedy,2025-09-20,18714.949124832987,0.0,18714.949124832987,0.0,2993.380057635536,2489.352446053152
independent_greedy,2025-09-21,43486.46312480406,0.0,43486.46312480406,0.0,2489.352446053152,1736.3479446850547
independent_greedy,2025-09-22,43496.89880714148,0.0,43496.89880714148,0.0,1736.3479446850547,2194.900065751549
independent_greedy,2025-09-23,43831.703741524165,0.0,43831.703741524165,0.0,2194.900065751549,2368.544679622345
independent_greedy,2025-09-24,44785.500110041954,0.0,44785.500110041954,0.0,2368.544679622345,2625.856038428794
independent_greedy,2025-09-25,42668.00233722807,32.87037776856382,42700.872714996636,4.881980954784467,2625.856038428794,1880.3138921713341
independent_greedy,2025-09-26,19856.914967955097,0.0,19856.914967955097,0.0,1880.3138921713341,2573.435675074541
independent_greedy,2025-09-27,18790.37024183316,635.4249901903975,19425.795232023556,91.08729790573358,2573.435675074541,1611.362691238272
independent_greedy,2025-09-28,44413.19410972716,0.0,44413.19410972716,0.0,1611.362691238272,2198.609011610854
independent_greedy,2025-09-29,45971.019783065305,0.0,45971.019783065305,0.0,2198.609011610854,2536.0004123672516
independent_greedy,2025-09-30,45367.31935549034,76.20803269222313,45443.52738818256,11.279217448712075,2536.0004123672516,2327.5396986791898
independent_greedy,2025-10-01,46752.187936142334,0.0,46752.187936142334,0.0,2327.5396986791898,4342.000735458222
independent_greedy,2025-10-02,41081.32049260197,0.0,41081.32049260197,0.0,4342.000735458222,3049.937168962701
independent_greedy,2025-10-03,18526.513736239987,0.0,18526.513736239987,0.0,3049.937168962701,4515.8708099972055
independent_greedy,2025-10-04,16516.859592320485,0.0,16516.859592320485,0.0,4515.8708099972055,3078.640307701919
independent_greedy,2025-10-05,39845.76660058407,1227.5536696861388,41073.32027027021,238.2885624925294,3078.640307701919,1656.2361815401205
independent_greedy,2025-10-06,38180.22278387534,2294.045091901466,40474.26787577681,362.263350340225,1656.2361815401205,1513.2478463751497
independent_greedy,2025-10-07,40673.23676960659,0.0,40673.23676960659,0.0,1513.2478463751497,1803.775572362778
independent_greedy,2025-10-08,39138.45086315325,2771.2122158647408,41909.66307901799,416.698132525324,1803.775572362778,1484.1201522340216
independent_greedy,2025-10-09,39389.700963910494,0.0,39389.700963910494,0.0,1484.1201522340216,1434.8988786083485
independent_greedy,2025-10-10,17152.42805012694,0.0,17152.42805012694,0.0,1434.8988786083485,1711.7644461870418
independent_greedy,2025-10-11,17010.255670394516,948.6219172821667,17958.87758767668,156.06877630252944,1711.7644461870418,1732.0251230292565
independent_greedy,2025-10-12,41012.22606172268,653.028573522373,41665.25463524505,93.6107473512576,1732.0251230292565,1345.7897551437593
independent_greedy,2025-10-13,40901.14592673478,0.0,40901.14592673478,0.0,1345.7897551437593,1650.7364738511492
independent_greedy,2025-10-14,41110.773359709885,0.0,41110.773359709885,0.0,1650.7364738511492,1424.3485175875214
independent_greedy,2025-10-15,40810.12648302771,732.8332913269774,41542.959774354684,129.20550635213348,1424.3485175875214,1492.4701048796105
independent_greedy,2025-10-16,40984.33653443535,15022.390056902459,56006.72659133781,2370.441866210863,1492.4701048796105,1593.2567346026403
independent_greedy,2025-10-17,18445.677041483228,0.0,18445.677041483228,0.0,1593.2567346026403,2097.305940826538
independent_greedy,2025-10-18,16746.012414736848,0.0,16746.012414736848,0.0,2097.305940826538,1770.0471355856293
independent_greedy,2025-10-19,44752.455735444106,1678.420253289885,46430.87598873399,276.8274469306783,1770.0471355856293,1413.8905694609182
independent_greedy,2025-10-20,44666.20128641646,2493.29693385233,47159.49822026879,519.2180256757381,1413.8905694609182,1313.2569200981761
independent_greedy,2025-10-21,46893.51106609112,0.0,46893.51106609112,0.0,1313.2569200981761,2016.3850824271835
independent_greedy,2025-10-22,47060.42487078444,1673.8726780474199,48734.297548831855,264.91062265694063,2016.3850824271835,1605.4368825922963
independent_greedy,2025-10-23,45691.74594986308,0.0,45691.74594986308,0.0,1605.4368825922963,1534.6583456064195
independent_greedy,2025-10-24,18377.203421181082,123.89388072564998,18501.09730190673,26.50172131240106,1534.6583456064195,1809.7194098303485
independent_greedy,2025-10-25,18604.430778232843,0.0,18604.430778232843,0.0,1809.7194098303485,2169.400372942193
independent_greedy,2025-10-26,45919.58828617903,0.0,45919.58828617903,0.0,2169.400372942193,1940.2685949815561
independent_greedy,2025-10-27,45728.668914804104,0.0,45728.668914804104,0.0,1940.2685949815561,1737.936776761359
independent_greedy,2025-10-28,46004.82178884352,0.0,46004.82178884352,0.0,1737.936776761359,1975.801465655865
independent_greedy,2025-10-29,45542.67280979102,3485.2608984134126,49027.93370820444,525.5255728901009,1975.801465655865,1381.746067410885
independent_greedy,2025-10-30,48208.20681148599,0.0,48208.20681148599,0.0,1381.746067410885,1821.9379953364837
independent_greedy,2025-10-31,19235.177196314755,0.0,19235.177196314755,0.0,1821.9379953364837,2263.4512307265977
independent_greedy,2025-11-01,19143.896800896917,0.0,19143.896800896917,0.0,2263.4512307265977,2620.1148769247548
independent_greedy,2025-11-02,47501.090906103214,0.0,47501.090906103214,0.0,2620.1148769247548,1612.5732942339453
independent_greedy,2025-11-03,48489.70305532058,0.0,48489.70305532058,0.0,1612.5732942339453,1999.708267885099
independent_greedy,2025-11-04,48897.805542878086,155.81717803333237,49053.62272091142,33.599549999999795,1999.708267885099,1725.2033861241305
independent_greedy,2025-11-05,49020.87435318638,0.0,49020.87435318638,0.0,1725.2033861241305,1981.7679888635148
independent_greedy,2025-11-06,47646.41546005395,4619.07597026053,52265.491430314476,955.4438871723337,1981.7679888635148,1690.313970525769
independent_greedy,2025-11-07,20598.729051741764,0.0,20598.729051741764,0.0,1690.313970525769,2489.365986765497
independent_greedy,2025-11-08,19193.88652172483,0.0,19193.88652172483,0.0,2489.365986765497,2124.393432810565
independent_greedy,2025-11-09,47932.090045406076,139.08809484228627,48071.17814024836,30.676686114311043,2124.393432810565,1626.3705494051194
independent_greedy,2025-11-10,49760.745962343295,0.0,49760.745962343295,0.0,1626.3705494051194,1567.7135140473267
independent_greedy,2025-11-11,51417.791111383805,0.0,51417.791111383805,0.0,1567.7135140473267,1843.3132102231534
independent_greedy,2025-11-12,50455.990051684406,0.0,50455.990051684406,0.0,1843.3132102231534,1891.697823296528
independent_greedy,2025-11-13,50905.92450045352,0.0,50905.92450045352,0.0,1891.697823296528,1812.748114080894
independent_greedy,2025-11-14,20129.496634616888,0.0,20129.496634616888,0.0,1812.748114080894,2245.8076041255445
independent_greedy,2025-11-15,19863.351295862296,0.0,19863.351295862296,0.0,2245.8076041255445,2033.8499883318777
independent_greedy,2025-11-16,51094.918214665755,0.0,51094.918214665755,0.0,2033.8499883318777,1702.8318451840398
independent_greedy,2025-11-17,52425.21769266242,0.0,52425.21769266242,0.0,1702.8318451840398,1873.2701335463082
independent_greedy,2025-11-18,51779.84725117397,0.0,51779.84725117397,0.0,1873.2701335463082,1699.2796133920908
independent_greedy,2025-11-19,52328.11982096005,6.301057499999959,52334.42087846005,1.384999999999991,1699.2796133920908,1508.8976144218004
independent_greedy,2025-11-20,52774.783284791,0.0,52774.783284791,0.0,1508.8976144218004,1657.2870228908314
independent_greedy,2025-11-21,21981.95532078007,0.0,21981.95532078007,0.0,1657.2870228908314,2471.714586934063
independent_greedy,2025-11-22,21019.94118564581,0.0,21019.94118564581,0.0,2471.714586934063,1846.76860560315
independent_greedy,2025-11-23,52703.710247492076,0.0,52703.710247492076,0.0,1846.76860560315,1744.1546278648316
independent_greedy,2025-11-24,52919.83587049127,88.24499866666596,53008.08086915794,18.839666666666517,1744.1546278648316,1391.6725286910632
independent_greedy,2025-11-25,52901.75214034847,0.0,52901.75214034847,0.0,1391.6725286910632,1611.1241867720964
independent_greedy,2025-11-26,53195.41380671706,151.75906043631414,53347.17286715337,32.399457821587134,1611.1241867720964,2023.7751144859672
independent_greedy,2025-11-27,53264.796773222435,0.0,53264.796773222435,0.0,2023.7751144859672,1801.0611222586097
independent_greedy,2025-11-28,22809.55847885373,0.0,22809.55847885373,0.0,1801.0611222586097,1980.994967460392
independent_greedy,2025-11-29,21121.588813474275,0.0,21121.588813474275,0.0,1980.994967460392,1828.9125456852519
independent_greedy,2025-11-30,55267.46359899412,12.608022325189586,55280.071621319315,2.691721247905548,1828.9125456852519,1423.6439973238382
independent_greedy,2025-12-01,55470.99293101095,21376.063426766497,76847.05635777744,4216.486330082714,1423.6439973238382,1349.9175785774971
independent_greedy,2025-12-02,60861.35260783319,7286.617545081437,68147.97015291463,1488.5129909686339,1349.9175785774971,2454.0132224124363
independent_greedy,2025-12-03,62155.50650965766,0.0,62155.50650965766,0.0,2454.0132224124363,2475.920681596901
independent_greedy,2025-12-04,62505.76398690751,490.72989353004505,62996.49388043755,87.29328484921882,2475.920681596901,2442.351503645614
independent_greedy,2025-12-05,29226.48160904314,0.0,29226.48160904314,0.0,2442.351503645614,4035.8130311531854
independent_greedy,2025-12-06,28685.52229950364,0.0,28685.52229950364,0.0,4035.8130311531854,2434.120989746965
independent_greedy,2025-12-07,62373.74998630554,0.0,62373.74998630554,0.0,2434.120989746965,1634.943525049161
independent_greedy,2025-12-08,64051.118292705694,0.0,64051.118292705694,0.0,1634.943525049161,2136.0065602068184
independent_greedy,2025-12-09,62477.27120910348,232.76821782790591,62710.039426931384,39.91436887634063,2136.0065602068184,1934.6140241760618
independent_greedy,2025-12-10,62369.30318284096,0.0,62369.30318284096,0.0,1934.6140241760618,1783.171814860716
independent_greedy,2025-12-11,61803.86407801336,6.545932338052656,61810.41001035141,1.1205910019776866,1783.171814860716,1995.5755296806226
independent_greedy,2025-12-12,28432.391635669665,0.0,28432.391635669665,0.0,1995.5755296806226,2630.731094451209
independent_greedy,2025-12-13,29603.31543108846,0.0,29603.31543108846,0.0,2630.731094451209,3147.1757102813845
independent_greedy,2025-12-14,61547.16083893461,0.0,61547.16083893461,0.0,3147.1757102813845,1614.2178687890878
independent_greedy,2025-12-15,62367.06023521925,156.488488305714,62523.54872352497,31.80983602108222,1614.2178687890878,1688.9607430541687
independent_greedy,2025-12-16,63286.97379464752,34.097765635677575,63321.0715602832,5.837159228909968,1688.9607430541687,1641.9374133769036
independent_greedy,2025-12-17,62551.95364968688,37.232601599106815,62589.18625128599,6.373808370984648,1641.9374133769036,1706.1084190034499
independent_greedy,2025-12-18,61624.65254182282,65.64120354890102,61690.29374537172,11.981308660645823,1706.1084190034499,1775.649091071189
independent_greedy,2025-12-19,28405.055633603402,0.0,28405.055633603402,0.0,1775.649091071189,1815.2600528075998
independent_greedy,2025-12-20,28630.925318582274,0.0,28630.925318582274,0.0,1815.2600528075998,1888.0516736442057
independent_greedy,2025-12-21,62149.556558373675,0.0,62149.556558373675,0.0,1888.0516736442057,1621.159875037729
independent_greedy,2025-12-22,62275.40859260658,1006.9908672891065,63282.399459895685,148.8565752873569,1621.159875037729,1448.2294870886046
independent_greedy,2025-12-23,62938.446213768664,0.0,62938.446213768664,0.0,1448.2294870886046,1755.362515041247
independent_greedy,2025-12-24,62045.58576756259,0.0,62045.58576756259,0.0,1755.362515041247,1575.8093803034085
independent_greedy,2025-12-25,61401.409290237556,327.31168096498175,61728.720971202536,47.75073252298887,1575.8093803034085,1563.6326292843628
independent_greedy,2025-12-26,29129.504122985403,0.0,29129.504122985403,0.0,1563.6326292843628,2222.9047767135144
independent_greedy,2025-12-27,28877.51495748182,0.0,28877.51495748182,0.0,2222.9047767135144,1791.8051018036188
independent_greedy,2025-12-28,61466.66223148437,284.3846766727577,61751.04690815713,48.74818249739019,1791.8051018036188,1710.2849661762555
independent_greedy,2025-12-29,62633.151863075844,0.0,62633.151863075844,0.0,1710.2849661762555,1705.1063741075125
independent_greedy,2025-12-30,61190.89371978939,480.12115634318036,61671.01487613257,82.44383379698354,1705.1063741075125,1694.1211900495064
independent_greedy,2025-12-31,60835.70993147056,474.9317885273676,61310.64171999793,108.62220757371321,1694.1211900495064,1350.2817220781249
